path,filename,extension,size_bytes,lines,sha256,has_main,problem_url,possible_problem_id
README.md,README.md,md,6466,28,077428efc6764bf47920dd0eb15240090a3afc57247d5c769212bd600fe58c09,,,
templates/01分数规划/01分数规划——模板.cpp,01分数规划——模板.cpp,cpp,1917,69,9d98fd4227c6ebe87f1ff5565cf089fee77504be65f851cf53aee6c22a4e1f45,true,,
templates/01分数规划/01分数规划——模板4.cpp,01分数规划——模板4.cpp,cpp,2726,98,a5ab38f7c2205eb9bcc5bc68c2d5415eb0804c576494e6ff105473c3c347d82e,true,,
templates/01分数规划/01分数规划——模板5.cpp,01分数规划——模板5.cpp,cpp,3544,108,bc5e24a1d3905d7bf8f5b11e3f335359378e7f0e710bc034e6f00ade30fe6718,true,,
templates/01分数规划/01分数规划——结合最小生成树.cpp,01分数规划——结合最小生成树.cpp,cpp,3452,94,24e58ba499d9c99f47e464e2846f466c824bc105b82f60947078b4990e8a6fda,true,,
templates/01分数规划/01分数规划——部分参数有限制.cpp,01分数规划——部分参数有限制.cpp,cpp,2382,81,fe96b777ffeba0f690968006ed96ac428850915b8962f871a332a296e5e60b01,true,,
templates/AC自动机/AC自动机——01分数规划.cpp,AC自动机——01分数规划.cpp,cpp,3671,159,90ab0d1de99581d31299937bf2b5c38ecc33082cedb1c639320abe6aa473c340,true,,
templates/AC自动机/AC自动机——fail树.cpp,AC自动机——fail树.cpp,cpp,4981,188,21fba1d34f88d77c4a64ff94d2cca38ae2b93cbcd17c640297d359fff5b4c662,true,,
templates/AC自动机/AC自动机——fail树上差分.cpp,AC自动机——fail树上差分.cpp,cpp,4337,181,0de2c7bf6a385e1811efe7eedd0015adc951e9e1c7f65bd8424d41a044b8c4b2,true,,
templates/AC自动机/AC自动机——出现统计.cpp,AC自动机——出现统计.cpp,cpp,4029,180,189c4f83f2385d01dc0772a205b98f9d40b94329c47c6bba21e9c2ee2603c9dc,true,,
templates/AC自动机/AC自动机——完备状态.cpp,AC自动机——完备状态.cpp,cpp,2756,129,f04f3b525e625e60a088fcdf27f78ff4c7223cfc7bee2658b2e859d507394a04,true,,
templates/AC自动机/AC自动机——应用.cpp,AC自动机——应用.cpp,cpp,2147,83,a3c14dee6bfc2cfae552077810f4e032cf2e012dd19b739850eae3fa16eca886,true,,
templates/AC自动机/AC自动机——模板.cpp,AC自动机——模板.cpp,cpp,3563,126,e920fb4b9d8a0113b203bc33d4ccfaba57e08954be2cb772db79e4716b2a54f7,true,,
templates/AC自动机/AC自动机——综合应用.cpp,AC自动机——综合应用.cpp,cpp,2567,114,716358396257af783cf6dbf8220d55c5edcdb8d416ca6a3c6303672529711701,true,,
templates/AC自动机/AC自动机——警报标记.cpp,AC自动机——警报标记.cpp,cpp,5252,173,05e93eee71d72f21c198d5aa1fbf41b4ca348312b6883f831d33e62bb74b81c1,true,,
templates/AC自动机/基于AC自动机实现的文章词频检测.cpp,基于AC自动机实现的文章词频检测.cpp,cpp,3301,130,6973bfa779373e9116a43c4609e0f9a0d989c27422605598d70c3aa263145bc7,true,,
templates/CDQ分治/CDQ分治——三维偏序.cpp,CDQ分治——三维偏序.cpp,cpp,3805,139,d5d96a685679813f458c595f1182932f07c8612ad72d72bfc4db36afc987f366,true,,
templates/CDQ分治/CDQ分治——二维空间计数.cpp,CDQ分治——二维空间计数.cpp,cpp,3343,125,ed174ece1fefc4fef6ea2d85313ab62b941155ef2877db9a543d84d6fc706da5,true,,
templates/CDQ分治/CDQ分治——优化dp模板.cpp,CDQ分治——优化dp模板.cpp,cpp,7916,262,33210ddc7eadc5e37bb85a870c99eed6b762a7a03206d7a79564cda028c90517,true,,
templates/CDQ分治/CDQ分治——优化动态规划.cpp,CDQ分治——优化动态规划.cpp,cpp,4685,144,385ffa74cae0e1a8313f7924429cd9e5a365f2800b04ff831cb68fab31cc0f21,true,,
templates/CDQ分治/CDQ分治——加速计算.cpp,CDQ分治——加速计算.cpp,cpp,2220,80,f698105c26b38eaa880889b009e0c3908944e0aa932a032d7e930cef824d1f86,true,,
templates/CDQ分治/CDQ分治——动态逆序对.cpp,CDQ分治——动态逆序对.cpp,cpp,4547,156,e9a822c81dbcd5158435e84635f9ed8d030229b9c21d7c0cd7eedcdf300d3700,true,,
templates/CDQ分治/CDQ分治——四维偏序.cpp,CDQ分治——四维偏序.cpp,cpp,6627,221,106c8cc21d64d0bcee52c1b32a2c136c687980d8e15e22f764861b0d079d4278,true,,
templates/CDQ分治/CDQ分治——四维偏序优化dp.cpp,CDQ分治——四维偏序优化dp.cpp,cpp,5704,226,b76ebaaa4780a2be18f4bf75871d7ccc385008171c290435c8f1fc6b85ea2ed4,true,,
templates/CDQ分治/CDQ分治——坐标变换.cpp,CDQ分治——坐标变换.cpp,cpp,4064,176,dce35a3c2a4ffa710f65097f087971e9b5fd80f6a3fb941f88b1b3cfcc1fecd0,true,,
templates/CDQ分治/CDQ分治——添加和查询.cpp,CDQ分治——添加和查询.cpp,cpp,3260,140,638e252b533baac60005ed336f4197b30912f83cf3ad831121ec7ce17d96cf78,true,,
templates/CDQ分治/CDQ分治——范围窗口.cpp,CDQ分治——范围窗口.cpp,cpp,4107,156,afa020ace716a03a83e2cd7521114ee590c1de4440d056ee10081c2bd6822f52,true,,
templates/CDQ分治/CDQ分治——静态二维空间.cpp,CDQ分治——静态二维空间.cpp,cpp,2525,115,b9449c6fe4c73b398d592bf2273a4313a78a4763de355d51fbfb62cf25777c3f,true,,
templates/code.docx,code.docx,docx,1509518,0,e64777985246fb3475bbf3588766f6707272c2893a534c7708ffafaa79852dd6,,,
templates/count.py,count.py,py,5612,143,f3983c7e32ff3dd7c0a4f76bcdffc10ff6c9c56937cfc50ca40d3f6e73374cad,false,,
templates/count_all.bat,count_all.bat,bat,416,19,840df2483e2e2c0d3949964966479e002b42099159144eb0311d3373488f5eae,,,
templates/KMP/KMP算法——1based.cpp,KMP算法——1based.cpp,cpp,1668,64,b218a17b78cc256cae5e17ce15b0be489db53383b7a0d369b60b3cf211347942,true,,
templates/KMP/KMP算法——next数组优化.cpp,KMP算法——next数组优化.cpp,cpp,2065,82,d752c7645cb710501b603f52faa760bd87b1bd3e75052722eb065841c87feb91,true,,
templates/KMP/KMP算法——删除s2.cpp,KMP算法——删除s2.cpp,cpp,2186,86,3f94f5f116b4da117cb5f0a108edcb39b7037e39f94be0067b5c86dd97a7d9cd,true,,
templates/KMP/KMP算法——数位dp.cpp,KMP算法——数位dp.cpp,cpp,5103,146,5c06a0b841aac23221e8a78d2bcda612db43733cb3e844d035f59fedb3cf652b,true,,
templates/KMP/KMP算法——最短循环节.cpp,KMP算法——最短循环节.cpp,cpp,1544,46,d0a60f9d33ac8e1b119ebb2219b4b2b03bf6459ad2a3ca1a0f46cacdcbcec4c4,true,,
templates/KMP/KMP算法——树上匹配.cpp,KMP算法——树上匹配.cpp,cpp,3223,130,9b98ad49f9d3e4a4a46886b0752dc2042755cb87d476753ae6b77045a6d067ef,true,,
templates/KMP/KMP算法——模板.cpp,KMP算法——模板.cpp,cpp,1906,77,7c3f54357d9c6ee6dd24bbc4e7df97450a392b145f94a1d891848a88046c95e8,true,,
templates/KMP/KMP算法——矩阵加速.cpp,KMP算法——矩阵加速.cpp,cpp,3778,122,aa5e986fa2ad119afdda2a8fd62f6451189a74fcb3b2c90f1a6a9bf4e0d1ab9a,false,,
templates/KMP/失配树——1based模板.cpp,失配树——1based模板.cpp,cpp,2586,102,7c26274102d46f92ce164aa233c7b70cc53d92226d3a439dd3452debe94a2443,true,,
templates/KMP/失配树——应用.cpp,失配树——应用.cpp,cpp,1919,72,4eb60d736938b0bfcee3d9bb10fe13ce3af94c73a7c0308282c7e7a013783f91,true,,
templates/KMP/失配树——模板.cpp,失配树——模板.cpp,cpp,3310,136,7a1fb602d3977c0be3d26e24494d993843ad99438fec2d9c3b8a03bdc482fc71,true,,
templates/kruskal重构树/kruskal重构树——dfn序st表.cpp,kruskal重构树——dfn序st表.cpp,cpp,5022,196,00ac7980198d219a49330a89fa28e7b06b8dbe8ef5bd1c99f711c62cbab6f10c,true,,
templates/kruskal重构树/kruskal重构树——到达z个不同点.cpp,kruskal重构树——到达z个不同点.cpp,cpp,3804,147,dc76b182c3ea1b73dc4346e235f2c73d45245b1c7a61609a1589a28609311c8e,true,,
templates/kruskal重构树/kruskal重构树——可持久化线段树.cpp,kruskal重构树——可持久化线段树.cpp,cpp,6567,246,f5019c7a2796302a98b9d1331a88975b9dc5992d9c8276d36b194aa1f4d8b390,true,,
templates/kruskal重构树/kruskal重构树——最大树.cpp,kruskal重构树——最大树.cpp,cpp,4245,142,fde4aed94900bdad93847b92cf1897d3f36ab843d69edaaf6e738591bd9352fb,true,,
templates/kruskal重构树/kruskal重构树——最小生成树.cpp,kruskal重构树——最小生成树.cpp,cpp,4954,148,e5187416f514bba46807226e63a58ebda80476edfee80c53c89ef80c69fcb95a,true,,
templates/kruskal重构树/kruskal重构树——模板.cpp,kruskal重构树——模板.cpp,cpp,3585,139,4b0fa7f82fd7d891b8f38720a3dab192b082af53ca250323bcf0a82b1053ef48,true,,
templates/kruskal重构树/kruskal重构树——线段树.cpp,kruskal重构树——线段树.cpp,cpp,6767,249,db0f99501e0b3ded333c983fdaeea67eb77105b36de810ca75cddb085aa3de21,true,,
templates/kruskal重构树/kruskal重构树——结合dijkstra.cpp,kruskal重构树——结合dijkstra.cpp,cpp,6022,213,abeaa45be12730861be2d9769bbdcd62efa9fc911131860c730d2cddd5cf6f12,true,,
templates/Manacher/Manacher算法——划分子串.cpp,Manacher算法——划分子串.cpp,cpp,2062,61,62463d2cf3c89ea3e14bd5d84e7f5d96ea84049d8024212e9ad2b7aeb9809a2d,true,,
templates/Manacher/Manacher算法——前k乘积.cpp,Manacher算法——前k乘积.cpp,cpp,2426,85,35e7313b2a8f25761ab9703b05dd52aec8bbf1988f0561f4b840f97b561ecdfe,true,,
templates/Manacher/Manacher算法——双回文子串.cpp,Manacher算法——双回文子串.cpp,cpp,2230,70,51dafb13528425de66ea0a18affa4828e3b1fd7b2d1131e1c61df0c4704fc472,true,,
templates/Manacher/Manacher算法——反演.cpp,Manacher算法——反演.cpp,cpp,2885,120,704c87b9287aa9eb419eddfd2dc7309419d6e7bdff0d9ba61404233e94001599,true,,
templates/Manacher/Manacher算法——回文串数量.cpp,Manacher算法——回文串数量.cpp,cpp,1938,71,d0929e7421a27c99950e3d2c2cc28af6e6109abb20374a406ed017975fba961e,true,,
templates/Manacher/Manacher算法——异或运算.cpp,Manacher算法——异或运算.cpp,cpp,1619,56,762c1c0b9b5046b66c0acc395fff3ce9ab3013e5d6ba565aab9eef0e4e67f1fb,false,,
templates/Manacher/Manacher算法——模板.cpp,Manacher算法——模板.cpp,cpp,1956,55,b00d1d85d4b7eeca4fae04eb6ce8c9aa54025c5e8c282b1729283d2d01748152,true,,
templates/Manacher/回文自动机——fail指针.cpp,回文自动机——fail指针.cpp,cpp,2393,83,5a13d84291f0b9e440e8187442bd301023070fc3c9276032a0049d5c1ffb3a9a,true,,
templates/Manacher/回文自动机——模板.cpp,回文自动机——模板.cpp,cpp,2801,91,8264bd7175fa30c611965e80ef90178a34cde8fa6bc3a42be678bd6f82c6fc96,true,,
templates/README.md,README.md,md,296,10,ab588673a07fb353e9f46f5ad0ab8727c31b82a6f5f3a09eb50763c8807828fc,,,
templates/tarjan/tarjan——LCA应用.cpp,tarjan——LCA应用.cpp,cpp,1729,72,3325ea59951fa2b719b44b2e4e89fdae4962c4ad6eb37b9fb59b7cad0a72eeb3,true,,
templates/tarjan/tarjan——LCA模板.cpp,tarjan——LCA模板.cpp,cpp,2793,108,6bae42a115ba7718fcbcc02c6a0e48a383e98fab760ce35419bd6d5da82c2681,true,,
templates/tarjan/tarjan——割点模板.cpp,tarjan——割点模板.cpp,cpp,2655,78,5c013318b9f29a8e202ff47ebdc2b1dd3a966e09be38fd39de67954ffae5e522,true,,
templates/tarjan/tarjan——并查集.cpp,tarjan——并查集.cpp,cpp,5058,200,4adc64f2e169395f4834f37fc0448df3949de81b74cb0523f6d95e99ba395abf,true,,
templates/tarjan/tarjan——桥模板.cpp,tarjan——桥模板.cpp,cpp,1647,69,4396b952e2f5b0b1c7149ef1c755c133ba6c7db84299f0ab54a8da608564d6a7,true,,
templates/tarjan/tarjan——点双连通分量.cpp,tarjan——点双连通分量.cpp,cpp,3400,104,4799d81ca4c8e6efa7a783c4073c3486af14f2e4ef0ff0566d761f22b14988c4,true,,
templates/tarjan/tarjan——线段树优化建边.cpp,tarjan——线段树优化建边.cpp,cpp,7440,217,7349d8396c730c5cd3c1764cae897da9195340420db7c036c34e7e7ba7dce69c,true,,
templates/tarjan/tarjan——缩点.cpp,tarjan——缩点.cpp,cpp,2626,96,97e7f69f45875c08fe0a18ee3b23192e19bb558eed5097dbab6ee5b86a935b2c,true,,
templates/tarjan/tarjan——边双缩点.cpp,tarjan——边双缩点.cpp,cpp,3499,175,e2e948ac0954665c208baabd2603f95c638b002f6e661c02fdd651563333802a,true,,
templates/tarjan/tarjan——边双缩点模板.cpp,tarjan——边双缩点模板.cpp,cpp,4694,178,17d488f3e72d910b739e131d7635f09d6b3eb16785f5e72822dd131c69e85cca,false,,
templates/tarjan/tarjan——边双连通分量.cpp,tarjan——边双连通分量.cpp,cpp,3328,102,5f5c6a6a065cb158a07b6f6a2d6d367aac182aff86fdc421ec99f1a2e02e9cc4,true,,
templates/tarjan/圆方树——模板.cpp,圆方树——模板.cpp,cpp,3238,158,54e95b35e1f7542683df9c0f6b01ea495caa8de4ab407bc2c10b84df70359001,true,,
templates/tarjan/强连通分量/强连通分量——出入度.cpp,强连通分量——出入度.cpp,cpp,2330,104,39af913025d88297d301517757cedb509cd8ee9422a10e424f55577aefe685b2,true,,
templates/tarjan/强连通分量/强连通分量——动态规划.cpp,强连通分量——动态规划.cpp,cpp,3274,152,ef279ece40b9887430d51de0ff6a981ec57a8cce1e38ca6023e2ad326c72571d,true,,
templates/tarjan/强连通分量/强连通分量——模板.cpp,强连通分量——模板.cpp,cpp,2537,103,6beb38dff9aa849c4d63bf79da6d6b20a4de6a6a2a7273c59cc18813ac70cc50,true,,
templates/tarjan/点双/割点——应用.cpp,割点——应用.cpp,cpp,2361,85,f899206d45a2459bad0c4bbec0808f61039c1b2446876bd2d712b6b38250936c,true,,
templates/tarjan/点双/割点——模板.cpp,割点——模板.cpp,cpp,1925,83,b940ee4858b8da7b43c673a3de70881ba763491fc7d8fe0bbeddb5d259eaeb51,true,,
templates/tarjan/点双/圆方树——模板.cpp,圆方树——模板.cpp,cpp,3087,136,ea1445b2ddeb6eda082d7358c5c8ed9c6f85ea1209af9bcd40d234ef064a03ed,true,,
templates/tarjan/点双/圆方树——虚树.cpp,圆方树——虚树.cpp,cpp,4121,169,2acc08df5319427827315858f404065bf4aed86a8b840cd544be7725b45f7f71,true,,
templates/tarjan/点双/圆方树——重链剖分.cpp,圆方树——重链剖分.cpp,cpp,4215,179,004080db7bba704c4e9d230784037240b30fdf125472a8321f116d3c34ae3744,true,,
templates/tarjan/点双/点双——圆桌.cpp,点双——圆桌.cpp,cpp,3790,152,d4ed18a7ce1fa368f6bd9c1562fc3384910a00bcbbb8ba0f543e5265d1f8691b,true,,
templates/tarjan/点双/点双——模板.cpp,点双——模板.cpp,cpp,2618,105,136f907bb1ce872853a32aa15920bb4e55443a35ad3ebf3699a317e04507d4e3,true,,
templates/tarjan/边双/temp.cpp,temp.cpp,cpp,4344,189,e3260fda0a8ae3f85fedc6cf1bcac8aaba2faa709a58ac3f74b2dc680a346f23,true,,
templates/tarjan/边双/割边——应用.cpp,割边——应用.cpp,cpp,2093,85,fb0b80e22df7a385d5f1749a5a89489e197dd004652e5840bffdca87bef2f1d9,true,,
templates/tarjan/边双/割边——模板.cpp,割边——模板.cpp,cpp,2201,87,4820e9277f6129afb697ce3f3a04708574b7823be1cb6e212d2060a9e3f8901a,true,,
templates/tarjan/边双/边双——trail.cpp,边双——trail.cpp,cpp,3208,131,4ffcdf8d5ec7dcea2892195c421207105b7f67af3ebe209d71765c1a89dc11ca,true,,
templates/tarjan/边双/边双——并查集.cpp,边双——并查集.cpp,cpp,3458,167,23cde989fb61413d1710e270b16e50a7ea6df8a1f18762e07c32ecd14a641a12,true,,
templates/tarjan/边双/边双——树的直径.cpp,边双——树的直径.cpp,cpp,4526,155,72549dfd73bf190f1af3b5f863ddfddeffa224fdcda08234fe1cfc7ee207e529,true,,
templates/tarjan/边双/边双——模板.cpp,边双——模板.cpp,cpp,2418,99,09097e41b5591987c3259a1ff1a3c4ee398b272be46557842f1f399dc760b186,true,,
templates/tarjan/边双/边双——边差分.cpp,边双——边差分.cpp,cpp,4344,189,e3260fda0a8ae3f85fedc6cf1bcac8aaba2faa709a58ac3f74b2dc680a346f23,true,,
templates/twosat/twosat——前缀优化建图.cpp,twosat——前缀优化建图.cpp,cpp,3705,162,a54e2831dacfd0b9c68f7a861207b8d550ddb49b559ddad1615c3404a69f353e,true,,
templates/twosat/twosat——模板.cpp,twosat——模板.cpp,cpp,2471,100,c879d2b915e4c05d2fa323b561904cc8869fbe99f32e414c6cbcb8142470ce9c,true,,
templates/twosat/twosat——经典.cpp,twosat——经典.cpp,cpp,3563,130,fc40fb7c6cd5cb63f57001ad4da42a4d9c2309a5ccab84d65eb1fd07c6880f7d,true,,
templates/twosat/twosat——输出方案.cpp,twosat——输出方案.cpp,cpp,3283,116,93022930c98f33f4d0f5e8b77798c1b8fdd474b9270a601d89b8bc78581ea81d,true,,
templates/twosat/twosat——输出方案模板.cpp,twosat——输出方案模板.cpp,cpp,3363,121,92c292de81a77d300c1c4eb5f233540c74ee76b5bda2d35650e99995583e55d6,true,,
templates/twosat/twosat——输出方案模板2.cpp,twosat——输出方案模板2.cpp,cpp,2059,97,0a1098dc226078613716be4e2cef2f1d7c32a7fbd7de7705789e6c1a34b55e69,true,,
templates/二分图/二分图——HK算法.cpp,二分图——HK算法.cpp,cpp,2526,124,98e61cb0c0513ae0614b770b600fa62b9eea283f1327c2d36edd4d7f84d11644,true,,
templates/二分图/二分图——匈牙利算法.cpp,二分图——匈牙利算法.cpp,cpp,1557,64,feea60fdf53ff615511c2a81708c8a301481f4f9b4244198c7238a0c088f6d35,true,,
templates/二分图/二分图——最大匹配.cpp,二分图——最大匹配.cpp,cpp,1859,77,43ce21fb5bb80842603a5d9766af404c95a434fd118cd1510498bd3b9c49b892,true,,
templates/二分图/匈牙利算法.cpp,匈牙利算法.cpp,cpp,1391,64,b0eb59776c639b5fc2af385b3146918b04cf2349706e82aa9a7bdc0369b44f9f,true,,
templates/优化求LCA/优化LCA——dfn序.cpp,优化LCA——dfn序.cpp,cpp,2433,105,b23723f70240e575546b980322c60a48f71048a2764a9bca38422b1304a50d7c,true,,
templates/优化求LCA/优化LCA——欧拉序.cpp,优化LCA——欧拉序.cpp,cpp,2534,103,b6f71af9af83e44be64f7be7738afd538d08cfde5e44515cdeb5fa5e6de2e3cf,true,,
templates/倍增st表/倍增和st表——前缀差分.cpp,倍增和st表——前缀差分.cpp,cpp,4015,115,ab6cc287bb9fafe8b1443ac18fd943ecb38dc5d80a69aff0429a3fe7e700516e,true,,
templates/倍增st表/倍增和st表——基础.cpp,倍增和st表——基础.cpp,cpp,1250,50,a5a14ce79fb8f3e67b1703f9226dbf4497d3c204c22a014d764ce8481a9dd4da,true,,
templates/倍增st表/倍增和st表——并查集.cpp,倍增和st表——并查集.cpp,cpp,2173,92,2987b747ae87d34ef1a4aa9961924c3fd6348d5e3c15cd667e7937228768442d,true,,
templates/倍增st表/倍增和st表——最大公约数.cpp,倍增和st表——最大公约数.cpp,cpp,1227,52,a56db91db6e9f6fae63ae05998fccc07b978b9b80434228377c32dcc33d7016e,true,,
templates/倍增st表/倍增和st表——查询最值.cpp,倍增和st表——查询最值.cpp,cpp,1960,60,704a7a9cd74591199ab11abe79da470ff632995608395c901a5a8c3612471514,true,,
templates/倍增st表/倍增和st表——模板.cpp,倍增和st表——模板.cpp,cpp,4215,129,d093ea453028940d6474da44b85633d96d3035dee212c1257a12a7f31a39e7ed,true,,
templates/其他/dfn序——综合应用.cpp,dfn序——综合应用.cpp,cpp,3023,137,61a4b10739da9ea6d8bdc04ad61630a6c6ef8c247fc28b3f6809aa49cfd05ea4,true,,
templates/其他/KM算法——指派问题.cpp,KM算法——指派问题.cpp,cpp,3812,115,215699eb03035d52488da6b50cd20cf1078cd6345e8bc31dacb1df072c469d4a,true,,
templates/其他/LCA——三节点.cpp,LCA——三节点.cpp,cpp,4327,185,8768ec51bf3b6640ec5a6b597ff5874ee85f63c202fe68aea7d8622731898282,true,,
templates/其他/ODT树——应用.cpp,ODT树——应用.cpp,cpp,2665,103,942939ae7622f27b1d828319969c76495a2815535a77442023794c37ce8f55d2,true,,
templates/其他/ODT树——模板.cpp,ODT树——模板.cpp,cpp,4190,135,cb793df75210aa91ff843e9a26dccd2cca2edcc881f6bec1323a7157af12a821,false,,
templates/其他/tsp结合三进制状压.cpp,tsp结合三进制状压.cpp,cpp,2403,97,f0dd13cf4e44d334f7f2f6f55e0fa24fccaf4312a642341b1bbcafe914cc169c,true,,
templates/其他/三分——模板.cpp,三分——模板.cpp,cpp,1411,62,6a78aaa158bd8687a1587ffaa4dbb957b5193c1eb072d0a388e08a72e590aa7d,true,,
templates/其他/二分图——染色法判断.cpp,二分图——染色法判断.cpp,cpp,1171,65,64b8c987a6fe8ae4f89242761476c523e809fe353e8779f3cffc967e90280c42,true,,
templates/其他/二分法——吃香蕉.c,二分法——吃香蕉.c,c,699,38,b2ad1b27e5f2ff4d3b594dde2ffc36ea517d34954d602d7f23f6a535851697cd,true,,
templates/其他/二分法——找到最左大于一个数的数字.c,二分法——找到最左大于一个数的数字.c,c,441,25,091c4b5e5f1746047990acacb613f8fe9963244ae558e8c6ebcb0d8735945caf,true,,
templates/其他/二分法——找峰值.c,二分法——找峰值.c,c,866,38,451e3600232ac9e4354f89b965435651ec84f7c8ab52be7259fd03b54b5fe49e,true,,
templates/其他/二分法——最小数对距离.c,二分法——最小数对距离.c,c,849,42,2ab4b52a26140fe17f0f5bd2144325fe9ecff79c6028d234ffe77b9dc678c632,true,,
templates/其他/二分法——机器人跳跃.c,二分法——机器人跳跃.c,c,859,46,fb537e76e5953589c1f596a01bf0636dfabf3b5381d5589865d8ab150d1c27e4,true,,
templates/其他/二分法——杀死怪物.c,二分法——杀死怪物.c,c,1064,40,50e84d41f731e43cc5dc1018baba5946a7db997732eba6489062a63741712cf4,true,,
templates/其他/二分法——水温.c,二分法——水温.c,c,1505,60,bfd2505d7f4d1cfb4ddc4c8647361229ec57ae1bc700656e8b96740823ccd206,true,,
templates/其他/二分法——电脑充电.c,二分法——电脑充电.c,c,730,40,6bebb4310887cf1a46dcae3afa2b7628ccc03d387c2f8bb0fe2ed9fe1e1a9596,true,,
templates/其他/二分法——画匠问题.c,二分法——画匠问题.c,c,787,42,5c17f47bd72d15076dedffc224bc3edf1055542f10992baa15d9bfa68b6161b6,true,,
templates/其他/二分法——等待时间.c,二分法——等待时间.c,c,876,41,93f8579608753a3d0360e8ef524305136595b6caeada62439c5df0b365fec2e2,true,,
templates/其他/二分法——结合树上问题.cpp,二分法——结合树上问题.cpp,cpp,3016,123,1f97ea5c9d4fc19f35d0841be610af0e8860bcc106fdd4583f46f5cc347f7276,true,,
templates/其他/二叉树.c,二叉树.c,c,1734,79,5e6acf80dc3bd175d21479b3500675aebac193aeba8783badb3752bf80fae667,true,,
templates/其他/二叉树——前中后遍历.c,二叉树——前中后遍历.c,c,543,27,0f51edfe1d4def505f4aee02682ca5859eebc93f97fa7070b2023b10cba8dd8f,true,,
templates/其他/二进位制打印.c,二进位制打印.c,c,352,25,59fb6e018e69e8052b9da2f489ca31ddf1fffd42432adeebc24f055d9003a4df,true,,
templates/其他/位图——模板.cpp,位图——模板.cpp,cpp,2409,85,7cf674378827293e0eede8873b470dc88b13fd7b7df434a11f1b2e9e756dd9d0,true,,
templates/其他/位图——状态压缩.cpp,位图——状态压缩.cpp,cpp,929,38,dc5b29259a1478f8bc390aaa544dbefaedf63b62b251095101dba8d3cac0d395,true,,
templates/其他/位运算的加减乘除.c,位运算的加减乘除.c,c,1519,78,d47a676919ead37db208388e7ddabd6917acb10cc2afb799577294664a9a2505,true,,
templates/其他/位运算的神奇操作.c,位运算的神奇操作.c,c,998,41,ccab0d7b55b46c189774cd221524fd982878cea8177d42a178b679006f98ef90,true,,
templates/其他/前缀信息——最长和值.cpp,前缀信息——最长和值.cpp,cpp,890,36,d28f8a498fb55ad1e989a0187807b4d651afd46f072233ac729320d1a2a2f9df,true,,
templates/其他/双指针——奇偶数位.cpp,双指针——奇偶数位.cpp,cpp,531,30,8a06165a627a1c76c7c5d3cb60365d64d401138aa92affd2d2d2ea8fa09109cb,true,,
templates/其他/双指针——快慢指针.cpp,双指针——快慢指针.cpp,cpp,431,24,4af3aa4e92520dc27b155ba374bd4b44709051fc03e677f7c12e160df949882b,true,,
templates/其他/启发式合并.cpp,启发式合并.cpp,cpp,1418,56,6b2e36ff7c00854b76ffc09fc7af845613aaed2f5a4ac2c029c2f1d0ccae5dda,true,,
templates/其他/带权二分——应用.cpp,带权二分——应用.cpp,cpp,1876,97,67a20bec66cb181bc2265328105996d9d20484dc78131b8ee5a0fe4ab6ff6bf4,true,,
templates/其他/带权二分——恰好k个.cpp,带权二分——恰好k个.cpp,cpp,2697,129,5de4d33d835a201b9c4fbbef172459050ee0d9213cdfa98a7f4b1fc9d23c39ea,true,,
templates/其他/带权二分——模板.cpp,带权二分——模板.cpp,cpp,2838,109,67aa15f5205f9218754eff9ec92f1d013a0b22ccbd12fef5308fe31025e5799e,true,,
templates/其他/异或的神奇操作.c,异或的神奇操作.c,c,1364,38,e2b45f49c205e09c8a22f0fb4211b09ae6b8599de901edfe80f81b6f6d337220,true,,
templates/其他/归并——逆序对数量.cpp,归并——逆序对数量.cpp,cpp,1066,58,5c2510804f2d3fe82ef320635826f932a1301b3eedc141b3deb0f235058a6071,false,,
templates/其他/归并分治.c,归并分治.c,c,1083,54,98387265042b85606ed464fb084b097b1293680953d7e48ffe6eed9e0125bdea,true,,
templates/其他/归并排序.c,归并排序.c,c,1635,64,27777b1830dcb0462377514537e729357230772e4e21ba726abb3633a45fb0d8,true,,
templates/其他/扫描线——区间长度.cpp,扫描线——区间长度.cpp,cpp,2745,93,2b2d0242b0031e66f6a4e3ae2f628fc1612499b42ccd99ef2984e3f44830946f,true,,
templates/其他/扫描线——天际线.cpp,扫描线——天际线.cpp,cpp,3949,132,8757fdd57d402bf88b615e0b7c4d75a49a657f3a484ab68b16ff9f5dfa755d27,true,,
templates/其他/扫描线——天际线2.cpp,扫描线——天际线2.cpp,cpp,3787,125,d1e5bc621783bc19507f1a1ad31c7f3fa47af5dbd5514306f5f8e9390af49ad0,true,,
templates/其他/排序——三傻排序.c,排序——三傻排序.c,c,1406,74,f15d455f4df54bb4dfb2e8332dd3d0ccac4a9559ce2a25264a59f78e7eff5c48,true,,
templates/其他/排序——三大高级排序.c,排序——三大高级排序.c,c,4928,222,3bb54c4b0f9e0df4f5774e96795cf0579171cceeb408ac05b53f40cf4586f866,true,,
templates/其他/排序——基数排序.c,排序——基数排序.c,c,1240,63,d96529808eb386f0b636dd6abb83fc1c17937b0a371ebcb7ba44f9dadb15b169,true,,
templates/其他/排序——堆排序.c,排序——堆排序.c,c,1587,82,718b3755c4e8f967a5799bdbd0f833209b7347cb12c79a78fafc803fd3d5e5cd,true,,
templates/其他/排序——随机快速排序.c,排序——随机快速排序.c,c,1104,59,fb849684a86c854481fcbca644f46bd371f03f3f38759a50c46fe6d1061a2fb0,true,,
templates/其他/排序——随机快速排序2.c,排序——随机快速排序2.c,c,1314,71,59eb027b72bf2967b39eccd826e409498a5d0ff1ca019d0cbef60fb0f88ac4b6,true,,
templates/其他/搜索——n皇后.c,搜索——n皇后.c,c,629,34,cef97772745bdbc39e1f8373018d72d383a82e7bb0ad04faa820c55a8b3fb6e5,true,,
templates/其他/极大化思想最大子矩阵.cpp,极大化思想最大子矩阵.cpp,cpp,1844,85,a6d7d3c4c8f16853958d21c283e3d36599d31d54b82bae5f828f3eccc304bb32,true,,
templates/其他/枚举子集——卡常.cpp,枚举子集——卡常.cpp,cpp,1701,54,db57fe705e524ce32b0cff262e6311abf91ad8e8c206375696fdf2881a788fff,true,,
templates/其他/社会基尼系数.c,社会基尼系数.c,c,2223,106,29837511464e988ebe6f44c3f8fe95ee5d52c33e7f72a130f4e5138aadeb5c39,true,,
templates/其他/线段最小覆盖问题.cpp,线段最小覆盖问题.cpp,cpp,2685,134,d1125857f068ac74130a131498e7b4508033e962a9021bc0b380dd374a67992c,true,,
templates/其他/递归函数.c,递归函数.c,c,401,21,f2d6d3dc2e7f285f711d56e481dd21d7c25f873b0f06ea0553c4a2307412a252,true,,
templates/其他/高精度——乘法.c,高精度——乘法.c,c,727,41,0a4d77b858ca729278604f390e12992d38c573f783f706b400b3a861a5659bae,true,,
templates/其他/高精度——减法.c,高精度——减法.c,c,1178,71,1a56f1c5a4b28d7a6c65255fe4868c7a5a85ba23eab4665d86aa0f1a3565669c,true,,
templates/其他/高精度——加法.c,高精度——加法.c,c,703,41,f3fbfe13168cc9c30fa328da9f5f0dd9f37864e71bc81c9e7a552ae7b83d12af,true,,
templates/其他/高精度——除法（高对低）.c,高精度——除法（高对低）.c,c,500,33,e90796a2d0f097416df677ba288385b427b18c91a66852618e2fc68f609e8720,true,,
templates/其他/高精度——除法（高对高）.c,高精度——除法（高对高）.c,c,703,41,f3fbfe13168cc9c30fa328da9f5f0dd9f37864e71bc81c9e7a552ae7b83d12af,true,,
templates/分块 莫队/分块/分块——bfs.cpp,分块——bfs.cpp,cpp,4827,128,7d23f90a3de6fa10ade73ddeaa090f4da3cc1f521067a0acaf9e37044c841420,true,,
templates/分块 莫队/分块/分块——块长优化.cpp,分块——块长优化.cpp,cpp,5676,207,6f81329f2a2d23b0f4e4b37e1fe3683eae7bf514eb46e5c1231295da7f6aeeb7,true,,
templates/分块 莫队/分块/分块——并查集.cpp,分块——并查集.cpp,cpp,6084,195,374b2f400ad970b808ca7a74778c49f7701aebfec4154a48d94a8cbfa3e9d67a,true,,
templates/分块 莫队/分块/分块——序列结合树上.cpp,分块——序列结合树上.cpp,cpp,3368,130,2dedf51b381bff6c8156491402e8086c5220d2fba0f70f065650bcd1190be224,true,,
templates/分块 莫队/分块/分块——散整块讨论.cpp,分块——散整块讨论.cpp,cpp,7000,221,dc68bcd6a44640fb878bd4a3822181fbf4d8a726afcabb51c5812f976fb1cc52,true,,
templates/分块 莫队/分块/分块——节点分块.cpp,分块——节点分块.cpp,cpp,2720,87,bdb8c144e259580ee77fe6a3207fac7543e28c4f788d5e208d560bafbbc1c960,true,,
templates/分块 莫队/分块/双层分块——基数排序.cpp,双层分块——基数排序.cpp,cpp,6618,209,35a71ba7ab37bf72c52b11dfdd100b803e686732c46df106c8cc1f4d426eb721,true,,
templates/分块 莫队/分块/双层分块——模板.cpp,双层分块——模板.cpp,cpp,9718,283,9294fcf71ba7e81bb1a28717f69735617a1ba74ffba744d0d92aa49c8cd4b4c4,true,,
templates/分块 莫队/分块/块状链表——懒更新.cpp,块状链表——懒更新.cpp,cpp,6032,284,6e4da0be5bad9b9f566dd80cf433916ecb69af0fe7c04066903d8e48aefa316b,false,,
templates/分块 莫队/分块/块状链表——模板.cpp,块状链表——模板.cpp,cpp,6596,202,b951ae9ad90383a53ae7552c25a9966b31192464df7ef61d9998f237b12ca94a,true,,
templates/分块 莫队/分块/并查集分块——可撤销并查集.cpp,并查集分块——可撤销并查集.cpp,cpp,6038,211,1664f775b5b0e8fe8ab27322932bf9b78b50634546b3e6bc12d48723d78da308,true,,
templates/分块 莫队/分块/并查集分块——可撤销并查集2.cpp,并查集分块——可撤销并查集2.cpp,cpp,4593,160,a43388bffad363585a89afb72fe4e3ea4b3375b275a12db10a3c04ccadfd8b47,true,,
templates/分块 莫队/分块/并查集分块——并查集块分析.cpp,并查集分块——并查集块分析.cpp,cpp,7987,258,ec5581e96b7669061a1133ecf55cea2f1d794e566d35b902ad0a8f59a0e5de7a,true,,
templates/分块 莫队/分块/整除分块——模板.cpp,整除分块——模板.cpp,cpp,852,34,107d834ae4b641409cf44a32992ef4ce1c19c64382ac40a774d16f954d70cc17,false,,
templates/分块 莫队/分块/时间分块——序列.cpp,时间分块——序列.cpp,cpp,5186,183,4f50d86243f751066530129076a4678c3b3b5ef76de75365204e8026b9c0773e,true,,
templates/分块 莫队/分块/普通分块——众数.cpp,普通分块——众数.cpp,cpp,5654,180,190aaccee0abfa10cef2ab2bf779846bcb771061a10cb3d34a3749b3bbd6f6f7,true,,
templates/分块 莫队/分块/普通分块——众数优化.cpp,普通分块——众数优化.cpp,cpp,4345,128,40e180384f2bae7bd745d34c4c01898b386b2b8a15734ce8361b361bcb058b80,true,,
templates/分块 莫队/分块/普通分块——区间增加.cpp,普通分块——区间增加.cpp,cpp,3485,131,56fcfd3bc300d3eca105a2ef7c55233b84e19d6a26da58684542dfd2b80be02d,true,,
templates/分块 莫队/分块/普通分块——单点修改.cpp,普通分块——单点修改.cpp,cpp,3610,122,68c0627af98432eacc597b070f0365f30d6ec7d8254152f40a6f8b63aa328a26,true,,
templates/分块 莫队/分块/普通分块——频率偶数个数.cpp,普通分块——频率偶数个数.cpp,cpp,3775,130,59eda6131a3b68e6d9bb0988f2eee2cde0dde10941bc9fff89de24cccbe9194a,true,,
templates/分块 莫队/分块/树上分块——重链序列分块.cpp,树上分块——重链序列分块.cpp,cpp,4563,174,d3ee06c6fe00993751dbda01be8fa7da8944bd910d26b62ffa731faf92c120f7,true,,
templates/分块 莫队/分块/树上分块——随机撒点.cpp,树上分块——随机撒点.cpp,cpp,5372,183,8817ace6e399e9cde0e163e947a4e84f36f39fb4e9ac6448f57e5f03be23f104,true,,
templates/分块 莫队/分块/根号分治——二分.cpp,根号分治——二分.cpp,cpp,3043,100,ef90cdb370f5eef3c67a710cca8028c70830d2115329b382c38fd1960f78e218,true,,
templates/分块 莫队/分块/根号分治——分块.cpp,根号分治——分块.cpp,cpp,4062,124,e5ceb04f83cf993bfdf77d2a25a93412878b0ac21609170324e2a53ef360ff45,true,,
templates/分块 莫队/分块/根号分治——动态规划.cpp,根号分治——动态规划.cpp,cpp,1593,57,1c444503055e72fc8da4216add64a6357fa7ec4d307c32da45a27fa9a5e5a99f,true,,
templates/分块 莫队/分块/根号分治——最短路.cpp,根号分治——最短路.cpp,cpp,3365,107,613791d5bc87081a26ce59649a02431205b7c7ddc580f3d8e0c190fcf0e48e37,true,,
templates/分块 莫队/分块/根号分治——树形dp.cpp,根号分治——树形dp.cpp,cpp,3863,132,e499e82ec4282434a919772dd15bae23fc047096727ca3c02ed881ec2a8d32e3,true,,
templates/分块 莫队/分块/根号分治——模板.cpp,根号分治——模板.cpp,cpp,1964,69,170eb1140747c2b97a5832cecf08be8cc1b854b101c58c09a5a0ceebfff9ca1e,true,,
templates/分块 莫队/分块/根号分治——等差数列.cpp,根号分治——等差数列.cpp,cpp,2131,69,97b6c120b1264ca69ad343474254c01869ca401564edffc6dcf89ae976960354,true,,
templates/分块 莫队/分块/根号分治——轻重点.cpp,根号分治——轻重点.cpp,cpp,4877,191,bf790dc443a50098b9e11ae60159cd14db501947ceb13930c924d0ed88c7e0f8,true,,
templates/分块 莫队/分块/根号分治——长链剖分.cpp,根号分治——长链剖分.cpp,cpp,4421,218,5293298e043b2daef4119b6416099ad2c77e34dc0f4f329e1bd8f58fb0accff0,true,,
templates/分块 莫队/莫队/只删回滚莫队——模板.cpp,只删回滚莫队——模板.cpp,cpp,3382,121,dd382c8a5ce9016d923041561e33160d0b85757505b011ad73da5220d1097450,true,,
templates/分块 莫队/莫队/只删回滚莫队——链表.cpp,只删回滚莫队——链表.cpp,cpp,4020,140,863b3bef47842b99a7e582c266237d2ce3036faf8d4558e7a3f5a1ba72e4a6b5,true,,
templates/分块 莫队/莫队/只增回滚莫队——前缀和.cpp,只增回滚莫队——前缀和.cpp,cpp,4439,178,f96e7d55449735d0a2d3d1015657acee16120eafd81301c523afe166bf904d90,true,,
templates/分块 莫队/莫队/只增回滚莫队——区间距离.cpp,只增回滚莫队——区间距离.cpp,cpp,4658,175,b746c8158f50e869159bcc69b0d8bf013c17653a9729dc657ab411b11f56a028,true,,
templates/分块 莫队/莫队/只增回滚莫队——最小众数.cpp,只增回滚莫队——最小众数.cpp,cpp,4489,172,39cacaad2b3d4422e1f6ec89ca980faba5f0ea682d891d8f9ff3e6ae1cf7ebdf,false,,
templates/分块 莫队/莫队/只增回滚莫队——模板.cpp,只增回滚莫队——模板.cpp,cpp,5299,168,c837a00adcefd50d5e6eb24397112002e1d04d72819c66e63113057474fcf5c4,true,,
templates/分块 莫队/莫队/带修莫队——mex.cpp,带修莫队——mex.cpp,cpp,4566,179,aab974204478d6720f8347cb683ebb51d3223ba68094b1edbb92eecde8e3a773,true,,
templates/分块 莫队/莫队/带修莫队——模板.cpp,带修莫队——模板.cpp,cpp,3414,144,ab9ea853c63f2d19f9103dc71d07ad34d5e31f77c51c863af62c47cf6695fca1,true,,
templates/分块 莫队/莫队/带修莫队——词频.cpp,带修莫队——词频.cpp,cpp,3425,145,9927f8b301f2cc69b2b06bc9a72ada08f2af7f46986bad6099b108798befc7e8,true,,
templates/分块 莫队/莫队/树上莫队——带修莫队.cpp,树上莫队——带修莫队.cpp,cpp,6011,234,bb2237eef6e37c31d56ad7623a6320f433f5d8e44b3a048f43875c73fee59ef3,true,,
templates/分块 莫队/莫队/树上莫队——模板.cpp,树上莫队——模板.cpp,cpp,5409,229,84c788974adda9196f0c9991e4fa6fb50df8e940f809bfd4523f1a9019155181,true,,
templates/分块 莫队/莫队/莫队——众数次数.cpp,莫队——众数次数.cpp,cpp,3054,129,b4a454c92c4c0aa99065b5031be21fe41a3ccada5b42ed6d261d1ec9efed4fdf,true,,
templates/分块 莫队/莫队/莫队——位图.cpp,莫队——位图.cpp,cpp,4109,153,68dc5262d54e05e9ca7f60a6ca22c3e64247fb44b26e835fb83c470cf06c9738,true,,
templates/分块 莫队/莫队/莫队——哈希.cpp,莫队——哈希.cpp,cpp,4174,153,055098d5d59f6f978317a21cd883651eeb6f699bc15d19bd4b54a96b45a4c600,true,,
templates/分块 莫队/莫队/莫队——根号分治.cpp,莫队——根号分治.cpp,cpp,5197,183,2bc3abe5504ef6c175c3637fff8c43368d160b8092d343c46c35806b81f36d84,true,,
templates/分块 莫队/莫队/莫队——模板.cpp,莫队——模板.cpp,cpp,2378,109,0e689ca7c7f4f01e8d58e5eff14880adf8913d57f1c1fe700b04f5d080754807,true,,
templates/分块 莫队/莫队/莫队——线段树.cpp,莫队——线段树.cpp,cpp,5342,173,e3c07c2b49c0db511367c27e0836a8b03880b64db536b6d1af2d610bd03294c6,true,,
templates/分块 莫队/莫队/莫队——链表.cpp,莫队——链表.cpp,cpp,5752,187,27c6d03cea467da4c894597cac91338f05ebe2129c4bfd4d7df7138103c013de,true,,
templates/分块 莫队/莫队/莫队二次离线——分块.cpp,莫队二次离线——分块.cpp,cpp,6804,256,aee82d9ad66d8a88d5158a31e461909880e8a1d511928dd4ce5cc6e746ee149a,true,,
templates/分块 莫队/莫队/莫队二次离线——方式二.cpp,莫队二次离线——方式二.cpp,cpp,5768,213,54860ea41e66c4cf973031fe3debe2f089bbf5b191986603e569c0c4ee89471a,true,,
templates/分块 莫队/莫队/莫队二次离线——根号分治.cpp,莫队二次离线——根号分治.cpp,cpp,6097,204,a81a1fc024cd06047ef27380eecd3c4a123ad1956d5b66b1f87337bf70608eac,true,,
templates/分块 莫队/莫队/莫队二次离线——模板.cpp,莫队二次离线——模板.cpp,cpp,5721,197,a5c7c0c6ff0800145db00dc99bc99ad78f0bfd4ecf169f9fd736d6e6d6cf2559,true,,
templates/前缀树/前缀树——前k大异或值之和.cpp,前缀树——前k大异或值之和.cpp,cpp,4892,168,51ac53ede7df4706bad5be541917945f3ac3ff9f153700ecf4d9ba8d6787a4bf,true,,
templates/前缀树/前缀树——异或最大值.cpp,前缀树——异或最大值.cpp,cpp,1939,75,9ff7bf26e359f40358483eaeafccc933213b839f08b5bc360016cf81a0f47deb,true,,
templates/前缀树/前缀树——搜索字符(2).cpp,前缀树——搜索字符(2).cpp,cpp,3247,128,2a5d10e074b52fc0f27645e090273ff21c494a50375b010ad94a3e5ca1fe0f20,true,,
templates/前缀树/前缀树——搜索字符.cpp,前缀树——搜索字符.cpp,cpp,3552,114,5ab77a56fdf81a2b6dfda253f205f4073955c4f7666ef97be5e8445ed2f3e68a,true,,
templates/前缀树/前缀树——树形dp.cpp,前缀树——树形dp.cpp,cpp,3664,149,0a70c0ed1fc19c28600bfbc129b83b6cb761af3a6b42d279b85bc3f964544cce,true,,
templates/前缀树/前缀树——模板.cpp,前缀树——模板.cpp,cpp,2291,88,390c5af95ac339cdd7f78ec0bb9650ba640d2f429c1e8a70d4f274b6b8eaf174,true,,
templates/前缀树/前缀树——贪心.cpp,前缀树——贪心.cpp,cpp,2561,102,e18786dbc94aafcf1a6e17707f1b66d6354ea7ecdc8f53d202ff5203b4bfed43,true,,
templates/前缀树/前缀树——通配符.cpp,前缀树——通配符.cpp,cpp,2022,97,5c768af106341ecca00a83ae69c0a17e08487e51de61490aea99303ede613736,true,,
templates/前缀树/可持久化前缀树——01trie.cpp,可持久化前缀树——01trie.cpp,cpp,3134,95,f603df38870a7ba073c866298593bac984981106b8b7b0f36b014f79813cfe0a,true,,
templates/前缀树/可持久化前缀树——dfn序.cpp,可持久化前缀树——dfn序.cpp,cpp,4343,159,ea2ff9a0d7881acd67f08c75968322db118975d2157429e12a7e9db7f42eaeaa,true,,
templates/前缀树/可持久化前缀树——trie模版.cpp,可持久化前缀树——trie模版.cpp,cpp,3324,132,26a93e95d6a92458138fe61c01c06c19211ea927c2c5b21e23ce217d6ba73708,true,,
templates/前缀树/可持久化前缀树——二维异或值第k大.cpp,可持久化前缀树——二维异或值第k大.cpp,cpp,3578,106,fb7adb373134f23ba7e51e6dc519b37bbbf3a42c732ef7dc4fe6ab7004d1f969,true,,
templates/前缀树/可持久化前缀树——次大值的异或.cpp,可持久化前缀树——次大值的异或.cpp,cpp,3089,109,f20e9abaa8be8d4b938e7b0880ec6c8065ea4bf2bef0921e83f92889cba27c2a,true,,
templates/前缀树/可持久化前缀树——结合可持久化线段树.cpp,可持久化前缀树——结合可持久化线段树.cpp,cpp,2926,112,983661bff8a20254e748328e8a52e2179e8c1ecac4a519162653a89565883815,true,,
templates/动态规划/三进制状压dp.cpp,三进制状压dp.cpp,cpp,2985,102,1a19d072764173301724c3090bfa9d1eb759fb3098a937629113ffa5b0e0c86a,true,,
templates/动态规划/三进制状压dp2.cpp,三进制状压dp2.cpp,cpp,2750,108,a13eab5aba8ca7a04edc9c6e023dbfb551d553b311269de3965a53c6ec42a984,true,,
templates/动态规划/动态规划——01背包.c,动态规划——01背包.c,c,821,44,b8710fadc7266eed691f5d57b18fb2ac413816f4fa54b97e77f1ceff2c69048d,true,,
templates/动态规划/动态规划——一和零.c,动态规划——一和零.c,c,1324,58,fcd2ae09f901260680ce7470a06799b21cf5653f408c00d968389c3cf308ae6a,true,,
templates/动态规划/动态规划——三角形之积最小.c,动态规划——三角形之积最小.c,c,1149,53,b86424b49de3081ef0932a9d56d6f354f879eafe5d35ebd474e533e18a3b4f16,true,,
templates/动态规划/动态规划——不相邻元素最大累加和.c,动态规划——不相邻元素最大累加和.c,c,1702,58,9b5792edfe7bc020574d2b3344a47c981ca6b151e9272a779ba77a8d8aafab8b,true,,
templates/动态规划/动态规划——中括号和小括号.c,动态规划——中括号和小括号.c,c,1442,67,5b42d04a0489a2da0125001955a8d7045eb46a901b192a4e0d1a1d8a86e03f57,true,,
templates/动态规划/动态规划——主附件.c,动态规划——主附件.c,c,2868,80,1ba167b87424b4dcfe241e72a726a33fd80969955388e33efaa7ea524b9e7260,true,,
templates/动态规划/动态规划——二叉树结构.c,动态规划——二叉树结构.c,c,1124,45,459815e5cf66eee0e27448bc081891bfa8a80d685600f73cfcd75f5c2adfd9af,true,,
templates/动态规划/动态规划——优惠与预期.c,动态规划——优惠与预期.c,c,992,51,2b895b9085f1b938489b99cc0e777049ca9042ed37ed904293f326ccac7a8e7b,true,,
templates/动态规划/动态规划——俄罗斯套娃信封.c,动态规划——俄罗斯套娃信封.c,c,1728,71,19ac3fe3622d5b9fe0254c2f497f43a2b2c0c9944ab52ba1f742a284b1918364,true,,
templates/动态规划/动态规划——俄罗斯套娃信封2.c,动态规划——俄罗斯套娃信封2.c,c,1978,93,a8ce661f25a8b4eafc5b827266599e8f8e157f269aa6b66f74e58efdca6cf5af,true,,
templates/动态规划/动态规划——切棍子.c,动态规划——切棍子.c,c,1575,83,23ee7cb9f52f43478bee32d8685c22d095d05defd1b75935c1da7536f4e7b735,true,,
templates/动态规划/动态规划——卖股票获利.c,动态规划——卖股票获利.c,c,435,26,84ee2b32148a0bad2b08d8af33b9543fc74c32ea6e52cd4e0130cf4ecb5e1a57,true,,
templates/动态规划/动态规划——反转后的最大累加和.c,动态规划——反转后的最大累加和.c,c,1103,44,aa5b3de7cb7ad3613ba7e490b9b9d2c29514b1c74bed1d06e42a9b30f76c4b97,true,,
templates/动态规划/动态规划——合并石头.c,动态规划——合并石头.c,c,1087,49,008663bbefb9f65e4fbef0a28a1cc9a1c2a3e93d4c2717344b1fa78a5f5d380e,true,,
templates/动态规划/动态规划——回文串数量.c,动态规划——回文串数量.c,c,2184,71,07feb96c4c25ef2fe3cc6c795c471f403f9d3b3165e6caff66d27f11cba998e7,true,,
templates/动态规划/动态规划——处理后效性.cpp,动态规划——处理后效性.cpp,cpp,1405,55,60a22cb7a235277e7031547ba091e3b181984e4be7dab80efacb8d6d10ccad8a,true,,
templates/动态规划/动态规划——多重背包.c,动态规划——多重背包.c,c,613,29,9fb5614b98d2e29dad0c14e3a6e2f1b7c9edb3ce7f308d513d713ff8a282fdf1,true,,
templates/动态规划/动态规划——多重背包.cpp,动态规划——多重背包.cpp,cpp,1197,58,652b5397ce9917ce5e3272b2975bf87c44e481251c8a80fbfffab59fa8e80f02,true,,
templates/动态规划/动态规划——子序列问题.c,动态规划——子序列问题.c,c,1067,44,97e8c016d6aea3b5f3e3029459bdf76141d0e8b6c214a535bbd28c1f0877a1a3,true,,
templates/动态规划/动态规划——字典序最小的递增子序列.c,动态规划——字典序最小的递增子序列.c,c,1448,74,1c82aa617eb8b8334f3f1176dc7a75f1c9694357b4daf6a0ca982beed6222934,true,,
templates/动态规划/动态规划——完全背包.c,动态规划——完全背包.c,c,867,42,9f2dbfccb68ddeece51cfae3f436d1903286bf3efc00d90e5bb5fffafef5b7bd,true,,
templates/动态规划/动态规划——寻找单词.c,动态规划——寻找单词.c,c,624,30,c0ac21725b002acd65cbb68f5186f0cdef0941a5d6f18c5eb6d0605c8c4fd580,true,,
templates/动态规划/动态规划——干草问题.c,动态规划——干草问题.c,c,849,39,ec7ae869b73ce94b56361312f0a618409ca05925a7ccaca77ece8825a00f6cde,true,,
templates/动态规划/动态规划——快速最长递增子序列.cpp,动态规划——快速最长递增子序列.cpp,cpp,1475,76,93d60c808dcc1ad6e8b8f325e851921b43afee131ab9732df33d548c7cf0ff46,true,,
templates/动态规划/动态规划——悬线法.cpp,动态规划——悬线法.cpp,cpp,1529,56,841c90521b07ceddad398ad33faf5d4d2d5605685fbefc440fca40e89aa679d1,true,,
templates/动态规划/动态规划——戳气球.c,动态规划——戳气球.c,c,1881,76,74d847305f77dea2caf01d97b448fe920d73308f40cad9e17a66284c36e19d45,true,,
templates/动态规划/动态规划——拼合字符.c,动态规划——拼合字符.c,c,1317,57,dd2aaa076d76ef811be89e4c310b6452132680e6f243de696a2e88fcfe9766ae,true,,
templates/动态规划/动态规划——插入字符形成回文串.c,动态规划——插入字符形成回文串.c,c,1140,55,81fcde6b15465c7ca156efcbcd97b5e355f0a9e1e5a639dd08fb4bd8d1669502,true,,
templates/动态规划/动态规划——数位dp——windy数.c,动态规划——数位dp——windy数.c,c,3454,114,9a712b9f399a1436caa2a093a844edf3a8086d93521ea491d2c4f63b04a19cd4,true,,
templates/动态规划/动态规划——数位dp——丑数.c,动态规划——数位dp——丑数.c,c,1096,58,1c3a0778722cd45f6e8a9a693d6f4018b61000e5c68fb74b5d06ac871ffc244a,true,,
templates/动态规划/动态规划——数位dp——丑数优化.c,动态规划——数位dp——丑数优化.c,c,754,40,bc182e5ff46b71da95db1862984deca59733a8b81502ba1df0d180ee02d019ae,true,,
templates/动态规划/动态规划——数位dp——互不相同的数字.c,动态规划——数位dp——互不相同的数字.c,c,2680,92,adf79ad4e62429aa8d8672de3ed23f2a1971c27ed0b5912defc37e6fe7846437,true,,
templates/动态规划/动态规划——数位dp——分配重复数字.c,动态规划——数位dp——分配重复数字.c,c,3056,132,27c7abcb7e08dfd99b829825587a070c24bae3ae7d53805cc198ad277371c935,true,,
templates/动态规划/动态规划——数位dp——合成不超过n的数字.c,动态规划——数位dp——合成不超过n的数字.c,c,1249,53,31af352269afaea85d07d73862c70dd51e22d4d7474c2ffe4c1f053cc913323e,true,,
templates/动态规划/动态规划——数位dp——非连续1.c,动态规划——数位dp——非连续1.c,c,2194,77,6c3babd5c5d1b7bbb4371ca08d4b8a310568af1f418c4ec4e3de355978b8ab57,true,,
templates/动态规划/动态规划——数码个数.c,动态规划——数码个数.c,c,1966,75,4fd6868e1e5323780fb1624c4a23fa7090b1f06b09518d8086f0b16465efee28,true,,
templates/动态规划/动态规划——无重叠三个最大子数组之和.c,动态规划——无重叠三个最大子数组之和.c,c,1689,66,322df57762de077b89aee94d184701b90ebb832b4b7d3ff065e1b5b03f24417f,true,,
templates/动态规划/动态规划——最低票价.c,动态规划——最低票价.c,c,2607,95,58ebb831f77fbddd33e121f994114145e32209114ad478693f0c2bc0bdfc0e5b,true,,
templates/动态规划/动态规划——最大字符串长度.c,动态规划——最大字符串长度.c,c,733,38,c97bf530f2e88618aa49ac41bbb151f36a8a609424965097514b1c0e26f74e5d,true,,
templates/动态规划/动态规划——最大环形两段和.cpp,动态规划——最大环形两段和.cpp,cpp,1161,41,d2746de9960e14d2775869d93de15f05b2f825530f3d61fa8ccdf0a22af98260,true,,
templates/动态规划/动态规划——最小路径和.c,动态规划——最小路径和.c,c,822,37,a70708878ba87afcac5af2983417486eb1f7d51510ce9e3b4e5de345a913f0f1,true,,
templates/动态规划/动态规划——最长公共子序列.c,动态规划——最长公共子序列.c,c,2815,114,e638232f5e119871f19746a59ff97f03923c98ff4f2e17ee64b4a1368f589ecf,true,,
templates/动态规划/动态规划——最长公共子序列.cpp,动态规划——最长公共子序列.cpp,cpp,2023,98,27ca0c820448794924bbcd337ff525012773277d3faa2f9e6fec7cdf7d3302df,true,,
templates/动态规划/动态规划——最长有效括号长度.c,动态规划——最长有效括号长度.c,c,852,36,00b32013aec28559efdb7d0bae821f60e72a4740fb8a411eb7359a4c9879376b,true,,
templates/动态规划/动态规划——最长递增子序列长度.c,动态规划——最长递增子序列长度.c,c,1908,76,d3576901e3f1fb5aaa71e0cf432809c6a85771f090cbf8a4b493d49fcd00f842,true,,
templates/动态规划/动态规划——最长递增数字串长度.c,动态规划——最长递增数字串长度.c,c,1030,50,81efcbcdbb1321a9ac84ff5b818fafb5528e5918bb118f6edf2029cf1583d5b2,true,,
templates/动态规划/动态规划——树形dp  bst.cpp,动态规划——树形dp  bst.cpp,cpp,2465,78,b39b78858c8c2995d7891de73be066a59af7acfbb6c1847d051a5617d43fef4f,true,,
templates/动态规划/动态规划——树形dp  bst求和.cpp,动态规划——树形dp  bst求和.cpp,cpp,2367,83,2952789c97540f89d69fd6211b6afb716891616ac1ba04b10930e443fe687e16,true,,
templates/动态规划/动态规划——树形dp  dfn序.cpp,动态规划——树形dp  dfn序.cpp,cpp,2791,92,5aeb9dfbb09c064d487778643916599a72182200ffbcbafb63c18b816fd4cc4b,true,,
templates/动态规划/动态规划——树形dp  区间和.cpp,动态规划——树形dp  区间和.cpp,cpp,1571,53,f3a17f9894db4fb3ae4cdc7284284fba6bfc00c12d6bfb13ef11018b13c08865,true,,
templates/动态规划/动态规划——树形dp  字符.cpp,动态规划——树形dp  字符.cpp,cpp,2165,74,6200faba405648a20dbb74c657a56750af2973269e4a1e791533a901c068c15f,true,,
templates/动态规划/动态规划——树形dp  油耗.cpp,动态规划——树形dp  油耗.cpp,cpp,1770,57,957fdfa89cd5ebdaa9b2eec6a8047e95edf62c61a67cf7e0eed5a6c6b44d1b68,true,,
templates/动态规划/动态规划——树形dp  监视.cpp,动态规划——树形dp  监视.cpp,cpp,1589,62,59cc1af533b4c6b0289af6faaeb06deb02bb53de31e69714457f256c6c94ce5c,true,,
templates/动态规划/动态规划——树形dp  直径.cpp,动态规划——树形dp  直径.cpp,cpp,1364,55,b874123a79db49d892b3740c2762282c7acbd4c0ec3ce20f297d4ed518e5f5b1,true,,
templates/动态规划/动态规划——树形dp  移金币.cpp,动态规划——树形dp  移金币.cpp,cpp,1543,58,e5be8a8c6465ac6d697ca8c7e5aeb232478a73e8703ba4e04199ffb157c9dd6a,true,,
templates/动态规划/动态规划——树形dp  舞会.cpp,动态规划——树形dp  舞会.cpp,cpp,1834,72,7bcf3d99ca6ff368eaed1a22806126247b46e0c755fbcf399bcc568fe5e99f2f,true,,
templates/动态规划/动态规划——树形dp  选课.cpp,动态规划——树形dp  选课.cpp,cpp,2170,75,54d5c194fcce56cc744a2628398c78eb7eedafdb90923e4c70979ab9c312857d,true,,
templates/动态规划/动态规划——树形dp  高度.cpp,动态规划——树形dp  高度.cpp,cpp,2836,97,284336505789cc6bdce71797475a3b082f48c94a38814799a813918e41f4af12,true,,
templates/动态规划/动态规划——求余除7.c,动态规划——求余除7.c,c,1037,43,b1dc5508ae453523a551c497107edb9f2c5a8a7bf5b6ba24858d8cebd43f83e7,true,,
templates/动态规划/动态规划——涂木板.c,动态规划——涂木板.c,c,1294,56,704bd5d4cad4a166cc92d27379296234ac3ef6c63f81ff85d018a90b8217d124,true,,
templates/动态规划/动态规划——状压dp.cpp,动态规划——状压dp.cpp,cpp,2309,89,4b891a9744d55ebf7f95f56ba03ebab441880ee8ca89cefc485d0cb89e263bd7,true,,
templates/动态规划/动态规划——状压dp——tsp问题.c,动态规划——状压dp——tsp问题.c,c,942,50,f9a398a6da46a3a4c3b640589314aed655de3c7bf151eece7d685da5466c4b99,true,,
templates/动态规划/动态规划——状压dp——拼火柴.c,动态规划——状压dp——拼火柴.c,c,1620,63,97e8d71d0350128982fa8ee6cea5a15e2ec896d60e71351e7d36ba0ae72eb5a6,true,,
templates/动态规划/动态规划——状态压缩——好子集.c,动态规划——状态压缩——好子集.c,c,2402,106,cd1f45901b0db493f930d91b49e859c3e7bdb2456cbcb93ee225d3fac9421648,true,,
templates/动态规划/动态规划——相邻元素最大乘积.c,动态规划——相邻元素最大乘积.c,c,951,41,403120e91796f41ba34a8794a5dbaf80b93a034eb46a86ef9e894960e7e772a7,true,,
templates/动态规划/动态规划——相邻元素最大累加和.c,动态规划——相邻元素最大累加和.c,c,392,23,d485a2dc5075fbba422849dd00ca85f1578878916df92bf895003a803b0b0683,true,,
templates/动态规划/动态规划——累加和接近一半.c,动态规划——累加和接近一半.c,c,575,29,d72c561b880262b8f98a7da05e5f9ecad045e827b01039d5ba161c3e1770a427,true,,
templates/动态规划/动态规划——组合数字小于n.c,动态规划——组合数字小于n.c,c,2840,98,4b38c2244d2e54c6a9d9f1bd60c6829a6ad9a5406c6c975072d2004f05347f13,true,,
templates/动态规划/动态规划——统计整数.c,动态规划——统计整数.c,c,2745,104,d77a2778f6241ccfb547c0641a8664d8f8482fdb1bd1887a4a1505f76852a1e3,true,,
templates/动态规划/动态规划——编辑距离.c,动态规划——编辑距离.c,c,2610,82,3fef24786c6c8fa74e0ccebd1a49db7a2dbc6281f53ba2a1fdca49187fdda1dd,true,,
templates/动态规划/动态规划——股票交易（k次交易）.c,动态规划——股票交易（k次交易）.c,c,1250,55,672530fb167931de6b48fe7a1df81075bf4db7b79091eac91bfbd4bce116ac6b,true,,
templates/动态规划/动态规划——股票交易（两次交易）.c,动态规划——股票交易（两次交易）.c,c,2617,111,11bd98744c025471e5d80fbe4095a3c818e30cb0c5250544e8ca082fb2ce7fb7,true,,
templates/动态规划/动态规划——股票交易（手续费）.c,动态规划——股票交易（手续费）.c,c,995,30,8e7de1104a11a2fc3fe081cd13bdcb3bca75c3336d48f3744b29f014aa7a28c4,true,,
templates/动态规划/动态规划——解码方法.c,动态规划——解码方法.c,c,1745,86,dd848aaaf08a45ade00f1a52798b11ecbcb62ba5f8fc33c8948d90caddf2bd59,true,,
templates/动态规划/动态规划——超长最长公共子序列.cpp,动态规划——超长最长公共子序列.cpp,cpp,736,39,25f6eed9e924b5b98b573c1b4035876b72c732b6f3274f578dcd27f6dbf1b7f7,true,,
templates/动态规划/动态规划——选择数字.c,动态规划——选择数字.c,c,1894,70,63041dae326312826571a34c7cb35125209034144ed6436ce314f23b86d571ab,true,,
templates/动态规划/动态规划——重复利用结合dfs.cpp,动态规划——重复利用结合dfs.cpp,cpp,2078,82,421dfc332638215d1b07392e7f6c18bb2d1fc111cd0e40785c1d18ff1efa97a8,true,,
templates/动态规划/动态规划——预测赢家.c,动态规划——预测赢家.c,c,2190,103,9ddf1224a908f74f8a7639a1f9fdaaa3aaf0ddc7628d043a95bb4413d1e64639,true,,
templates/动态规划/动态规划优化.cpp,动态规划优化.cpp,cpp,1721,64,6d4d79f8fb9f79a7ab69848586eec555f7f0712ebc8f5c94cbdfa6fb0ca3e422,true,,
templates/动态规划/动态规划优化——优化转移方程.cpp,动态规划优化——优化转移方程.cpp,cpp,2917,108,2c6958e2b94b0633aec925822e2b593ca9608a3d570c96fc1e3bd8c22d087005,true,,
templates/动态规划/动态规划优化——倍增优化.cpp,动态规划优化——倍增优化.cpp,cpp,1907,72,f0d95166ba0d0cfd3aa80a320570917670a38da5dbc885699f552de2bcdb8b47,true,,
templates/动态规划/动态规划优化——公共字符串.cpp,动态规划优化——公共字符串.cpp,cpp,4518,166,b79a4085e99f3a6af4c1349def1d999cded0344f5bd4ad29425b6ed09eab37c4,true,,
templates/动态规划/动态规划优化——单调sumsum.cpp,动态规划优化——单调sumsum.cpp,cpp,1685,64,33045a0524af4f45f671c09d08130d466332105610a8538b850b65a6f196c2c2,true,,
templates/动态规划/动态规划优化——单调刷木板.cpp,动态规划优化——单调刷木板.cpp,cpp,1707,65,31b82bba5d2293d449d9f64b240fbd754c6a369e0ed22c9df5339d0081de451b,true,,
templates/动态规划/动态规划优化——单调收集能量.cpp,动态规划优化——单调收集能量.cpp,cpp,1448,61,63274b487ec01bbd711df52c62852307d774e783e8f1883679e2feb3b2729e48,true,,
templates/动态规划/动态规划优化——单调求和.cpp,动态规划优化——单调求和.cpp,cpp,1063,47,28434d07efa00e3483bfbd436e5c908f1596f6ad05ca584c8e3c63dab4fdd1bf,true,,
templates/动态规划/动态规划优化——单调移动.cpp,动态规划优化——单调移动.cpp,cpp,2764,103,9a7031a7dae8c4faaa184895324380be4d3cb20eed05ab567a0ff5ac50b61709,true,,
templates/动态规划/动态规划优化——单调跳跃.cpp,动态规划优化——单调跳跃.cpp,cpp,1184,55,9d6569a743eb1836abab8e32ab35f3c181cc1dc81ea7e841df6de1a676a014e4,true,,
templates/动态规划/动态规划优化——单调运货.cpp,动态规划优化——单调运货.cpp,cpp,2004,54,b2acd0f8d557505845fc82e50fab5674c2bc2f303cf4af626dd6e33ea8676a8b,true,,
templates/动态规划/动态规划优化——开会.cpp,动态规划优化——开会.cpp,cpp,1796,64,5ba1b64c39b9e0f4a4569bc8a50eda55187fbbc7e8403b486fb2c84acea9d29c,true,,
templates/动态规划/动态规划优化——扔鸡蛋.cpp,动态规划优化——扔鸡蛋.cpp,cpp,744,33,d5f75b5d00bb460535a1ee870e54f630202b994309275ecfd4da8da6b527e3cd,true,,
templates/动态规划/动态规划优化——放珠子.cpp,动态规划优化——放珠子.cpp,cpp,1005,36,d24fd0a9c8fa788bcf4d19301a5157ad33a9b9ca76bbb896386291612a6c5aa2,true,,
templates/动态规划/动态规划优化——放盘子.cpp,动态规划优化——放盘子.cpp,cpp,2351,106,ce72840f217575ca93b3432742da92730796abb3b3b7cf80eb96371e76dff07e,true,,
templates/动态规划/动态规划优化——最近与次近.cpp,动态规划优化——最近与次近.cpp,cpp,3846,143,5f9e2b4ba5ce1e307fe70b545227d958102bd847824808d6a428676e6ebde63e,true,,
templates/动态规划/动态规划优化——来回多次变一次.cpp,动态规划优化——来回多次变一次.cpp,cpp,1294,42,f8c15efd393da8f34097d13ce81c69ced83322e0e447071e4cde587b8d20d418,true,,
templates/动态规划/动态规划优化——枚举二进制位.cpp,动态规划优化——枚举二进制位.cpp,cpp,1048,42,b48aa973bbc69fdc4494627d03c531279d2662cd4fd4e539932c6ad84e12009d,true,,
templates/动态规划/动态规划优化——树二维.cpp,动态规划优化——树二维.cpp,cpp,1442,59,2d35efb3b46c1dd830456d5ad8b08b67f02e7532891a06663a49be11240f72a8,true,,
templates/动态规划/动态规划优化——树数字和.cpp,动态规划优化——树数字和.cpp,cpp,4302,178,6ad9a99893a316c144695b18556c0231959bb150b5a750d807f544b48cd28334,true,,
templates/动态规划/动态规划优化——树求和.cpp,动态规划优化——树求和.cpp,cpp,2239,94,7cb4d7063fe5ec54363a8da3ce1c002dcbda5fcaa823e97a069f545f132e441a,true,,
templates/动态规划/动态规划优化——树相邻字符.cpp,动态规划优化——树相邻字符.cpp,cpp,2040,83,1f7bff488a767fcd17c1d14c26cea6c74e2c61d2f709b611dbb599a68bac6696,true,,
templates/动态规划/动态规划优化——苹果盘子.cpp,动态规划优化——苹果盘子.cpp,cpp,1182,54,d589c25492e96dd3e1a549beee9c01718a743fc6411d7f57d565717741caf75b,true,,
templates/动态规划/动态规划优化——重复次数.cpp,动态规划优化——重复次数.cpp,cpp,2454,86,7cd644a7b3c16ecd16d1260aaa403381fff077326502c26e0c33dff0d13411fe,true,,
templates/动态规划/动态规划优化——预处理——开会时间.cpp,动态规划优化——预处理——开会时间.cpp,cpp,2377,86,7e0fb449beddc2ef24a313ca226bcde185150cb275640e5f73926c8bea9fe354,true,,
templates/动态规划/动态规划优化——预处理——枚举状态.cpp,动态规划优化——预处理——枚举状态.cpp,cpp,2593,83,195c91131f9391f6329215010a81d92bf7890804ccced2bab778113004e2e9e6,true,,
templates/动态规划/动态规划优化——预处理——结构转换.cpp,动态规划优化——预处理——结构转换.cpp,cpp,2091,69,1af44a443db6939439b0c92e9babf3c995efd86e4ad6633b550457cb0189b172,true,,
templates/动态规划/动态规划优化——预处理——还原.cpp,动态规划优化——预处理——还原.cpp,cpp,3419,95,a27c8cbd5ca1e405be60b1a0ec1624b3a2c522bc9d8e58db5210be09f976c3e5,true,,
templates/动态规划/区间dp——断环为链.cpp,区间dp——断环为链.cpp,cpp,1440,52,8e1c5f0af08082e1e5dde3656a4ffbcab1bfa3a33f8a9d51b45c291ae447f432,true,,
templates/动态规划/区间dp——释放囚犯.cpp,区间dp——释放囚犯.cpp,cpp,605,28,6860bfc13c05275ee2b498606d848bc0497e17bc84170e623fab2c138be99862,true,,
templates/动态规划/多重背包——单调队列优化.cpp,多重背包——单调队列优化.cpp,cpp,2972,102,c31739ebd2437714167f38e9bcf83611bad205ad9e47316fecf2982d54a001ff,true,,
templates/动态规划/康拓展开——结合数位dp.cpp,康拓展开——结合数位dp.cpp,cpp,1473,65,66b95b320db8113a866f0a8143025bec30e7c03121f4b791b01ad1e2fcecd12a,false,,
templates/动态规划/数位dp——windy数.cpp,数位dp——windy数.cpp,cpp,4138,116,7c6693d20d96f3ab832925bd270ce9d43b5688fea2a2fcaad264aae0a67c9de0,false,,
templates/动态规划/数位dp——不连续的1.cpp,数位dp——不连续的1.cpp,cpp,1374,43,baba35bab6a280cd3ebfe2ec7a9cb8bcba426f64d1d6f8bfe28c06e194a67119,true,,
templates/动态规划/数位dp——出现次数大于一半.cpp,数位dp——出现次数大于一半.cpp,cpp,3285,96,abe669e822c5cdf887488bb0a220434f20304c04b65cb7731266e753edc15533,false,,
templates/动态规划/数位dp——反向计算.cpp,数位dp——反向计算.cpp,cpp,2018,66,98d20c5f24ed5452f9fbda46b0bc43f5a13df8de95e0a0b6725100962fa36dad,false,,
templates/动态规划/数位dp——后缀背包.cpp,数位dp——后缀背包.cpp,cpp,4497,131,b30083325d24ad25feb562565f75b7ead6dbc77ce6aa0e723c2d0ae9a2b12dfc,false,,
templates/动态规划/数位dp——数码统计.cpp,数位dp——数码统计.cpp,cpp,1767,46,b5cfd66ceebc818171c855751d54eb641315bc52b10a534e6a3bf9a799187a8a,true,,
templates/动态规划/数位dp——模板.cpp,数位dp——模板.cpp,cpp,2748,74,da946e9422513837095b5561efd43b23699fc4fa3d2ce02021d8bc6ce93eda04,true,,
templates/动态规划/数位dp——模板2.cpp,数位dp——模板2.cpp,cpp,2369,69,1fe40c73ffac32ef5a3c240131e85dad10b6670fca50a172947b7b3709a01958,true,,
templates/动态规划/数位dp——没有重复数字.cpp,数位dp——没有重复数字.cpp,cpp,3587,92,a9d3856852b15eeb5a2dfe4838ee7e49093a6ef77ffb201a02ea0c625f52d844,true,,
templates/动态规划/数位dp——状态压缩.cpp,数位dp——状态压缩.cpp,cpp,2183,74,a14a90334ae20c5765c4f82688ffad102765e707fba44b485550123abec8be2d,false,,
templates/动态规划/数位dp——累加贡献.cpp,数位dp——累加贡献.cpp,cpp,2493,79,a2ce46c500ced6508118fdca04223213f2dc665bdd643e81d58485f95d0249ef,false,,
templates/动态规划/数位dp——统计整数.cpp,数位dp——统计整数.cpp,cpp,3146,105,7fdf5909bfed8cf4000db489dfedb67b734bba2dd13127631dd7de32756b12af,true,,
templates/动态规划/数位dp——萌数.cpp,数位dp——萌数.cpp,cpp,3763,124,33e2ce16b6e2f9be5b20a12055bfc5b3d8c957752a2f6cd73f2618ab390a5a05,true,,
templates/动态规划/树形dp——最低覆盖.cpp,树形dp——最低覆盖.cpp,cpp,637,32,3382a0ed2fe2ef2eba0609d32e5fe3897c9cfbb08ee7505d849e2ed42c81a41e,true,,
templates/动态规划/树的直径——树形dp.cpp,树的直径——树形dp.cpp,cpp,1811,76,b9047bc4b1745d433ae5a3876aca811c74643df65f37a7a62e1e3ff012d49f61,true,,
templates/动态规划/状压dp——tsp问题.cpp,状压dp——tsp问题.cpp,cpp,1402,55,fec06553522d972260477d1f6e7ac939ffb541ef2042dc8668d193f1c362a180,true,,
templates/动态规划/状压dp——分配.cpp,状压dp——分配.cpp,cpp,2041,82,2e90445b0d20c006e28070975c63e629ecdbf81fe763aa22742532cb187212d6,true,,
templates/动态规划/状压dp——分配喜欢的帽子.cpp,状压dp——分配喜欢的帽子.cpp,cpp,1708,67,21ee3917ed2e3bf821e22b78c0d7c116e4d12937deaab96a36c7e583bb6284e9,true,,
templates/动态规划/状压dp——划分成k个组.cpp,状压dp——划分成k个组.cpp,cpp,1611,75,5f0bc6f6fe70623ec2ccea2b27d2f8db814e4473b1bb2954111f8b959798f876,true,,
templates/动态规划/状压dp——枚举子集.cpp,状压dp——枚举子集.cpp,cpp,1226,52,ac860ee93fa5a907c3511e7b48df009bb85adbeab731971b9173ef505debec25,false,,
templates/动态规划/状压dp——模板.cpp,状压dp——模板.cpp,cpp,1846,70,9f8d50eea261afcd2216d100b29551f9444bb2301a008607b33e87dbd13642bd,true,,
templates/动态规划/状压dp——火柴拼接正方形.cpp,状压dp——火柴拼接正方形.cpp,cpp,2085,70,085a54ca740bac6ad482321c73696e652529781311683dae66d094c26dd6e2d1,true,,
templates/动态规划/状压dp——账单.cpp,状压dp——账单.cpp,cpp,1910,71,56dbc351c00a1bbf68f9a662563028cb45a1f4c662dd87867b973b27477e59be,true,,
templates/动态规划/轮廓线dp——国王.cpp,轮廓线dp——国王.cpp,cpp,1864,68,30208e4bb24e66d22172e0260f3b0ee6ad599c35f6d5df9479612455ad2663e1,true,,
templates/动态规划/轮廓线dp——模板.cpp,轮廓线dp——模板.cpp,cpp,2464,76,f57df0d62f06dbc5c7c833e81d3e78dddd96c9bba7dfe3221aae18c145b39fdc,true,,
templates/动态规划/轮廓线dp——贴瓷砖.cpp,轮廓线dp——贴瓷砖.cpp,cpp,1594,66,4d5d52296084c23f450953c6462c40ebd19dcc2a784044e16fce9ef0a329fec5,true,,
templates/动态规划/轮廓线dp——贴瓷砖空间压缩.cpp,轮廓线dp——贴瓷砖空间压缩.cpp,cpp,2046,66,55756c4b1cf79b1c4b9cb494dc177a4cdd042d8bb3ab004a725756ba956c14af,true,,
templates/动态规划/轮廓线dp——颜色.cpp,轮廓线dp——颜色.cpp,cpp,3405,121,0dd632de7eeec3af3780ce013e05d57a868252a8f261f25c969b07e406a2bc00,true,,
templates/动态规划/轮廓线dp——颜色空间压缩.cpp,轮廓线dp——颜色空间压缩.cpp,cpp,3168,110,a6836a22810582c28f180eccec6a7504fefbf636c18761052acc8ac3bae9726a,true,,
templates/单调队列单调栈/单调栈——区间最小值之和.cpp,单调栈——区间最小值之和.cpp,cpp,1042,37,344a450d7380d113f85050947c65eb6e1df56cf7f3ebc96db93f0f31733aa290,true,,
templates/单调队列单调栈/单调栈——大鱼吃小鱼.cpp,单调栈——大鱼吃小鱼.cpp,cpp,1388,42,e1a8f0ec2766280c075b2359de5f7bba09c6e382ddec630481f098b4fa1248f8,true,,
templates/单调队列单调栈/单调栈——字典序最小.cpp,单调栈——字典序最小.cpp,cpp,1515,42,fadaf5db331216dc756769f9442001b1b293a2e9de96295a3432e16a30c95400,true,,
templates/单调队列单调栈/单调栈——底层分析.cpp,单调栈——底层分析.cpp,cpp,1224,51,9ee5ddcaad3e07224021fd6c9bfae9eb7252b45d21dbd385bc74c0be8f6d43ad,true,,
templates/单调队列单调栈/单调栈——底层分析矩形个数.cpp,单调栈——底层分析矩形个数.cpp,cpp,2821,84,59710ed5f7ce60f0a4facd3bfb110f21e69f870a33f5db58fcaea0f3a7670f49,true,,
templates/单调队列单调栈/单调栈——最大矩形面积.cpp,单调栈——最大矩形面积.cpp,cpp,1106,38,31faad7f203039022860223650cd7358a5736c8ff40abc722b8d7524098442ba,true,,
templates/单调队列单调栈/单调栈——模板.cpp,单调栈——模板.cpp,cpp,1771,52,92cbea511d3c1f76ad2da0dc291633a299e1914e0c9da3cbae67a3e3db1c908f,true,,
templates/单调队列单调栈/单调队列——不等式最大值.cpp,单调队列——不等式最大值.cpp,cpp,1289,41,d206cc2996c1779c0b1e49a968eea9c1f018b2f4723a4ebcce0ca70e61a15fb0,true,,
templates/单调队列单调栈/单调队列——二分结合贪心.cpp,单调队列——二分结合贪心.cpp,cpp,3412,82,42fcc6fbdae77f927a58a2013798ce9e29788c29d209df30f318deb6d7670c1f,true,,
templates/单调队列单调栈/单调队列——二维.cpp,单调队列——二维.cpp,cpp,1922,74,dd1dcef88ab7b1775244e04b4c55b2cc978ed935766b3e71c2d0deec25c73f5b,true,,
templates/单调队列单调栈/单调队列——模板.cpp,单调队列——模板.cpp,cpp,1165,33,7c87344d2b34d64922540cfa04bd152c1486337ab88483e68ecf6a18bd8d4248,true,,
templates/单调队列单调栈/单调队列——限制值.cpp,单调队列——限制值.cpp,cpp,2407,72,197b389150205930d39d8577881ada651ff8853fc8185604199ced4098f37cfd,true,,
templates/博弈论/博弈论——ED游戏.c,博弈论——ED游戏.c,c,1012,44,6ab685c814a1fb5f34eb493cbb6b63bb9c0d0a43f8b05c5ee13ab8e183f18428,true,,
templates/博弈论/博弈论——knim博弈.cpp,博弈论——knim博弈.cpp,cpp,2510,79,ebbd2158ec5d0fe9cf76bdfe6ab5d2ce5cf97bdfea6e5b4feda0b66217a2f2fa,false,,
templates/博弈论/博弈论——sg两堆巴什博奕.cpp,博弈论——sg两堆巴什博奕.cpp,cpp,3087,102,06527163ffe4ea317a07b21681fb559834684865e393fd6d0455d576213f383e,true,,
templates/博弈论/博弈论——sg函数.cpp,博弈论——sg函数.cpp,cpp,3886,92,0b8a313a1e6b7a28d08796f6d1839fe0c99c8ac8750f8058419726a46fa7fa72,true,,
templates/博弈论/博弈论——sg函数打表找规律.cpp,博弈论——sg函数打表找规律.cpp,cpp,1588,50,a29cd150d6c5db92501b5d485a969fce1f723e75d7dd819048e9564093fbb181,true,,
templates/博弈论/博弈论——三堆石头斐波那契.c,博弈论——三堆石头斐波那契.c,c,875,47,10d98a80b5272988872403c26d2f1d173652268df08e678352157cc3136d15dc,true,,
templates/博弈论/博弈论——二维博弈论.c,博弈论——二维博弈论.c,c,619,27,ff268386fc42d041e8c7df762111426e249373f684b493b34d434fb4a31fe1ad,true,,
templates/博弈论/博弈论——反常游戏.cpp,博弈论——反常游戏.cpp,cpp,2061,52,82e6830468bcf7f9e9f4dbc8616e04fce77fdc7b6b4fd4d62942afaa98ac2ef3,true,,
templates/博弈论/博弈论——威佐夫博弈.cpp,博弈论——威佐夫博弈.cpp,cpp,1314,41,e4b30595c78800984f19b1bbe3f7a651a07381f4f36d36cba37e8c51d8535b6c,true,,
templates/博弈论/博弈论——尼姆博弈.cpp,博弈论——尼姆博弈.cpp,cpp,1096,35,f9433f0e42c947c341fca0e50d85db5a3e0a0309088d8c1ac3a0d8128a855f02,true,,
templates/博弈论/博弈论——巴什博奕扩展.cpp,博弈论——巴什博奕扩展.cpp,cpp,1153,33,db19ee30247a51a7fbc5159f047240460d188d1332e790ed438b9c35f4329613,true,,
templates/博弈论/博弈论——斐波那契博弈.cpp,博弈论——斐波那契博弈.cpp,cpp,1970,74,9733047f2f44d79676f957146802784666e54b82a1bb808cf7d21b22626faa91,true,,
templates/博弈论/博弈论——阶梯博弈.cpp,博弈论——阶梯博弈.cpp,cpp,3033,102,4510380a74d204ba6b86e22913bf68cf4291527d9e18e5103a50b546c49142fe,false,,
templates/后缀数组 后缀自动机/后缀数组——模板.cpp,后缀数组——模板.cpp,cpp,3262,125,bf7aa461f1cbef421d343faa74e543f4d762bc6727d70e4ed7ffac0e0fdb0031,true,,
templates/后缀数组 后缀自动机/后缀自动机——模板.cpp,后缀自动机——模板.cpp,cpp,3165,125,d173d5a0d4266cda1bafff8f7ab36a071c9a29adb0e7dbc5f0cec56ff1d4f60b,true,,
templates/哈希/哈希——允许差异的匹配.cpp,哈希——允许差异的匹配.cpp,cpp,2559,100,efc1161053e44fdbff7d3e8380846577904935449077f7a2d86479f7345caf72,false,,
templates/哈希/哈希——动态哈希.cpp,哈希——动态哈希.cpp,cpp,3228,150,d03ace7f5cafb29e538cedace524849202e196fd6ee95397927c4012376a4bef,false,,
templates/哈希/哈希——双哈希.cpp,哈希——双哈希.cpp,cpp,2385,93,e76714a802f894ba5dfc617cc97a9d579ccb82a6bd00fc3ef71b86dc4c7913bc,false,,
templates/哈希/哈希——回文双哈希.cpp,哈希——回文双哈希.cpp,cpp,1597,76,04fb8582600778d265ec74ba683cb7d9d204aeb80287312890cd7f2670cf1cde,false,,
templates/哈希/哈希——字符串哈希值.cpp,哈希——字符串哈希值.cpp,cpp,1630,74,3510361edbe92a6d19556ebcea10477ffc62c28e18a89099586b43b1eb9c5052,true,,
templates/哈希/哈希——循环节.cpp,哈希——循环节.cpp,cpp,2558,105,d36ed958f819115ec3b269aa1cfd03e64d0747161f5de2e23571f798616d42c0,true,,
templates/哈希/哈希——算法模板.cpp,哈希——算法模板.cpp,cpp,5701,169,95249cf4520e37fdff547cee10ba863df78d87cb342acda5ec4f3a2eba64b125,true,,
templates/哈希/哈希——结合fhq.cpp,哈希——结合fhq.cpp,cpp,3233,161,ea3452b75b2f6508be87ac25b3f7fcb14563a2a1d37e561ea78c57650fdd8c7f,false,,
templates/哈希/哈希——通配符.cpp,哈希——通配符.cpp,cpp,1957,70,50e5136448ada216ed91a01da76b2efaffdb96be5dc0f1a40bc80143b69c1220,true,,
templates/哈希/哈希——重叠检验子串.cpp,哈希——重叠检验子串.cpp,cpp,1573,71,c2229bc2a978fb1b99f68f8f9f1531bbb0c3192e63491d5039c8787b84e081e0,true,,
templates/哈希/哈希——随机权值.cpp,哈希——随机权值.cpp,cpp,3196,113,796168c418f2ec06c161925f2e21942d349f99c9ee9af59c259c51d32ae17c6d,true,,
templates/哈希/异或哈希——模板.cpp,异或哈希——模板.cpp,cpp,1861,69,10a7ad10d91a6014582014ab3e10f9a3821818669b2e961336ac072ef36c40e3,false,,
templates/哈希/树上哈希——换根dp.cpp,树上哈希——换根dp.cpp,cpp,3634,178,5f693264f790beaadeaf34731f42d857511330c093f4ad7a061cfef23f388df4,false,,
templates/哈希/随机化——k倍问题.cpp,随机化——k倍问题.cpp,cpp,3305,153,cc868ea56dbd112223de92c9e9cc1d24f8461ec456be0f383d63658fbad7bfeb,false,,
templates/哈希/随机化——异或.cpp,随机化——异或.cpp,cpp,3954,125,7176a7ad99c3c1b423f69534b598e6d0a0aa983086b678b5538b72c17974f23d,true,,
templates/图论/01bfs——模板.cpp,01bfs——模板.cpp,cpp,2639,80,96f39cfeb65746be1ffcdfd975cc6bf6a449cd657dc187211b2507ca12f52f4b,true,,
templates/图论/01bfs——模板升级.cpp,01bfs——模板升级.cpp,cpp,2845,71,76ed6ea34b5483c03280d06f1a046ffb22d35fe8d230f6b642f5bac4728c9381,true,,
templates/图论/DJ算法——分层最短路.cpp,DJ算法——分层最短路.cpp,cpp,3793,102,1d76fa9b6f07996fd1192b94d9abd8f5477971c05ccea4dee08b768ec7b13b4b,true,,
templates/图论/DJ算法——分层最短路模板.cpp,DJ算法——分层最短路模板.cpp,cpp,2902,91,479e5d2f6024243cc8646371d801b361d37a515b9e278987c08b822f67e6bb75,true,,
templates/图论/DJ算法——分层最短路类似状压.cpp,DJ算法——分层最短路类似状压.cpp,cpp,3647,105,049f8ad25aab94126f306469cbbebc54c35663d29b73f053bc603f7376a59582,true,,
templates/图论/DJ算法——多源最短路.cpp,DJ算法——多源最短路.cpp,cpp,2216,99,237d1d105f240233d646c8d640584b30ad3d2a25566d2b8c916c61df1f540489,true,,
templates/图论/DJ算法——最小化路径最大值.cpp,DJ算法——最小化路径最大值.cpp,cpp,2553,78,c0299a97f9790e18a7703b905cb9787a3619c00d1d8cd3cea75fd2e68a1b9ba6,true,,
templates/图论/DJ算法——最短路模版.cpp,DJ算法——最短路模版.cpp,cpp,2187,75,be8e419bc927322d942eb92e1c3772c01e2b2f6e07bd717a56313c793f4fbbb3,true,,
templates/图论/DJ算法——次短路问题.cpp,DJ算法——次短路问题.cpp,cpp,2440,99,78fe1c1338f83153ab114fa66044b70c58d323ece5d46d3c2c6c8fc1ae37752d,true,,
templates/图论/floyd算法——修改边权.cpp,floyd算法——修改边权.cpp,cpp,2193,77,f8bedcb2d37a73c91d82719de601785bc1f79132cd0418004b8b9c9c683e1f7d,true,,
templates/图论/floyd算法——更新点.cpp,floyd算法——更新点.cpp,cpp,1395,60,ca835a8b10d627f5d1a966585f0f280a4326b05126b13a5044719df0b224bd96,true,,
templates/图论/floyd算法——本质应用.cpp,floyd算法——本质应用.cpp,cpp,1958,78,07988b93de140ca2ab1c334ae09f1eb11a07be31c9fe1f328207a581eeb20900,true,,
templates/图论/floyd算法——模板.cpp,floyd算法——模板.cpp,cpp,1913,65,45721a629a17493c448f96fea5a7cdfea838ab2ed2f5ed671a710573f4db6e34,true,,
templates/图论/johnson——模板.cpp,johnson——模板.cpp,cpp,2744,134,3a14ac19f767c2e5fc1908e3b07dc0c5d620af28be2a0496d4993a0c130ac215,false,,
templates/图论/分层最短路.cpp,分层最短路.cpp,cpp,2619,115,8661749bcaa82d1eeaf13d53e541597f4da625037b5c6239833bcf2535169c0d,true,,
templates/图论/分层最短路——01bfs.cpp,分层最短路——01bfs.cpp,cpp,2332,107,b071f4fc9e70264217fb08cb7c05684163cef87c345d3a4c920141705ee362b4,true,,
templates/图论/分层最短路——层际连边.cpp,分层最短路——层际连边.cpp,cpp,1831,84,faad0e98da437ef346dd0cb865e49feaa7dbac3915dadde50d1fcce812750b06,true,,
templates/图论/同余最短路——01bfs.cpp,同余最短路——01bfs.cpp,cpp,1544,47,c110c2ad592ee8e632b7c1e9b4b8e8014be092e333e03d8a78693188b73380c3,true,,
templates/图论/同余最短路——DJ算法.cpp,同余最短路——DJ算法.cpp,cpp,2500,94,9fa694e0a970d8c602e011e5edb3d2a02c7daea325c998b098ac05afc00ebb65,true,,
templates/图论/同余最短路——DJ算法2.cpp,同余最短路——DJ算法2.cpp,cpp,2874,109,2cfb15fff586edb1781e6506ae422ed3a77b4fe4ca1ca2d3661c67f46e70ede1,true,,
templates/图论/同余最短路——二次转圈法.cpp,同余最短路——二次转圈法.cpp,cpp,2583,80,afe198be6d5358c73b1f3c400c3075126496cf667f99c3131c29ecdefc830bb6,true,,
templates/图论/同余最短路——二次转圈结合背包.cpp,同余最短路——二次转圈结合背包.cpp,cpp,2583,84,2bb7fabaf4435a9d0f9ea6f737964dc2f4473bf89c16b5919fd62089f7486271,true,,
templates/图论/同余最短路——模板.cpp,同余最短路——模板.cpp,cpp,2458,94,99b7c9a6a3c85911fcc2f4fe741d2b66038368ead666ba0b79e0beaf5f04eff4,false,,
templates/图论/图——邻接表.cpp,图——邻接表.cpp,cpp,2187,108,0eec7312710edecbb1eced049d742739f64f42bf6674e2eef2e1f2f79bb1dd03,true,,
templates/图论/图论——Astar.cpp,图论——Astar.cpp,cpp,5952,163,1616b7d9dd1438b54e4f9c4aaa21229ed0cf74843b3fbeaec76052bb61048b9d,true,,
templates/图论/图论——A星展示.cpp,图论——A星展示.cpp,cpp,5943,166,eb49c1ca7aacc6c27bff8df7be1d5af29a795e598c93a3c96df86c4bb66aecbe,true,,
templates/图论/图论——A星（k短路）模板.cpp,图论——A星（k短路）模板.cpp,cpp,2946,120,ceac80947ada8950b38c199f66c781489a5c91f47436757338acc9ae4dc9a415,true,,
templates/图论/图论——bellman(SPFA).cpp,图论——bellman(SPFA).cpp,cpp,3129,110,708315001602230081203aedb58515eb7defca1c9a5d6b08d137074a612ff05f,true,,
templates/图论/图论——bellman2  必须k次.cpp,图论——bellman2  必须k次.cpp,cpp,2289,58,ca65ac9489bbe5e7149bd40eac988e41ee76770c483254f1672b1f4f68175b93,true,,
templates/图论/图论——IDA星应用.cpp,图论——IDA星应用.cpp,cpp,1618,82,99ba9752e722fa0e7f72c8ce815baf8c350457000606ffabfe9290df3842ce6c,true,,
templates/图论/图论——IDA星模板.cpp,图论——IDA星模板.cpp,cpp,2520,104,6e7918f7a1913ad1dad894c6e437402aad89b733302f377415d47121d1f1caa2,true,,
templates/图论/图论——IDA星（进阶）.cpp,图论——IDA星（进阶）.cpp,cpp,4249,128,3638f330e37c8a0372552a80281bfaa6e4f09891e351ac1ccdbe365289e35480,true,,
templates/图论/图论——spfa模板.cpp,图论——spfa模板.cpp,cpp,2256,87,8468631a6bab1c46d4b91c21a741b2a86e82d49d41638f0528c82a11e601181c,true,,
templates/图论/差分约束——两种形式综合.cpp,差分约束——两种形式综合.cpp,cpp,3374,108,bd0c367fec0ee96518f2e5931e2d83bf17af05c1da7c49cc3d47ee2dc8e804ee,true,,
templates/图论/差分约束——模板形式一.cpp,差分约束——模板形式一.cpp,cpp,3059,99,5bc48cb1255b985c33541718ef543832b7f918455c67ccaa171dbe21a81604e5,true,,
templates/图论/差分约束——模板形式二.cpp,差分约束——模板形式二.cpp,cpp,2797,96,6749ebfa5ea486a9be0d9bb4aa59f9a253e55f4f32810f31efb9b046ddfab71e,true,,
templates/图论/差分约束——结合floyd.cpp,差分约束——结合floyd.cpp,cpp,3012,87,08a75bc60315934044965dcc32a4f42b04ceab5241894ab388b6d2b4ec0697a8,true,,
templates/图论/差分约束——限制性超级源点.cpp,差分约束——限制性超级源点.cpp,cpp,4506,154,977bfd4a3ce9bf74668beefa225c74a4fd24c19093f8e1ba19bcf98b081d4502,true,,
templates/图论/拓扑排序——入度删除法.cpp,拓扑排序——入度删除法.cpp,cpp,1928,65,0fb06d62e50cd36e78a39bd64460bf2cc6010dd37012cb47df8a2e9d90892835,false,,
templates/图论/拓扑排序——最多员工数量.cpp,拓扑排序——最多员工数量.cpp,cpp,2114,63,9260c3fd6fa27d120f17501a641ac2fef51f9e334db38db15149c887b643ed75,true,,
templates/图论/拓扑排序——求最长公共路径.cpp,拓扑排序——求最长公共路径.cpp,cpp,3863,167,0998510d71eb364378e990e922e311e8239b4d1c805d2ef028edff0b4ec2c190,true,,
templates/图论/拓扑排序——结合前缀树.cpp,拓扑排序——结合前缀树.cpp,cpp,2464,114,3a34e9a51cca415d8cd09890d7422280e3b4351ef688152a3ff1d6b9ed83699d,true,,
templates/图论/树上换根——最短路.cpp,树上换根——最短路.cpp,cpp,3101,109,70937dcd1a77dc817af87f6947c21dfd70adfe59a6634d5e9870f88cad474842,true,,
templates/图论/欧拉图——应用.cpp,欧拉图——应用.cpp,cpp,2913,127,09bd0d8d4ee6618969f96c3c92fa1efa25a8dd7d74dc3f0f5ac1757619e0eaf7,true,,
templates/图论/欧拉图——欧拉路径模板.cpp,欧拉图——欧拉路径模板.cpp,cpp,2078,83,e68ea7474fe9820e1b2b9367b50b7af006ff3f95cd9be0f03184263e2c33866f,true,,
templates/图论/欧拉图——欧拉路径模板（无向图）.cpp,欧拉图——欧拉路径模板（无向图）.cpp,cpp,1369,64,16740eb61c8453a67fcd4f91861773d3f7997742d7ac67da47b64854d2c3c118,true,,
templates/图论/线段树优化建图——模板.cpp,线段树优化建图——模板.cpp,cpp,4235,182,26e00e009dc2542b31ad2832c71f0bcede9d7e2cdf3335a2bf2c619133f15861,true,,
templates/图论/线段树优化建图——虚点.cpp,线段树优化建图——虚点.cpp,cpp,4154,201,298950f2348ded550bb57982182529c06a32d8104cd3b1d5833fd1df47a05785,true,,
templates/左偏树/k短路——左偏树.cpp,k短路——左偏树.cpp,cpp,7748,273,0d58e0644061f101c046c847ca65c293fab1dec16e8c542ed7ccf9666867438b,true,,
templates/左偏树/可持久化左偏树.cpp,可持久化左偏树.cpp,cpp,5312,219,6dca4b8ee34d0161e2c62383cb7f4336c329c6164e0891482bae53489ed284a5,true,,
templates/左偏树/可持久化左偏树2.cpp,可持久化左偏树2.cpp,cpp,4374,166,76e210fce837438ba892e149d8409c2550cb3e024f10f9b228765a5f61ebb0cd,true,,
templates/左偏树/左偏树——删除任意节点模板.cpp,左偏树——删除任意节点模板.cpp,cpp,5557,168,f5ada9e183b5412de838da7c20fef911d2eaf6ff912d4108fae093846d1d12c3,true,,
templates/左偏树/左偏树——单调栈.cpp,左偏树——单调栈.cpp,cpp,3801,130,bc0d8d5db11b7f28d57e625f01e34ae84397dc13a3a0287bf0f32d5b4a91e3e6,true,,
templates/左偏树/左偏树——合并堆.cpp,左偏树——合并堆.cpp,cpp,2856,99,4d1eaae73a1b9cc92e9308a628174b41bf954760449e89e5a652917c60424721,true,,
templates/左偏树/左偏树——启发式合并.cpp,左偏树——启发式合并.cpp,cpp,7228,244,3b039806fa0d0996d58cd80bda043e8af771efb7a9e76f58471d386caee1ec72,true,,
templates/左偏树/左偏树——大根堆.cpp,左偏树——大根堆.cpp,cpp,3498,113,221326c241037aff919db3bf6b64d5da3116ba19c912746e003c0e70780ec253,true,,
templates/左偏树/左偏树——懒更新.cpp,左偏树——懒更新.cpp,cpp,6694,196,bafda57d18ce0128be06f6e1eb8be9a25f76d1f85d63cc259fc502e196af7bdb,true,,
templates/左偏树/左偏树——模板.cpp,左偏树——模板.cpp,cpp,3897,119,99362d68b0c08e15b7e6cb3d1a4b5b9666e694103bc12f23934041f1d036512d,true,,
templates/差分前缀和/前缀和——01正方形.cpp,前缀和——01正方形.cpp,cpp,917,37,2a425fee8a82c5306bec737a3eb2100dea053429dc9444bdfff06f70bc2fcd21,true,,
templates/差分前缀和/前缀和——二维前缀和.cpp,前缀和——二维前缀和.cpp,cpp,746,33,481ae60927dab4d321954780e6d6731b221b71b2ddc7285d058635155f77c255,true,,
templates/差分前缀和/差分——一维模板.cpp,差分——一维模板.cpp,cpp,839,29,10dd083513bed676c860dd1a3757c5c05247cb07ef74d33b7589d1cd7050d6dd,true,,
templates/差分前缀和/差分——二维应用.cpp,差分——二维应用.cpp,cpp,2926,95,e4a466a9a7d20688189ab337be7995564c354c399b8ef99958742273f235b275,true,,
templates/差分前缀和/差分——二维模板.cpp,差分——二维模板.cpp,cpp,1010,44,0f3c0d0e4d5fb9b3d44e7dbe6aae169d046f0dbffd48d27f4f3b9fe931ae0811,true,,
templates/差分前缀和/差分——求和.cpp,差分——求和.cpp,cpp,2217,67,5ba35fde74de7f0fbf61d3c3223432264820d3a3c67796d15093fafd5e668b98,true,,
templates/差分前缀和/差分——等差数列.cpp,差分——等差数列.cpp,cpp,1612,59,2efa8e7bd3bde62f34ec7387cfa87cdd00bc28ba9e5580705da62989ece6520a,true,,
templates/差分前缀和/差分——等差数列升级.cpp,差分——等差数列升级.cpp,cpp,1231,52,1f633ec51c4e24abd198cf40febee69cf3e0a06f6ff07c9d024fd0c1528963ad,true,,
templates/平衡树/AVL树——模板.cpp,AVL树——模板.cpp,cpp,9184,294,f3a1629fdd84e3ffb19d2c923b0d5a1bad12f243e45e13b936ecdb61d78077b5,true,,
templates/平衡树/FHQ treap——区间移动.cpp,FHQ treap——区间移动.cpp,cpp,3884,130,b2f4fbf0ce4c75076e36d734f969508ca24b48ee2da32a9fd44c4c7d0948d4a5,true,,
templates/平衡树/FHQ treap——区间翻转.cpp,FHQ treap——区间翻转.cpp,cpp,2887,114,a860aa116ddb52c22bd2adf828b06eeb778a1c9a335890bf6ec855274f9f5994,true,,
templates/平衡树/FHQ treap——可持久化平衡树.cpp,FHQ treap——可持久化平衡树.cpp,cpp,5194,176,2f268a32bf5b0eca46871b900c373ac4188dbdc2de0989b0ce51b80e451d6d38,true,,
templates/平衡树/FHQ treap——可持久化线段树.cpp,FHQ treap——可持久化线段树.cpp,cpp,4767,161,e047fb7678506ee8032386a44df0386b34b437a308260e7ef74c870fd518adfe,true,,
templates/平衡树/FHQ treap——有序表.cpp,FHQ treap——有序表.cpp,cpp,3514,156,4978a88e8bb15b2728eb33a741ded98ab9c8fb898af5fd8083c13e2144cb317a,true,,
templates/平衡树/FHQ treap——词频不压缩版.cpp,FHQ treap——词频不压缩版.cpp,cpp,4405,163,63ccd4880d74ca2655516e4f69eab16948242ba677aa11f029d51a5cb53a9fa6,true,,
templates/平衡树/FHQ treap——词频压缩版.cpp,FHQ treap——词频压缩版.cpp,cpp,6998,225,e57679507611c1a2b3276f8f546c00f3fa083a3e369269eae3f98aedf56de6de,true,,
templates/平衡树/splay树——全局变量辅助.cpp,splay树——全局变量辅助.cpp,cpp,4437,179,0df9902e11188281d5313e84659117745c975189a22415afc6d08281e0e52f4a,true,,
templates/平衡树/splay树——区间移动.cpp,splay树——区间移动.cpp,cpp,4406,175,abf559935828b2a1f411bb809c0615b18dd155c19d1da718fc5c746a0e2cfd8a,true,,
templates/平衡树/splay树——区间翻转.cpp,splay树——区间翻转.cpp,cpp,4341,183,058132592f9319054c1eeaec3eeeb0d5b23adcad8f00fe678d28d5a8f368f7fe,true,,
templates/平衡树/splay树——展示.cpp,splay树——展示.cpp,cpp,4764,159,bf2b6e5a42d3e6b81b8fb0ba1ad5d615bdb873549535fbdbdbdbd46af5df0362,true,,
templates/平衡树/splay树——有序表.cpp,splay树——有序表.cpp,cpp,4891,228,966094e93dce6423dbb7effa5616db774dfa7ed4706ccf097feb4a35f276b229,true,,
templates/平衡树/splay树——模板.cpp,splay树——模板.cpp,cpp,5911,234,86e0a9d2b4a4a9a27f1ade52aa733b7a045249d1127d1790a1b84f9fdc30e13a,true,,
templates/平衡树/splay树——线段树.cpp,splay树——线段树.cpp,cpp,7162,285,8f5f11fcc8762cdfa88c0e9e080515c3546ff5f8dc8bba9aadd30483da9b20d9,true,,
templates/平衡树/Treap树——模板.cpp,Treap树——模板.cpp,cpp,5860,216,16af809055d2a52515ac522a3aa585732ee512f1355776c4c2c1a1c9e1ea2c61,true,,
templates/平衡树/有序表——使用.cpp,有序表——使用.cpp,cpp,4662,221,9830069ff6de253e11219bcc21c440b0d3f6e4d38a25ba5a60d3a7d917583be5,false,,
templates/平衡树/有序表——替罪羊树.cpp,有序表——替罪羊树.cpp,cpp,6480,255,e2d08ff12e0271e667f7600b1a0739e86c1c967f34bb6924150303b12dca59f5,true,,
templates/平衡树/有序表——替罪羊树重构因子测试.cpp,有序表——替罪羊树重构因子测试.cpp,cpp,5583,239,08b1b4eb93e7bb209a220dc70c3fceb8cc48ff8a69c788a3ed4aa391cb2fd07d,true,,
templates/平衡树/有序表——跳表.cpp,有序表——跳表.cpp,cpp,8417,293,3dcbe2134ced76f5e94d9ff5529f383dceffabc53754d22a818cbd8f985c0438,true,,
templates/平衡树/笛卡尔树——方案计数.cpp,笛卡尔树——方案计数.cpp,cpp,2603,89,63d65eb2e1aa71fe4cd47bfd6bc3740c4782acd43968686c7488a632e7e395d9,true,,
templates/平衡树/笛卡尔树——期望.cpp,笛卡尔树——期望.cpp,cpp,2805,61,d9718f8ae6f0e0965c31bb62367d1903307dec810b488950a7f5af7203057682,false,,
templates/平衡树/笛卡尔树——树的序.cpp,笛卡尔树——树的序.cpp,cpp,2354,73,dac3b2b4a962782c300810784dc36b487f1939e0273a09e3395a620b97273b51,true,,
templates/平衡树/笛卡尔树——模板.cpp,笛卡尔树——模板.cpp,cpp,2254,68,fc0af1ce4d37f3aab5d39d2659cbad8d7268c609ad0ba7a2fcef01072b6c8a8c,true,,
templates/平衡树/笛卡尔树——表格填数.cpp,笛卡尔树——表格填数.cpp,cpp,3349,117,700c5cf18ca1ae7ab1d91486a197d223da357e55bb4f3961fb73f247d5bc92fa,false,,
templates/并查集/可持久化并查集——模板.cpp,可持久化并查集——模板.cpp,cpp,5063,151,608820f9a1e60bc08edfb5d3263b25f91b6c428910c17f2ba400ba3c57161014,true,,
templates/并查集/可撤销并查集——最小生成树.cpp,可撤销并查集——最小生成树.cpp,cpp,4935,161,d2588a3f3419e16ea6d70d8474656a8240eeace7646da00abf19f102ebd5a9e9,true,,
templates/并查集/可撤销并查集——模板.cpp,可撤销并查集——模板.cpp,cpp,4101,145,434cc9c6ac12debe485430cab169e8627dde4bee9ceeecf39db54a8141242a20,true,,
templates/并查集/可撤销并查集——类似二分图.cpp,可撤销并查集——类似二分图.cpp,cpp,5515,170,315f110f5ca06abad389e872be4a998a73e6e0bdd996807d319f83f5ad2d96c6,true,,
templates/并查集/带权并查集——乘除关系.cpp,带权并查集——乘除关系.cpp,cpp,2623,86,694af852c57591fc885701afe1b7020ebb3838cb3ed55ea6e6b74ecfe466af12,true,,
templates/并查集/带权并查集——加减关系.cpp,带权并查集——加减关系.cpp,cpp,2031,74,b5a849de3c5d2fda20b941aac881eb1112eb4710dda7c6f71ba5ea7393c4d744,true,,
templates/并查集/带权并查集——异或关系.cpp,带权并查集——异或关系.cpp,cpp,4985,176,fd86edb9044928f1254f8dd12f1567c35b8cfeb9dec25c76c548f37c0927cc81,true,,
templates/并查集/带权并查集——模板.cpp,带权并查集——模板.cpp,cpp,2174,76,4262f94305de893dbb4ff64c96a30de76cd72f181a34cc797c4233748cc9d716,true,,
templates/并查集/带权并查集——模板合理性检验.cpp,带权并查集——模板合理性检验.cpp,cpp,2103,81,80a542daec734b73ce61fb7fce37103c7707c959c9a8069bdbd593af6e1e93a2,true,,
templates/并查集/带权并查集——模板合理性统计.cpp,带权并查集——模板合理性统计.cpp,cpp,1961,73,104aaee5408375e3bb27f5152e753e53d677c0d7e69338b8483b2733c8547526,true,,
templates/并查集/带权并查集——种类关系.cpp,带权并查集——种类关系.cpp,cpp,2398,88,8cfbfd037cba8c4706395011d0871a7e1158a348412f2bdc2f0074b9b517f7dc,true,,
templates/并查集/并查集——寻找岛屿.c,并查集——寻找岛屿.c,c,1915,79,59f46c26eb9a2ee725050f694bebdab523e4d54642a36cea192656a1a476e728,true,,
templates/并查集/并查集——情侣牵手问题.c,并查集——情侣牵手问题.c,c,1253,50,9449c411dbc87a06ca98f19c63559879f507a8b83a4e7ed2a234f70edfbdd059,true,,
templates/并查集/并查集——模板.c,并查集——模板.c,c,801,48,14958a844753e490ef7edb401831ff7796db9fdc22b1717908d543e02cb45ab0,true,,
templates/并查集/并查集——模板2.c,并查集——模板2.c,c,456,32,84a7157cb0b19939f7206165cbf6c3fa897f5afa6cc46a06e2e073c19ca3653e,true,,
templates/并查集/并查集——正反集.cpp,并查集——正反集.cpp,cpp,2610,93,f633598c4c51a700ef9153c49ab43ba90bd2dcb750e777ddb110ab51f206d295,true,,
templates/并查集/并查集——正反集延伸.cpp,并查集——正反集延伸.cpp,cpp,1326,56,51b8f61a74ed03eeccbbb52b2062d590a382875c0fa90e4cc09c215aacad8328,true,,
templates/并查集/并查集——相似字符串.c,并查集——相似字符串.c,c,2290,73,1d0532209a34227b41f961e15e582080e7c7c99d0c98f2d09ba5a22a7d971b49,true,,
templates/并查集/并查集——结合生成树.cpp,并查集——结合生成树.cpp,cpp,6666,260,e1cea7e16d170165de08737c07f8b723853e4150cf73dd3bb04d0e7a895e3700,true,,
templates/并查集/并查集——维护序列连通性.cpp,并查集——维护序列连通性.cpp,cpp,979,42,118e5bc950f5c5e0942efa16db360a7bc9934062e98e108ddad9b2d916c93bc9,true,,
templates/扩展KMP/扩展KMP(Z算法)——e数组应用.cpp,扩展KMP(Z算法)——e数组应用.cpp,cpp,2228,86,462653f350c71d21977831490f0ee1fee457b87ab79667adb884504428ef97f6,true,,
templates/扩展KMP/扩展KMP(Z算法)——Z数组应用.cpp,扩展KMP(Z算法)——Z数组应用.cpp,cpp,1739,61,c757ab10dae8bbc8497ee75c379547d68a5e95b4a3c3042d65de94cd0bfdbd04,true,,
templates/扩展KMP/扩展KMP(Z算法)——应用.cpp,扩展KMP(Z算法)——应用.cpp,cpp,1042,51,94541f2cbae075e30c51d205b038516ff6d6aade3497e46020def6a61e2e9a2a,true,,
templates/扩展KMP/扩展KMP(Z算法)——循环节.cpp,扩展KMP(Z算法)——循环节.cpp,cpp,1377,50,2edc2a824b1504f41cfe6270d14faada85a6f2029f902f7e2ec5bb646c93856f,true,,
templates/扩展KMP/扩展KMP(Z算法)——循环节个数.cpp,扩展KMP(Z算法)——循环节个数.cpp,cpp,1020,51,8c79864c70a44c11e97c2b7911dfce1ba20c9a2f2b184bc0f23b221ddf4d4ee1,true,,
templates/扩展KMP/扩展KMP(Z算法)——模板.cpp,扩展KMP(Z算法)——模板.cpp,cpp,3000,96,d1be5436644459e742c382770ea14a9f888d78e97f877632ccca3a8d0f78084c,true,,
templates/搜索/dfs——结合模拟 等分面积.cpp,dfs——结合模拟 等分面积.cpp,cpp,939,33,497ffe54e26600e95ab08bb2fef65567141647e9bedcb5e105a732aca9bac85f,true,,
templates/搜索/搜索——dfs经典.cpp,搜索——dfs经典.cpp,cpp,1389,62,e118be8dcabc8bee04b8d0579af9f0fd11136c7608fdca73585ce7e8e62611a2,true,,
templates/搜索/搜索——双向广搜.cpp,搜索——双向广搜.cpp,cpp,2924,85,76fc7d30238b255ef35ab647ac0723933f18f12c4575ea13c33e27cf6b39d2b8,true,,
templates/搜索/搜索——双向广搜差值绝对值最少.cpp,搜索——双向广搜差值绝对值最少.cpp,cpp,2367,84,fcbfff41a21b98c6125bbdc8efbfca42a4d1daa5ebd8643328ac667fe2beea66,true,,
templates/搜索/搜索——双向广搜模板.cpp,搜索——双向广搜模板.cpp,cpp,2642,74,8344273c63152c8b7ab9ccc04a805e608a5255364670d53d5857dcf0e02ee3de,true,,
templates/搜索/搜索——多源bfs.cpp,搜索——多源bfs.cpp,cpp,1122,53,ae8bf4d2855b3bcaa7be581bbf1384e27295e5143fe5b9e8e46a255616966299,true,,
templates/搜索/搜索——数独.c,搜索——数独.c,c,851,39,c9546ab32dbbb2952d43f0cb49a80436d915464ab88271880d7f8c073d029103,true,,
templates/搜索/搜索——数独2.c,搜索——数独2.c,c,880,42,413fba63fcf7bb2dd75c8b8bebeaf9ac14bc106e227a934049d37db5cf4cdd6d,true,,
templates/搜索/洪水填充——包围的01.c,洪水填充——包围的01.c,c,1248,70,5fd71f3bee3789536f7f75f749d93c2e5b9dcabaab64892521b18a600e3ae6f0,true,,
templates/搜索/洪水填充——岛屿数量.c,洪水填充——岛屿数量.c,c,760,40,457a48ce82743f18d696c2a11b207c1060439eb677b105c2d52faa0a6b0fdea5,true,,
templates/搜索/洪水填充——最大的岛屿.c,洪水填充——最大的岛屿.c,c,2429,99,4b7e691987b627982e8c6aa67bd11eabf798b4b4366ab58287a13876670d4037,true,,
templates/数学/BSGS——模板.cpp,BSGS——模板.cpp,cpp,2333,76,ab1569a51a17e2a6f6221c75e00780506f381ef7c772db59620c39d1a88023ca,false,,
templates/数学/中国剩余定理——扩展加推理.cpp,中国剩余定理——扩展加推理.cpp,cpp,6112,157,f2a1d6cfb51ff0d57d0e55f838c5959a1e1b01c286671431f24e49e871baeac4,true,,
templates/数学/中国剩余定理——扩展模板.cpp,中国剩余定理——扩展模板.cpp,cpp,2791,97,b041e6c015b2e3034dc3389778e7275ef65e55b851b0afc3cb07c8e8f290b8a4,true,,
templates/数学/中国剩余定理——模板.cpp,中国剩余定理——模板.cpp,cpp,2411,84,30d5100c36f9a5f7d99e8eaa1f4148b7e1540b23b2368b913f7821ce3431b78b,true,,
templates/数学/中国剩余定理——转换.cpp,中国剩余定理——转换.cpp,cpp,2298,88,3c15353b7703d78c362290058b57553a6b3cc752b1562c97ba1f3ecb74ccec75,true,,
templates/数学/二项式反演——分特产.cpp,二项式反演——分特产.cpp,cpp,1447,56,60808589190306c600bd7d105fbb02e2e8e63c575cf53d744135caea620f1ebd,false,,
templates/数学/二项式反演——钦定系列结合树上问题.cpp,二项式反演——钦定系列结合树上问题.cpp,cpp,4601,145,50298bdb908182d29eb0ce3b6e6bc4ca72a7fd907392d32ddec127bc12f84745,true,,
templates/数学/二项式反演——钦定系列结合背包.cpp,二项式反演——钦定系列结合背包.cpp,cpp,2854,96,c3f7ad7c5ae2be73fa1fa4603b8221d500b0ad6791fafd668b1e78a8a70dc187,true,,
templates/数学/二项式反演——错排问题.cpp,二项式反演——错排问题.cpp,cpp,1438,56,607a53c9f619d27fa1904380fe1db7c0498ef985bba19b2769f05d2f7d263eee,true,,
templates/数学/二项式反演——集合计数.cpp,二项式反演——集合计数.cpp,cpp,2152,84,930d440fb3be37dfaba17455e41e18aa0cbaeaa92295a369b9fa46e5bea9a04c,true,,
templates/数学/二项式定理——分割的方法.cpp,二项式定理——分割的方法.cpp,cpp,4648,152,c18f40a60d6c1766aa674faf8f6e8bdade5a57a2016db99998c63057817f7993,true,,
templates/数学/二项式定理——杨辉三角.cpp,二项式定理——杨辉三角.cpp,cpp,704,31,cea7d02ebff9ef1f3a137032c31cf3e6539bcda873471a373afe576d922331e0,true,,
templates/数学/二项式定理——系数.cpp,二项式定理——系数.cpp,cpp,1345,54,e7227bdbfa4a959e2a0a891c0e44545288b84ee0596156871abbf128295301db,true,,
templates/数学/二项式定理——组合数.cpp,二项式定理——组合数.cpp,cpp,1624,56,7e03cbf34b4522ebcda65f471a8b33b5ea0b3f938fdaafb6b9e6c480c34533ff,true,,
templates/数学/卡特兰数——二叉树应用.cpp,卡特兰数——二叉树应用.cpp,cpp,576,17,3a3894c74f3fea5ccc785c50aeb2521223a93cbacf44f165501522ffa2b89819,true,,
templates/数学/卡特兰数——公式4.cpp,卡特兰数——公式4.cpp,cpp,884,35,fb69f0f1ee28e55dc3ce9113a0a5be5e5b675e1f2eedbefc756db8aa969d897c,true,,
templates/数学/卡特兰数——因子计数法.cpp,卡特兰数——因子计数法.cpp,cpp,3051,104,eb95a6481b6a823edad1add682b083366a7a8752d82c0e7e3ba213d0b77465ed,true,,
templates/数学/卡特兰数——左右相乘.cpp,卡特兰数——左右相乘.cpp,cpp,2493,99,b6177c677b38614ef65964e89a1517ace549cf23545b24123e84844353930d5f,true,,
templates/数学/卡特兰数——模板.cpp,卡特兰数——模板.cpp,cpp,2505,104,bebf2410f3911b184491d0359978e0254e4eed5e1f91bb9c52d77e6fdb2c2676,true,,
templates/数学/卡特兰数——路径计数模板.cpp,卡特兰数——路径计数模板.cpp,cpp,1672,67,a7e79c30a2619122ba533c47d09dbb8843f5af993c370f2d026a3a0ea38e7adc,true,,
templates/数学/卡特兰数——路径选择.cpp,卡特兰数——路径选择.cpp,cpp,1574,56,cfd7949f0aa228d662fea2ca5e9401cb7f7bb3b33fdf9fbb76ed3777de1a8102,true,,
templates/数学/卢卡斯定理——模板.cpp,卢卡斯定理——模板.cpp,cpp,864,51,cd7e0caa7e951527297940390da187acf2fee353e265008ad5d1e3a8e7433032,true,,
templates/数学/原根——模板.cpp,原根——模板.cpp,cpp,4401,150,58f2fa214764aa01e44d76e679c4fcc6e4789edf7ad91f72658a8ed5b91a123e,true,,
templates/数学/康拓展开——模板.cpp,康拓展开——模板.cpp,cpp,1721,74,ba90289f384dd9a3f7697971a81d30cf184262d8c903e8f2da23040aff47b8d3,false,,
templates/数学/康拓展开——正反过程综合.cpp,康拓展开——正反过程综合.cpp,cpp,3508,135,02e8336ff472e69875aa04d5e92b43904d8eaaa67fe6fa13939595b7950e66d7,false,,
templates/数学/康拓展开——阶乘进制 逆过程 树状数组.cpp,康拓展开——阶乘进制 逆过程 树状数组.cpp,cpp,2962,110,d6143065034062dfab20b66b359a3ecafe3730a523a36026481c7db3e6a6af88,true,,
templates/数学/康拓展开——阶乘进制 逆过程 线段树.cpp,康拓展开——阶乘进制 逆过程 线段树.cpp,cpp,3882,128,654323468cea5ae3b4ad1f002a524e26bf3c06aed1cd7342b81e13d894f6e608,true,,
templates/数学/快速幂——乘法和矩阵快速幂.cpp,快速幂——乘法和矩阵快速幂.cpp,cpp,2307,84,e767b00a4d4d0ff3b674270a09c4e14e76ba84d01c971130a15e44eedf78d946,false,,
templates/数学/快速幂——乘法快速幂.cpp,快速幂——乘法快速幂.cpp,cpp,736,28,f87c3dee94f7ad70cf4f7b289271ba98684e324cc487dd19dd4312e7ce04a39c,true,,
templates/数学/快速幂——元音字母.c,快速幂——元音字母.c,c,2786,107,5ff2f7142a16493cf1439bdf950539c4dce4b6d4dd662b0d15f30579af9e0fcf,true,,
templates/数学/快速幂——取模.c,快速幂——取模.c,c,360,19,10c61912a57069a80ce49bdb9032265b49a2268d4a998e22ceef30ca18e975b3,true,,
templates/数学/快速幂——多米洛和拓米洛.c,快速幂——多米洛和拓米洛.c,c,2531,102,19d8fda29cb301bd1743f75942e4c87814b414c65fd3321a0ad5943a33994caf,true,,
templates/数学/快速幂——斐波那契数列.c,快速幂——斐波那契数列.c,c,2428,100,2546ec9aa9b525bcc3bf7701d95d6ac1ca5025763f7450702e644a30329ec262,true,,
templates/数学/快速幂——斐波那契数列2.c,快速幂——斐波那契数列2.c,c,2288,94,21abe2cff1efc8fec5dc7289224c1b2e81d005ca5aba29ee94d325b7ff1d3065,true,,
templates/数学/快速幂——泰波那契数.c,快速幂——泰波那契数.c,c,2521,103,4f2c2ed59091ad93842be589fea1d22f3c4ff19c0b45342ce2ec61148aeb8928,true,,
templates/数学/快速幂——爬楼梯.c,快速幂——爬楼梯.c,c,2428,100,097a2df48ed60afa04f72826918effc462c84c34eec3f57cab8deec67be0fb95,true,,
templates/数学/快速幂——矩阵乘法.c,快速幂——矩阵乘法.c,c,2137,94,a62e88e2ce58cbf5ce436f42f0a1395b7ba913e1e8605158d048685f14574965,true,,
templates/数学/快速幂——矩阵乘法展示.cpp,快速幂——矩阵乘法展示.cpp,cpp,4496,156,de30fc3243b64ebbd9d32dd7a4eedd401d33572ecea11de53bbc66ea2a15a225,true,,
templates/数学/快速幂——矩阵快速幂.cpp,快速幂——矩阵快速幂.cpp,cpp,2231,90,8ce52575d37b3a23e90394908893d5e3262ae350e904d6799d38c7acb5060bc2,true,,
templates/数学/快速幂——考勤表.c,快速幂——考勤表.c,c,2957,110,6cabdc119240e750e9a938166803fd9e649dc4a28dbeb274adf77282a61fda40,true,,
templates/数学/扩展欧几里得——一元二次方程.cpp,扩展欧几里得——一元二次方程.cpp,cpp,2828,80,2011ac25fede01be17cc9539800e8fd9c9dbf8941ac715a3a90b113e8c956492,true,,
templates/数学/扩展欧几里得——区域.cpp,扩展欧几里得——区域.cpp,cpp,1728,45,aa53ec7f991d23c96c2b847afb88ff59fa4b1de999df6f33724357aa8dd2cebe,true,,
templates/数学/扩展欧几里得——格点.cpp,扩展欧几里得——格点.cpp,cpp,890,27,cc12e91780219c1dda9cab092f704e1b1750fd7885696c02c30a9635612257e3,true,,
templates/数学/扩展欧几里得——模板.cpp,扩展欧几里得——模板.cpp,cpp,1119,41,93189ab6a4739d0e5a7b0566badfc8068122146b9d30f1e28fbba144fdc8be05,true,,
templates/数学/扩展欧几里得——洗牌.cpp,扩展欧几里得——洗牌.cpp,cpp,2961,91,23adcf356b9709ded41110183a049953c6fbb4721e03dd7242c292758ffffcec,true,,
templates/数学/扩展欧几里得——环形.cpp,扩展欧几里得——环形.cpp,cpp,1784,65,bf1349ac9304cd55d013a0c1fa4c08ae0c3a535539e424ef101f386882e2e857,true,,
templates/数学/扩展欧几里得——算法展示.cpp,扩展欧几里得——算法展示.cpp,cpp,1774,67,e74aac6389def66fcdebb4ca43bb0cca7ffac2acb165ffb442b7bb79a8c6b388,true,,
templates/数学/扩展欧几里得——组成.cpp,扩展欧几里得——组成.cpp,cpp,984,24,8bb977720d706439e3df472950f4e542d50c44127f6758a3e1a5c3681dc7a4aa,true,,
templates/数学/扩展欧拉定理——模板.cpp,扩展欧拉定理——模板.cpp,cpp,1398,84,9a4a57e557aa0fef4055cdf264b3246c4af143363cc2b11213129a6813468771,true,,
templates/数学/数论——全家桶.cpp,数论——全家桶.cpp,cpp,2501,106,865bd35fe21d96ea9e7cef02ad4026f1193175187be31711d5308201fdc4831b,true,,
templates/数学/欧拉函数——线性递推欧拉筛.cpp,欧拉函数——线性递推欧拉筛.cpp,cpp,1784,88,0d77da64ba1a365b758b2ea75ff64508da7ea2baaf82bcbaac69130e1f5664ba,true,,
templates/数学/欧拉函数——阶乘.cpp,欧拉函数——阶乘.cpp,cpp,2372,109,24f90b589cd15d276b0abd1613a3ce911016d2665a8c42de79aeb149e67fba67,false,,
templates/数学/矩阵乘法——线段树操作.cpp,矩阵乘法——线段树操作.cpp,cpp,3882,192,0f96be41cd300eb9b0178021f35353f090e6c5e877be1438cfcf83a3015c86fe,true,,
templates/数学/矩阵乘法——经典.cpp,矩阵乘法——经典.cpp,cpp,1989,91,fa91bb5de3d9e8160a800081a5afe64e090786f9fa1969a0fba04afaaeba6550,true,,
templates/数学/矩阵乘法——结合图论.cpp,矩阵乘法——结合图论.cpp,cpp,1466,61,a85efd7e0f121b326d88afd15bd81df3b47a22b33674b88e11075fab5545f031,true,,
templates/数学/约瑟夫环.cpp,约瑟夫环.cpp,cpp,568,22,79464fed00353f1078ecbb51aad744ea89078866c0d9931c9a5696555705ab6f,true,,
templates/数学/约瑟夫环加强.cpp,约瑟夫环加强.cpp,cpp,793,29,ba2f30b3ead74a3606c9bbe70a57c12675f7c4e3c46fe156ef74149af42fd48d,true,,
templates/数学/线性基——向量模板.cpp,线性基——向量模板.cpp,cpp,2311,74,727b57922c3788022cec6952c6b1d37ad92b658ccfb786efe0326c7e6b4f355e,true,,
templates/数学/线性基——向量模板4.cpp,线性基——向量模板4.cpp,cpp,2355,93,6bf30c8bb788f69665a06134a8a960c563894cdc6d0acb2cebc31a8fecd37603,true,,
templates/数学/线性基——向量结合树上倍增.cpp,线性基——向量结合树上倍增.cpp,cpp,5690,202,08f1222459fb186a74d59e2813109d3c30e50338ff142a81bab42e03f5a99e14,true,,
templates/数学/线性基——向量结合线段树.cpp,线性基——向量结合线段树.cpp,cpp,2670,99,2826971db1511969e096973c29bb3ca87f06c36c15a52013fefe593c255f86b1,true,,
templates/数学/线性基——异或所有结果个数.cpp,线性基——异或所有结果个数.cpp,cpp,1404,63,e3cbaac66008ac3916b779ee43b2c5379c2b0cd15e2751574792b1a7a54d692c,true,,
templates/数学/线性基——异或普通消元法.cpp,线性基——异或普通消元法.cpp,cpp,1288,54,360e0269b5bc4fe49d64047d7eaac0f7dd0527b89563c5c89c7b4d0f1f5a5e5f,true,,
templates/数学/线性基——异或过程展示.cpp,线性基——异或过程展示.cpp,cpp,7372,230,74c2ba714eb8c27eefff0d3d8fbeb9eef3405a3e800a82ec7b6952bb589beb5f,true,,
templates/数学/线性基——异或运算应用.cpp,线性基——异或运算应用.cpp,cpp,2050,72,faad34fc5483c22ddd5ecbf6ec66f464bfb34a8ff418e742e7012a7a0e618fb6,true,,
templates/数学/线性基——异或高斯消元法.cpp,线性基——异或高斯消元法.cpp,cpp,2389,93,0b5137468b904b70164a6a1b058e2aae97f7f302007c83d4510bab0a6a04b4c6,true,,
templates/数学/莫比乌斯函数——模板.cpp,莫比乌斯函数——模板.cpp,cpp,1184,51,a3b5cda179916af4a40a1c74be9aecba57557ad16372a940bb7d8703bfabd77d,true,,
templates/数学/裴蜀定理——模板.cpp,裴蜀定理——模板.cpp,cpp,907,30,efb0d56694fc9a7e0e4f343d04834260e8398d373c7134c34f1963b0615f4d8b,true,,
templates/数学/裴蜀定理——类似博弈论.cpp,裴蜀定理——类似博弈论.cpp,cpp,1450,37,b6cd9d98303e298b339008c9cbfa65316f75f5f1dc7cbe2271e63c58449df90b,true,,
templates/数学/质数——Miller-Rabin素数测试.c,质数——Miller-Rabin素数测试.c,c,2396,80,feefa91d7f87ffe713976fbb54bd49cf38e4ecfc19248a05acb57508f505f60c,true,,
templates/数学/质数——结合数论.cpp,质数——结合数论.cpp,cpp,3266,88,b3d49ae678e31faf8c4b2e9f793c07aeb29912461a00bbb5831851e9eda5095b,true,,
templates/数学/质数——质数并查集.c,质数——质数并查集.c,c,2410,113,3bd6786849b64d9d35b1c6f13039fcf8cff41c0c73189a24e3ec97a8d76898e5,true,,
templates/数学/质数——质数筛.cpp,质数——质数筛.cpp,cpp,2792,96,63e44b50735638feb517db0f926dab5aaf8e8a0667d227ccbec0b46468cd47da,true,,
templates/数学/质数——较小的数字.c,质数——较小的数字.c,c,1699,71,18b7862722011de5ffd1e60b7b46a8506ad89143aad603ee561bd00be5ea94d2,true,,
templates/数学/逆元——单个除数求逆元.cpp,逆元——单个除数求逆元.cpp,cpp,1173,48,aec6cee97edca95f98ef84d0bda06edc40429af0159deb64c03c1c475853335f,true,,
templates/数学/逆元——模板.cpp,逆元——模板.cpp,cpp,1641,68,0ea7ad48edb360e8cda88d42b7f1dcfa28955c4531ab173fc8e4867d8508bf2e,true,,
templates/数学/逆元——连续数字逆元.cpp,逆元——连续数字逆元.cpp,cpp,945,33,96111fcdb46a2b852f241ddba9c50f1e3e9b54df88a849290236c4b107e758c1,true,,
templates/数学/逆元——连续数字阶乘的逆元.cpp,逆元——连续数字阶乘的逆元.cpp,cpp,2525,97,0b8a69c61d10165ad6ffec76f4a4721fba2cc9d0dff96d6f0e7be3fb5a6b6b6b,true,,
templates/数学/高斯消元——加法判断解的情况.cpp,高斯消元——加法判断解的情况.cpp,cpp,3070,96,7e919536e5b297663dcca91093868d33a343c5fcb85edc83619a7644a4161028,true,,
templates/数学/高斯消元——加法提炼矩阵.cpp,高斯消元——加法提炼矩阵.cpp,cpp,3292,92,b225e92827eb95a5285495ef9269ee70718c88a53ea6cbcf38071cbd911b7c00,true,,
templates/数学/高斯消元——加法检测错误数据.cpp,高斯消元——加法检测错误数据.cpp,cpp,4364,140,755e112ea61388c5d17bd50f6edfb63c350f24229ac46c2f97f55219fdd6dfb0,true,,
templates/数学/高斯消元——加法模板.cpp,高斯消元——加法模板.cpp,cpp,3029,93,23133fbb166e25d154fc85fc12f2b17c05de5a21650f60012b9f2dc64f0e91b8,true,,
templates/数学/高斯消元——加法运算展示.cpp,高斯消元——加法运算展示.cpp,cpp,6752,190,85b388f857f7eb254ffe0170a163da17d909672e149a0e69cdbe9bedbdeb8a5f,true,,
templates/数学/高斯消元——同余模板.cpp,高斯消元——同余模板.cpp,cpp,4464,136,9007d96cda7f8dc4b18ae0b59ac3ada4894dad0904053ba7062446552868f8cd,true,,
templates/数学/高斯消元——同余模板2.cpp,高斯消元——同余模板2.cpp,cpp,5526,168,9e3ddabc71e6269214a5b647a8162ae2fbe450ee55f8c57bce520f92c8e6577f,true,,
templates/数学/高斯消元——同余运算展示.cpp,高斯消元——同余运算展示.cpp,cpp,6865,182,cf1a3ad6c9c22f6305d2972bbcd1845017fec2a2dd25a185beffff1637f656e0,true,,
templates/数学/高斯消元——异或主元与自由元.cpp,高斯消元——异或主元与自由元.cpp,cpp,4038,129,cddcc3eeb61bc0efdc6f0ae4c9f7aa84c3d8e1ada968ead562966950fd8666b6,true,,
templates/数学/高斯消元——异或模板.cpp,高斯消元——异或模板.cpp,cpp,4192,130,d23b236abeb550f750471f66d7b9dc3a1129cd3967df4a331d538b1a966a7e34,true,,
templates/数学/高斯消元——异或结合位图.cpp,高斯消元——异或结合位图.cpp,cpp,3445,113,57b0c69899370138c0d00cd8d7b5b3d99ddd2838b2c7bd600cf855a6efc567b0,true,,
templates/数学/高斯消元——异或运算展示.cpp,高斯消元——异或运算展示.cpp,cpp,4159,114,270c1a3a459721e0136c8f0b1f5c76ded32dc7c6bbc7fafbfce21e7eaa714e1d,true,,
templates/数学/高精度——模板.cpp,高精度——模板.cpp,cpp,5327,184,524dd5318001a2fd696deb56ce50258bc62556c5ddd65bd56947bac5e06d710b,true,,
templates/数论/FFT——迭代版模板.cpp,FFT——迭代版模板.cpp,cpp,1768,72,a771b930779e9a24667b5a34e688116aa196d4dfc7e7825ab2033258224ec397,true,,
templates/数论/FFT——递归版模板.cpp,FFT——递归版模板.cpp,cpp,1333,57,7231fa7152cd6bab57ca3f1efd9b9d7db91159fd47f230fbef5cd82933075e5e,true,,
templates/数论/NTT——模板.cpp,NTT——模板.cpp,cpp,2004,91,41f81d91832b8dc0eb454b179294f7d863905031739211cfe84b01598b88b246,false,,
templates/数论/杜教筛——模板.cpp,杜教筛——模板.cpp,cpp,1827,89,831b58f86bfbc53946c06052e40886293e9ba5f1b7424c06f0a3e129420446f0,false,,
templates/数论/莫比乌斯函数——模板.cpp,莫比乌斯函数——模板.cpp,cpp,945,39,01656440cdd8abf9ac7a81566013a920a394ae516449289f71bb18f613aab31e,false,,
templates/整体二分/整体二分——二维1.cpp,整体二分——二维1.cpp,cpp,3054,131,e0471f851053e5be92b5bcf87675a1b9f8837cccc14f7855e1331a271c1d0658,true,,
templates/整体二分/整体二分——二维2.cpp,整体二分——二维2.cpp,cpp,3143,129,6b6bffc6fd538821d9af4d2c62d2133574c74f038f13a16ed743da04006da9df,true,,
templates/整体二分/整体二分——带修改.cpp,整体二分——带修改.cpp,cpp,5004,170,751d811c97df226bd5f6617d677cee76926d8f50d1573facc92ffe78f8105bd1,true,,
templates/整体二分/整体二分——扫描线.cpp,整体二分——扫描线.cpp,cpp,8026,281,eef31687c83b05c92547ac11e95faa6c154f7c6bf2bb427f541b3fb70a6b91b5,true,,
templates/整体二分/整体二分——最小瓶颈.cpp,整体二分——最小瓶颈.cpp,cpp,5563,184,49810e5b91ef8d5b3356fcf2d776f2cfc69f8bd1cf0609e0df9c80375db6f3d3,true,,
templates/整体二分/整体二分——树上操作.cpp,整体二分——树上操作.cpp,cpp,7376,259,374ed121a5a1d28f783076a04f9d538316e46410697f1ad3c4b2bd80bbf74b98,true,,
templates/整体二分/整体二分——模板1.cpp,整体二分——模板1.cpp,cpp,3602,135,46740bcae3c0dfc48aa8b16a2f1c8c49fbb237fc3831d4c45a868ddb57cc7a68,true,,
templates/整体二分/整体二分——模板2.cpp,整体二分——模板2.cpp,cpp,3344,130,2314c2ccd8379f6b3e8221ded3b6b867e241d5dc37687dd6a5d212f376ee6207,true,,
templates/整体二分/整体二分——破环为链1.cpp,整体二分——破环为链1.cpp,cpp,4222,150,99269843ede23530b810d3bdc1a47c9949453844c8ce3e12e42e234ba4d93961,true,,
templates/整体二分/整体二分——破环为链2.cpp,整体二分——破环为链2.cpp,cpp,3433,150,6653a68bdf93712b9c23a1715ac812e891383f303ded5773a19f16a2a3551082,true,,
templates/整体二分/整体二分——线性基.cpp,整体二分——线性基.cpp,cpp,3312,130,1c85b50c1d6eda9deeef14eab5fc56c98f624a6fe9a4d205f1917eaef05f2c48,true,,
templates/整体二分/整体二分——线段树.cpp,整体二分——线段树.cpp,cpp,5345,158,968a288a207f33bca869e0f159e7ef1c7ecad1fd72f422c9394c6956a6968574,true,,
templates/树上启发式合并/树上启发式合并——倍增st表.cpp,树上启发式合并——倍增st表.cpp,cpp,4435,169,78c02fe87b3363c31180911d9bceea3c701558d894cb0d3d7acc10f96b32620b,true,,
templates/树上启发式合并/树上启发式合并——出现次数信息.cpp,树上启发式合并——出现次数信息.cpp,cpp,3344,123,c4c42597f315ef1eca18a7005b1a9903123e0836fcca1d8de3d454bd2f50caf5,true,,
templates/树上启发式合并/树上启发式合并——向下k层.cpp,树上启发式合并——向下k层.cpp,cpp,4759,186,216258b7406545b1bcd7afa8c0172a0f9e4d0a9694a4e5ba756743e3e121cb64,true,,
templates/树上启发式合并/树上启发式合并——回文转异或.cpp,树上启发式合并——回文转异或.cpp,cpp,4836,157,c12abaea21e978a1da8985176527e973232f6e085c1fe592cd56b45ef67a64da,true,,
templates/树上启发式合并/树上启发式合并——模板.cpp,树上启发式合并——模板.cpp,cpp,3611,138,4c046a703f50a8529c82ba9c8e970b14a34aba400a643111fceabee863f77561,true,,
templates/树上启发式合并/树上启发式合并——结合主席树.cpp,树上启发式合并——结合主席树.cpp,cpp,5445,211,c362655d32df1634b4cc16889f03e6feea18bb3255406b0914bac2a0be62e151,true,,
templates/树上启发式合并/树上启发式合并——统计最大次数.cpp,树上启发式合并——统计最大次数.cpp,cpp,4338,154,39cb2a8fca5b1049ce17bece03954ef3b05d0f3ce9eefc0658cd6971844de988,true,,
templates/树上问题/prufer序——堆模板.cpp,prufer序——堆模板.cpp,cpp,4021,145,02deebc9d566df880c379d1b8aa94b3ab344c7fd75104582f1c946012a1c29a9,true,,
templates/树上问题/prufer序——线性模板.cpp,prufer序——线性模板.cpp,cpp,2699,108,873881e8ce166713e76c9976bf7a9e369b5367ccf9df5db63b2cd6322ff8efc9,true,,
templates/树上问题/最小树形图——朱刘算法.cpp,最小树形图——朱刘算法.cpp,cpp,4165,139,2ff56932068b6e4fe023509858c5b111a03820065ecc42f117ef3f9e98a98f4e,true,,
templates/树上问题/树上倍增——LCA.cpp,树上倍增——LCA.cpp,cpp,1884,87,c0e259e9a0d25799a29dc5ca68ea6944f08185834ef2dc7beb19a4986789816a,true,,
templates/树上问题/树上倍增——LCA迭代.cpp,树上倍增——LCA迭代.cpp,cpp,2412,110,83ec02d54e11b5bdc0e9ce61d910819a217dccbd743506c8a02d139b576b7545,true,,
templates/树上问题/树上倍增——卡车.cpp,树上倍增——卡车.cpp,cpp,3853,161,5169443818e3cbb96f6a5bc94637281c117390fcb09e1a099f53bfdf384a52a6,true,,
templates/树上问题/树上倍增——回文.cpp,树上倍增——回文.cpp,cpp,3721,148,13d7d7ac9a0636aa318852fccc06ba6a8e9fa9e399a86242d86cc2d1725d925e,true,,
templates/树上问题/树上差分——tarjan求lca.cpp,树上差分——tarjan求lca.cpp,cpp,3545,153,b94411e68aab2697168aaa79c171fce07ed10133c8c9c40c3afccad1c74a885e,true,,
templates/树上问题/树上差分——倍增求lca.cpp,树上差分——倍增求lca.cpp,cpp,3505,154,b60ede496883f96dbfb96257419af12203ada5b5e34a6fb7bacff76af31184ef,true,,
templates/树上问题/树上差分——变形应用.cpp,树上差分——变形应用.cpp,cpp,3079,131,44f0a005ca23cf060515e0e4731fe9981f5324dc4aed0519818a7146d160e755,true,,
templates/树上问题/树上差分——点差分模版.cpp,树上差分——点差分模版.cpp,cpp,3092,124,aa589e62a6e4c49d6f7c3914baa18c2d3a29011414649551bbc06f69b533fddd,true,,
templates/树上问题/树上差分——边差分.cpp,树上差分——边差分.cpp,cpp,2885,123,2a146df27537f9d83652212adf06fa003f945a225badca30f9c3d0bf67544eb1,true,,
templates/树上问题/树上差分——边差分模板.cpp,树上差分——边差分模板.cpp,cpp,4901,184,78ea4aa0dafd08aa0166cc6b84e55ae67337a734bff01ce4be84bff57a1c2d3f,true,,
templates/树上问题/树上换根——换根.cpp,树上换根——换根.cpp,cpp,2128,95,77c6f93a7e1fc28f1304a41bee3a6a9f6253a50dc271d4064bb08993c2060f82,true,,
templates/树上问题/树上换根——换根2.cpp,树上换根——换根2.cpp,cpp,1698,75,03aa937cece5a09f1e6b40cc8ac86849c72422f34f484fa32967b8425f70293c,true,,
templates/树上问题/树上换根——换根3.cpp,树上换根——换根3.cpp,cpp,1871,84,0211b1af3ba9879f534bf9740bb7a267be18d324368b5d471bd140618b8e8371,true,,
templates/树上问题/树上换根——距离为k点权和.cpp,树上换根——距离为k点权和.cpp,cpp,1977,83,5037c0ccd2803e5cf79b0a38d5ca48a49fe7d53d20d0979e6f4f4914942e150d,true,,
templates/树上问题/树上换根——边权.cpp,树上换根——边权.cpp,cpp,2527,107,b8e226b2d275577070a4a6edea95a34cf77c8185c93e18e7b800182b99e2b1c6,true,,
templates/树上问题/树上问题——唯一重心.cpp,树上问题——唯一重心.cpp,cpp,3169,120,9841eb70b493d554ac5543a6aa19768b1f9cec6b5b8d01ec46573c45b13a55b6,true,,
templates/树上问题/树上问题——边权点权求重心.cpp,树上问题——边权点权求重心.cpp,cpp,2509,100,54bdf18dba10f5e93fe18531743810edab3f9ac015f5729e22c4f07c35c19f29,true,,
templates/树上问题/树上问题——重心.cpp,树上问题——重心.cpp,cpp,1647,66,92a37aa3a39e0a38131ede12902444040933152a88e780a60f1823bc0419a1b8,true,,
templates/树上问题/树上问题——重心1.cpp,树上问题——重心1.cpp,cpp,3072,111,304fa6fba7518ddee037324b69dc0fa8090cbf92d0cbe391d7d623fa96c42b7a,true,,
templates/树上问题/树上问题——重心2.cpp,树上问题——重心2.cpp,cpp,1465,64,362affa9c2e47f22ceb9e90ff3e1f6de219a3f2f4b540947f9be80b0cdd6a2f2,true,,
templates/树上问题/树的直径——两次dfs.cpp,树的直径——两次dfs.cpp,cpp,1658,80,e37061abd26cd64e5d8e910cb44404604f6d972927e3c1d304da4b625761745f,true,,
templates/树上问题/树的直径——加边.cpp,树的直径——加边.cpp,cpp,2829,116,366b421fb7a821301d40118bbe0ad821b07f8a65af66507686aaeea66d874eac,true,,
templates/树上问题/树的直径——区间.cpp,树的直径——区间.cpp,cpp,3437,139,468f02ebf2b41eb93a1a2bc21c224b0cb1d0af5e0c84124147f5f3781df32723,true,,
templates/树上问题/树的直径——并查集.cpp,树的直径——并查集.cpp,cpp,2635,101,d64e450bc02cde6a3e0bf20e221133e262c2dc5d1b82986b19b65ed2fb97602f,true,,
templates/树上问题/树的直径——直径公共部分.cpp,树的直径——直径公共部分.cpp,cpp,3348,135,1990b1957d0a671cf57a57b5873aa73e3f417cf10e78338ed087870dc24ef579,true,,
templates/树上问题/生成树——prim算法优化.cpp,生成树——prim算法优化.cpp,cpp,3155,141,99c1c9a3e6e5b54974f3dbbe26a1d9f90b4d97a6e6229b600153d6c8914aa7a7,true,,
templates/树上问题/生成树——最小生成树k算法.cpp,生成树——最小生成树k算法.cpp,cpp,1438,72,4e543f10488524f7520c13722908aa3da3d7d0292c792e540c546a98c3732dd4,true,,
templates/树上问题/生成树——最小生成树p算法.cpp,生成树——最小生成树p算法.cpp,cpp,1761,66,685d5f525234c5e00f0249eea854cba85b41596bdb72cf66d28e68dd19887b17,true,,
templates/树上问题/生成树——水井.cpp,生成树——水井.cpp,cpp,1492,77,ad21a7ac8fcd0b6f66db968462af778bebbeef62983bdc4b989b1cc5b914db97,true,,
templates/树上问题/生成树——瓶颈数.cpp,生成树——瓶颈数.cpp,cpp,1217,66,e8eff7524c2346474ec27d6160b505c2f07bc7cbbc91c395af24689a50ab336a,true,,
templates/树上问题/生成树倍增LCA.cpp,生成树倍增LCA.cpp,cpp,5285,180,ce272f08d2df689502a80edfba9267a9132770ff268b5d5bdffa9b37105798eb,true,,
templates/树套树/树套树——树状数组套线段树.cpp,树套树——树状数组套线段树.cpp,cpp,8074,272,def66d04c3fa8af8ab1e1f31a88171ec1b2a67304e7ba9d97a9eeffe94bf4087,true,,
templates/树套树/树套树——树状数组套线段树2.cpp,树套树——树状数组套线段树2.cpp,cpp,4399,179,107590c722db9c1feb89624d7c43f2d6e0acca4d64f612b561a9bb817343ca2a,true,,
templates/树套树/树套树——树状数组套线段树dfn差分.cpp,树套树——树状数组套线段树dfn差分.cpp,cpp,6199,230,0d22e145710b60829186d75bc63e871ec91d2c18dd6c5183e5bf2cd9457fe076,true,,
templates/树套树/树套树——树状数组套线段树逆序对.cpp,树套树——树状数组套线段树逆序对.cpp,cpp,4441,158,0fb92eda71801af3786bc632298c99712fcb2dc22099bcbcbae6267742e12990,true,,
templates/树套树/树套树——线段树套平衡树.cpp,树套树——线段树套平衡树.cpp,cpp,6821,243,715cde2d6a5ee7aa02a3b9b939b939c383162c898b39cb0e86ce2f49d8bd26bc,true,,
templates/树套树/树套树——线段树套开点线段树.cpp,树套树——线段树套开点线段树.cpp,cpp,5935,175,0fbac07cd9e2a70c3a8728e3f63f99746101c773ae578803568d4e123e5c1ffd,true,,
templates/树套树/树套树——线段树套线段树.cpp,树套树——线段树套线段树.cpp,cpp,4800,138,99813c5dba142439cfec73ff8e7aaadc8c5be03e33c5ee8c04187a755dd54006,true,,
templates/树状数组/树状数组——二维数组.cpp,树状数组——二维数组.cpp,cpp,1555,62,a64f23a532dad2f22ad786612e289be78ececb7777f4d2814f7e8e01c6b50d3a,true,,
templates/树状数组/树状数组——二维数组模版.cpp,树状数组——二维数组模版.cpp,cpp,2374,83,500e184ad6e33f9c8f5ee134ac1bfb5c782721e06797373bc50dba49a367b81a,true,,
templates/树状数组/树状数组——区间种类查询.cpp,树状数组——区间种类查询.cpp,cpp,2499,100,95e00d04148b1b2ccfe25f2993d264281ef1560211dbdf3e7bf13d5de2fc3e6d,true,,
templates/树状数组/树状数组——升序三元组.cpp,树状数组——升序三元组.cpp,cpp,2173,92,7e03208dce5dc29b1dfb3ff535e7083abe23cda13c9b60046e37eb96db6511cd,true,,
templates/树状数组/树状数组——带修改最长不降子序列.cpp,树状数组——带修改最长不降子序列.cpp,cpp,2311,109,ddca42707f69ea095b8380e0f406d3dbf7544c7c05e6fb840a9f42ca6442993a,true,,
templates/树状数组/树状数组——最长递增子序列的个数.cpp,树状数组——最长递增子序列的个数.cpp,cpp,3438,119,dc61bcdb6ce3c7d5f6e0ab308879fb3d99e53ec8bdd47a8dae3a69bd8944585e,true,,
templates/树状数组/树状数组——结合set.cpp,树状数组——结合set.cpp,cpp,3039,120,4b3e3d1f14ab35644641cfb1f7fe8dc2ea2d305e380a6fdd084aa7d4c91d2d7d,true,,
templates/树状数组/树状数组——范围增加单点查询.cpp,树状数组——范围增加单点查询.cpp,cpp,1472,63,0c7d68bd70616d757fe304ddf9db187a177528520e0ec2633284c12638ce0729,true,,
templates/树状数组/树状数组——范围增加范围查询.cpp,树状数组——范围增加范围查询.cpp,cpp,1838,74,3ca110f6d25a737bdc40ae22cf91c3359ed5badf613170c95939e8d1d5edbaad,true,,
templates/树状数组/树状数组——范围查询单点增加.cpp,树状数组——范围查询单点增加.cpp,cpp,1362,64,7c46aaf4cd62b7cb2896b4048c57213276ea3e43f156e5b3a70221f16892e1e2,true,,
templates/树状数组/树状数组——范围问题.cpp,树状数组——范围问题.cpp,cpp,2959,129,f082061abb7475fae61659a02841a130f3be002b7b1cbd0a2eb9b7388fef773b,false,,
templates/树状数组/树状数组——进阶逆序对.cpp,树状数组——进阶逆序对.cpp,cpp,1923,70,8aa1667c302353a381286165e6233578b67cc5300fa9d43a8ccf5ca0a0802c87,true,,
templates/树状数组/树状数组——逆序对数量.cpp,树状数组——逆序对数量.cpp,cpp,2060,95,573f44be2acd5730695e9ffbe9266d29db20e205797790b0b1ec620ff9eb3a4c,true,,
templates/树状数组/树状数组加离散化加逆序对.cpp,树状数组加离散化加逆序对.cpp,cpp,2901,112,e33ab15871b0b5cf75897d1e1e437f0c14461f3f1b0ee8f53ee91d72aedd4a40,false,,
templates/树链剖分/树链剖分——LCA.cpp,树链剖分——LCA.cpp,cpp,2233,94,b612938281a8f613f851cf80704d78bf3b2f60359e38d05748fcb7bb321f2c81,true,,
templates/树链剖分/树链剖分——变换根.cpp,树链剖分——变换根.cpp,cpp,7041,236,d53317861155be8340ed6a413f77e695c34a2d01f770e76f70db273f030aac96,true,,
templates/树链剖分/树链剖分——存在优先级的线段树.cpp,树链剖分——存在优先级的线段树.cpp,cpp,6420,247,bca2ee6342a2f75f9eaaeaef3a403fd54eda79c2f319bf07e7d5695c7ff7e43c,true,,
templates/树链剖分/树链剖分——懒更新.cpp,树链剖分——懒更新.cpp,cpp,4449,167,00134746b08e7d5e063db7aa8e5a90e40e3ef6f06852e5dc068c0f49372bd854,true,,
templates/树链剖分/树链剖分——模板.cpp,树链剖分——模板.cpp,cpp,6070,220,ad0eb8a65ecd2f621be01d7943ef690d7f751b2bbe9f2d92d4e07c2c37fe338d,true,,
templates/树链剖分/树链剖分——路径拼接.cpp,树链剖分——路径拼接.cpp,cpp,6564,246,cdddbfc37edff62ca4534da81b2b0858ce13ed84be6ae151a7fd378d89ca7695,true,,
templates/树链剖分/树链剖分——路径查询.cpp,树链剖分——路径查询.cpp,cpp,4984,200,8c6814cfa00d8185f8e1e832bf3e7cfb84063d042315defb7a0badf193640216,true,,
templates/树链剖分/树链剖分——路径组合.cpp,树链剖分——路径组合.cpp,cpp,8113,270,ac0a56d0203ba8b72afcfa2a9d29aeaf91fe1bfb929fd4ab99f055bf026a848f,true,,
templates/树链剖分/树链剖分——边权化点权.cpp,树链剖分——边权化点权.cpp,cpp,4791,176,76fab24a4ca7efb1c63bb14f52571f6cafb2fa23301ad01c992882cc63c18ebc,true,,
templates/树链剖分/树链剖分——边权模板.cpp,树链剖分——边权模板.cpp,cpp,8192,312,cef52f14c08a74f5d022cc5033f78e0f3e87e5a3f034b2601e1c056261d7027f,true,,
templates/树链剖分/长链剖分——动态规划.cpp,长链剖分——动态规划.cpp,cpp,4499,131,4fd28d205cacb6bf5554def0f4b96c1797a31213c32da3c01e6b64c7428de599,true,,
templates/树链剖分/长链剖分——动态规划优化.cpp,长链剖分——动态规划优化.cpp,cpp,5505,171,961ab64036c01f6693100dadf427558e788b2e2250141ffa770c1b85aa00e6b0,true,,
templates/树链剖分/长链剖分——模板.cpp,长链剖分——模板.cpp,cpp,5819,180,fcf22cb78ead21a6dba0a6f929d737c9b59d72760c3e4a2ca4da2fdc566ade1d,true,,
templates/欧拉回路/temp.cpp,temp.cpp,cpp,2811,126,a92504590c1d3b4a35bf26240935cf73a123ee655e82c67e6e77bc5fe352ee10,true,,
templates/欧拉回路/欧拉路径——无向图.cpp,欧拉路径——无向图.cpp,cpp,2799,122,adcbb6152e233692e8442fafc8c94d0db87cb5d0fe8ffb86c1c037005844aeed,true,,
templates/欧拉回路/欧拉路径——有向图.cpp,欧拉路径——有向图.cpp,cpp,2811,126,a92504590c1d3b4a35bf26240935cf73a123ee655e82c67e6e77bc5fe352ee10,true,,
templates/点分治/点分树——二分.cpp,点分树——二分.cpp,cpp,5615,226,448d2900588742ed3577850a7c2da96532bd32d0f18226056e180ab3c3073af6,true,,
templates/点分治/点分树——前缀和.cpp,点分树——前缀和.cpp,cpp,5539,257,4df890d00f17325e4d7fd91ba902e78a7b7d0d5d32638af7f6bb0d5307b64259,true,,
templates/点分治/点分树——树上开关.cpp,点分树——树上开关.cpp,cpp,7040,284,71521ead115d11e54bf858bac5c91402cd72eaba89abb0c1f64552645306e457,true,,
templates/点分治/点分树——树状数组.cpp,点分树——树状数组.cpp,cpp,4495,199,867c0fcf355ec0aa6e0eae537cf2d133347255b4eebe08e554e476817f191b89,true,,
templates/点分治/点分树——模板.cpp,点分树——模板.cpp,cpp,6349,240,e383c846e7ea12996826129e6e192fbbd990220c3bc5af476205a4eedcff46f4,true,,
templates/点分治/点分树——模板2.cpp,点分树——模板2.cpp,cpp,5269,209,2737b26d329d700de332daa0bf11bc4e2406fbb61076ed3b93641430ff44ff0d,true,,
templates/点分治/点分树——重心移动.cpp,点分树——重心移动.cpp,cpp,5753,204,75ffe383a5c83c3240194683befca823611f34172e412c5245e6a92d9d371adc,true,,
templates/点分治/点分治——01背包.cpp,点分治——01背包.cpp,cpp,5000,177,1c2f24ff7bcda9ae3e37a8c34f72350d82754d2f4ac1604630a6b1ebd229f4c9,true,,
templates/点分治/点分治——bfs.cpp,点分治——bfs.cpp,cpp,5252,172,0eb7d435c81a264eaed81fc37947170834d1588fcba5dbc0b1a307a94ac1b400,true,,
templates/点分治/点分治——二分.cpp,点分治——二分.cpp,cpp,6915,238,f34479c518c2b8a7a718c21d36487b6b4c0344b8ffa233b72e35d0b00dc07f10,true,,
templates/点分治/点分治——单调栈.cpp,点分治——单调栈.cpp,cpp,7032,245,a5dac09ca0c3da1bb8906e9e667a6d1f284fe6db7e3b1eeecc5b35ef3d2deedc,true,,
templates/点分治/点分治——哈希前后缀.cpp,点分治——哈希前后缀.cpp,cpp,4251,170,a59bfe33cc87733c96b06c7c7f3ceffeef488d647d6733d905fc32633e5ab547,true,,
templates/点分治/点分治——树上二分.cpp,点分治——树上二分.cpp,cpp,4273,138,9a099b70b8638444df5181130b779920f0d85b25750b9e5058638e0adac9b76c,true,,
templates/点分治/点分治——线段树.cpp,点分治——线段树.cpp,cpp,6869,240,1f3afcea218f1839f860201aefe409c56ad27192c4267001ddf7939209e95fba,true,,
templates/点分治/静态点分治——容斥树状数组.cpp,静态点分治——容斥树状数组.cpp,cpp,4129,162,e00acc2285fcb8f50d31a2ee8bbdc0905a6bfb33457c523f0afbd356d3433b33,true,,
templates/点分治/静态点分治——容斥模板.cpp,静态点分治——容斥模板.cpp,cpp,3508,127,313befee06912334242e2a60dbf2be3b9a20693af68eff02a2c502d5007583e1,true,,
templates/点分治/静态点分治——树形容斥.cpp,静态点分治——树形容斥.cpp,cpp,4047,166,60a1cbdea803b88588450972848170724795cceed3e4a66deceb18e2e2372df9,true,,
templates/点分治/静态点分治——模板.cpp,静态点分治——模板.cpp,cpp,3874,136,c8449523b3e7f2f1b4496c867c2a25cd6cc58f3e41d59eacf8cf3713251a7138,true,,
templates/点分治/静态点分治——距离为k.cpp,静态点分治——距离为k.cpp,cpp,3722,152,efee208938fdd1201b140aa043165046e1299738fc668597bd0763d748b99335,true,,
templates/点分治/静态点分治——边数最少.cpp,静态点分治——边数最少.cpp,cpp,3521,145,79c57382e14dea425ced52228326fa9974f8228f37a10dd6c385eee5caf6c594,true,,
templates/线段树/可持久化线段树——上中位数.cpp,可持久化线段树——上中位数.cpp,cpp,4948,193,c2bef46cf3e2cf3743832d6e78f1d2830e53c9ff55a9aaf2bf24a919f639eb4c,true,,
templates/线段树/可持久化线段树——单点修改模板.cpp,可持久化线段树——单点修改模板.cpp,cpp,3108,115,0791254074f47e600f045e54d92032068077ad6805ef4cce4f0613a10f1c3051,true,,
templates/线段树/可持久化线段树——最小自然数.cpp,可持久化线段树——最小自然数.cpp,cpp,3055,112,1f0cc684903da4968f1ba2fa3864c755511977fd9f96691ff49761f33502c36b,true,,
templates/线段树/可持久化线段树——查询第k小.cpp,可持久化线段树——查询第k小.cpp,cpp,3701,130,f59d5c44902456f23345d7d3b77976ab4bbaebdd0774c02b8d4a5f7002c3fac1,true,,
templates/线段树/可持久化线段树——标记永久化.cpp,可持久化线段树——标记永久化.cpp,cpp,2950,90,152691401d7728d772f4fb2280e70ba52c21d702852388b2a87d9dced1aa0126,true,,
templates/线段树/可持久化线段树——树上dfn.cpp,可持久化线段树——树上dfn.cpp,cpp,4021,144,5698401ae93d4691f2cf7391d72ed9807a1dece727da3d635d27d14c6a0a46c8,true,,
templates/线段树/可持久化线段树——树上问题.cpp,可持久化线段树——树上问题.cpp,cpp,4895,197,1f8d77c90858992311783b985a5ecd678a6fa88ec9750a55ceeb08c73c706a1f,true,,
templates/线段树/可持久化线段树——第一次出现.cpp,可持久化线段树——第一次出现.cpp,cpp,4304,153,3dd02b0bd886a4c8d915f9c551fb9b984baf386b581e0b71494a2d89502314b8,true,,
templates/线段树/可持久化线段树——范围修改加标记永久化.cpp,可持久化线段树——范围修改加标记永久化.cpp,cpp,3169,105,4f9d8b566a6f1463e7210e49f2d12b630b2885503fd8f079e2282a1dea4c1dd2,true,,
templates/线段树/可持久化线段树——范围修改模板.cpp,可持久化线段树——范围修改模板.cpp,cpp,3643,135,5382f0128eaa2a6851f3cd507db82ffc91a8a3b1800d838cde0d3e707b3445af,true,,
templates/线段树/线段树——乘加操作标准模板.cpp,线段树——乘加操作标准模板.cpp,cpp,3082,143,f8532ff9c5f35d5d0035a999b388d37a433a786f29c9a7debf8b3e7b230a107d,false,,
templates/线段树/线段树——二维.cpp,线段树——二维.cpp,cpp,2104,103,1aa1ee77a429e41f9218901a312194ac853c32a680abf980b6c5711fa2eb9cb9,true,,
templates/线段树/线段树——交替子串.cpp,线段树——交替子串.cpp,cpp,1298,67,9d1df8e88bb0fd4bddb7476cdb82567a07b64d572d6630eb7233a4a968c8ece1,true,,
templates/线段树/线段树——俄罗斯方块.cpp,线段树——俄罗斯方块.cpp,cpp,3035,136,6adc0c9bf7322d74a6a3f51fdaac42661324f126f06f20035978f86c460ef8eb,true,,
templates/线段树/线段树——加和更新操作.cpp,线段树——加和更新操作.cpp,cpp,3893,163,1a12b42c9823317a0339b59ce9f708552f469d3aea6d981489cb4731f2eaa77e,true,,
templates/线段树/线段树——加操作求和.cpp,线段树——加操作求和.cpp,cpp,2571,108,260608e94aadc6907d8bb23fff0d5e8ae3ada8630f1565ffaa60787aebe41ccc,true,,
templates/线段树/线段树——加操作求最大值.cpp,线段树——加操作求最大值.cpp,cpp,2510,106,6f071285b07ad83db5abe7c1c45a2158423ee4359cde27a098fc00cc35d8d515,true,,
templates/线段树/线段树——势能分析.cpp,线段树——势能分析.cpp,cpp,2164,92,cd7cf5c6dce886d840ac5f512f66f58d777ffc13c0cae39c683c570cb22fb8ee,true,,
templates/线段树/线段树——势能分析2.cpp,线段树——势能分析2.cpp,cpp,2569,125,1c02dbcf15f4955e8bec300dd9e476e58b5d5247ca0328e7430c38b07c8e4257,false,,
templates/线段树/线段树——区间合并.cpp,线段树——区间合并.cpp,cpp,5884,203,53d12e7d7ebcf76577f3d0aacc6d544ef281e27020bdbd17be1f654bb52e5b3a,true,,
templates/线段树/线段树——区间组合查询.cpp,线段树——区间组合查询.cpp,cpp,2528,89,1a736d8752a20651f504f99f8d7948d904198814e3385f5be59673dae7e755b3,true,,
templates/线段树/线段树——单点修改.cpp,线段树——单点修改.cpp,cpp,1758,71,0b4a78723f5d3ffd8c6dd9ef146d630c5d2287268bc7dddfbe95da3baf3ffce0,true,,
templates/线段树/线段树——吉如一线段树.cpp,线段树——吉如一线段树.cpp,cpp,3418,141,5b299250dd71f0e25e7846f361be1dda1992e044f555170f0c5e2e14ee9b6888,true,,
templates/线段树/线段树——子段极差和.cpp,线段树——子段极差和.cpp,cpp,1784,87,14076fc754b9e7440dd113286e8dbca249950805a618a65fe5a6c8bc6144c84f,false,,
templates/线段树/线段树——平方和.cpp,线段树——平方和.cpp,cpp,2475,109,4c1918fec537a274601443ee0539308e32847821c5a8f839b43cbe2446be7a21,false,,
templates/线段树/线段树——开点线段树.cpp,线段树——开点线段树.cpp,cpp,2449,99,9cdd9cc0779dc29e1e4369d2b57e9a5b9530e6e0a14c01a1fcc52e9b390fa01b,true,,
templates/线段树/线段树——异或和修改操作.cpp,线段树——异或和修改操作.cpp,cpp,4963,197,00c2121c7b207fcfc49caddc4909842d6524a8d69f5443bb0743f618bbd29fbd,true,,
templates/线段树/线段树——扫描线——矩形周长并.cpp,线段树——扫描线——矩形周长并.cpp,cpp,4219,148,7bdc8f0d08788f9017e8c33d3be4c9b34a5b3cc31f720b20770ff45776e41d9d,true,,
templates/线段树/线段树——扫描线——矩形面积并.cpp,线段树——扫描线——矩形面积并.cpp,cpp,4495,142,58a8c180927d9d3c3f3ff28569d50f7656032738a812e5d8d177f3432f47785f,true,,
templates/线段树/线段树——括号问题.cpp,线段树——括号问题.cpp,cpp,3979,154,58dbf9a1c0fb7c08333c73b94ae13f0cf270dad5083657ab6f7dbc6810067d69,false,,
templates/线段树/线段树——括号问题2.cpp,线段树——括号问题2.cpp,cpp,5145,197,3166cd78ee0247ffcedbde74eee1dc43532b411d1f1bb778e3be46f5de723b8d,false,,
templates/线段树/线段树——旅馆问题.cpp,线段树——旅馆问题.cpp,cpp,3157,119,6299a10aaace3b392e30480ae583bf5887a9fcfd776ecdec72ca8a55aef18d4e,true,,
templates/线段树/线段树——更新操作求和.cpp,线段树——更新操作求和.cpp,cpp,2751,109,5c18c9e813bb8f2b5b1a0c7bcb94086df3c25f7c17294d12d990d565f93f7b28,true,,
templates/线段树/线段树——更新操作求最大值.cpp,线段树——更新操作求最大值.cpp,cpp,2561,108,88ea7ac1494b4a2b8040b7b90e9f585e4e860b201e8bdce9f61a9dab113f014c,true,,
templates/线段树/线段树——最大与次大.cpp,线段树——最大与次大.cpp,cpp,4020,157,f31ae49ed8ce3b63f66bbab3eec99221cd83c2de6d768a21f798a8677cf611ed,true,,
templates/线段树/线段树——最大与次大2.cpp,线段树——最大与次大2.cpp,cpp,4689,181,236e2ab1e821f0001ca023343854b1c4808452d05b96db83af0436a705b0f414,true,,
templates/线段树/线段树——等差数列.cpp,线段树——等差数列.cpp,cpp,2419,107,7cd168ef4785a8a516e66901a996f9aaf8096b05d293e2d06be65b1e02a854da,true,,
templates/线段树/线段树——结合拓扑排序.cpp,线段树——结合拓扑排序.cpp,cpp,4145,164,91a995d75bfaef6df5efbd3fd1cee648521d43ca7485dfefe1a1a43e10e0f9ee,true,,
templates/线段树/线段树——花瓶里的花.cpp,线段树——花瓶里的花.cpp,cpp,4294,161,0cfacdfe496f7a3bad49699ecc092ce7cd6ebfafdbcd3c856275af783b17e9aa,true,,
templates/线段树分治/线段树分治——二分图.cpp,线段树分治——二分图.cpp,cpp,3876,140,6fd9a320019d1775a177b0c59f99700a1a4dce4d19250821ea153849964449ab,true,,
templates/线段树分治/线段树分治——位图线性基.cpp,线段树分治——位图线性基.cpp,cpp,6068,217,2e0d66048133041e865016d3922239ac895f54a71ad2aad216d4a8b99e0d01c9,true,,
templates/线段树分治/线段树分治——位置轴背包.cpp,线段树分治——位置轴背包.cpp,cpp,2826,94,819cbbefa8db80f89df3d096a6e49e5c60e6bd06b0cf5748a1b7aaabbea5cc06,true,,
templates/线段树分治/线段树分治——反面教材.cpp,线段树分治——反面教材.cpp,cpp,3847,100,644175baa4cf06411921abfa31f0760691d4295f8aeaace0e429e8b9a0f47cf1,true,,
templates/线段树分治/线段树分治——可持久化前缀树.cpp,线段树分治——可持久化前缀树.cpp,cpp,6939,243,9c66f69404d0089d944950b31aad3577f45030a4dbc7fde113c578798bbb7635,true,,
templates/线段树分治/线段树分治——并查集线性基.cpp,线段树分治——并查集线性基.cpp,cpp,7571,259,3cc5d259d6c0b14195a26937b043f89f7dc32c2d228b1a711010cc763b0b400f,true,,
templates/线段树分治/线段树分治——操作排序.cpp,线段树分治——操作排序.cpp,cpp,4207,169,e7fcefaa3602b2d557c629a40d510152d3d1bb4dbac92cc823fb371e33c1acc0,true,,
templates/线段树分治/线段树分治——模板.cpp,线段树分治——模板.cpp,cpp,4946,179,11801da8ea9dcaef9e589397452d3fb39167eabebc1f365ee305406e77bdc53d,true,,
templates/线段树分治/线段树分治——答案贡献.cpp,线段树分治——答案贡献.cpp,cpp,3926,145,fb6672053dd0d9c9b2ccb950c48eb6ced8e96549bbff98a948844f1cbd434b9a,true,,
templates/线段树分治/线段树分治——答案轴.cpp,线段树分治——答案轴.cpp,cpp,3748,139,98933bd7e81fd16f6b2280bb70aa1bc7ef574d6419980d26b1a6ad76a15e5bfd,true,,
templates/线段树分治/线段树分治——结合01背包.cpp,线段树分治——结合01背包.cpp,cpp,5146,163,1e3d1ce49c7e8d72d69c000f75d69d0045f5e59ca03a5229459647b06c82cefa,true,,
templates/线段树分治/线段树分治——继承操作.cpp,线段树分治——继承操作.cpp,cpp,5460,185,7bd98d5f8b671a7ed291ab2092be6cfc0bed2eb5e775402d48560fc86b87bb25,true,,
templates/线段树分治/线段树分治——背包递推.cpp,线段树分治——背包递推.cpp,cpp,5211,167,56cd4ca7bd73e452152f42e191cdb5b314015e11d7ad5ad2f90d2d1251ce03c4,true,,
templates/线段树分治/线段树分治——连通图.cpp,线段树分治——连通图.cpp,cpp,5012,196,a00b939f58a07826c472c42085a0c2396e7d25e956a368ec5a7ab5bb00cc99be,true,,
templates/线段树合并与分裂/线段树分裂——合并与分裂.cpp,线段树分裂——合并与分裂.cpp,cpp,3268,157,1a3b93c18a0b9377b33555077c7ff143d692d07ed299554fa5cb6e56efebf365,true,,
templates/线段树合并与分裂/线段树分裂——模板.cpp,线段树分裂——模板.cpp,cpp,4387,191,94534b3cd09c8bb1f62a14dc849bd57187175d759af92cc486ba7a0a075da0aa,true,,
templates/线段树合并与分裂/线段树合并——dp前后缀.cpp,线段树合并——dp前后缀.cpp,cpp,4900,208,2b376b2e7fd287658eae31119569b013ead46de4b1c45d16322918d59f3e4644,true,,
templates/线段树合并与分裂/线段树合并——动态规划.cpp,线段树合并——动态规划.cpp,cpp,4950,193,db432c9b255bffb4d66efd73f2b8e13eb71c2fee7bfa5adfa0ca6d15a889f3b8,true,,
templates/线段树合并与分裂/线段树合并——差分分析.cpp,线段树合并——差分分析.cpp,cpp,4434,171,c333dea5cfe716c2e0e959a7d1a0eead863a5a754868a2fd51a0a8af0e179bfa,true,,
templates/线段树合并与分裂/线段树合并——并查集.cpp,线段树合并——并查集.cpp,cpp,2956,122,5a7a32c385a725eedc359e0a1552b98a7bcd7053f19e0ea7ce9f1febbedf0899,true,,
templates/线段树合并与分裂/线段树合并——树上差分.cpp,线段树合并——树上差分.cpp,cpp,4112,167,558bd3970ee9f7ab858d0a0931b0a2aa5d4ce691af7b978067b183105b44fa11,true,,
templates/线段树合并与分裂/线段树合并——模板.cpp,线段树合并——模板.cpp,cpp,4558,171,509399ad1052dbd7c11d50608da0acc1561c6c356a2643969674b01ec121c1f1,true,,
templates/线段树合并与分裂/线段树合并——逆序对.cpp,线段树合并——逆序对.cpp,cpp,2934,93,e4f27c9ad1cf852e52b496db699ce212f1fddc04822ab76788b7683026e664c1,true,,
templates/网络流/上下界网络流——无源汇可行流.cpp,上下界网络流——无源汇可行流.cpp,cpp,3599,168,7099275f3aa2a3f88a8127896fe28fa93d1274a1ecfe2d4d6c7f7275451357b8,true,,
templates/网络流/上下界网络流——有源汇最大流.cpp,上下界网络流——有源汇最大流.cpp,cpp,4202,178,4f32baafdbb1eee0fcef77a5799390b4d7c9eb0af6c9b4d9b2e580522ca22f45,true,,
templates/网络流/最大流——Dinic.cpp,最大流——Dinic.cpp,cpp,3623,123,df10b1f7be3a806858586524f0ceb062820552a85a6a1aa4b7a494a2c60460d8,false,,
templates/网络流/最大流——Edmonds–Karp.cpp,最大流——Edmonds–Karp.cpp,cpp,2011,89,7142561c1c0d39612b24ec2f21219adfc4fe2fe60c32c3e360767b2c24ff95db,false,,
templates/网络流/最小割——割边最少.cpp,最小割——割边最少.cpp,cpp,2925,114,205a1bfd3b36380d0ec926aa9e144ccdf1d02ba73a6711380fc82cd0b8dd6bec,false,,
templates/网络流/最小割——拆点最大流.cpp,最小割——拆点最大流.cpp,cpp,3094,125,719fc47134ab67759dfa7b95170ab555bef47f746e911ea6378f867d10cd9a20,false,,
templates/网络流/最小费用最大流——dijkstra.cpp,最小费用最大流——dijkstra.cpp,cpp,5052,198,7929e1f3cd019719076d47f161d325e52e05d4f73cc99758914379bd3807a936,false,,
templates/网络流/最小费用最大流——spfa.cpp,最小费用最大流——spfa.cpp,cpp,4291,157,715c9f7f231aea073da82fb2019a20855bb564b38bf39e8059545ddf6c0f612c,true,,
templates/网络流/最小费用最大流——拆点.cpp,最小费用最大流——拆点.cpp,cpp,6891,254,4148162b8336e5811535664811d747f9e142f7f08ad33ae26dfb875c8e189744,false,,
templates/虚树/虚树——dijkstra.cpp,虚树——dijkstra.cpp,cpp,5845,210,58882ef15618a469f08b66f8629f2a9147083efbedd21afa22e8bb3af09d8e54,true,,
templates/虚树/虚树——倍增.cpp,虚树——倍增.cpp,cpp,6235,223,50b717130852536aaf077c140eb071ec6a03e1529e5ac35efb0329dcbd5b22c5,true,,
templates/虚树/虚树——最小联通树.cpp,虚树——最小联通树.cpp,cpp,4444,142,2f38e6b1009ee84c74f1f525144344632c99aebd384cedb70442585e5a7a0f7d,true,,
templates/虚树/虚树——树形dp.cpp,虚树——树形dp.cpp,cpp,5616,217,3eee9df40a51e13347066a89da7181cf8dbb6556e67961482163626993e56a03,true,,
templates/虚树/虚树——模板.cpp,虚树——模板.cpp,cpp,6862,242,2d8e16efa75bfd25a1aefdd26df665c9ad6c4ef3e709935cc16588dc0a49a73b,true,,
templates/虚树/虚树——进阶树形dp.cpp,虚树——进阶树形dp.cpp,cpp,6745,243,3bdf123d6b26e931955da7b012a6d35fe680777d517850dc3ceac95d56a02c6b,true,,
templates/贪心算法/反悔贪心——模板.cpp,反悔贪心——模板.cpp,cpp,3490,80,aee486046a955141867c6f739aef4f4e44e0cbac0eaa94193491ce880525d3e2,false,,
templates/贪心算法/贪心算法——一天会议.c,贪心算法——一天会议.c,c,2234,101,1d696e71087f00554549fb5b705390958024d090b38cc660b7452067ae1c8c21,true,,
templates/贪心算法/贪心算法——两地调度.c,贪心算法——两地调度.c,c,729,40,e8eb1537941cbbab7fb504fb44744286728e94114da983ba23cdd3f78159a1b5,true,,
templates/贪心算法/贪心算法——修课程.c,贪心算法——修课程.c,c,54,6,5bc06619573dac69759d55fff4015f236ce52aecc11064650052377f7fe19f62,true,,
templates/贪心算法/贪心算法——吃橘子.c,贪心算法——吃橘子.c,c,720,35,e6720efc19ca2f1aabd910258171f5eaf71742bb5c9efc33e966fa520333a71d,true,,
templates/贪心算法/贪心算法——哈夫曼编码.c,贪心算法——哈夫曼编码.c,c,1842,86,1da695fcc882c5673ac084795ecf8a1a3fc3eae1824624e7905f6ce2a9d94e31,true,,
templates/贪心算法/贪心算法——哈夫曼编码2.c,贪心算法——哈夫曼编码2.c,c,704,36,1439b561b52b6fea903a7a628def3031b632a46397bc20d264587bcd36678722,true,,
templates/贪心算法/贪心算法——回文数字.c,贪心算法——回文数字.c,c,1157,55,add4a7a310ef0c5c5c16c2326f3a3714859e8291d97922bcc3c473544cf44fbf,true,,
templates/贪心算法/贪心算法——子数组升序.c,贪心算法——子数组升序.c,c,687,43,6f07eb01ae8703e64450583a5f972b6d5c00bf70cf2b23669eacd929aa1ffa21,true,,
templates/贪心算法/贪心算法——字符转换.c,贪心算法——字符转换.c,c,1130,51,3fedde038217242eb867004c5e3fc8e31be414bf25d506cfb7d253a9c90d2aac,true,,
templates/贪心算法/贪心算法——最大平均分.c,贪心算法——最大平均分.c,c,2147,75,885614a255db3d2267e2cdeed5034972eeead07e93cd3bbf833cf1c89c67f57e,true,,
templates/贪心算法/贪心算法——水龙头.c,贪心算法——水龙头.c,c,1527,64,501a3e92d13adf1ba7da92f07dade393bd7760754f531c67cece0c8a5e7cb0b5,true,,
templates/贪心算法/贪心算法——砍树.c,贪心算法——砍树.c,c,1792,68,f78d1a3ceec72ab3bbde6cd16c22455a712a0ec3ce1e6617fac83d0a32efd583,true,,
templates/贪心算法/贪心算法——组团买票.c,贪心算法——组团买票.c,c,3278,130,409faa21ec2bc4c195f426bf5535ed53a40aa4278ec7fed832847798242e21dc,true,,
templates/贪心算法/贪心算法——组队.c,贪心算法——组队.c,c,924,51,005871bcaa6f17e516c5930494028d40e1c54ae01d0d4e409ffa8a82596fc5dc,true,,
templates/贪心算法/贪心算法——缩小偏移量.c,贪心算法——缩小偏移量.c,c,1420,54,b6a27ded9584ab6c3bda852a648e1a5820d41fcbd7e58db0214fe191119f505d,true,,
templates/贪心算法/贪心算法——跳跃游戏.c,贪心算法——跳跃游戏.c,c,921,45,a3177f214fee54455710c9c70dcf7a056ebb6c76c0dc50065d66fd5944916c2f,true,,
templates/贪心算法/贪心算法——过河.c,贪心算法——过河.c,c,813,45,aeb9dc2e6caeb9cdb2a2096b16c07c1ecf5a907718c2b175c6928112dbd39626,true,,
templates/边分治/边分治——容斥.cpp,边分治——容斥.cpp,cpp,7005,257,ff5f0e7e87940689ea35468ebb3abd97e2cecefafdcc98a62c1a4fe8a6bf13ba,true,,
templates/边分治/边分治——模板.cpp,边分治——模板.cpp,cpp,5596,213,35803544d89363ea7bd9cdf68e892b15caed6b25fbc9807b68f19c9ef1e0830a,true,,
洛谷/.gitattributes,.gitattributes,,66,2,1a1dbe176bc233b499d35a57db7513f2941c99ab9759f177830c9149be99005b,,,
洛谷/code/1245D.cpp,1245D.cpp,cpp,1604,75,a171f7e303a34d9dc563dbdabe705d4f056d69dcd0b9e9f2aa3a4e930eeb99b7,false,,
洛谷/code/480640.cpp,480640.cpp,cpp,2,1,7eb70257593da06f682a3ddda54a9d260d4fc514f645237f5ca74b08f8da61a6,false,,
洛谷/code/480764.cpp,480764.cpp,cpp,1726,83,47414d1596b2dcd7e64725a300a310d58f4d9e021b55b6b9d0e41d760e61c0e1,true,,
洛谷/code/abc302.cpp,abc302.cpp,cpp,2800,149,f1e8231e6ae8b462ccc5d10d685569b10bd24ce1aac1dd8696e261e698bb91e2,true,,
洛谷/code/abc302h_2.cpp,abc302h_2.cpp,cpp,2027,127,b61058d5dec65b7167460802598cc38bd4122f0acf8520db7f140980acc84d6e,true,,
洛谷/code/AGC010F.cpp,AGC010F.cpp,cpp,911,54,6a916342b2c58dfc3d4c202e390631fc565fd3b7828815cc0b50268c14c4b2e7,true,,
洛谷/code/AT069D.cpp,AT069D.cpp,cpp,4576,206,62b26b2c7647dead44c22b9d694cda522eb583e817f99b0b1c124bd0acbce7e9,true,,
洛谷/code/at145c.cpp,at145c.cpp,cpp,388,24,c655d098a81dc8da96e6bca350f94c487fa6c904e7ebc7568ac37ba1294c2097,true,,
洛谷/code/at2014c.cpp,at2014c.cpp,cpp,3022,155,81663e1c7e97b77e1de31ed31b928bd5749407fda4a20d3227e00ec6f565f233,true,,
洛谷/code/at205E.cpp,at205E.cpp,cpp,830,41,1a75b00d2ba69dca35aa4ef5f8b695c6dc7245369deb6706b58dfea7c4ab7b37,true,,
洛谷/code/ATabc308.cpp,ATabc308.cpp,cpp,1875,93,a91291dc25d2a855ad8cad476c92f21b199223eaa4663626082031fe86ea3437,true,,
洛谷/code/B1649.cpp,B1649.cpp,cpp,1235,56,1c64a7264710932699163c08625b7d9af6292d749e27c2f077b529e4524b4ffa,true,,
洛谷/code/B3367(2).cpp,B3367(2).cpp,cpp,432,19,9523a5f51a5788105ba81b95c63fe3d2c3f2dc34663df206ca033680acc6a44a,true,,
洛谷/code/B3367.cpp,B3367.cpp,cpp,686,29,cd0ebd512d41f7cd3420b76f38d2127d476dbac40d659fa1e6af6c2b4fc68a04,true,,
洛谷/code/B3609_3.cpp,B3609_3.cpp,cpp,1726,96,f104b5ec7505db5e65a2c4142c5791b9e28bb2030917bfab82b6579baae5ad05,true,,
洛谷/code/B3611.cpp,B3611.cpp,cpp,819,38,5cdf763cf2c51ea6666bd44cbc65b8c97626bde4d0df51fe81b7afb347b95ef5,true,,
洛谷/code/B3624.cpp,B3624.cpp,cpp,496,30,c7f3e4d708326cceaa9f85cd8584e3244853405a391cca043a82ed3eb647c81d,true,,
洛谷/code/B3626.cpp,B3626.cpp,cpp,679,37,96992925151f50467d6d9de37bdf49918710b971ddd0dae3d218796ab72c6787,true,,
洛谷/code/B3629.c,B3629.c,c,432,29,9d9ac456839f8c6240bead2b5650481da2778d1de9424ce3f4ab4d7219b70aae,true,,
洛谷/code/B3637.c,B3637.c,c,332,19,6f254566b8fd80dddb7b6b1907e570c997bd4d093ac75d0b719e1ea912750f6a,true,,
洛谷/code/B3644.cpp,B3644.cpp,cpp,908,45,875c607266c89e5e4d9d64f6c6fd88ad3ab33e011f88015c65afb4b144216a29,true,,
洛谷/code/B3647.cpp,B3647.cpp,cpp,1459,58,3b7c98881bc2c8a09964120ec347d654a898dc301d4910a5295433d6958ea7e9,true,,
洛谷/code/B3666(2).cpp,B3666(2).cpp,cpp,457,21,168378ac10cc36882d101b7b8ea783420e3c810aca08faf840227f2ba518b27e,true,,
洛谷/code/B3666.cpp,B3666.cpp,cpp,639,33,43749edd518509e336ab17f8c84239cb263446f1e9f7602cdbab173ad9a6abb0,true,,
洛谷/code/B3737.c,B3737.c,c,646,31,ecce63ec6a65a9e8d829e50ec73a818f44ced0ae036761e42555b6364437c02a,true,,
洛谷/code/B3828.c,B3828.c,c,879,43,fb4b6312499acafca097cbf3f2f496261b8799be7dcac1191e29840468124bac,true,,
洛谷/code/B3874.c,B3874.c,c,786,40,5cccf87ea61bbf97bf28dc3e58099a4b081bf2f883bb86042699dbf3887cd231,true,,
洛谷/code/B3874.cpp,B3874.cpp,cpp,1072,59,74729631d828e736510741aa8552b659fe9eeb9145d4b49c829dec546596bd57,false,,
洛谷/code/B3883(2).c,B3883(2).c,c,1333,57,9e9d28e2ee68941d960d6739741fb32074fa00a9871392e9b84ee0c4ae76a2aa,true,,
洛谷/code/B3883.cpp,B3883.cpp,cpp,1463,77,90e9d7ff247368dce4f79d0e1c9b3241032352a96e5cce1f211cbb90778d61cd,true,,
洛谷/code/B3903.cpp,B3903.cpp,cpp,1956,105,a9c607e1f6579d68cf2b6ee0eed529b8d960f8c3bfea43810646d7668eaa7247,false,,
洛谷/code/B3929(2).c,B3929(2).c,c,2,1,7eb70257593da06f682a3ddda54a9d260d4fc514f645237f5ca74b08f8da61a6,false,,
洛谷/code/B3929.c,B3929.c,c,671,32,afa24c04a899372f160a9300badfe854ce5c8ea507f441a5d3fc82bdcf557314,true,,
洛谷/code/B3930.c,B3930.c,c,882,45,20af7e000adbd4acb61b963794741ef2cc4646f09f75ea35836081f29acc4663,true,,
洛谷/code/B3959.c,B3959.c,c,497,26,9e5c05f4cac80a0c33e5aa90bf586062d311d80a9bf3a622797f58cec9030073,true,,
洛谷/code/B3999.c,B3999.c,c,1388,71,738a2e5d428169f4be4950a1eba2bdd09c31e6b0f83d16c6de3083d769023e11,true,,
洛谷/code/B4016.cpp,B4016.cpp,cpp,1213,69,22bfa8d6f96ace6f4f656c0de21a641b4f1e55a8991050e4ce0e839e3fbea9aa,true,,
洛谷/code/B4156.cpp,B4156.cpp,cpp,936,52,0a252b1ba2e18890a285dab94117bc53db7e3fededf21fedcc990c7e2a8df694,true,,
洛谷/code/CCPCd.cpp,CCPCd.cpp,cpp,2798,124,80ced3fe3621d9d1e9b7343e70634ce3d02a61f58f14053e19bf4dd33f18fa43,false,,
洛谷/code/cf1000f.cpp,cf1000f.cpp,cpp,1596,82,87fcbe279cbd0e206620f431b4da0e96390d70e4c70e1d63ff02edbc7db61667,true,,
洛谷/code/CF103107A.cpp,CF103107A.cpp,cpp,2702,130,290829727294069fd32b82024fb07949eb2c3189d94034f95495c234322d6dc0,true,,
洛谷/code/CF1039D.cpp,CF1039D.cpp,cpp,2255,128,53b15fc52fe8150a6ec39accaf0134b7aada76f9e26f22269355e7543c635ae8,true,,CF1039D
洛谷/code/CF1045G.cpp,CF1045G.cpp,cpp,3834,163,ec1991cde077ab4073fed0a4fce7854f43e81e68b615ac6f624008a059a0c363,true,,CF1045G
洛谷/code/CF1153D.cpp,CF1153D.cpp,cpp,1341,81,764e0138a3354dce1a387c9fd4b2c0e17cc5d01db0e3cb7d3c02b531818452a7,true,,CF1153D
洛谷/code/CF1175F.cpp,CF1175F.cpp,cpp,1484,64,fe6f35877467ac0edad0cd49bf4628422c2aa846e84963bfdb3940ea93af2731,false,,CF1175F
洛谷/code/CF11D.cpp,CF11D.cpp,cpp,1174,57,9dbba0da232986d7a59d242246a855da65e5631c6a7d8885a07ce12df9d46e70,true,,CF11D
洛谷/code/CF1204E.cpp,CF1204E.cpp,cpp,1231,62,ee7d96668251846b4ae7f0d82b0b63aed17854c892144a38c8efaa89140bb07b,true,,CF1204E
洛谷/code/CF1215F.cpp,CF1215F.cpp,cpp,3495,159,3ec61f101f7a504753d17835c7da86be9820fe9f9b8cbf6dc114b6381bb3a582,true,,CF1215F
洛谷/code/CF1253F.cpp,CF1253F.cpp,cpp,3527,180,6466397c512e44ac2ebe5055260956c0fef80c036ad1911522c6bb014ec021c5,true,,CF1253F
洛谷/code/CF1295F.cpp,CF1295F.cpp,cpp,2104,107,f8ae59a3735e37a203d75ce0261e136291f65f233365b70dcfc6a635e932cb13,false,,CF1295F
洛谷/code/CF1320E.cpp,CF1320E.cpp,cpp,4340,217,debac33d32f907b8eeee880263dda08ae284cdda8e305729b0e59b8a0eb01835,true,,CF1320E
洛谷/code/CF1408G.cpp,CF1408G.cpp,cpp,2355,119,37b8de9e98e2668c79a4bb6a5d352c80743ca52626ab7e27fcca1757a4398336,true,,CF1408G
洛谷/code/CF1454E.cpp,CF1454E.cpp,cpp,1609,94,b34bc1f03b5230bc0b3e7222b443a42e4f222329e743cab13d043538a64799b7,true,,CF1454E
洛谷/code/CF150E.cpp,CF150E.cpp,cpp,4574,224,9086008eaca8a5b90e2c8328e3fdd48be1e6cc6df45f48f0cb872ad826f3496b,true,,CF150E
洛谷/code/CF1578L.cpp,CF1578L.cpp,cpp,2018,109,5bcfdd48ea22fc4106567a016c2ad239e300073baf3998ff62fe8bca4ea6f674,false,,CF1578L
洛谷/code/CF1585G.cpp,CF1585G.cpp,cpp,3505,178,7467276ef569fe54b6a58fc7c14703f2f76bd5007d6476825104e7b126820a82,true,,CF1585G
洛谷/code/CF1628E.cpp,CF1628E.cpp,cpp,4344,225,12489aef8f87f0d95994ded6518ea822cfaa8180efc6b2e5cb005047bd9d0468,true,,CF1628E
洛谷/code/CF1697F.cpp,CF1697F.cpp,cpp,5081,190,04e853a0d22bb5380d22bca7ba9d1d86c7cbfb2703286db980ef8623d1829462,true,,CF1697F
洛谷/code/CF1706E.cpp,CF1706E.cpp,cpp,4698,196,74a7b080f81c32f3d4bf70bf1eed9502af805f6996f480799fa7c620ee980b05,true,,CF1706E
洛谷/code/CF1731E.cpp,CF1731E.cpp,cpp,1924,80,74f301d213605ec723809aded7eaa95dad7bbf5dad499fc4587dab329b268d42,true,,CF1731E
洛谷/code/CF1746E.cpp,CF1746E.cpp,cpp,2941,147,1ba864ce50138906ec4eb71092226492fcdba7b21c86d915364cfc4580e3b1e0,false,,CF1746E
洛谷/code/CF1771F.cpp,CF1771F.cpp,cpp,2625,139,911658d5c0b962fd299759517dd2ba936cf1f5506634fde98b68b68d27aeac33,true,,CF1771F
洛谷/code/CF1794E.cpp,CF1794E.cpp,cpp,2444,127,53301576cb49e08c5ebc5674fe60f68f393b71f2d03925efb1388fa4e57a0444,false,,CF1794E
洛谷/code/CF1839D.cpp,CF1839D.cpp,cpp,1715,86,6799ef688dd563b453a45226b838e417e2bcc0cac5ef67f36c05dc7e9cdb161d,true,,CF1839D
洛谷/code/CF1921F.cpp,CF1921F.cpp,cpp,1368,70,5788b1d77444618fb3dd8fb51b482f77649f61e6513f09b0d5774da13da60c71,true,,CF1921F
洛谷/code/CF198E.cpp,CF198E.cpp,cpp,2502,115,6556a066dc4bd04d04cb2d37b0b2955c160d1cfb1f93533dfa796e57f6e97808,false,,CF198E
洛谷/code/CF1998E1.cpp,CF1998E1.cpp,cpp,2293,112,3432f742a425baf8fb2d5bd72bfd179144961228e1ba672e66e7d82b51758074,true,,
洛谷/code/CF1998E2.cpp,CF1998E2.cpp,cpp,2293,112,5dd21bbbfaa0ba16f69d69e49644d4507d7d5fb91a8608ae2e316438263f63e1,true,,
洛谷/code/CF2048F.cpp,CF2048F.cpp,cpp,2623,116,12755371cebbdd75a3050ced134357d4d23de0dc8c794c70e72bea4f92e8dfb9,false,,CF2048F
洛谷/code/CF240F.cpp,CF240F.cpp,cpp,3273,152,3fa37d81fe0289c6941bb332c5d227300b5c96c497fce8a1395a22a1253b6f00,true,,CF240F
洛谷/code/CF241E.cpp,CF241E.cpp,cpp,2483,132,1ce9c622eacafbe4376f7c75ba31067bf20dca5173bf3a95c708042c9d75009c,true,,CF241E
洛谷/code/CF246E(2).cpp,CF246E(2).cpp,cpp,3342,184,55c84fa0f828559733fc96dd65a0c520db53749a1580ea5b25b8cbdf1836c393,true,,CF246E
洛谷/code/CF285D.cpp,CF285D.cpp,cpp,406,25,74ee07e6e38cee254147f270a1d68d168ce234ca645dd53decaaca1c78e9d991,true,,CF285D
洛谷/code/CF293E.cpp,CF293E.cpp,cpp,2996,162,8f4778022e3fed69a0435665c70ef3d4b105359207d450ccbb42958e5b6fe21b,false,,CF293E
洛谷/code/CF337D.cpp,CF337D.cpp,cpp,1858,103,7d4852f94162fb23e3d4fef679bc1f24853bc6ab4d6f7ff7884b434e00c3d994,true,,CF337D
洛谷/code/CF343D.cpp,CF343D.cpp,cpp,3238,171,87ff90266f3299780eb52ef0ad70a01be5dae689ac53f3b726c04f83a092c328,true,,CF343D
洛谷/code/CF375D.cpp,CF375D.cpp,cpp,3104,175,b98f674c4b453a19b7a99a8f44b7f186f4e377456aa79e575e7cd6e40866e972,true,,CF375D
洛谷/code/CF383C.cpp,CF383C.cpp,cpp,3948,190,89601d9f0fd83535dd4944c9709d909e73a7e269952e79a6380512713a3bbfed,false,,CF383C
洛谷/code/CF388C.cpp,CF388C.cpp,cpp,877,51,2e45cf845fd856d4f946db3f15a53bf8f9aca269444e72a8da9aea2ae594bf2b,true,,CF388C
洛谷/code/CF414C.cpp,CF414C.cpp,cpp,3095,150,8b67a91b0ae96f797bbf8d34bed0d255e5644659ad1f7630b6ee2350926fbd6c,true,,CF414C
洛谷/code/CF438D.cpp,CF438D.cpp,cpp,2376,119,e959ed6af5a43e0a5c2428f5c686ea627bb7ac6c2aadf6f4ecfd90e3e423eb16,false,,CF438D
洛谷/code/CF446C.cpp,CF446C.cpp,cpp,3048,143,b15492a85fc8b3e8b671522f3bd6e7d14cf76de8a76f033f18562b038499d583,false,,CF446C
洛谷/code/CF461B.cpp,CF461B.cpp,cpp,1170,64,aa78f76016eb7bd6279ce0560214d4e2d14d8ad71a971fcd4dd3ab3ee2220f07,true,,CF461B
洛谷/code/CF490F.cpp,CF490F.cpp,cpp,860,42,9ec75cccc5dd9c7b70a06da553cf6c319ad95ac4a41b09b9b7cafd7b43b61d85,true,,CF490F
洛谷/code/CF501D.cpp,CF501D.cpp,cpp,3260,143,e57258cb93c78b54f33c764a22589ab3d92d32a661f3d3951db2d1eb3b4c3f15,false,,CF501D
洛谷/code/CF505E.cpp,CF505E.cpp,cpp,2766,131,17419efd11f3b9aa2d1d1d4eadecc5421024cc79086735b682609c47fb8c32b6,true,,CF505E
洛谷/code/CF525E.cpp,CF525E.cpp,cpp,927,50,7941bed22bad0c751a0bb1d375b738889ee2c31da779420abfc5ff869379d5e5,false,,CF525E
洛谷/code/CF526F.cpp,CF526F.cpp,cpp,2664,138,9bc2af568530bcb7d8e0b5cad03ee4693f012a981f40fc197be886342220ead1,true,,CF526F
洛谷/code/CF570D.cpp,CF570D.cpp,cpp,2887,163,84bcd8ac3f646634d4c3f4652c440a2c5d14198ac553ecc32df0adbcd4138430,true,,CF570D
洛谷/code/CF571A.cpp,CF571A.cpp,cpp,514,29,58831f7a0a0c184067b55fe2c70fc2da3b89c6e388c4e0c147a0bbec25d865b8,false,,CF571A
洛谷/code/cf576c.cpp,cf576c.cpp,cpp,803,34,604e457e65f62b7b238ddd1c87c8ba03562b1a55becb6c6723539b536c2c8a24,true,,
洛谷/code/CF585D.cpp,CF585D.cpp,cpp,1596,72,9e507ee05c613d9dfbc52bf074dcd7ddfbc25ab292ca68bc79164854a6ceaf1c,true,,CF585D
洛谷/code/CF587D.cpp,CF587D.cpp,cpp,5826,229,831fd70a523b8aaa942ed9c187b31bd089f10118db125dbe031765008a15988b,true,,CF587D
洛谷/code/CF600E(2).cpp,CF600E(2).cpp,cpp,2321,126,b0e7a5c09aa479f159e58d1a76e6eb1f345b6bd5ec5a25e39a4c5efc5d4fd1dc,false,,CF600E
洛谷/code/CF601E.cpp,CF601E.cpp,cpp,2912,149,c088de86efb89fc09c7b23f142295063c938b69b87a3b4414e2bdf67006a5395,true,,CF601E
洛谷/code/CF607B.cpp,CF607B.cpp,cpp,1174,42,ed44fb7b2a1690503b385123ede967d116db318a347fade2bb191b9402a39b86,true,,CF607B
洛谷/code/CF613D_2.cpp,CF613D_2.cpp,cpp,3039,181,6d8a5133958315225de5a46c1c0a1c042daa299b29e6ee76e643f81731f16be4,true,,CF613D_2
洛谷/code/cf617e.cpp,cf617e.cpp,cpp,1409,66,dc0c27edf438cb49fa8628980db44b0843dc672c9f7d13196b03d1a4b67f01ce,false,,
洛谷/code/CF626E.cpp,CF626E.cpp,cpp,1566,80,d03700b0b9c5b04fbc6c542776315006d40285e75069e92334825beb499ac0e2,false,,CF626E
洛谷/code/CF631D.cpp,CF631D.cpp,cpp,3977,216,40abd4434404ce4da2233e1d66e69966bb306cb8a457abef0114ca309ccbb1f1,true,,CF631D
洛谷/code/CF679A.cpp,CF679A.cpp,cpp,489,24,29c480797421f253e8b2dc922fd68b932f2ed083ab1f725a1365ffd66ec0c08d,true,,CF679A
洛谷/code/CF711D.cpp,CF711D.cpp,cpp,1500,87,58a471a19982b94885d6020c8379cbeac6dea432474bd5c7001d2ce4333db313,false,,CF711D
洛谷/code/CF718C.cpp,CF718C.cpp,cpp,80,7,0b86af26146cee7f958b8da85052a099dc88f5139504bab4ae8e6b27ab05e7dd,true,,CF718C
洛谷/code/CF741D.cpp,CF741D.cpp,cpp,2454,129,8dde0ae003295ba04531c8ade8d82a4b2cb205d6d65538a17cea7010a83b503b,true,,CF741D
洛谷/code/CF786B.cpp,CF786B.cpp,cpp,3565,174,5d95687f1c0df983e48aa6984d9605fc3d66de4cc5c3ed2fddc6dcd29fc9dea8,true,,CF786B
洛谷/code/CF786C.cpp,CF786C.cpp,cpp,1738,95,30baabee3dddeb17359328abd3717e4e89954f29d74ebefe6cb5236280d923a2,true,,CF786C
洛谷/code/CF794E.cpp,CF794E.cpp,cpp,1497,79,43563fe6fd737cd0586e7dabb8ea363b0382abdcb62e142dafa758d02c26aac8,true,,CF794E
洛谷/code/CF797E.cpp,CF797E.cpp,cpp,1043,60,69486fdff4ad2923e607ef95f3616e3a10746fa66d6af8ffb3446aa9ab7317b5,true,,CF797E
洛谷/code/CF817E.cpp,CF817E.cpp,cpp,1609,87,434e0b39901afe12a2c9e7eccc223cbb6eca84a5c5f4d325e43b9f29220c5143,true,,CF817E
洛谷/code/CF835F.cpp,CF835F.cpp,cpp,2795,131,ed76644d0ad851cf4dedf05754a55cb9ab2b155dde383c549b71544f4eee4897,false,,CF835F
洛谷/code/CF843B.cpp,CF843B.cpp,cpp,1398,65,771ec299457d619e8654ffffedc499b0d72a8851487b00f2323b4c5e19089a2c,true,,CF843B
洛谷/code/CF848C.cpp,CF848C.cpp,cpp,4838,175,b6dc9b0ed627ce64fca5659df4871251c4fed434878bd9ea9ffa8ea32bdd2139,true,,CF848C
洛谷/code/CF891C.cpp,CF891C.cpp,cpp,2789,143,a611d04490bc5e0a67d9dbaf5f3a0a156f022662be67bad1cbb51cf0a54384fe,true,,CF891C
洛谷/code/CF911G(2).cpp,CF911G(2).cpp,cpp,2889,160,d8b00f9c5a53c76a20c39c2812fb48e32e96430676380ea854b1ccf663fc46b6,true,,CF911G
洛谷/code/CF911G.cpp,CF911G.cpp,cpp,2382,121,51e5920b48a0d7afc84a2a7ae104535f6c2e85ff24e2655042bbd99f0d95416f,true,,CF911G
洛谷/code/CF915E.cpp,CF915E.cpp,cpp,2458,124,600c6105024e9645562368a75a729d18c260adce4c56e0c91efb3c37232507fa,true,,CF915E
洛谷/code/CF920F.cpp,CF920F.cpp,cpp,2409,119,82ed179afe9edb7f5e2df0ad5ed8d5d37983e224f3912fcef8b8c3393f456c75,true,,CF920F
洛谷/code/CF938D.cpp,CF938D.cpp,cpp,1620,86,c25a29a0a3ac848aa7de60e4345abcdf08054e7437c07302dc739d4c136ab506,false,,CF938D
洛谷/code/CF940F.cpp,CF940F.cpp,cpp,3356,175,8cb28b6f71c5565f79e0284672682d040d60d02c6bcf15a34f217311f5723f6b,true,,CF940F
洛谷/code/CF961F.cpp,CF961F.cpp,cpp,1089,56,e5b4de33ea6081f31537e299b2ff8aeaf8c0c05dea388e2820a887f420cdc167,false,,CF961F
洛谷/code/CF981E.cpp,CF981E.cpp,cpp,1775,94,b1c17051037a03128add093db98bde4c5dcee496a77f66cdadcc11128cf17c4c,true,,CF981E
洛谷/code/CF985F.cpp,CF985F.cpp,cpp,2093,96,471a76d4fffa93c20db238d0bda34021cd14c234e7a2df3d54176c07d1d30cb1,false,,CF985F
洛谷/code/hdu1521.cpp,hdu1521.cpp,cpp,769,45,2ac5679dbbd4e174c3a2a72f245557585d62de2e9c326363c7bf27887446a561,false,,
洛谷/code/hdu1823.cpp,hdu1823.cpp,cpp,3241,130,7d5b93862922911fc003ba901085c39b724a32eb2c59167f91ea257089853eaf,true,,
洛谷/code/hdu2063.cpp,hdu2063.cpp,cpp,1644,76,ce80204c3990e798c87171b9ac9e05860d3fd66cdcd3dd85d9f90c1918a94893,true,,
洛谷/code/hdu3549.cpp,hdu3549.cpp,cpp,2248,103,6cbe6bd716c43dbab7bf43ba0b2b26d1ddec2f525d0a8f70aeaad1a34ca09425,true,,
洛谷/code/kmp对比哈希.cpp,kmp对比哈希.cpp,cpp,3215,138,4a86178d59d68fa708ec81a28d3cd6e4a0103591a666a95b406d4446aa2076a1,true,,
洛谷/code/LOJ101.cpp,LOJ101.cpp,cpp,2624,109,429d19023ac1fddb53ebab08082b6ed91bc51f09d93a3bd4be5890e63764118c,false,,LOJ101
洛谷/code/LOJ115.cpp,LOJ115.cpp,cpp,3123,162,898ea5828ee894622fe8120103bd9c4681d0cbc4c82a1889067512b984c1f059,true,,LOJ115
洛谷/code/LOJ116.cpp,LOJ116.cpp,cpp,3373,164,20c43f61954484aa4a6420f485b8368b6284a77d19db57f65d559a4e6f83b976,true,,LOJ116
洛谷/code/LOJ117.cpp,LOJ117.cpp,cpp,3529,170,8bd9228c31cba0ab7fc6fc946a6c4a38b1caa710c63a4361dd551d9e781a778b,false,,LOJ117
洛谷/code/P1002(2).c,P1002(2).c,c,854,31,6615eb89435a1c623586a1504847d001f3a1221e364319d8676beb6a77b4a60c,true,https://www.luogu.com.cn/problem/P1002,P1002
洛谷/code/P1002(3).c,P1002(3).c,c,1026,52,75f8e40f2fdb14ee3da0c5c382141a514994659df0765731641415bf8bb0edbf,true,https://www.luogu.com.cn/problem/P1002,P1002
洛谷/code/P1002.c,P1002.c,c,1470,56,6c95183206b0ab71e5b70d9ca79d652459fbba60f57e7e2a7e3598d91077aafc,true,https://www.luogu.com.cn/problem/P1002,P1002
洛谷/code/P1004(2).c,P1004(2).c,c,1682,61,35e0789ee2071e1d9f1d38277b1b1566166cd24ddd684b4ed471f309d4f72d24,true,https://www.luogu.com.cn/problem/P1004,P1004
洛谷/code/P1004(3).c,P1004(3).c,c,1225,48,775d9530c3323ddb97a382c95fdae5a98b54b563d6ca5de3dc4e679fd8e1ac8c,true,https://www.luogu.com.cn/problem/P1004,P1004
洛谷/code/P1004.c,P1004.c,c,370,27,a775a2563b2203e1953c6ab2e996c7e85f0a8a0dc8782a9581a816d8f0af4033,true,https://www.luogu.com.cn/problem/P1004,P1004
洛谷/code/P1005.c,P1005.c,c,303,21,1574a6b714422272fa198b26a7d3c2984ff7bb7e1d50049248502b1b942d1865,true,https://www.luogu.com.cn/problem/P1005,P1005
洛谷/code/P1005.cpp,P1005.cpp,cpp,2877,113,2cd84115068c4094cdd0892aa47b764c95bc21edd5935a1851de2210edcf786b,true,https://www.luogu.com.cn/problem/P1005,P1005
洛谷/code/P10059.cpp,P10059.cpp,cpp,1665,76,639aa51573ca3732b99f36e1fa1942acd7a509884fd343c81c3c7ba424d70575,true,https://www.luogu.com.cn/problem/P10059,P10059
洛谷/code/P1006(2).c,P1006(2).c,c,1199,41,5d51f8bd605f085716452c4bfff5ef5d645cfee6bd9f0293cef9b5d75eec70e7,true,https://www.luogu.com.cn/problem/P1006,P1006
洛谷/code/P1006.c,P1006.c,c,1185,43,52962d35af8d388738c8da24f352031997d56ec8e45b8eed36193a128c22c57c,true,https://www.luogu.com.cn/problem/P1006,P1006
洛谷/code/P1007.c,P1007.c,c,765,41,d7650f787172158b4359654332f314a8721241bff4e028fda7aaab5a3342212a,true,https://www.luogu.com.cn/problem/P1007,P1007
洛谷/code/P10095.cpp,P10095.cpp,cpp,1500,39,b7ca919c4ef70e3f5522fd377c5181e69ec8067bf8128b6833a8f77fb3dd10f0,true,https://www.luogu.com.cn/problem/P10095,P10095
洛谷/code/P10096.cpp,P10096.cpp,cpp,4156,164,9e115af8c0c694928b4b33db1db3f0146b18a64c641adc11edd7e9bf3d31ada1,false,https://www.luogu.com.cn/problem/P10096,P10096
洛谷/code/P10098(2).c,P10098(2).c,c,1019,45,c0af6b25211ad011e959365eb52014aa5e7f6e2f9e58e117500fffcfc75c6042,true,https://www.luogu.com.cn/problem/P10098,P10098
洛谷/code/P10098.c,P10098.c,c,818,41,7aa3885413392fdf88699417fa18cc76ef4a8fbcd638464ceddf8b5a55e6c8a6,true,https://www.luogu.com.cn/problem/P10098,P10098
洛谷/code/P10099.cpp,P10099.cpp,cpp,1256,46,5af20ccf5716d45d818c50fe33f38eace7d535c27fe7f2883e2bb785b416ac1e,true,https://www.luogu.com.cn/problem/P10099,P10099
洛谷/code/P10108(2).c,P10108(2).c,c,937,50,e602eea1a1438586f4db0563430396f8e02c4c5b9f5fdde064b9e88e33df8b82,true,https://www.luogu.com.cn/problem/P10108,P10108
洛谷/code/P10108.c,P10108.c,c,1190,49,aa44f8645f20ed72e2044cfaa14b4a01751974ac7a2ce2576d07b3f6546469db,true,https://www.luogu.com.cn/problem/P10108,P10108
洛谷/code/P10110.cpp,P10110.cpp,cpp,1409,64,d6b75282b6f071ede70ea65f8bd444839948ab3a5e32f1df0d1d243d96d377c3,true,https://www.luogu.com.cn/problem/P10110,P10110
洛谷/code/P10111.c,P10111.c,c,3232,104,0a6205cae64f8c4856ce7127c573f3678b0852c7e08528dadaccae8331e91ff9,true,https://www.luogu.com.cn/problem/P10111,P10111
洛谷/code/P10113.cpp,P10113.cpp,cpp,2456,114,c8bf4bc6b14374e85da48910fd1dda39ec6cfb2be7c227338fcaf1b4f9526c54,true,https://www.luogu.com.cn/problem/P10113,P10113
洛谷/code/P10115.cpp,P10115.cpp,cpp,702,28,e340b8ef801e573706889cb8d56980a83b723b5bc89fce082586d2475016c3af,false,https://www.luogu.com.cn/problem/P10115,P10115
洛谷/code/P10116.cpp,P10116.cpp,cpp,1036,57,faaccd2b347cacb1789b1cdd9e0b3380294a76023beb2f375d80660927410282,false,https://www.luogu.com.cn/problem/P10116,P10116
洛谷/code/P1013.cpp,P1013.cpp,cpp,2,1,7eb70257593da06f682a3ddda54a9d260d4fc514f645237f5ca74b08f8da61a6,false,https://www.luogu.com.cn/problem/P1013,P1013
洛谷/code/P10144.cpp,P10144.cpp,cpp,2081,93,9323c140e05482218de35fd3b7b11232dda2cd5652a7a393f1bb45b0f01c769c,false,https://www.luogu.com.cn/problem/P10144,P10144
洛谷/code/P10155.c,P10155.c,c,487,27,b37e78845e186535d187b8019be6448a840b553689743f34fefbbca650717e46,true,https://www.luogu.com.cn/problem/P10155,P10155
洛谷/code/P1016(2).cpp,P1016(2).cpp,cpp,558,31,b5b61cb9f88f85ec997cab058e52ea3d69b3ff19394940fcca82b35126f282ff,true,https://www.luogu.com.cn/problem/P1016,P1016
洛谷/code/P1016.cpp,P1016.cpp,cpp,1187,53,e38fad9f63345b46882757462eeb6bcbabfde23a669ff808d9aace165fb57755,true,https://www.luogu.com.cn/problem/P1016,P1016
洛谷/code/P1018.c,P1018.c,c,348,24,06932bc06d10caaddcc0ef7411e1c6cf2b07c60cf441e520600a63c93d06d021,true,https://www.luogu.com.cn/problem/P1018,P1018
洛谷/code/P1018.cpp,P1018.cpp,cpp,740,40,4c9ac1db302524da473f59f923ce3bd2282b3f87a66d336ea98e815740e0a4be,false,https://www.luogu.com.cn/problem/P1018,P1018
洛谷/code/P10185.cpp,P10185.cpp,cpp,1000,55,7faf7ce083e308016c9dac6630777335127b4eaec3cfa6eb3496b3c910afa434,false,https://www.luogu.com.cn/problem/P10185,P10185
洛谷/code/P10194.cpp,P10194.cpp,cpp,1098,49,d9086125d9afee9d79df5c88884e23cf9de09abcfe30978e856a368c2e4272b6,false,https://www.luogu.com.cn/problem/P10194,P10194
洛谷/code/P1020(2).c,P1020(2).c,c,2095,72,72ecab0887452c1711c47c931aeae29859b0e061330e8cebd18f656f4b49a923,true,https://www.luogu.com.cn/problem/P1020,P1020
洛谷/code/P1020.c,P1020.c,c,955,48,313df6e04fa1d09d454390b09351cee8038b5617145208592fc769666847ef27,true,https://www.luogu.com.cn/problem/P1020,P1020
洛谷/code/P1021.cpp,P1021.cpp,cpp,1760,41,718ae353bf0e418b10ebcfaa512d0efe4b65c518eb3a2322c1cf3dd9b5f707ec,true,https://www.luogu.com.cn/problem/P1021,P1021
洛谷/code/P10234(2).cpp,P10234(2).cpp,cpp,1986,79,8bc2b6e7f4c56c0d70f77c300e130d952932b99c503209bc4a1900d48e6de07d,true,https://www.luogu.com.cn/problem/P10234,P10234
洛谷/code/P10234(3).cpp,P10234(3).cpp,cpp,2179,90,017873519e408a9b8e3575374662132415001d990cfe83805d004627f4e16775,true,https://www.luogu.com.cn/problem/P10234,P10234
洛谷/code/P10234.cpp,P10234.cpp,cpp,2049,80,c9e058360f24c1ada39bc5ffdedad7b64e4a570efbdec1ce21aeb51f90105ab3,true,https://www.luogu.com.cn/problem/P10234,P10234
洛谷/code/P10235(2).cpp,P10235(2).cpp,cpp,1561,73,3ad2767c20c74c5a2440a7d4a1c2313b9114bb00bde9836684bc934312930470,true,https://www.luogu.com.cn/problem/P10235,P10235
洛谷/code/P10235.cpp,P10235.cpp,cpp,2394,110,7ab103a72b4f1dd01c54eb6a2f7cb2d8eb91a438db50d67eff7ff344ba6a02cc,true,https://www.luogu.com.cn/problem/P10235,P10235
洛谷/code/P1024.c,P1024.c,c,1056,50,64a6f2c81db73a532a147e2ea82482a4a761e92516e2efaf5cc7f9038f2fa22d,true,https://www.luogu.com.cn/problem/P1024,P1024
洛谷/code/P10241(2).cpp,P10241(2).cpp,cpp,4027,199,94e822ccf47bbd51782408e2a7dd7b18fa27b2b49ac7776c6395493a4c7da460,true,https://www.luogu.com.cn/problem/P10241,P10241
洛谷/code/P10241.cpp,P10241.cpp,cpp,2803,97,f0db16a6ee6a7e062554148ec8b1136e48fd80978d1605bcab94dc143d298980,true,https://www.luogu.com.cn/problem/P10241,P10241
洛谷/code/P10247.cpp,P10247.cpp,cpp,1249,42,bc157fd38553cc63e7bbf8932466eba0bf7cf3a2e5a4950d7537d720e0dfcd97,true,https://www.luogu.com.cn/problem/P10247,P10247
洛谷/code/P10268.cpp,P10268.cpp,cpp,4783,232,f70230bf3b69fe858fc7fc67039c448ff2a6f3972bc1da1467191a049245542b,false,https://www.luogu.com.cn/problem/P10268,P10268
洛谷/code/P10287(2).cpp,P10287(2).cpp,cpp,1149,66,21a6802fc9604b8a5f6ca2d90df5c580bf8a4f367ae3fcc279d4662b01808f34,true,https://www.luogu.com.cn/problem/P10287,P10287
洛谷/code/P10287.cpp,P10287.cpp,cpp,1143,54,7d636a70d642b2f6864a684ae4fdd7043029a67d2527075ad4463907e6c32be3,true,https://www.luogu.com.cn/problem/P10287,P10287
洛谷/code/P1030.cpp,P1030.cpp,cpp,472,25,ea98b289162bb89abaefb12dd356da76d0c3b1459d76141b6b7c3c4388ff48d9,true,https://www.luogu.com.cn/problem/P1030,P1030
洛谷/code/P1031.c,P1031.c,c,447,24,81a5888ca0d33b33b7d417405f2b0b24849aefe61e23a890f0481a33b1dc3ed3,true,https://www.luogu.com.cn/problem/P1031,P1031
洛谷/code/P10315.cpp,P10315.cpp,cpp,3005,115,f4c5839f8f7ef112c850a3d86da2f3e5e72feb31907c1402b895a7ad605d37b0,false,https://www.luogu.com.cn/problem/P10315,P10315
洛谷/code/P10318.cpp,P10318.cpp,cpp,1094,49,ff9d9ed2640bd5b71129dda8ac1baec2e480a6b2bad02b2242818f30c2f89e18,false,https://www.luogu.com.cn/problem/P10318,P10318
洛谷/code/P1032.cpp,P1032.cpp,cpp,2100,89,94032190ee8a342bc70192b1da51f611931c077790dfff6e9b2e27d176702caf,true,https://www.luogu.com.cn/problem/P1032,P1032
洛谷/code/P10334(2).cpp,P10334(2).cpp,cpp,844,48,12941ad69b1a6035c6d7b641965729f4cd05b68dd3e0b7079433dd29d289f3d4,true,https://www.luogu.com.cn/problem/P10334,P10334
洛谷/code/P10335.c,P10335.c,c,561,29,88e00dc6baa6f752b5fdb3c1bf42fec0f76000ea2c5b2d7fbe13bb05c23a6346,true,https://www.luogu.com.cn/problem/P10335,P10335
洛谷/code/P10349.cpp,P10349.cpp,cpp,586,33,e8a13bd1d5366869f4675fbb9dfb9754b32cd72cc260afe5c2f5e0a71998c79a,true,https://www.luogu.com.cn/problem/P10349,P10349
洛谷/code/P10351.c,P10351.c,c,1058,48,956d33e3bec775e90712c97016c5296aaf963565d1522d23b31f83f42d811ddb,true,https://www.luogu.com.cn/problem/P10351,P10351
洛谷/code/P1036.c,P1036.c,c,678,34,67b7d64696136285c36f3920e8bc9a347f278f119b52031d8e938205368715ec,true,https://www.luogu.com.cn/problem/P1036,P1036
洛谷/code/P10367.cpp,P10367.cpp,cpp,2470,131,6688bc3a9157031c3a63cc03d0f5e7a5038775c5ca26d98b073f08168d111e78,false,https://www.luogu.com.cn/problem/P10367,P10367
洛谷/code/P1037.cpp,P1037.cpp,cpp,636,29,cff76116bd01cbbd69f47dc7505e0212c127e1e7b8ddccbeffd251f31b8ee546,true,https://www.luogu.com.cn/problem/P1037,P1037
洛谷/code/P10376(2).c,P10376(2).c,c,648,34,6032b54a2794a2e3945c38bd8edaad711760716102fb50c68630da92ca4384e6,true,https://www.luogu.com.cn/problem/P10376,P10376
洛谷/code/P10376.c,P10376.c,c,520,27,476e18ead33a4a422f167f656efd68d9e3e68423b6ac7756ff5123a267edbb83,true,https://www.luogu.com.cn/problem/P10376,P10376
洛谷/code/P10377.c,P10377.c,c,959,50,7b6de5381023d79d3d036ac02f4edd2cf93ea57faa4e8c6a71a02b7459def8a4,true,https://www.luogu.com.cn/problem/P10377,P10377
洛谷/code/P1038.cpp,P1038.cpp,cpp,1327,62,e20f05ce75290601491cf75c7f4a366317c081dce3e955282c795c59b4e0d24a,true,https://www.luogu.com.cn/problem/P1038,P1038
洛谷/code/P10381(2).cpp,P10381(2).cpp,cpp,1621,65,265e39a13d7b25aef66611ce4b921c044f762b928ca6a990c90987808664136a,true,https://www.luogu.com.cn/problem/P10381,P10381
洛谷/code/P10381.cpp,P10381.cpp,cpp,2036,104,0046cc679176b577fcdbad41b6c49e10584693a7051e649bac647ef25eb92ebf,false,https://www.luogu.com.cn/problem/P10381,P10381
洛谷/code/P1039.cpp,P1039.cpp,cpp,4839,178,fd13d23ce6468a3d762558f98a4220b679c14c252a36f12e28e17b70e8d1a3bf,true,https://www.luogu.com.cn/problem/P1039,P1039
洛谷/code/P10390.cpp,P10390.cpp,cpp,1217,53,af83f30dd122f5ef51e84dce93a598464706180ede6310c7e11f66e6ecbb0ccd,false,https://www.luogu.com.cn/problem/P10390,P10390
洛谷/code/P10391(2).cpp,P10391(2).cpp,cpp,2136,103,cbb1e5c3aca82c7387db80efb05f33f100525021903fb506553d06172c9d305d,true,https://www.luogu.com.cn/problem/P10391,P10391
洛谷/code/P10391.cpp,P10391.cpp,cpp,1536,88,a0520a1aae72f3ed9062dddc865d56c07bd740aa99a233054ee4764b2c03b2d5,true,https://www.luogu.com.cn/problem/P10391,P10391
洛谷/code/P10412.cpp,P10412.cpp,cpp,949,48,53b013e25353316db7713d414f966be489d718e9422c7d3a0863aeffab8e83cc,false,https://www.luogu.com.cn/problem/P10412,P10412
洛谷/code/P10413.cpp,P10413.cpp,cpp,420,13,875593e7a91ac011f98fa74b413717da8f3403b6d21a0b9745bb8f5f37fc579f,false,https://www.luogu.com.cn/problem/P10413,P10413
洛谷/code/P10414.cpp,P10414.cpp,cpp,775,46,81d1fafb331e155a0d0c9e620f9719fe4c3cb6dec56735da5652af1b5e4e6458,true,https://www.luogu.com.cn/problem/P10414,P10414
洛谷/code/P10415.cpp,P10415.cpp,cpp,614,39,02d397811a9e392afc324ae751951be6c6d79a7790454cb0e69625a2692ef8ea,true,https://www.luogu.com.cn/problem/P10415,P10415
洛谷/code/P10416.cpp,P10416.cpp,cpp,362,22,f9124eb2b43ac9fc9fa270593c7108743bebc331e4a77a15ebc806e1fa9ed866,false,https://www.luogu.com.cn/problem/P10416,P10416
洛谷/code/P10417(2).c,P10417(2).c,c,1038,42,f8cf39db31dd74e614f9ef5afbb01d54b79623000d4f0250cc935c1a9f4c7c33,true,https://www.luogu.com.cn/problem/P10417,P10417
洛谷/code/P10417.c,P10417.c,c,997,49,088ff886d917fb13503163c2fde65281cc205ef07542eee500ab6a297937a07c,true,https://www.luogu.com.cn/problem/P10417,P10417
洛谷/code/P10417.cpp,P10417.cpp,cpp,1116,64,002c26b3520b78661e29b3dd80dece2bf27f24c66ac5c059aab6ae8d1117948e,true,https://www.luogu.com.cn/problem/P10417,P10417
洛谷/code/P10419(2).cpp,P10419(2).cpp,cpp,2558,99,f88454c094816e14daba98df1ecf27aabac53ba712d58fc2a069a91732554274,true,https://www.luogu.com.cn/problem/P10419,P10419
洛谷/code/P10419.cpp,P10419.cpp,cpp,7921,256,093efc745c4b469284df7b718a83cfc18e995f3c075011efe40f9084e05df184,true,https://www.luogu.com.cn/problem/P10419,P10419
洛谷/code/P1042.c,P1042.c,c,684,37,0db004d4f4f55d6207b4e681c73439e3011b75596d3cda5001d086b0ae55f4d7,true,https://www.luogu.com.cn/problem/P1042,P1042
洛谷/code/P10422.cpp,P10422.cpp,cpp,2947,120,fcbaa4e2a752c09fabaa19756462ce535d66a84ed286a31155e2abe1fc220eaa,true,https://www.luogu.com.cn/problem/P10422,P10422
洛谷/code/P1044.c,P1044.c,c,247,17,854783b47a6a94f7e6c8f572e26cf5b17140f487ba61f15630c9bc63798fc47d,true,https://www.luogu.com.cn/problem/P1044,P1044
洛谷/code/P10447.cpp,P10447.cpp,cpp,680,26,7ca42c0179fa509ec4b2b82c30690cf5f8e04d8e0c9158438ad8ff4add840819,true,https://www.luogu.com.cn/problem/P10447,P10447
洛谷/code/P10449.cpp,P10449.cpp,cpp,974,55,00affc16e94e3574d4b56839965738aaf7007dfa99bcdbb6037a56065889acbd,true,https://www.luogu.com.cn/problem/P10449,P10449
洛谷/code/P10450.cpp,P10450.cpp,cpp,546,34,ad341f7ca9743386cf38230d0791067730242733049e4a43c27cb19540e87bd9,false,https://www.luogu.com.cn/problem/P10450,P10450
洛谷/code/P10452.c,P10452.c,c,433,26,a92e73b8489b202eb584b7ac5a24e61e4f288448544b4ab87d0fee1bd98b8b16,true,https://www.luogu.com.cn/problem/P10452,P10452
洛谷/code/P10454.cpp,P10454.cpp,cpp,869,36,1e807ff4856ac14c5347a46377cf0747080317e8cc39461746c8c6adb9f8e28f,true,https://www.luogu.com.cn/problem/P10454,P10454
洛谷/code/P10460(2).c,P10460(2).c,c,1007,39,574ab1f5154834b3f6e07cf9042436b5910fcb689208c40e145ba17fe9d4001f,true,https://www.luogu.com.cn/problem/P10460,P10460
洛谷/code/P10460.c,P10460.c,c,915,43,2515c4abd3587fc06223bd22daa72f069ab915d1f9b0ece9343dac20384849e1,true,https://www.luogu.com.cn/problem/P10460,P10460
洛谷/code/P10463(2).cpp,P10463(2).cpp,cpp,1428,41,42f46314a3935ab55cd8fc8f3fa813d0d91140f3e35cf84f3ce4b72a48e52dae,true,https://www.luogu.com.cn/problem/P10463,P10463
洛谷/code/P10463(3).cpp,P10463(3).cpp,cpp,1832,103,76ecea0215ccc16c05dbfa92a494461104f51efbcd49fff53ea37e5d56c26300,false,https://www.luogu.com.cn/problem/P10463,P10463
洛谷/code/P10463.cpp,P10463.cpp,cpp,2581,125,bd698388ea2350d6c14d9e08d3c36bc43e7a9c1c3838e656ae684d38b17163bd,false,https://www.luogu.com.cn/problem/P10463,P10463
洛谷/code/P10470.cpp,P10470.cpp,cpp,940,52,b17f10523bba5e9cfac0b481866ea3552a7223174f5b8763273c783bfe815921,true,https://www.luogu.com.cn/problem/P10470,P10470
洛谷/code/P10471.cpp,P10471.cpp,cpp,1555,70,e22e768395c5614fc03db8818bc9d6f407ffbae67e153e23d54d5a6fa9e2a343,true,https://www.luogu.com.cn/problem/P10471,P10471
洛谷/code/P10475.cpp,P10475.cpp,cpp,824,39,58645e8ccb6f3eb96abfcfbaff25b662ad012e8bf9c0fbc009b7d5101ab823e2,false,https://www.luogu.com.cn/problem/P10475,P10475
洛谷/code/P10480.cpp,P10480.cpp,cpp,737,40,d2ce4d2f97ebc36dc736ef9c73ed06e841b86d78656f3617ed790cdaa6d10636,true,https://www.luogu.com.cn/problem/P10480,P10480
洛谷/code/P10481.cpp,P10481.cpp,cpp,2695,104,453f5c73e9709b13effb719115431a6d1bd5f5f91a887a595caa6544e31c32dd,true,https://www.luogu.com.cn/problem/P10481,P10481
洛谷/code/P10483.c,P10483.c,c,745,48,cee67981ec78bb866b6f1edbf2376f6ad0f7521e60aba3a9f2d734b7edeb921a,true,https://www.luogu.com.cn/problem/P10483,P10483
洛谷/code/P10484.cpp,P10484.cpp,cpp,1140,54,1aca8cb6fb19daa565ff40f408416ccf98bd267ea609ee88c3575bcfca0da53b,true,https://www.luogu.com.cn/problem/P10484,P10484
洛谷/code/P10487.cpp,P10487.cpp,cpp,2408,84,a2abdf2b7599bf360ca3e4b193fe033f7af7fa8d25a395e9a337697583592f65,true,https://www.luogu.com.cn/problem/P10487,P10487
洛谷/code/P10488.cpp,P10488.cpp,cpp,1702,82,832187701e04783c0b8db6a03f835035319d66b35cb7c39bbf627456a92474fd,true,https://www.luogu.com.cn/problem/P10488,P10488
洛谷/code/P1049.c,P1049.c,c,942,54,3703be461dcc39a5c71089ce1ef062b7d34ebefef1950f28bc594dadfb803e98,true,https://www.luogu.com.cn/problem/P1049,P1049
洛谷/code/P10490(2).cpp,P10490(2).cpp,cpp,1057,68,dfba4fdd7b0a63d29440fff3cadfc7462306aaee9c7e42d85ed5a4fc27989b38,true,https://www.luogu.com.cn/problem/P10490,P10490
洛谷/code/P10490.cpp,P10490.cpp,cpp,1066,54,b38f8b83aafbd890e845516a87c6b0bbcbff7ca1467d77df1298e4148425efcb,true,https://www.luogu.com.cn/problem/P10490,P10490
洛谷/code/P10491.cpp,P10491.cpp,cpp,1276,58,a94ae354b6561938e582cda2785eb406006b99d286f228f97bf4c846c682e963,true,https://www.luogu.com.cn/problem/P10491,P10491
洛谷/code/P10494.cpp,P10494.cpp,cpp,998,58,03984d3e6f05436628c6abc68483cd387e67f54b48e20640b790a57ca37d6ddb,true,https://www.luogu.com.cn/problem/P10494,P10494
洛谷/code/P10497.cpp,P10497.cpp,cpp,484,26,3f9615c484699a37879ec9fa7438aa65cab790946df88b697665750dda9ab1d5,true,https://www.luogu.com.cn/problem/P10497,P10497
洛谷/code/P10499.cpp,P10499.cpp,cpp,1950,83,a8819a5fb7e11ca4c08be985a58b3ef7ef457d706252f766706df976f2954519,false,https://www.luogu.com.cn/problem/P10499,P10499
洛谷/code/P1050.cpp,P1050.cpp,cpp,2215,107,e37533b2d90ef8bb7d0a60deb38b634e88c40b33760abf84b7f57d8f369273e9,true,https://www.luogu.com.cn/problem/P1050,P1050
洛谷/code/P10504.cpp,P10504.cpp,cpp,736,37,da1479d9f28ddf838f04904814c31b852c285195c3ee6f8f654ad82fcf691504,true,https://www.luogu.com.cn/problem/P10504,P10504
洛谷/code/P10505(2).c,P10505(2).c,c,1150,57,7d3a60d2369f8eb336aa2a71cfc805b58ff481048119200f51179734775fc1ef,true,https://www.luogu.com.cn/problem/P10505,P10505
洛谷/code/P10505.c,P10505.c,c,1234,59,de5846bd702b1069732ef23b0afcb706c18d50d3e64249d331c7bbcaa6caecff,true,https://www.luogu.com.cn/problem/P10505,P10505
洛谷/code/P10506.c,P10506.c,c,1145,55,3427b219062514484a11632b173111c90d9068a6de6c666922b481792b273bdf,true,https://www.luogu.com.cn/problem/P10506,P10506
洛谷/code/P10506.cpp,P10506.cpp,cpp,1080,52,f6a5f08a30fac03557cebbf1a48ca5858e67111fa1501ef8ed87d148073c4271,true,https://www.luogu.com.cn/problem/P10506,P10506
洛谷/code/P1052.c,P1052.c,c,566,32,dff6fcee1c28b9418d6b26b1431de901153ba04c94b5e659fea45ffb38573a34,true,https://www.luogu.com.cn/problem/P1052,P1052
洛谷/code/P1053.cpp,P1053.cpp,cpp,1193,63,f84181c0a094d383f55d298a1b38749f503e423b0f152f2ea6103c505b35e04a,true,https://www.luogu.com.cn/problem/P1053,P1053
洛谷/code/P10535(2).cpp,P10535(2).cpp,cpp,1114,64,316958d58167e77b3eb85c6f9924838555b7c4838e8e5369920e7bf39c5da26f,false,https://www.luogu.com.cn/problem/P10535,P10535
洛谷/code/P10535.cpp,P10535.cpp,cpp,1722,81,ee2a1368b0b0fffa3bf6f8af07af279c722e16ccf3866d6386d4e79f3a64e610,true,https://www.luogu.com.cn/problem/P10535,P10535
洛谷/code/P10541.cpp,P10541.cpp,cpp,2755,134,7c2d03332addc52eec624838886bc9d6f88d16fd2dca07c742a94e54c826d407,false,https://www.luogu.com.cn/problem/P10541,P10541
洛谷/code/P1057.c,P1057.c,c,758,38,69a2294e9ec33b409c4195ee06a3c36a6d6ed0c045cad12ccef49683f1d66be9,true,https://www.luogu.com.cn/problem/P1057,P1057
洛谷/code/P10575.cpp,P10575.cpp,cpp,97,8,102b7f268d416342b58654567d9ff72f0e341b3527177a95387675331743b7ee,true,https://www.luogu.com.cn/problem/P10575,P10575
洛谷/code/P10576.cpp,P10576.cpp,cpp,600,34,ff1e43f44d60270611d87f8e7c41d13688fdf7e433edadcf30734a61cca51563,true,https://www.luogu.com.cn/problem/P10576,P10576
洛谷/code/P10579.cpp,P10579.cpp,cpp,680,38,7555982c9f272dbad3ec1c25e4daf58c12c99cd60a5732182113421933c3d3b2,false,https://www.luogu.com.cn/problem/P10579,P10579
洛谷/code/P10580.cpp,P10580.cpp,cpp,1730,69,4c4d5e05a510f5f7b2fc2caeed3a1e6b7fa0fbbc4fdded2a3f2b33aa6c75f596,false,https://www.luogu.com.cn/problem/P10580,P10580
洛谷/code/P10581.cpp,P10581.cpp,cpp,3012,112,951a441b3c4cb470f42599a018983d46051ee5695a74eb7e7a8ddd72aee13847,false,https://www.luogu.com.cn/problem/P10581,P10581
洛谷/code/P10582.cpp,P10582.cpp,cpp,733,42,bc329f7763be7de1bddaf05d9d707507f633412a519e10ea760d8fb6c6bfc361,false,https://www.luogu.com.cn/problem/P10582,P10582
洛谷/code/P10596.cpp,P10596.cpp,cpp,1746,76,045b4b17e42d7b99ec18835270fc3495408650a933120a2fa188bb003ff026e3,true,https://www.luogu.com.cn/problem/P10596,P10596
洛谷/code/P1060.c,P1060.c,c,892,49,594096739d00f0e853f9f0e68a1bc6c012dbf6611f24d84f173b8b1195e05e78,true,https://www.luogu.com.cn/problem/P1060,P1060
洛谷/code/P10600.cpp,P10600.cpp,cpp,2275,93,1290d9e1e828076a21082f480a95fa6c52ef6481c9e5dba126bea4960da1cc0c,false,https://www.luogu.com.cn/problem/P10600,P10600
洛谷/code/P10603.cpp,P10603.cpp,cpp,3989,199,795a42823f0caaffbb192306ef0efd091200954ecdb3f906e1d2948bcc02e96c,true,https://www.luogu.com.cn/problem/P10603,P10603
洛谷/code/P10604.cpp,P10604.cpp,cpp,4528,228,e41d876c74f45c000deedb798a740e5351eb733b79fd548e1e983091cc351d67,true,https://www.luogu.com.cn/problem/P10604,P10604
洛谷/code/P10606.c,P10606.c,c,495,30,794825cfe1f3dc8264f84123b417e0e8545baa2c64e3e241226c039bb814edd1,true,https://www.luogu.com.cn/problem/P10606,P10606
洛谷/code/P1063(3).c,P1063(3).c,c,990,36,864a09ce02b873d258e5b7b045f55fe377457bd16f1b2fd84008a28ab87c1b8f,true,https://www.luogu.com.cn/problem/P1063,P1063
洛谷/code/P1063.cpp,P1063.cpp,cpp,591,28,139f6ebba5e255203b08079371e1b84e64f52c5e5ae55777d2cf08678da2e6ce,true,https://www.luogu.com.cn/problem/P1063,P1063
洛谷/code/P10633(2).cpp,P10633(2).cpp,cpp,1078,50,186020ac6d34eacba762b565f9aa1af25b40273bff92026016c9392690b5bc53,true,https://www.luogu.com.cn/problem/P10633,P10633
洛谷/code/P10633.cpp,P10633.cpp,cpp,2635,147,84d1583e6065786b19b190ccd726b4d810334eaa3aba22b6ca90ee80e0b375d3,true,https://www.luogu.com.cn/problem/P10633,P10633
洛谷/code/P10634.cpp,P10634.cpp,cpp,2955,146,37f7864f8a9055e704580a6454952d93e598ae761c60ddde797b1c6c046d1e1c,false,https://www.luogu.com.cn/problem/P10634,P10634
洛谷/code/P10634_3.cpp,P10634_3.cpp,cpp,1951,117,e20216d8bea9db5bc62e115090ffe415c1367b34299948c1d91b7444ec8145fa,false,,
洛谷/code/P10634_4.cpp,P10634_4.cpp,cpp,2104,119,01b31a85cb37aa7ca4767604f7224ac18cffca27670ca93705e34b7732780890,false,,
洛谷/code/P1064.c,P1064.c,c,1875,58,2169937da291378caf6efe781d1b24960e9d5f1baebdc055af93e6d561063793,true,https://www.luogu.com.cn/problem/P1064,P1064
洛谷/code/P1064.cpp,P1064.cpp,cpp,2016,60,dbb72fb373b04872a0f403f576b549e9e61084ed13fe5fb84714a5a6653cb786,true,https://www.luogu.com.cn/problem/P1064,P1064
洛谷/code/P10641.cpp,P10641.cpp,cpp,1643,93,22599ab400a75f4e2b910265e4a9d926daab87fa9b17ebb85e8d8a5004814800,true,https://www.luogu.com.cn/problem/P10641,P10641
洛谷/code/P1066.cpp,P1066.cpp,cpp,1344,54,bb24071f3dd911f8a519cb89bf4d04c016f84e513857e73b34d9e15674749d20,true,https://www.luogu.com.cn/problem/P1066,P1066
洛谷/code/P1066.py,P1066.py,py,1057,45,b9ff63f220b86dd60005481216ca46aaa6c9c245f5ceba40a75da75f1ca89eea,false,https://www.luogu.com.cn/problem/P1066,P1066
洛谷/code/P10665.cpp,P10665.cpp,cpp,1657,87,c31bf20f461b3afbd8ef45aa59a6dc0355acd33f48a772794f0226d21cd5ac90,true,https://www.luogu.com.cn/problem/P10665,P10665
洛谷/code/P10686(2).cpp,P10686(2).cpp,cpp,1996,73,590f1595ce54246d315b03651861f898737bf0075e1da1db59d7d8b677e39ac7,true,https://www.luogu.com.cn/problem/P10686,P10686
洛谷/code/P10686.cpp,P10686.cpp,cpp,2279,116,7d64c84698c28c8c68ae13677afa3356d43ec30e50f93acc2039fc2f482c2173,true,https://www.luogu.com.cn/problem/P10686,P10686
洛谷/code/P1069.cpp,P1069.cpp,cpp,1990,84,15d7fdaec1545cf84bfdbff63e19495e921a6b1b93d46a4e5bbf5a6ef6768fc6,true,https://www.luogu.com.cn/problem/P1069,P1069
洛谷/code/P1070.cpp,P1070.cpp,cpp,1114,50,4f7cef90af3ec91880ec85885ea1e8469517ba2ea3ba8ef8c13c397ee7308c0f,true,https://www.luogu.com.cn/problem/P1070,P1070
洛谷/code/P10709.c,P10709.c,c,723,37,0f59000bb9b627b39b152857684bc7e13f05902325b5804f9b47e296a8013327,true,https://www.luogu.com.cn/problem/P10709,P10709
洛谷/code/P10716.cpp,P10716.cpp,cpp,5625,251,55a22f563caa853ed6889b9d1493327972e8a13f771c1640c8d45cc80dc86771,true,https://www.luogu.com.cn/problem/P10716,P10716
洛谷/code/P10719(2).cpp,P10719(2).cpp,cpp,804,28,0dfca52446e10185f398b89ce081e5b56fea3cce9659955552f82543af5d1106,true,https://www.luogu.com.cn/problem/P10719,P10719
洛谷/code/P10719.cpp,P10719.cpp,cpp,1201,57,bc16e42d20e0e90886390a603c12e6698ce1251ee6cf167a2bc02fffa12e3b17,true,https://www.luogu.com.cn/problem/P10719,P10719
洛谷/code/P10721(2).c,P10721(2).c,c,1255,58,6ad2e93293bde7befe0d8def137684b80c39ddd10f1a2f5fa8443a56f4588494,true,https://www.luogu.com.cn/problem/P10721,P10721
洛谷/code/P10721.c,P10721.c,c,1576,81,14650a69070e99a29efd288e96205d19f9af253f6a7b150f1fb635618f574dd4,true,https://www.luogu.com.cn/problem/P10721,P10721
洛谷/code/P10722.cpp,P10722.cpp,cpp,867,52,f3a4b7f5f46a549b7ab1f88d37d4b57eaa1b8571b4cab3c8646b89b94d24c1ba,true,https://www.luogu.com.cn/problem/P10722,P10722
洛谷/code/P10723(2).cpp,P10723(2).cpp,cpp,961,56,28cb41cb213c2872bae13c39a9000b36db7ae5ee90b6bdca94e3b7417c9bb64e,true,https://www.luogu.com.cn/problem/P10723,P10723
洛谷/code/P10723.cpp,P10723.cpp,cpp,938,51,2efd607632a99d3136d01fadbf2277ed38dd9ebe31f8aa95b1cd4d4874d9d6d5,false,https://www.luogu.com.cn/problem/P10723,P10723
洛谷/code/P10725.cpp,P10725.cpp,cpp,1542,83,a4db2c3da75cf1d77c9696f16b0b8aef9014a426d40e6273eef41d6b1efe3573,true,https://www.luogu.com.cn/problem/P10725,P10725
洛谷/code/P10728.c,P10728.c,c,1280,62,f3a4d3810ff76232f43cef4268cd2d62405176114bd0612bac2b16d6e68e6edb,true,https://www.luogu.com.cn/problem/P10728,P10728
洛谷/code/P10729.cpp,P10729.cpp,cpp,1103,59,b0f55617ac55a7d545a8499a1e098891a35afd93fe72fce28193ecd0c169c032,true,https://www.luogu.com.cn/problem/P10729,P10729
洛谷/code/P1073.cpp,P1073.cpp,cpp,1053,59,a1a1dfbfeef79d3c0f3651de2ce4cd22dfccf10ec235a237ebbccb0f65efaaba,true,https://www.luogu.com.cn/problem/P1073,P1073
洛谷/code/P10734.cpp,P10734.cpp,cpp,983,57,869e8bdc4194bb527744310ea83cb5c6ef2872f27059267b37d9dd7aa463ff55,true,https://www.luogu.com.cn/problem/P10734,P10734
洛谷/code/P10759(2).cpp,P10759(2).cpp,cpp,2607,134,4afb8284ef8961e1a92e9ec7bf9cf26413e1c860d0f4e59cad82dca5074649f8,false,https://www.luogu.com.cn/problem/P10759,P10759
洛谷/code/P10759.cpp,P10759.cpp,cpp,2434,127,02c1d7501d7d9191b3c83eba71bb664d0fc2b61e3013555eb5147dca0c2dcfdc,false,https://www.luogu.com.cn/problem/P10759,P10759
洛谷/code/P10767.cpp,P10767.cpp,cpp,1522,58,4f59dd1a6ead1775fd1be55e49f01fd1278617319066ff382710aca510c736f0,true,https://www.luogu.com.cn/problem/P10767,P10767
洛谷/code/P10771.c,P10771.c,c,792,43,98f5ce2c3f93434d2c5fc613416fd3d1992994f716a881c312fc9c83dbd42b34,true,https://www.luogu.com.cn/problem/P10771,P10771
洛谷/code/P10793.cpp,P10793.cpp,cpp,860,41,71b28d8cfde825f6cb17ab8e77a6a3069b0046948a5454651e59cb81480a7399,true,https://www.luogu.com.cn/problem/P10793,P10793
洛谷/code/P10795.cpp,P10795.cpp,cpp,3809,198,d70b1054e7cc49bdc7908b0ff473a16fc8b15886aeb3b3066f4074d83004007f,false,https://www.luogu.com.cn/problem/P10795,P10795
洛谷/code/P10799.cpp,P10799.cpp,cpp,3920,196,b3ea982824aaa29a7ec483e8d256aa190294a78dbb77636e7ab5c7847befa3e4,false,https://www.luogu.com.cn/problem/P10799,P10799
洛谷/code/P1080.cpp,P1080.cpp,cpp,495,30,9e3286a55a451bc38c35a44d0a830ab405752408d1696d8a657f48b7a4b04bbd,true,https://www.luogu.com.cn/problem/P1080,P1080
洛谷/code/P1081.cpp,P1081.cpp,cpp,4816,198,472621c2bc93efd60f5fd7c5ada6dfc6c62c9f2734589cebbc380db126f8e33e,false,https://www.luogu.com.cn/problem/P1081,P1081
洛谷/code/P10819.cpp,P10819.cpp,cpp,3084,121,5a0904acf9e637d3ab6065cf07dda8a43e54c7e576518dccadcd23584c6382e5,true,https://www.luogu.com.cn/problem/P10819,P10819
洛谷/code/P1083.c,P1083.c,c,1044,45,5bbc368863b1e027d9a503d760dd32e8f1193c268481e1b0bd3f31a1d1c4d87c,true,https://www.luogu.com.cn/problem/P1083,P1083
洛谷/code/P10834.cpp,P10834.cpp,cpp,3096,156,b949300ac0b797c5cd5df36147c3cecb517ed5975b18aefbe8c53aba6cf3f21e,false,https://www.luogu.com.cn/problem/P10834,P10834
洛谷/code/P10837.cpp,P10837.cpp,cpp,1071,50,ba5bfffbe94f116bbf3b3f5de050abc932db76fa082671d8c42341de8138076b,true,https://www.luogu.com.cn/problem/P10837,P10837
洛谷/code/P1084.cpp,P1084.cpp,cpp,3260,173,0ab349765821109bae448dea40960502a67fd7ad92ae7c67305f80c1c059e2c6,true,https://www.luogu.com.cn/problem/P1084,P1084
洛谷/code/P10841.c,P10841.c,c,984,35,ed0191b45ccbe3df5be921fd324c339416aa9e1e2f0d215070abd366bd8ed469,true,https://www.luogu.com.cn/problem/P10841,P10841
洛谷/code/P10854.cpp,P10854.cpp,cpp,742,33,7489866217a7f0b619a98fffbf146d0ee47a2becc1162d9fd3c946763f464721,true,https://www.luogu.com.cn/problem/P10854,P10854
洛谷/code/P10875.cpp,P10875.cpp,cpp,5058,200,4adc64f2e169395f4834f37fc0448df3949de81b74cb0523f6d95e99ba395abf,true,https://www.luogu.com.cn/problem/P10875,P10875
洛谷/code/P1088.cpp,P1088.cpp,cpp,317,20,c47e2f6ac6a3ef64670593136a6641d5eafb064e4e1311c50f7eb8256b54ac5a,true,https://www.luogu.com.cn/problem/P1088,P1088
洛谷/code/P1090(2).c,P1090(2).c,c,593,32,1ff02211f92ed6286954299b1101a17ec2566b5562f4c7d2690ee9a4d94c6de9,true,https://www.luogu.com.cn/problem/P1090,P1090
洛谷/code/P1090.c,P1090.c,c,704,36,1439b561b52b6fea903a7a628def3031b632a46397bc20d264587bcd36678722,true,https://www.luogu.com.cn/problem/P1090,P1090
洛谷/code/P10903.cpp,P10903.cpp,cpp,617,29,022bf61e183f4a8cbfb9095749d2a4debb41e6d4fcf0b3f192904cbcdfef60c9,true,https://www.luogu.com.cn/problem/P10903,P10903
洛谷/code/P1091.c,P1091.c,c,792,48,70c815186bae2a6be021148b84f0a8879add6165d12bb34ae89f154d04874efa,true,https://www.luogu.com.cn/problem/P1091,P1091
洛谷/code/P1092.cpp,P1092.cpp,cpp,2004,101,4e59029ec6dd20412f89ec7ffc77441a4eae479a77b9367b2dc6c4c6ba25408a,true,https://www.luogu.com.cn/problem/P1092,P1092
洛谷/code/P10935.cpp,P10935.cpp,cpp,3253,171,ff71c3f7c295a3b8f410316fb064fd28df0b9eca7327b28d785e22ac10746e76,true,https://www.luogu.com.cn/problem/P10935,P10935
洛谷/code/P1094.c,P1094.c,c,624,36,c69ad22e7d17266fa1a9850bcbc48d38cccc50a21362e9143ee6907459626c61,true,https://www.luogu.com.cn/problem/P1094,P1094
洛谷/code/P10944.cpp,P10944.cpp,cpp,2732,140,0a2a36fa876c6fe9485602550c874fa35e56432942598bf4cec3348b9e3d5296,true,https://www.luogu.com.cn/problem/P10944,P10944
洛谷/code/P10944_2.cpp,P10944_2.cpp,cpp,3037,139,4f0c459bf2032aaed46c6fc4146705e7f9c578542740ff6e9c57cb877212e95c,true,,
洛谷/code/P1095.c,P1095.c,c,783,27,c200016910aa5e84e12d26d9f9843afd52b341d15429dd7cd9f26838e2bab3ef,true,https://www.luogu.com.cn/problem/P1095,P1095
洛谷/code/P10953.cpp,P10953.cpp,cpp,3409,174,3ab23c9373226b18472e72bf45b58b502b3f6d2597a73bb3553f2ca79f8bb531,true,https://www.luogu.com.cn/problem/P10953,P10953
洛谷/code/P10977.cpp,P10977.cpp,cpp,3582,176,e5f7872693c88a8a656f1d3186212df0c086cdb2cde9ca4c5671b5798e55e5af,false,https://www.luogu.com.cn/problem/P10977,P10977
洛谷/code/P10982.cpp,P10982.cpp,cpp,876,47,8702776efd5f4c8617bec732c6aaf2d3a5d4962ff1ec0d36c9d4904c889fc081,false,https://www.luogu.com.cn/problem/P10982,P10982
洛谷/code/P10986.cpp,P10986.cpp,cpp,1033,58,ea9004e88e6dacf72b8d07359f6a7903ad0d1634232cf1dabc98e9c7dc92d435,false,https://www.luogu.com.cn/problem/P10986,P10986
洛谷/code/P10988.cpp,P10988.cpp,cpp,1489,66,dfed2e6b8d6984ecacd1908fba6df29a2e68a97b906f5bccde46a37178ec21c7,true,https://www.luogu.com.cn/problem/P10988,P10988
洛谷/code/P1099.cpp,P1099.cpp,cpp,1643,72,126a2a5659bd61b99a17611c4b0dfdc7158892118da155a5317637e54f3e3a3f,true,https://www.luogu.com.cn/problem/P1099,P1099
洛谷/code/P11012.cpp,P11012.cpp,cpp,811,42,6b645cc2c27061901054beab46f287c3d0b3d4e28ae1728e18f3e761385bc96a,true,https://www.luogu.com.cn/problem/P11012,P11012
洛谷/code/P11018.cpp,P11018.cpp,cpp,2239,100,a5481497776bddd9ca85a61aea16c17affb223a243cec5c7f6b6a24a08785574,true,https://www.luogu.com.cn/problem/P11018,P11018
洛谷/code/P1102(2).cpp,P1102(2).cpp,cpp,353,19,82ab7d77d26638f8e7b62309e583229e1bb48321f38d973819efcc5a5d912c2a,true,https://www.luogu.com.cn/problem/P1102,P1102
洛谷/code/P1102.cpp,P1102.cpp,cpp,468,25,207dd33af2e8475b8e8c98a39e3b104761a54175adbc30c775a25a9e61d3426b,true,https://www.luogu.com.cn/problem/P1102,P1102
洛谷/code/P1103(2).c,P1103(2).c,c,1227,56,48fe4dab8147791d8526c5b14ad0687ae98c1670f58916c76d5bf1f31ca41e7c,true,https://www.luogu.com.cn/problem/P1103,P1103
洛谷/code/P1103.c,P1103.c,c,604,39,ce4bfcda3f56cb2d4c416f675af5e007e6cac059eec1930d1b8795ba273ccfa1,true,https://www.luogu.com.cn/problem/P1103,P1103
洛谷/code/P1106.c,P1106.c,c,610,34,7bf3cbe6f2ae1a3f6b846cd2a0b357aa4ad956e976cbc2336da7fb222b1b7e8a,true,https://www.luogu.com.cn/problem/P1106,P1106
洛谷/code/P1107.cpp,P1107.cpp,cpp,595,29,97b74344df7593676c3b3317644c3361954fd07389b4f549e8f35e9a627d4d05,true,https://www.luogu.com.cn/problem/P1107,P1107
洛谷/code/P1109.c,P1109.c,c,767,41,dbe2aa744a4ad30f2ba2d792706a3f22321b8990e2a657a57bd054adaef890cb,true,https://www.luogu.com.cn/problem/P1109,P1109
洛谷/code/P11095.cpp,P11095.cpp,cpp,7188,325,2c571fcee9dc99f2d60345660751ccb2da1c0b1665f0cebde0b44bbf05bfdc89,true,https://www.luogu.com.cn/problem/P11095,P11095
洛谷/code/P1111(2).cpp,P1111(2).cpp,cpp,604,37,9fb47e50e9d4232f4c24a6caec4104694bf501c590d0236832322175e184178b,true,https://www.luogu.com.cn/problem/P1111,P1111
洛谷/code/P1111.cpp,P1111.cpp,cpp,1578,87,f9fdc38ebb563f01697c01d18ae36145b823b34c52b449eec801edf4ebb1cdf2,true,https://www.luogu.com.cn/problem/P1111,P1111
洛谷/code/P11122.cpp,P11122.cpp,cpp,2809,118,13dd234d17884d46dec731a3e2431b0c53899d938bc3d65c617518a83dfd2384,true,https://www.luogu.com.cn/problem/P11122,P11122
洛谷/code/P1114.cpp,P1114.cpp,cpp,568,31,d9318a22ede0a840cecdf149fc6b2561be91d7686a0859c20c1b72d2d58e0c3b,true,https://www.luogu.com.cn/problem/P1114,P1114
洛谷/code/P1115.c,P1115.c,c,487,29,c845befa5f000799309702ca13eafbb9db71cc84f030456aa806616b8e3ccf9a,true,https://www.luogu.com.cn/problem/P1115,P1115
洛谷/code/P11167.c,P11167.c,c,1858,76,1e785b76bfafddecf007f0c1f66b56136141e7af5653109cc3bb865dbac0cd88,true,https://www.luogu.com.cn/problem/P11167,P11167
洛谷/code/P1117.cpp,P1117.cpp,cpp,5064,215,acc325584c5b1f9bc2295d27b1124248791ffe2b0839edb63c4091d527f6f9d3,true,https://www.luogu.com.cn/problem/P1117,P1117
洛谷/code/P1118(2).cpp,P1118(2).cpp,cpp,935,43,9180077cde7556e582571c850a51f209395ee7bd15716f38431eb615274e9155,true,https://www.luogu.com.cn/problem/P1118,P1118
洛谷/code/P1118.cpp,P1118.cpp,cpp,1676,83,fd407555ead3ea6adbc96c092dc991afdc16bba22e88038d7cb2c49f70114b22,true,https://www.luogu.com.cn/problem/P1118,P1118
洛谷/code/P11188.cpp,P11188.cpp,cpp,1039,41,984f0a9c06aacd675b567dceb51c854761683817b9cb6b38d39cf38f456a424b,false,https://www.luogu.com.cn/problem/P11188,P11188
洛谷/code/P11190.cpp,P11190.cpp,cpp,3281,132,c95ebbc5f1aa02d87375523c8064450a33ec2fd4a111a55486aadd7e6bed5173,true,https://www.luogu.com.cn/problem/P11190,P11190
洛谷/code/P11197(2).cpp,P11197(2).cpp,cpp,2213,111,34192df36ec9b3faec56f776d1e8221ba423158bd0bc6911047e15d1d8170e32,false,https://www.luogu.com.cn/problem/P11197,P11197
洛谷/code/P11197.cpp,P11197.cpp,cpp,2057,117,856b5b786d84c9cb2da6193ff9a26819534e19516c839bfef076773179a634ff,true,https://www.luogu.com.cn/problem/P11197,P11197
洛谷/code/P1120(2).cpp,P1120(2).cpp,cpp,2062,72,6492d3852656862407ee77c76b9861417cc70d1de060c9b8906faff93c7cac60,true,https://www.luogu.com.cn/problem/P1120,P1120
洛谷/code/P1120.cpp,P1120.cpp,cpp,1005,56,2bded6e44767383b2d1462af0f2a990b524e77eadf1dcf5b0872cddd1a1ff85a,true,https://www.luogu.com.cn/problem/P1120,P1120
洛谷/code/P11209.cpp,P11209.cpp,cpp,1649,87,0b7c2b3c0e932beb742b12a0bbb3489f1e1cca79adb9d416c10982992b19659e,true,https://www.luogu.com.cn/problem/P11209,P11209
洛谷/code/P1121.cpp,P1121.cpp,cpp,1444,73,668005b7f2321f69580dd6292fda19b666d9d50fe4a705a245d0249efc8bb3d3,true,https://www.luogu.com.cn/problem/P1121,P1121
洛谷/code/P11226.cpp,P11226.cpp,cpp,2093,107,3080cee6738671fb1f5adcebb333616c2593c5fbcba144b38009bf69aedcd229,true,https://www.luogu.com.cn/problem/P11226,P11226
洛谷/code/P11231.cpp,P11231.cpp,cpp,365,23,1f90693ddc0ca229db0904652452d62fca05fae0d3ff2c81e4eeab45f2770670,true,https://www.luogu.com.cn/problem/P11231,P11231
洛谷/code/P11232.cpp,P11232.cpp,cpp,3030,140,c610cb83ce16698911c6116150c507d2dfdfb263eb5acfb47b5ec52f0335e92a,false,https://www.luogu.com.cn/problem/P11232,P11232
洛谷/code/P11233.cpp,P11233.cpp,cpp,1067,49,50080bf03861d2d3be253d3b42c31bd16333a749dd74d846a7e3849714d729a0,false,https://www.luogu.com.cn/problem/P11233,P11233
洛谷/code/P1126.cpp,P1126.cpp,cpp,2640,102,5627940338834184d0d7ad26026613de6a27ca4c147b70ef0bbafe826cc3384a,true,https://www.luogu.com.cn/problem/P1126,P1126
洛谷/code/P11261.cpp,P11261.cpp,cpp,1505,83,f8246d68949659360b1d868f2196434a1818666945b58c524069f7b9caa9215a,false,https://www.luogu.com.cn/problem/P11261,P11261
洛谷/code/P11266.cpp,P11266.cpp,cpp,2366,116,304fbee8b0bbe43de10343026d2d4b96dde1c129b7459160b1098adefdcf76f3,false,https://www.luogu.com.cn/problem/P11266,P11266
洛谷/code/P11277.cpp,P11277.cpp,cpp,831,43,fb4500fee2dcee5db509f5dc449635d534b5c333f222aef5d872ceffa4c2dc50,false,https://www.luogu.com.cn/problem/P11277,P11277
洛谷/code/P11293.cpp,P11293.cpp,cpp,1322,52,3cf17dba04730821db07e871f099341eec3dc48bd69797e65df1b1e106172aa4,true,https://www.luogu.com.cn/problem/P11293,P11293
洛谷/code/P11294.cpp,P11294.cpp,cpp,2434,134,608bea613d8cf818a511c027901a697bdeaa77df5c22df27b567f15d6fcb837e,true,https://www.luogu.com.cn/problem/P11294,P11294
洛谷/code/P1130(2).c,P1130(2).c,c,1233,45,9e6578ebfd0d8568324198055b7ecb12879dbebbdb17632c3d3b2ee05e3715ad,true,https://www.luogu.com.cn/problem/P1130,P1130
洛谷/code/P1130(3).c,P1130(3).c,c,1085,42,6dad34028b7760c76697ef074a0892e5635c6a09b73dc3ccafe53904d0e11dff,true,https://www.luogu.com.cn/problem/P1130,P1130
洛谷/code/P1130.c,P1130.c,c,764,42,d2d146857cd393b9bdd99c95e3216eaeec38ea8e8c717eba265ef5fbdcd3abe2,true,https://www.luogu.com.cn/problem/P1130,P1130
洛谷/code/P11306.cpp,P11306.cpp,cpp,2534,147,d320e795d9ee58270404cd661d3de670caa56382a5d03deb37d69f5eae28c27f,true,https://www.luogu.com.cn/problem/P11306,P11306
洛谷/code/P1131.cpp,P1131.cpp,cpp,980,53,dd58bf1f5ae68b08209d1d5441ff88bcd4b71ac4ce999dc02be64bbfc52fd5b6,true,https://www.luogu.com.cn/problem/P1131,P1131
洛谷/code/P11319.cpp,P11319.cpp,cpp,1516,88,0ccf7d908a5357595f799dd3e529b3846999634d454de17b4bee42e892315c68,true,https://www.luogu.com.cn/problem/P11319,P11319
洛谷/code/P1133(2).c,P1133(2).c,c,1319,44,514f592ec4d0502d8b28fa9a795e95d1d511e44ea6c880aab66026f59aa2c9b9,true,https://www.luogu.com.cn/problem/P1133,P1133
洛谷/code/P1133.c,P1133.c,c,258,19,63c31d630671cd6386a49b719c9aae299482716cce606e1e34afba47c22ba299,true,https://www.luogu.com.cn/problem/P1133,P1133
洛谷/code/P1135.cpp,P1135.cpp,cpp,790,43,6339f8b4b026b58c765b0b925c709536f5aa3eaef4633662d3eb52f22a7bb5d4,true,https://www.luogu.com.cn/problem/P1135,P1135
洛谷/code/P1136.cpp,P1136.cpp,cpp,896,30,d8034e7f17e23ff1a015e53883167449dfdf9ad984bf777588ee59d9f9d4bccb,true,https://www.luogu.com.cn/problem/P1136,P1136
洛谷/code/P1137.cpp,P1137.cpp,cpp,938,47,b07496361d249f212430f0c164b8a78fe4a2809a1e743bdb1212cc80eef3510e,true,https://www.luogu.com.cn/problem/P1137,P1137
洛谷/code/P1139.cpp,P1139.cpp,cpp,1564,60,ee35043b35685bb16a5307ccea662e35605d7b88e6f49e8338321fbe8831f743,true,https://www.luogu.com.cn/problem/P1139,P1139
洛谷/code/P1140.c,P1140.c,c,1518,80,e3b9baa79f91bad314a88b3adb5b33d85c79d52a9e96b696d6ecb72ce20ae9c7,true,https://www.luogu.com.cn/problem/P1140,P1140
洛谷/code/P1141.cpp,P1141.cpp,cpp,780,37,9f85c2f61647c249e89f15177b96dabc7ff5b1823d8ebe98e1d293e5284ca6d8,true,https://www.luogu.com.cn/problem/P1141,P1141
洛谷/code/P1144.cpp,P1144.cpp,cpp,1174,57,91e047c315e3018b8846034e83678e6d331a01c29459213e08a0c369072d51d6,true,https://www.luogu.com.cn/problem/P1144,P1144
洛谷/code/P11453.cpp,P11453.cpp,cpp,2844,140,7f7506e2c59ab514d77b3bcd711cb559d0719c496f2e0bd0f1ffbff355a2f50c,true,https://www.luogu.com.cn/problem/P11453,P11453
洛谷/code/P1156.c,P1156.c,c,938,46,d7b4a20428091918524f80bcdb3075a92c65a4ad093627ba259d09ff4885f328,true,https://www.luogu.com.cn/problem/P1156,P1156
洛谷/code/P11562.cpp,P11562.cpp,cpp,1519,85,69dde33c158528d260d06c2f085d44521f93a87a52a8dd031aad481c83e83e3a,true,https://www.luogu.com.cn/problem/P11562,P11562
洛谷/code/P1157.c,P1157.c,c,419,23,635f5825cbe4a87231a0c209f84f219596fbfdaabd48ca26eb4fa14ba60626b4,true,https://www.luogu.com.cn/problem/P1157,P1157
洛谷/code/P11593.cpp,P11593.cpp,cpp,2630,115,6f8c1a2635f549083a4e4d6e188333f5fc827b10655e91240130df1ab2d71f00,true,https://www.luogu.com.cn/problem/P11593,P11593
洛谷/code/P1162.c,P1162.c,c,1389,68,188f966b174978e0e877b53c26ba0705f19a4ae5959117c3cb553745e6a893b0,true,https://www.luogu.com.cn/problem/P1162,P1162
洛谷/code/P11627.cpp,P11627.cpp,cpp,4225,216,e3bea229b6ddf12656c58150e715da085b2d0097da32c3653889a009b11c49e5,false,https://www.luogu.com.cn/problem/P11627,P11627
洛谷/code/P1164.c,P1164.c,c,826,47,f970eb22fbb3136de3fbb715de2434c27848de3756b811f2afff9d294c0cfe0f,true,https://www.luogu.com.cn/problem/P1164,P1164
洛谷/code/P11659.cpp,P11659.cpp,cpp,2026,101,f9324f15920b5cae61db7472d8e26b4f95ee46d3932546ea2430edb3909ae17e,true,https://www.luogu.com.cn/problem/P11659,P11659
洛谷/code/P11664.cpp,P11664.cpp,cpp,2694,109,e317f5d1ce651a6eec5cba69cd3476b01bdbc3d37ab0c72173a43795d4f6822e,true,https://www.luogu.com.cn/problem/P11664,P11664
洛谷/code/P1168.cpp,P1168.cpp,cpp,331,16,a693acc18d1bf0b4845953a6eb3df77c9fd8fe1d1f1583e38cb49fe201422819,true,https://www.luogu.com.cn/problem/P1168,P1168
洛谷/code/P1174.cpp,P1174.cpp,cpp,1480,69,3c7026149b542b91ebdd51c9c7024885bfbb59e103f0b72692483df9c6b69979,true,https://www.luogu.com.cn/problem/P1174,P1174
洛谷/code/P1177.cpp,P1177.cpp,cpp,261,16,af8ac055d8f14180db8363a5112055edcbb126a296075c0195f65181bdae9dc4,true,https://www.luogu.com.cn/problem/P1177,P1177
洛谷/code/P1180.c,P1180.c,c,1413,54,91d7dd71f3a6ef7c680be6a61228560e737a739dffe6b7a9607ec8ab193f5de6,true,https://www.luogu.com.cn/problem/P1180,P1180
洛谷/code/P1180.cpp,P1180.cpp,cpp,892,40,9c939b769e206ad89577bdf0d7a19ba1716dd0d3495cf6fbebf6a2392cd921ff,true,https://www.luogu.com.cn/problem/P1180,P1180
洛谷/code/P1181.c,P1181.c,c,758,40,df7bb51d9c7a30083b6ea9b4d8bc94376a75bc288480103fc49f49b2553acd0a,true,https://www.luogu.com.cn/problem/P1181,P1181
洛谷/code/P1182.c,P1182.c,c,818,42,c1cf627795ed933ed7bc0a51cd22d79d9764888e104db63dbf7568ce56643e25,true,https://www.luogu.com.cn/problem/P1182,P1182
洛谷/code/P1186.cpp,P1186.cpp,cpp,2070,100,342fb1a9e11db9762b3786416fbe922f3a489f646bfed87ba52b20c74c76b822,true,https://www.luogu.com.cn/problem/P1186,P1186
洛谷/code/P11885.cpp,P11885.cpp,cpp,3837,204,d8c0e447787178390f31fb9d08b50d17c8d7fd5387224dee143c94ddd11697a4,true,https://www.luogu.com.cn/problem/P11885,P11885
洛谷/code/P11888.cpp,P11888.cpp,cpp,729,30,988820fcba56521e286796184e11b3067c9f782e2c50e8dc7a118248ee91168b,false,https://www.luogu.com.cn/problem/P11888,P11888
洛谷/code/P1189.cpp,P1189.cpp,cpp,2151,90,f580e04585bee0f28ae825d9485802a1e17813ce83d5b27dfff080803b8b344a,true,https://www.luogu.com.cn/problem/P1189,P1189
洛谷/code/P1190(2).c,P1190(2).c,c,980,36,c891920b8ad0066973fd8008c9e6bc0362aa5ee872ae68a60ff409350d49b5d5,true,https://www.luogu.com.cn/problem/P1190,P1190
洛谷/code/P1190.c,P1190.c,c,801,33,f797823f3d4f03abf2fcf6987a07971c587393e242cd92dd0f8bd6dc281ab685,true,https://www.luogu.com.cn/problem/P1190,P1190
洛谷/code/P1195.cpp,P1195.cpp,cpp,846,44,baeefe743093f48283595d38c1f2fb2257e52fa8e277717ea21ef18485dbec7e,true,https://www.luogu.com.cn/problem/P1195,P1195
洛谷/code/P1196.c,P1196.c,c,1386,86,6248a295462c832db0d79d27f536e1c15c45f224622d0209e9ea09ac51b69889,true,https://www.luogu.com.cn/problem/P1196,P1196
洛谷/code/P1196.cpp,P1196.cpp,cpp,1046,59,e9de10898c0b4f5821aa377b1f54a80c4626963d1a500e06dffdc73d55b08422,true,https://www.luogu.com.cn/problem/P1196,P1196
洛谷/code/P1197.cpp,P1197.cpp,cpp,2015,75,9fc9a394fa67891a43f6119c447ad7e96f9a9c1b856e3cc582f6cb03fb4bcc2c,true,https://www.luogu.com.cn/problem/P1197,P1197
洛谷/code/P1198.cpp,P1198.cpp,cpp,1030,43,0f06a7f31436fbb109f5feaf817268669ac68ea3a9a87ef7ece2d2ddd747d206,true,https://www.luogu.com.cn/problem/P1198,P1198
洛谷/code/P11993.cpp,P11993.cpp,cpp,3007,160,61bd400128ffe02755edfe5498ab26ac3dcb51150b88cfcc16acf13e58d1d9ba,true,https://www.luogu.com.cn/problem/P11993,P11993
洛谷/code/P12003.cpp,P12003.cpp,cpp,11459,514,688ccf852dd8daf429ae0832025e338fcede77f5a50154d0e08b207b2d798101,true,https://www.luogu.com.cn/problem/P12003,P12003
洛谷/code/P12009.cpp,P12009.cpp,cpp,1713,91,aa9b90e3432ebef97bf5579260a09383b718d893f7fa762048569769c28ec120,false,https://www.luogu.com.cn/problem/P12009,P12009
洛谷/code/P1203(2).c,P1203(2).c,c,981,53,78679e5a49cab49ef6e6f085b27fa5dbb845718284f091f328b7c07e8050449b,true,https://www.luogu.com.cn/problem/P1203,P1203
洛谷/code/P1203(3).c,P1203(3).c,c,1468,69,80f8ca945b61e68db0f6439f7e78493d90a51648aaacc13b7ce1526ede64c64d,true,https://www.luogu.com.cn/problem/P1203,P1203
洛谷/code/P1203.c,P1203.c,c,946,48,23928fa8657874c9b4a21f265b62cdade98b9d94eefd6f799daf62b24a8814a5,true,https://www.luogu.com.cn/problem/P1203,P1203
洛谷/code/P1204.cpp,P1204.cpp,cpp,668,33,583fd578f1ce551d03bf6629e2ba5640144e1007f4de2483ee6a786075cf251b,true,https://www.luogu.com.cn/problem/P1204,P1204
洛谷/code/P1208.c,P1208.c,c,875,48,36d4abf9fb039a60d00ccaa97ad7889eb868916d5fbe87afc06d951a29190b98,true,https://www.luogu.com.cn/problem/P1208,P1208
洛谷/code/P1209(2).c,P1209(2).c,c,896,37,96ac53905b8850d0fe02e150cedc705214cca4c8ea93f4134c3c83ea9aa0d5b7,true,https://www.luogu.com.cn/problem/P1209,P1209
洛谷/code/P1209.c,P1209.c,c,1075,55,09ebcbf17e3f84774fc3a7b045fbb3a6f30318f887bee55241f2efaa62e91995,true,https://www.luogu.com.cn/problem/P1209,P1209
洛谷/code/P1216.c,P1216.c,c,683,39,00aa648fed0353533c43747d077ea9b07b5962f23e29690775cd2b7d5d04f27f,true,https://www.luogu.com.cn/problem/P1216,P1216
洛谷/code/P1220(20.c,P1220(20.c,c,1181,39,d292ac1f3bac136bf9c4184ed7ffc1d0aedfe46ba2aab1a691b82f7428cb5ee6,true,https://www.luogu.com.cn/problem/P1220,P1220
洛谷/code/P1220.c,P1220.c,c,105,11,0471afc042483feac3f0056d12d772f5d8d80bfb7951490ea8196b8fb99dcf3d,true,https://www.luogu.com.cn/problem/P1220,P1220
洛谷/code/P12213.cpp,P12213.cpp,cpp,1349,68,6e0dbba0e432b235f42c3a58f9598f5ad1e8066470abc2a606cbcaaaee9ca8ab,true,https://www.luogu.com.cn/problem/P12213,P12213
洛谷/code/P1223.c,P1223.c,c,654,39,b84795c90c8083f52acfbe73f52a89e108b6869c4f636478e9792964dc94e9fd,true,https://www.luogu.com.cn/problem/P1223,P1223
洛谷/code/P1225.cpp,P1225.cpp,cpp,3588,162,8602c3f1bc1b732c1356b264390a836bc1d833f26d1488c2261190af3fd64940,true,https://www.luogu.com.cn/problem/P1225,P1225
洛谷/code/P1226.c,P1226.c,c,386,23,e3b5d743fba35a9bfde9091eb28531880a5e6def5baacabea9cd99c8b02b410a,true,https://www.luogu.com.cn/problem/P1226,P1226
洛谷/code/P12261.cpp,P12261.cpp,cpp,1049,53,786f5de140f6927a16025bdece432b43e08d8e398b47426f8b04ef880cdd67b2,true,https://www.luogu.com.cn/problem/P12261,P12261
洛谷/code/P1229.c,P1229.c,c,355,18,9f13ab6b2921a77452d5e5bd244a75fa464d04b0485f64af99c746da6c3d8cb2,true,https://www.luogu.com.cn/problem/P1229,P1229
洛谷/code/P1230(2).c,P1230(2).c,c,938,50,4d53f05deddf5e312ea9e8f3a8ea65cce7869371b395102ba8273d6591692f49,true,https://www.luogu.com.cn/problem/P1230,P1230
洛谷/code/P1230.c,P1230.c,c,871,54,7ee6272116ee4b3622a0665478866b1041e86bb1e8dcc040053a1a931e438840,true,https://www.luogu.com.cn/problem/P1230,P1230
洛谷/code/P12300.cpp,P12300.cpp,cpp,2149,100,41c998bef9b5ffd18122cf3e318eb948c735939f3ecd75ad7f3edf3e2ad1664d,true,https://www.luogu.com.cn/problem/P12300,P12300
洛谷/code/P1231.cpp,P1231.cpp,cpp,2650,143,590ec57b169263651e85790e6c12ff0cd692ec233cc84d34cd90b6871b8c9be5,true,https://www.luogu.com.cn/problem/P1231,P1231
洛谷/code/P1232.cpp,P1232.cpp,cpp,1513,77,0ce9bdb4ee085e80163a47c4b97e90925fd7f05b08edc1ca1ef6d467db05eb09,true,https://www.luogu.com.cn/problem/P1232,P1232
洛谷/code/P1233.c,P1233.c,c,1341,69,c8f9e3bbea1b7fc046a2620d1bb2d86e5eae8bb27526b4a45cf96d58d2097957,true,https://www.luogu.com.cn/problem/P1233,P1233
洛谷/code/P12361.cpp,P12361.cpp,cpp,3935,203,8d906d199c0eefb27a0feaf8f15055f7fa5471548e1747718c5c762d30b4717a,true,https://www.luogu.com.cn/problem/P12361,P12361
洛谷/code/P12364.cpp,P12364.cpp,cpp,1475,75,53137ddd857c6ad20787ac3dc8593a194e56b007a254a444751e05ea377c7b7e,false,https://www.luogu.com.cn/problem/P12364,P12364
洛谷/code/P12364.py,P12364.py,py,1479,60,6c5b024f21e4e888e1b941b3ab128d589dabe744720e863b37a5bc80772387ee,false,https://www.luogu.com.cn/problem/P12364,P12364
洛谷/code/P1247.c,P1247.c,c,1026,46,d7ff940266e4a21b01edcb35f239eb23122b26d13420c4851b30c2402902f90b,true,https://www.luogu.com.cn/problem/P1247,P1247
洛谷/code/P1248.cpp,P1248.cpp,cpp,1042,58,09fabb467cc8df91ea0e0d94cb9d69f80fe5b9960c6561310625ddaa51813ac9,true,https://www.luogu.com.cn/problem/P1248,P1248
洛谷/code/P1250.c,P1250.c,c,1504,77,e1b56928088736d75a9372c7e09949d17745936a8a9de3cdddc6c54d4090a9ba,true,https://www.luogu.com.cn/problem/P1250,P1250
洛谷/code/P1251.cpp,P1251.cpp,cpp,4565,200,9f95daf594b03a99cc97ae55cceabd8c5f7cb066c4baee53f5ec17ca7e9c81e3,false,https://www.luogu.com.cn/problem/P1251,P1251
洛谷/code/P1252.c,P1252.c,c,996,33,dae6e78356e920157d41930d5ab6b8e599f53af0cf2fab53ec34591ba55f4788,true,https://www.luogu.com.cn/problem/P1252,P1252
洛谷/code/P1252.cpp,P1252.cpp,cpp,983,36,d3991003fd2417a1c7d4efa740aa09a2fb72812df8b16183b869ea9ee8222d09,true,https://www.luogu.com.cn/problem/P1252,P1252
洛谷/code/P1256.cpp,P1256.cpp,cpp,1027,46,367f46bdce77763c05436483308d6ed5c8876a1fb3aabbfffcd3131591d051b0,true,https://www.luogu.com.cn/problem/P1256,P1256
洛谷/code/P1258.c,P1258.c,c,215,11,9b70cf2e70bb73217c89e63618dfa2a2cc05f1be8a1e01cd944f71318806210a,true,https://www.luogu.com.cn/problem/P1258,P1258
洛谷/code/P12598.cpp,P12598.cpp,cpp,2612,148,4884f19c1324d01de66107872d9ce8a1dec2603e21508842256c711d8fef377e,true,https://www.luogu.com.cn/problem/P12598,P12598
洛谷/code/P1260.cpp,P1260.cpp,cpp,2034,92,c1f1f9ede3be4fb1e0aa10c096796ef97c452f3ba5f5c93315985628b1dc208a,true,https://www.luogu.com.cn/problem/P1260,P1260
洛谷/code/P1261.cpp,P1261.cpp,cpp,5926,164,ae7e9f19abcaa02341a788cd8318c53f5007109e3e5df2f7713246640e5bd69e,true,https://www.luogu.com.cn/problem/P1261,P1261
洛谷/code/P1262.cpp,P1262.cpp,cpp,3243,154,ca64fc1527e24d194551272d8c1ddc7a7659b8937c42c87e43db3bdf60edb35b,true,https://www.luogu.com.cn/problem/P1262,P1262
洛谷/code/P1263.cpp,P1263.cpp,cpp,3727,181,628e0296ccb8cb4b246da364540eef69be9584ab82ca2af1db2d24579de479fd,true,https://www.luogu.com.cn/problem/P1263,P1263
洛谷/code/P1264.cpp,P1264.cpp,cpp,4764,198,b1c5c84ea55b1e30724f672231b8d6882266e6b02f17ef3719f4e2002490fe9b,true,https://www.luogu.com.cn/problem/P1264,P1264
洛谷/code/P1266.cpp,P1266.cpp,cpp,2494,110,125ae041fa8fd22a15105c151c55e86655a9bdb5b41fd3458f3ba6250faa5582,true,https://www.luogu.com.cn/problem/P1266,P1266
洛谷/code/P12671.cpp,P12671.cpp,cpp,2317,127,272b4d51343821c0fb046715de4f80dc77a721b70ecc2b566a9e4dd32663bddb,true,https://www.luogu.com.cn/problem/P12671,P12671
洛谷/code/P12685(2).cpp,P12685(2).cpp,cpp,3974,189,ea8b26c130974fe6309767fa053689fc929b379955bbb6f99ac136d085213f4d,true,https://www.luogu.com.cn/problem/P12685,P12685
洛谷/code/P12685(3).cpp,P12685(3).cpp,cpp,3271,130,171b229fc04201d9d71ecf13270cb0830ede4c01b31255522d1bea115c94090a,true,https://www.luogu.com.cn/problem/P12685,P12685
洛谷/code/P12685.cpp,P12685.cpp,cpp,3197,171,90047ccb7ed4ab80fb4d4415965b31d04d6083ca7ec6a8383ed5fd280980fc16,true,https://www.luogu.com.cn/problem/P12685,P12685
洛谷/code/P1269.cpp,P1269.cpp,cpp,1157,61,bdbe92cb477e5d8858219bdabd398bc9c3b3fdf2f4ff1048d3f9423baf659ce9,true,https://www.luogu.com.cn/problem/P1269,P1269
洛谷/code/P1270.cpp,P1270.cpp,cpp,2302,110,e33de7530971c130f19a20c45a80991b6dd191f771ff9d2cfffb0a4e65a71bca,true,https://www.luogu.com.cn/problem/P1270,P1270
洛谷/code/P1273.cpp,P1273.cpp,cpp,1455,66,1282a953fc1e7b284d8af6cf8b87ca257dcd479219e5755837badc175026f9fa,true,https://www.luogu.com.cn/problem/P1273,P1273
洛谷/code/P12736.cpp,P12736.cpp,cpp,1452,78,875150bc2de9ae08feda9027c03fb409f272e69352e890eeb4ded69d04441856,true,https://www.luogu.com.cn/problem/P12736,P12736
洛谷/code/P1276(2).cpp,P1276(2).cpp,cpp,1728,85,d59a52bc7cfa38206c90307719588db145f7d0444933719c32ff6dd0a498a215,true,https://www.luogu.com.cn/problem/P1276,P1276
洛谷/code/P1276.cpp,P1276.cpp,cpp,2554,134,e5802411a4ef4c2a9da713475f808b108e7fb6f162e3a91491f4fcb9255c23fa,true,https://www.luogu.com.cn/problem/P1276,P1276
洛谷/code/P1277.cpp,P1277.cpp,cpp,4122,148,15e1369c37229500a5e784ba52ea34fae8f9fa60e95e77750d1d2cc540c31d20,true,https://www.luogu.com.cn/problem/P1277,P1277
洛谷/code/P1277_2.cpp,P1277_2.cpp,cpp,8724,341,2a84bc5b1baeccb2074299c986ca9790fd1a33a72652ad2d320cce01310783d4,true,,
洛谷/code/P1279.cpp,P1279.cpp,cpp,564,29,25a84fb18f651fea872da5fc11531e0bec1f0dc2ab9652b1ecd80999f4dc0fcb,true,https://www.luogu.com.cn/problem/P1279,P1279
洛谷/code/P1280.c,P1280.c,c,1006,44,f865fb52334371185e557b69d40d2cac12c9023d499f01552f0fbf5550596774,true,https://www.luogu.com.cn/problem/P1280,P1280
洛谷/code/P1281(2）.c,P1281(2）.c,c,1061,51,594974d3ef4a9975b11b214e5b6c5f61ad39e49702bf133f84d6c93d647a5b74,true,https://www.luogu.com.cn/problem/P1281,P1281
洛谷/code/P1281.c,P1281.c,c,1119,57,f7a7b96050741fae219b22a9ea9ed9a2f0a1875be04e0ad356205de4c413a853,true,https://www.luogu.com.cn/problem/P1281,P1281
洛谷/code/P1284(2).c,P1284(2).c,c,1212,52,c27e34c289eae0b21039627e068c3f264d0d4e998619775b592db247cbd0c69a,true,https://www.luogu.com.cn/problem/P1284,P1284
洛谷/code/P1284.c,P1284.c,c,1483,66,38a2d7c8217c5b1fd862e04aad941d5ef1e53f72ae3919c463087081c6458ecc,true,https://www.luogu.com.cn/problem/P1284,P1284
洛谷/code/P12845(2).cpp,P12845(2).cpp,cpp,3311,172,71d49732c1736f2c9330a8fda411e5c796c738234e74483c7a0b0c77573c4eeb,true,https://www.luogu.com.cn/problem/P12845,P12845
洛谷/code/P12845.cpp,P12845.cpp,cpp,2177,108,11f95a2f059f372829e9dd943d52081869c2b9e5cf8d5f426424d60568182e62,true,https://www.luogu.com.cn/problem/P12845,P12845
洛谷/code/P12846.cpp,P12846.cpp,cpp,3906,146,dec073db85fc4dc10e9744857a54e47bf953579bf9d1d5f021176ee6ceec3f4c,true,https://www.luogu.com.cn/problem/P12846,P12846
洛谷/code/P12847.cpp,P12847.cpp,cpp,1851,77,4086d1a7c2ffd9fe10d2f2543b0394f8d240411b703f3c0e22a311c16cd1fd5f,false,https://www.luogu.com.cn/problem/P12847,P12847
洛谷/code/P12848.cpp,P12848.cpp,cpp,722,44,59c4064329a718044bdaa2c587c6ac6aac8951cea5aacbae124c121f958a4bb8,true,https://www.luogu.com.cn/problem/P12848,P12848
洛谷/code/P1285.cpp,P1285.cpp,cpp,3387,179,f4d90af1b1725363d3b881b30d525119d615051052a58e2a42e8eb943e255316,true,https://www.luogu.com.cn/problem/P1285,P1285
洛谷/code/P1286.cpp,P1286.cpp,cpp,1296,60,75958794d91465007ff3e907232cd4ba48592c687c9af250107ea6dc446c625c,true,https://www.luogu.com.cn/problem/P1286,P1286
洛谷/code/P1288(2).c,P1288(2).c,c,520,31,c2cacc48fa691cff2d6f8ece6b6783236f1f45e8b83ab2b272b3b4e25023dbbb,true,https://www.luogu.com.cn/problem/P1288,P1288
洛谷/code/P1288.c,P1288.c,c,393,24,a4697ccb6a007e8ff8df11ca48b695b5c2d0c53b16d0f486488f6db52865e93d,true,https://www.luogu.com.cn/problem/P1288,P1288
洛谷/code/P1290.c,P1290.c,c,691,28,673da22858ddf06708cb7b0c1af846367b8875f62bb30eb3446ba9b1f61a0563,true,https://www.luogu.com.cn/problem/P1290,P1290
洛谷/code/P1295.cpp,P1295.cpp,cpp,3434,168,6a86662d56d91afa1c021b2c4b0943bbea7a20aa04642cab73af3edba67677c2,false,https://www.luogu.com.cn/problem/P1295,P1295
洛谷/code/P1298.cpp,P1298.cpp,cpp,1758,82,560351699b6a03a52015ef0938ff62f4cc95d8770191bf34657d3a34146b6aab,true,https://www.luogu.com.cn/problem/P1298,P1298
洛谷/code/P1300.cpp,P1300.cpp,cpp,3700,127,085dfc9d882f4f753fbbfa1b5ba7960ed18f7848a2e5b88a3ccece3e0cef06a1,true,https://www.luogu.com.cn/problem/P1300,P1300
洛谷/code/P1305(2).cpp,P1305(2).cpp,cpp,396,32,09b3966e71edbc9e5adf2c19226a9961b4cd7a5bec5a71dd3b257264dbe48b57,true,https://www.luogu.com.cn/problem/P1305,P1305
洛谷/code/P1305.cpp,P1305.cpp,cpp,413,30,7bed41b0d4a21595ce8a48b3cde9e491ea075ae2a7806a446a978c3fe7bb11af,true,https://www.luogu.com.cn/problem/P1305,P1305
洛谷/code/P1306.cpp,P1306.cpp,cpp,1633,72,b12daca90fbf271b8c245f4316f52b29ab1737e91f4b31fa28ccd3d8d801e60a,false,https://www.luogu.com.cn/problem/P1306,P1306
洛谷/code/P13078.cpp,P13078.cpp,cpp,3232,166,bfcc840a87cb76e32da2a4c5d5c4637ca3a9e07124196bc8a27fc5bf15294dff,true,https://www.luogu.com.cn/problem/P13078,P13078
洛谷/code/P1314.cpp,P1314.cpp,cpp,1269,53,b8b976e55d9c20a0289811c756a1ccce300197e7894658530af12fed948b6a2d,true,https://www.luogu.com.cn/problem/P1314,P1314
洛谷/code/P1315.cpp,P1315.cpp,cpp,1183,59,e8e26c71d5976004ae4a814865083a7859d724ea41d433cd7e884727d0a09471,true,https://www.luogu.com.cn/problem/P1315,P1315
洛谷/code/P1324.c,P1324.c,c,642,34,451871c99b9e4a92c98623769545a600f78373e7ea09007acacf5cab62d56b37,true,https://www.luogu.com.cn/problem/P1324,P1324
洛谷/code/P1330(2).cpp,P1330(2).cpp,cpp,1088,65,9e95fa3e8099d095ab601113bfe9116fb89133ea074c78865cedd29eef2e5ad5,true,https://www.luogu.com.cn/problem/P1330,P1330
洛谷/code/P1330.cpp,P1330.cpp,cpp,1609,70,b24ca6b6251e5dd3fd4b1c82e8d377064bbcba72057ca1a797fa5c72a486658b,true,https://www.luogu.com.cn/problem/P1330,P1330
洛谷/code/P1332.cpp,P1332.cpp,cpp,1032,49,0a8be66fdbd40d68759adc62da0e1af68bcc8bb5fb8d291f14f28bc694918afb,true,https://www.luogu.com.cn/problem/P1332,P1332
洛谷/code/P1333.cpp,P1333.cpp,cpp,1351,73,14c1309671536ea57a26e27ea38f20e6a74f01302cb089a85a4321eb5865a74e,true,https://www.luogu.com.cn/problem/P1333,P1333
洛谷/code/P1336.c,P1336.c,c,937,48,ca8a52f6951414e219534182d30832e62e2a17f240985d1b1e19d2b61ad0abbf,true,https://www.luogu.com.cn/problem/P1336,P1336
洛谷/code/P1338(2).cpp,P1338(2).cpp,cpp,627,34,d4aac71f0052b0eefd71f4f2ff0df42c037da5ad8f505a9483be37acbc0cc70d,true,https://www.luogu.com.cn/problem/P1338,P1338
洛谷/code/P1338.cpp,P1338.cpp,cpp,749,31,93f0443ab84452c3583f35233d3f4bf1db99cb6a071d3174fecc0ff6a4a92842,true,https://www.luogu.com.cn/problem/P1338,P1338
洛谷/code/P1340.cpp,P1340.cpp,cpp,2095,103,ea7c573b28649048e29bfd84da69a0c55847a4bc520074887e4e397b86abad6a,true,https://www.luogu.com.cn/problem/P1340,P1340
洛谷/code/P1341.cpp,P1341.cpp,cpp,2324,113,4b0254587338351b2df5b0b33c21e161113e30491b6631b96a3e48f162c92a33,true,https://www.luogu.com.cn/problem/P1341,P1341
洛谷/code/P1342(2).cpp,P1342(2).cpp,cpp,1689,92,f8045cdc903180c389074a9df9c7779925b83483f8d72b48c32ff4220f192201,true,https://www.luogu.com.cn/problem/P1342,P1342
洛谷/code/P1342.cpp,P1342.cpp,cpp,2181,91,8cba87d2dc7634fae56c37e1be772cd01e0faeb547d2327c8bb6398e042e435c,true,https://www.luogu.com.cn/problem/P1342,P1342
洛谷/code/P1343.cpp,P1343.cpp,cpp,2760,115,bba667b881288f22e52df7ce8f15219dac0e0d6e6a2aee1476ef938eef67cfcf,false,https://www.luogu.com.cn/problem/P1343,P1343
洛谷/code/P1344.cpp,P1344.cpp,cpp,2882,113,fddd0422eba54d4925c775bbd83acf3cddf1e1068e8688426da322385d2ad761,false,https://www.luogu.com.cn/problem/P1344,P1344
洛谷/code/P1345.cpp,P1345.cpp,cpp,2675,120,766a071bb976bc2e4a35a4fdd371886d044f4fac1802dc8879dece21732006c8,false,https://www.luogu.com.cn/problem/P1345,P1345
洛谷/code/P1347(2).cpp,P1347(2).cpp,cpp,3264,118,fe88e275f28da23ca75cb737853a36ba7264056317813873bc743bf8d91fc4bb,true,https://www.luogu.com.cn/problem/P1347,P1347
洛谷/code/P1347.cpp,P1347.cpp,cpp,3232,116,0e8d638bb95e4963de11c709216763264774da6c1dc102347953de0f17615b80,true,https://www.luogu.com.cn/problem/P1347,P1347
洛谷/code/P1351.cpp,P1351.cpp,cpp,1536,74,4873d718d044f87842214f5a3e0db3037b711bfdd1d4e3db8a34a2ea34214966,true,https://www.luogu.com.cn/problem/P1351,P1351
洛谷/code/P1353.cpp,P1353.cpp,cpp,567,24,4ab02e60f0991c0025c82fd4fa453ffd8b9bead29546abebce3765e923fefa95,true,https://www.luogu.com.cn/problem/P1353,P1353
洛谷/code/P13556.cpp,P13556.cpp,cpp,2812,117,2a988c7f7e6ad1ceb7dde74b0a5132af926535599ef3083a9723b159137fa531,true,https://www.luogu.com.cn/problem/P13556,P13556
洛谷/code/P1356.cpp,P1356.cpp,cpp,766,36,55112c538f27cac196a925afd675bf3ae91f6bae8a27bbfdef8e8f6308c5c31f,true,https://www.luogu.com.cn/problem/P1356,P1356
洛谷/code/P1357.cpp,P1357.cpp,cpp,1442,69,d4896b499e865872c00992a166dcf41c95dc92457114ccaf52abbbc24937d3d4,false,https://www.luogu.com.cn/problem/P1357,P1357
洛谷/code/P1358.c,P1358.c,c,716,32,183807c75326dd04f86fb242d6d189b0a8794693d49648d681cefda76bf54c48,true,https://www.luogu.com.cn/problem/P1358,P1358
洛谷/code/P1359(2).c,P1359(2).c,c,704,29,735642b7fe5549ff6ccab9953fcf8fc902996ffff33ae4d599ec2ba3d7f753b1,true,https://www.luogu.com.cn/problem/P1359,P1359
洛谷/code/P1359.c,P1359.c,c,567,34,67a7a79f2ac95c695706d7afb75b599e9fa42c36e13e86ea35b60649d5ccc6e0,true,https://www.luogu.com.cn/problem/P1359,P1359
洛谷/code/P1361.cpp,P1361.cpp,cpp,3406,153,315d8446601eecfbc79a836a559a9e1cfd75bd36adf75986e529d5b52c440d1a,false,https://www.luogu.com.cn/problem/P1361,P1361
洛谷/code/P1363.cpp,P1363.cpp,cpp,1762,58,80d528d7c618d0244ae2b19da3ef17a55871d638bbdaa25f98fa495527273f49,true,https://www.luogu.com.cn/problem/P1363,P1363
洛谷/code/P1364.cpp,P1364.cpp,cpp,651,32,e25a610b788ac73b85c947aefea09b31d5fcc52df1de296bcceeb5f1c67928f3,true,https://www.luogu.com.cn/problem/P1364,P1364
洛谷/code/P1365.cpp,P1365.cpp,cpp,474,27,42b75a1ad6e838e123e0d0d8646b6574a605ad22c04a37407916ae8e98a23a7c,true,https://www.luogu.com.cn/problem/P1365,P1365
洛谷/code/P1369.c,P1369.c,c,582,35,a6b3a2abd64aeea091b0f78529af94dfa16532101edd59f7894cdc6fa37a15da,true,https://www.luogu.com.cn/problem/P1369,P1369
洛谷/code/P1370.cpp,P1370.cpp,cpp,844,45,788bcfb9726cbba729d9d8e4b697aab48dcaf74f01dc61b2eaffa680507e8e5d,true,https://www.luogu.com.cn/problem/P1370,P1370
洛谷/code/P1375.cpp,P1375.cpp,cpp,781,43,033568d164bff9c993af874dbd379353abdf1924ecd24c0cd546a082cfea141d,true,https://www.luogu.com.cn/problem/P1375,P1375
洛谷/code/P1376.c,P1376.c,c,374,21,6e1e21d82351d8718b1c5407674e452b4af6228261f4b1b18c8dac36371f8d69,true,https://www.luogu.com.cn/problem/P1376,P1376
洛谷/code/P1378.cpp,P1378.cpp,cpp,1221,54,1c5baaab6d0e543de9c70e1f89ad709dbb369849f44589fd97bac25cbd88a8aa,true,https://www.luogu.com.cn/problem/P1378,P1378
洛谷/code/P1379.cpp,P1379.cpp,cpp,1284,54,d8b6d3474188fe94026c1b42c70d797d1e3fb7c829172f5051d0ecc723a0a1b5,true,https://www.luogu.com.cn/problem/P1379,P1379
洛谷/code/P1381.cpp,P1381.cpp,cpp,2096,101,b4288c7c6510ee93facfb59b2fbd50bc8ef8da820cf31e26cde44d174bddb132,true,https://www.luogu.com.cn/problem/P1381,P1381
洛谷/code/P1382.cpp,P1382.cpp,cpp,3716,136,17f9109b8555de6f2db7dd06de2dbc563910259a214d96a355b6d92b05534c0f,true,https://www.luogu.com.cn/problem/P1382,P1382
洛谷/code/P1383(2).cpp,P1383(2).cpp,cpp,1514,81,aa9ddff91354949893daec54abf4f94bd40ec2edd77c589ad4f38209fb724bc1,false,https://www.luogu.com.cn/problem/P1383,P1383
洛谷/code/P1383.cpp,P1383.cpp,cpp,2174,107,7b7057c41a4da924683009f2f165b1ac35cb64c56dd8476c2c84b3f147588479,true,https://www.luogu.com.cn/problem/P1383,P1383
洛谷/code/P1385.cpp,P1385.cpp,cpp,1340,40,e3b5137e76faef7cf6e6f9c7f423409ecb80fc00520a2b23f9902c220b92a8ba,true,https://www.luogu.com.cn/problem/P1385,P1385
洛谷/code/P1387.c,P1387.c,c,902,27,e48677310785fb78c4d59a3c498a900e5918ba37d9cd4ca600dc4ef67b9a5f87,true,https://www.luogu.com.cn/problem/P1387,P1387
洛谷/code/P1390.cpp,P1390.cpp,cpp,908,47,74aca9cb7c1ebd4521becfaee3058a1f83667289fc81cba9a252f0e6aa9bd0ee,false,https://www.luogu.com.cn/problem/P1390,P1390
洛谷/code/P1396(2).cpp,P1396(2).cpp,cpp,1443,67,1d2f25f4bb1679749e48c8201eccc01d7997662804020aa68dc583406e989c46,true,https://www.luogu.com.cn/problem/P1396,P1396
洛谷/code/P1396.cpp,P1396.cpp,cpp,1304,64,d213474aa504b3e866c67704b70c4f1bda672a18370aff5b5bb20a2893f4607b,true,https://www.luogu.com.cn/problem/P1396,P1396
洛谷/code/P13984.cpp,P13984.cpp,cpp,3319,168,b5665d9da65ba1c873c18ca75d41b50b9fcf6b80a2cc2c74051586492d88b922,true,https://www.luogu.com.cn/problem/P13984,P13984
洛谷/code/P1402.cpp,P1402.cpp,cpp,2891,143,f5e8af4b7d97aabd3ef76ed13edfb7da04c53b76b45f9577a8d092307877164d,true,https://www.luogu.com.cn/problem/P1402,P1402
洛谷/code/P1405.cpp,P1405.cpp,cpp,1330,82,8f18bf55922f8cee35eb0bdeb6832347c65950cd9669278d85c21c214168cec1,true,https://www.luogu.com.cn/problem/P1405,P1405
洛谷/code/P1406.cpp,P1406.cpp,cpp,1340,47,fea8b79ca852fc4aa8f2fce12876a185a3163483e64c4a07c048d6ce5d348f7a,true,https://www.luogu.com.cn/problem/P1406,P1406
洛谷/code/P1407.cpp,P1407.cpp,cpp,1761,87,fab2d5228625c21e276c03aaafc1d7c961b48fb2520a58840e05042b69c52e3c,true,https://www.luogu.com.cn/problem/P1407,P1407
洛谷/code/P1409.cpp,P1409.cpp,cpp,605,31,615b8c00b9851cb5f58e966f6ebbe887ae01d7b7be6c67bdcc17778dd12750f0,true,https://www.luogu.com.cn/problem/P1409,P1409
洛谷/code/P1410.cpp,P1410.cpp,cpp,1206,54,7d169b3c99fed16374fbe7e254ec9c371eda59fdbde410f96d1c625671993b59,true,https://www.luogu.com.cn/problem/P1410,P1410
洛谷/code/P1411.cpp,P1411.cpp,cpp,2553,89,4fcc9049e0805754d29ab3bc63e15172353b157f7c3a18dd2eb1c0880c5a0de2,true,https://www.luogu.com.cn/problem/P1411,P1411
洛谷/code/P1411.py,P1411.py,py,2717,77,787131709bd4afc850b479b594afe1f34e393f2edf340dc0028d4bba42d570f6,false,https://www.luogu.com.cn/problem/P1411,P1411
洛谷/code/P1412.cpp,P1412.cpp,cpp,517,25,dfe28be859f003086eb8d0e7cb36bac27b8c7470ef879af42939b6611c1d6601,true,https://www.luogu.com.cn/problem/P1412,P1412
洛谷/code/P1413.c,P1413.c,c,1022,58,7eff5135c0ec580d18542ca8fa97fc2cd2ea0170bef9f536ce75488b94c53bfa,true,https://www.luogu.com.cn/problem/P1413,P1413
洛谷/code/P1417(2).c,P1417(2).c,c,1482,69,2d7867207af3bc0811594b4c9aa8f1f67e5ceb95c793548537a4a7c721f731e9,true,https://www.luogu.com.cn/problem/P1417,P1417
洛谷/code/P1417.c,P1417.c,c,1211,53,fd48305a05063b9f4cd34764c102bdd4af6105cc9f7f2930c38e260b3bfdb336,true,https://www.luogu.com.cn/problem/P1417,P1417
洛谷/code/P1419.cpp,P1419.cpp,cpp,1035,52,91ed6c51ea6a5b901ec7ce5729d1b40ecd3fa619b5dbb6e73e19145083a67cb6,true,https://www.luogu.com.cn/problem/P1419,P1419
洛谷/code/P1429(2).cpp,P1429(2).cpp,cpp,1594,64,b6ff7c81b48b6aeb62fc1b0ddf301cb2808bfbeb7771b781b7c440638897538d,true,https://www.luogu.com.cn/problem/P1429,P1429
洛谷/code/P1429.cpp,P1429.cpp,cpp,1514,76,c85c672c3d7c7ea180bc60e6e320d4a6c85a3faa29683de3e6d03e0d435b2afe,true,https://www.luogu.com.cn/problem/P1429,P1429
洛谷/code/P1430.cpp,P1430.cpp,cpp,639,29,8041aad04bf2cbc261ac33809fc6d2115d6c1f99b576d67bd62f51d84d05a3d0,true,https://www.luogu.com.cn/problem/P1430,P1430
洛谷/code/P1431.cpp,P1431.cpp,cpp,1783,71,537c0652ae408d6caaa5b899a8ff5170d40fbcb3d2049b5165dd50f930278ee4,true,https://www.luogu.com.cn/problem/P1431,P1431
洛谷/code/P1433(2).cpp,P1433(2).cpp,cpp,1362,58,1619fc1c848ee22eb0fb9ea57c81f13fefeb3626c1e0b8649fa3bcb92adc24e6,true,https://www.luogu.com.cn/problem/P1433,P1433
洛谷/code/P1433.cpp,P1433.cpp,cpp,941,50,92dba6bb95fcb3cce6853136406b1e50035c739a6686205cc75b475553f818d7,true,https://www.luogu.com.cn/problem/P1433,P1433
洛谷/code/P1434(2).c,P1434(2).c,c,1099,42,4dfcfc489093cb5abce37c0f25ca3d682f9cdd8194e73df270471b3a8aca8c02,true,https://www.luogu.com.cn/problem/P1434,P1434
洛谷/code/P1434.c,P1434.c,c,541,36,41bb606430135929ccd6a9416a57d4555f91a7006bd0deb9e8d62bbc9bfbd321,true,https://www.luogu.com.cn/problem/P1434,P1434
洛谷/code/P1435(2).c,P1435(2).c,c,1049,43,53bdbb6aaf2ce0b988b5aef103ffbd6096f5bff6708bdf15739d1e8919eef790,true,https://www.luogu.com.cn/problem/P1435,P1435
洛谷/code/P1435.c,P1435.c,c,938,51,8bc9d9262b6002055fe7ff18fc520978f99a36193fea977191bfeda52809d25b,true,https://www.luogu.com.cn/problem/P1435,P1435
洛谷/code/P1439(2).c,P1439(2).c,c,1286,55,778bf40868f5b38f9689a4250e6913c06684673bc31ab51e72236bc3cba310eb,true,https://www.luogu.com.cn/problem/P1439,P1439
洛谷/code/P1439.c,P1439.c,c,584,37,01ff4991401a5dff99700872d86305ccf73019a7e768c4756bd4689ce42a9c38,true,https://www.luogu.com.cn/problem/P1439,P1439
洛谷/code/P1440.cpp,P1440.cpp,cpp,551,29,ec0f070ddbf0bb07edffa4cc0141799faee66c00044e295eda65fa00da2016ed,true,https://www.luogu.com.cn/problem/P1440,P1440
洛谷/code/P14420_2.cpp,P14420_2.cpp,cpp,2853,153,895de826b78379551f86cde5ddf261fc0b286ed35538186021a533124d2696dd,false,,
洛谷/code/P1443.cpp,P1443.cpp,cpp,889,40,3deea8900cbbdce79dbd4b2beb79223a6e5a4c1efd037bd963acf3c0ea01d77b,true,https://www.luogu.com.cn/problem/P1443,P1443
洛谷/code/P1445.cpp,P1445.cpp,cpp,1101,57,2e00d1a8d64f8b5492557252ee3ca8c9c104219dcbfab7e656f93f8bed6b2073,false,https://www.luogu.com.cn/problem/P1445,P1445
洛谷/code/P1450.cpp,P1450.cpp,cpp,992,49,6adb1e723bdf7157523e332e8d23a126130f0d63a5b1161b160a72ab93cd9bea,true,https://www.luogu.com.cn/problem/P1450,P1450
洛谷/code/P1451.cpp,P1451.cpp,cpp,810,43,a247a4cb350f8653f7b3042ee5e07001e74df105c16eb88dea35f5b7f30b6b35,true,https://www.luogu.com.cn/problem/P1451,P1451
洛谷/code/P1453.cpp,P1453.cpp,cpp,1503,85,cf7ea761e686119b043e79e607e9be3b4b621d4bac797998abd96b49012262bf,true,https://www.luogu.com.cn/problem/P1453,P1453
洛谷/code/P1453_2.cpp,P1453_2.cpp,cpp,2803,131,db60ffacb05890616da3ece890cf643c82d122ddd0539d133e8489b0999127cf,false,,
洛谷/code/P1454.cpp,P1454.cpp,cpp,933,46,0de0fedd2502a9c787c861027be000e6d01f5e64c4e39d4afc3c39a44332795f,true,https://www.luogu.com.cn/problem/P1454,P1454
洛谷/code/P1455.c,P1455.c,c,1510,69,c1b9f09fd300a700382f8230818b2bbcd005f58ea45a0b6315babfbc5bd877fc,true,https://www.luogu.com.cn/problem/P1455,P1455
洛谷/code/P1457.cpp,P1457.cpp,cpp,2455,115,54d4a62ecab439970de7d461c424a2775cc2483ca00f6203338e623621ffffaf,true,https://www.luogu.com.cn/problem/P1457,P1457
洛谷/code/P1459.c,P1459.c,c,684,32,76cf38de289a59bf36775d8210ee78f966969b60eebcfa22864eb161182779fe,true,https://www.luogu.com.cn/problem/P1459,P1459
洛谷/code/P1460(2).c,P1460(2).c,c,1469,62,96d907c263240c181add2ee8a3424e14eb0333ff39f4e380b49f0f9c57bdefce,true,https://www.luogu.com.cn/problem/P1460,P1460
洛谷/code/P1460(3).c,P1460(3).c,c,1410,59,3d1a276e1023a3ec4e8a929050ea0be238ad5faf11e04de7d8c89f15413f013f,true,https://www.luogu.com.cn/problem/P1460,P1460
洛谷/code/P1460.c,P1460.c,c,1343,56,efa9e926aebec45d2a68f8496a3d1a14962f1e748737984ba8101e79d2ee1d6b,true,https://www.luogu.com.cn/problem/P1460,P1460
洛谷/code/P1460.cpp,P1460.cpp,cpp,1243,65,5b59fbf5c2a8d2e81afe092c5115b2202da058ab39305f7d1df75100539e1b67,true,https://www.luogu.com.cn/problem/P1460,P1460
洛谷/code/P1462.cpp,P1462.cpp,cpp,2002,95,34e5ca8eced02aa251113d600b0d8640ffd3063b61eaf790de81979e001e63ab,false,https://www.luogu.com.cn/problem/P1462,P1462
洛谷/code/P1466.c,P1466.c,c,636,36,8e98317ed9af95810161b78320985540195b20a805e82edc0925942a26035114,true,https://www.luogu.com.cn/problem/P1466,P1466
洛谷/code/P1470.cpp,P1470.cpp,cpp,2349,109,6c96eae7f77c7698d6d79ae7cc0a1b04ec8228419d2d3580e7b429e33b6b21f1,true,https://www.luogu.com.cn/problem/P1470,P1470
洛谷/code/P1471.cpp,P1471.cpp,cpp,2673,103,8c635e30d147c33bb89a34033d6352a0b7d3f2c55a621516eeaea87d859f8393,true,https://www.luogu.com.cn/problem/P1471,P1471
洛谷/code/P1472.cpp,P1472.cpp,cpp,472,24,20dfab025604c66f8f31908fde5b313b7348e6298b025a18e165c62c31e7946b,true,https://www.luogu.com.cn/problem/P1472,P1472
洛谷/code/P1474.c,P1474.c,c,448,27,0e752da4372765cc262417c296bb8fdf164cee2c074c546b6766e9e092a4d67d,true,https://www.luogu.com.cn/problem/P1474,P1474
洛谷/code/P1475.c,P1475.c,c,1553,54,e0f4c4111e0b7151331f700f05d36f342b812bb20decbd7f567bea42522b027c,true,https://www.luogu.com.cn/problem/P1475,P1475
洛谷/code/P1478.c,P1478.c,c,595,34,1632625903d60663de80d21076ed527464dd7d26059140eeeb4f8ed49432f8a9,true,https://www.luogu.com.cn/problem/P1478,P1478
洛谷/code/P1481.cpp,P1481.cpp,cpp,332,20,35d6b43198cb587deda821ba9ece567b3ebbb6ff966be2947aabb56d1eda6a6a,true,https://www.luogu.com.cn/problem/P1481,P1481
洛谷/code/P1486.cpp,P1486.cpp,cpp,3144,176,82e401171e58475da95bb94997f54f087216844de474c165bb3f72e766e52dfb,true,https://www.luogu.com.cn/problem/P1486,P1486
洛谷/code/P1487.cpp,P1487.cpp,cpp,797,49,afcaeb4c69596bb0293f9493b9cae794c7d9d16663e24ffa0975138a24fdecbc,true,https://www.luogu.com.cn/problem/P1487,P1487
洛谷/code/P1487.py,P1487.py,py,1092,55,5c5acf80e5f8161b0c1403d9d87b0e3e7e61a66f175661ee1edb25bd9581e794,false,https://www.luogu.com.cn/problem/P1487,P1487
洛谷/code/P1488.c,P1488.c,c,1320,65,703a8f0d9b3352ce95c49eecb554dfff976d6f9da1ba014deb9d0533223bdad0,true,https://www.luogu.com.cn/problem/P1488,P1488
洛谷/code/P1489(2).c,P1489(2).c,c,960,44,843faf268d94d67bdc61e07327bb519c8e9f4c5cd387c4e25228b9233bd90bc4,true,https://www.luogu.com.cn/problem/P1489,P1489
洛谷/code/P1489(3).c,P1489(3).c,c,1180,61,6b4d23d55b74ce75b0d232e68d57aefa752156ed8a4e0f803bbba39eb89bb5ca,true,https://www.luogu.com.cn/problem/P1489,P1489
洛谷/code/P1489.c,P1489.c,c,760,45,af7a43a14469ce8f422d5a0ffe947ccfc1dd5f338b05e8dd183614d32e611c78,true,https://www.luogu.com.cn/problem/P1489,P1489
洛谷/code/P1492.cpp,P1492.cpp,cpp,1140,64,d6de346ff5326651ffbcc16dc1e6ec38d1f305976b67fd84b488b175d05defbe,true,https://www.luogu.com.cn/problem/P1492,P1492
洛谷/code/P1492.py,P1492.py,py,2492,104,46b2929106c43b7fa79c70a67e2bb6c65ef8c225cf31ac24031dfa331d243192,false,https://www.luogu.com.cn/problem/P1492,P1492
洛谷/code/P1496.cpp,P1496.cpp,cpp,715,34,21d00cd43aab7a9510c15b68a3954ba92ad29aaf1f2880efa795a0812cfb682f,true,https://www.luogu.com.cn/problem/P1496,P1496
洛谷/code/P1500.cpp,P1500.cpp,cpp,6445,284,b6bc0266c06fd33e778b0c2604380ca24e12a4fe446cbd8c286c12d981725731,false,https://www.luogu.com.cn/problem/P1500,P1500
洛谷/code/P15005.cpp,P15005.cpp,cpp,3283,174,14375b4b2651008998248f13910ddc4454a96e512b92930d1758b664e4d28b33,false,https://www.luogu.com.cn/problem/P15005,P15005
洛谷/code/P15005_2.cpp,P15005_2.cpp,cpp,3539,203,cbf440a5dc2c6405a6b40f6cb91bb0826699f12f3fc9779ca6d1311cdd84116b,false,,
洛谷/code/P1500_2.cpp,P1500_2.cpp,cpp,4186,163,9a45dcda12b54d204f4c85b076aa802bd081fa5a113c0aac0aa3a25a7479edce,true,,
洛谷/code/P1501.cpp,P1501.cpp,cpp,4237,252,d92738f6f79fbb8c8ee92cbbb0d331a0c4ca5931c9d82b9f46a7a4860267201c,true,https://www.luogu.com.cn/problem/P1501,P1501
洛谷/code/P1504.c,P1504.c,c,1008,53,7f248ebcf869e3f7302b3068bbd8fa9773b663c605bdb092a1b4f41d904da2ec,true,https://www.luogu.com.cn/problem/P1504,P1504
洛谷/code/P15049.cpp,P15049.cpp,cpp,2708,159,a5e5ff96d87d850f5b11924ea91c285045578c4acc11596727f25e7c7607b630,true,https://www.luogu.com.cn/problem/P15049,P15049
洛谷/code/P1505.cpp,P1505.cpp,cpp,6886,331,a8439226d7ee1e47ceb5fe401a0e07140ccdecdae32fb0e3b27167d81b303872,true,https://www.luogu.com.cn/problem/P1505,P1505
洛谷/code/P1507.c,P1507.c,c,791,40,b4dbbc5820b09503c72d72639164a74ffcc1fa5aa82904c2d5867d06d55a8401,true,https://www.luogu.com.cn/problem/P1507,P1507
洛谷/code/P1508.c,P1508.c,c,846,44,06feed99a78da1c037de592ab1dde390c37b3328cb5fae444b58d117fb1fe8a9,true,https://www.luogu.com.cn/problem/P1508,P1508
洛谷/code/P1509.c,P1509.c,c,386,26,d7b407cefe32f9a1474743f584869b94c74944f15911cfbd6723ac6d9640f937,true,https://www.luogu.com.cn/problem/P1509,P1509
洛谷/code/P1510(2).c,P1510(2).c,c,679,39,09cec993e66daee3101f8c848c79ae159093ff5ee863dfcd1b3d757887e093af,true,https://www.luogu.com.cn/problem/P1510,P1510
洛谷/code/P1510.c,P1510.c,c,733,39,4a59cdc53b42676639d5db2b9c35a9c98356c6dd59182e02a95eec49bff2f189,true,https://www.luogu.com.cn/problem/P1510,P1510
洛谷/code/P1512.cpp,P1512.cpp,cpp,299,15,be09dd738ece78fad25172ec024e3562550377b3880e25093ec7d61b06ea6b34,true,https://www.luogu.com.cn/problem/P1512,P1512
洛谷/code/P1514.cpp,P1514.cpp,cpp,1491,72,f361f6772b68ba5c9180532cfef1a1c067a5b1266b027018518b544d51ddb063,true,https://www.luogu.com.cn/problem/P1514,P1514
洛谷/code/P1521.c,P1521.c,c,569,31,36d884026b2d814b16d01044c053e314b8903c2454a654e5af9fcca5844cd7e9,true,https://www.luogu.com.cn/problem/P1521,P1521
洛谷/code/P1525.cpp,P1525.cpp,cpp,1130,45,9aba6ef51a403199a6039f266cf79a35edc66af8a7caa0d1a0de3bba4141169f,true,https://www.luogu.com.cn/problem/P1525,P1525
洛谷/code/P1527.cpp,P1527.cpp,cpp,3097,139,eef61a2d52416abe8e51e28b794840cc07887991fe84431662315eace9a4a539,true,https://www.luogu.com.cn/problem/P1527,P1527
洛谷/code/P1528.cpp,P1528.cpp,cpp,3057,115,e83fc9584c3dab1d7bd033f0af6676e4376bbaa7ed3916b95de64c665004e99f,true,https://www.luogu.com.cn/problem/P1528,P1528
洛谷/code/P1529.cpp,P1529.cpp,cpp,1573,70,ff64e58f2431783e2d3275a72f1f4311262c34d77a51d653000913341d03eabf,true,https://www.luogu.com.cn/problem/P1529,P1529
洛谷/code/P1531.cpp,P1531.cpp,cpp,2604,111,5477e3c8e00bfe0082561720a8d159883693aca000b6a28e0cf2ec9302d28b97,true,https://www.luogu.com.cn/problem/P1531,P1531
洛谷/code/P1533.cpp,P1533.cpp,cpp,4488,213,ad5bba9cea072785d2f0ebd2f3270fc2568bbf1d0c71f00cb674d7c7488c22e9,true,https://www.luogu.com.cn/problem/P1533,P1533
洛谷/code/P1535(2).cpp,P1535(2).cpp,cpp,1462,67,27b2c235a98bde510428f98a052ccce090585448de1fcfb9c6ac21b542e39815,true,https://www.luogu.com.cn/problem/P1535,P1535
洛谷/code/P1535(3).cpp,P1535(3).cpp,cpp,1138,55,af9729ff7f8bc24d9b05fb9326821d7edc192f25c2c56f3531478361d723368c,true,https://www.luogu.com.cn/problem/P1535,P1535
洛谷/code/P1535.cpp,P1535.cpp,cpp,916,47,593456629f8ea28f60a1c0c19827d8950d35b2080f531a71f5eef847f91238ae,true,https://www.luogu.com.cn/problem/P1535,P1535
洛谷/code/P1536.cpp,P1536.cpp,cpp,1145,66,426f7f7ec043d55d0a489fa1e2ce56c831f5c2cd0a01f9d14dd14a3819eafa62,true,https://www.luogu.com.cn/problem/P1536,P1536
洛谷/code/P1537(2).c,P1537(2).c,c,1190,49,4811848070f56f7310d0f71e80dfb3a1732e3b6a21c72b82ecfbabad44dbe4cb,true,https://www.luogu.com.cn/problem/P1537,P1537
洛谷/code/P1537(3).c,P1537(3).c,c,1206,46,0d302baca5a3cdd3ccf2ee49bba6b5770d219622c153390a2166ff1761042606,true,https://www.luogu.com.cn/problem/P1537,P1537
洛谷/code/P1537.c,P1537.c,c,2008,97,d1e306cea1a76c487586631455f05feafe77272918b444670c3a3ef034d889e0,true,https://www.luogu.com.cn/problem/P1537,P1537
洛谷/code/P1540.cpp,P1540.cpp,cpp,1217,48,b990d55afdbbdd79011c464227d77a2f3fe7cc67ae9db50e90829b2153fe0eb1,true,https://www.luogu.com.cn/problem/P1540,P1540
洛谷/code/P1541.cpp,P1541.cpp,cpp,1226,49,ad52c88aa2136596ac391e102f56b4ba425a76169c952225ef0351b47f380cc3,true,https://www.luogu.com.cn/problem/P1541,P1541
洛谷/code/P1542.c,P1542.c,c,758,41,2d6f9287edeca5d32b826450c65dd1fdad30d5ba700d69b0693e60d46da7ba56,true,https://www.luogu.com.cn/problem/P1542,P1542
洛谷/code/P1543.cpp,P1543.cpp,cpp,1070,46,94a34bdef6fe4b1e76bcc2b6d0daf2e0308125bc412b589bf26c7581525ea293,true,https://www.luogu.com.cn/problem/P1543,P1543
洛谷/code/P1546.cpp,P1546.cpp,cpp,985,52,6d6c94e0270b98f47019ebbb44fe01bc8732e37d3693275917436eb20f98dd6e,true,https://www.luogu.com.cn/problem/P1546,P1546
洛谷/code/P1547.cpp,P1547.cpp,cpp,1166,67,68c98ae124175176140622a112caa511f7b187352e140c575aabff156800a105,true,https://www.luogu.com.cn/problem/P1547,P1547
洛谷/code/P1551.cpp,P1551.cpp,cpp,731,47,eddedc03c9d188bf6ec58d835f26b0df29d1a46ac8ac8f6763c18bd99b1560da,true,https://www.luogu.com.cn/problem/P1551,P1551
洛谷/code/P1558.cpp,P1558.cpp,cpp,1686,89,334dfe9858112b78c0ac59a1310c0aa08161d74ad549eec4ea21d705c4954114,true,https://www.luogu.com.cn/problem/P1558,P1558
洛谷/code/P1561.cpp,P1561.cpp,cpp,936,52,0a252b1ba2e18890a285dab94117bc53db7e3fededf21fedcc990c7e2a8df694,true,https://www.luogu.com.cn/problem/P1561,P1561
洛谷/code/P1562(2).cpp,P1562(2).cpp,cpp,744,38,d0c8c5beb08fe566b3c5167fb09df78619f39b320dc3334091eacd38ce2bfcbb,true,https://www.luogu.com.cn/problem/P1562,P1562
洛谷/code/P1562.cpp,P1562.cpp,cpp,694,37,23ea9e437cea78496cc2af877acbcf21a97a474157ff6dd8333892ac20592830,true,https://www.luogu.com.cn/problem/P1562,P1562
洛谷/code/P1564.c,P1564.c,c,1117,39,babc01b6f16a7c368b0b8c331ff31dfa93d73356188a381e89d962149b663655,true,https://www.luogu.com.cn/problem/P1564,P1564
洛谷/code/P1566(2).c,P1566(2).c,c,1361,68,50d2d64ff5a6fbcaced28064768cccf50c1a44e93561b5d5a3958c1522e102c8,true,https://www.luogu.com.cn/problem/P1566,P1566
洛谷/code/P1566.c,P1566.c,c,1323,66,799301b7bc9138623b32984b16f945e88bef45b21aefbfcc4f7c2d36c02e2f3b,true,https://www.luogu.com.cn/problem/P1566,P1566
洛谷/code/P15681.cpp,P15681.cpp,cpp,2749,154,cd9de226ccb62366e9c7522a3baf230fdd367f24ff94dd4b133db3cea0615b45,true,https://www.luogu.com.cn/problem/P15681,P15681
洛谷/code/P1569.c,P1569.c,c,638,40,aff1de1216d9d6f9ef88e64cab634337dd36260b93e093728c69ee59fcbb0715,true,https://www.luogu.com.cn/problem/P1569,P1569
洛谷/code/P1570.c,P1570.c,c,1082,57,bdac4658ec4a5a6e0de573242ccd4aca7fedf1eea74a3d898529726cac9de61c,true,https://www.luogu.com.cn/problem/P1570,P1570
洛谷/code/P1571(2).c,P1571(2).c,c,985,36,fbd76bb0919ccc056f34de4abe40cbc2e74d93d2426a1c5da171ae113f20d330,true,https://www.luogu.com.cn/problem/P1571,P1571
洛谷/code/P1571.c,P1571.c,c,841,44,3db149e476949b114be7966fd8e47583cc4ed3ecff080a3f8fc4245a66640d3a,true,https://www.luogu.com.cn/problem/P1571,P1571
洛谷/code/P1576.cpp,P1576.cpp,cpp,1636,68,55060bbb9136deef6db8ae7dc4b146b623ed2b65a43d0ee7688cb7bb935fa9d1,true,https://www.luogu.com.cn/problem/P1576,P1576
洛谷/code/P1577(2).c,P1577(2).c,c,901,39,6f92a9b2fb6e482e5c27ddeecba12e34c1489dee5240a65f868e67ed24d6e05b,true,https://www.luogu.com.cn/problem/P1577,P1577
洛谷/code/P1577.c,P1577.c,c,687,37,2b5915f9e871ff3be69e9554c8597becc23a1eeb560c71da8336e65477b2df40,true,https://www.luogu.com.cn/problem/P1577,P1577
洛谷/code/P1586.c,P1586.c,c,760,38,c7d69e31be8e6c1d47f3c9ce19c2e654d9c45fcfae66ec8da043791e42a6360b,true,https://www.luogu.com.cn/problem/P1586,P1586
洛谷/code/P1589.c,P1589.c,c,716,44,be7da156f71e752f7605e12e5e84a585ba0cf381cca7eb8134dcac41643241a3,true,https://www.luogu.com.cn/problem/P1589,P1589
洛谷/code/P1591.cpp,P1591.cpp,cpp,3634,160,654fe250082013003badabd3ff3f8d374096eba971fdff4980fc22684c254942,true,https://www.luogu.com.cn/problem/P1591,P1591
洛谷/code/P15939.cpp,P15939.cpp,cpp,2536,130,52899cc5e669c323157e8d1c5dabaf6edeb7a8d28df5e8b1a6a2b6a09fc53852,false,https://www.luogu.com.cn/problem/P15939,P15939
洛谷/code/P1594.c,P1594.c,c,1055,43,aed91e6ae064dad086f195f8d0a8cc28ecf279886144e4fd6b6e390fba2950a8,true,https://www.luogu.com.cn/problem/P1594,P1594
洛谷/code/P1596.c,P1596.c,c,968,49,d72b37d63aa48c0b8e7d4a2fe260b7a0eb314a6e2e31019c41dc5646c5cb1926,true,https://www.luogu.com.cn/problem/P1596,P1596
洛谷/code/P1600(2).cpp,P1600(2).cpp,cpp,2850,146,9f53f3531d5bcd49cfa979b3a718aa333beb5dc88d776bf7411230686ce58f41,true,https://www.luogu.com.cn/problem/P1600,P1600
洛谷/code/P1600(3).cpp,P1600(3).cpp,cpp,3504,173,072fb05971961f2e66ac298abed9d87a7550bb3c444bc75f9348759e1f948139,true,https://www.luogu.com.cn/problem/P1600,P1600
洛谷/code/P1600.cpp,P1600.cpp,cpp,3885,201,eb202f02fafa886fa4c05e5f91a39673a5c02e7724e8301d8a5307ffbcc6b37f,true,https://www.luogu.com.cn/problem/P1600,P1600
洛谷/code/P1606.cpp,P1606.cpp,cpp,5406,219,dc0489cc490d14c92727ecd6564fa729ad4a068e397e5302513b985a59ab5b59,true,https://www.luogu.com.cn/problem/P1606,P1606
洛谷/code/P1607.cpp,P1607.cpp,cpp,1984,98,d531ffd2cfdeea734d18f7adfb701c0c39e64d11ee0a08e4258b6f6e27b48167,true,https://www.luogu.com.cn/problem/P1607,P1607
洛谷/code/P1608(2).cpp,P1608(2).cpp,cpp,1523,64,4b65a813ec4d5965556191f26a13d9d4c3a0a49b2bc50224616bdb2def10dbcd,true,https://www.luogu.com.cn/problem/P1608,P1608
洛谷/code/P1608.cpp,P1608.cpp,cpp,1753,63,0035303b29acbe41f6c3ba027e80a716cf39c1690a0fc014b882375eed89ab00,true,https://www.luogu.com.cn/problem/P1608,P1608
洛谷/code/P1610.c,P1610.c,c,547,30,1aa77dd62fa7bceee3393819e1abebe8ec11477160fa55c8ad3531017483592e,true,https://www.luogu.com.cn/problem/P1610,P1610
洛谷/code/P1611.c,P1611.c,c,642,28,c43d70eda77db12f4437d1ede6fdf04c197dac30718c58af53119bfb46c71428,true,https://www.luogu.com.cn/problem/P1611,P1611
洛谷/code/P1614.c,P1614.c,c,447,26,034d73e91a740ac50a91bb99da6caab7a822c4b83b2470a7818f30fd565f0a5a,true,https://www.luogu.com.cn/problem/P1614,P1614
洛谷/code/P1616(2).c,P1616(2).c,c,575,29,bd9d23773b9421cefa7d91a411d14ceae9ac537587efdf1b1d890b7c10da05f0,true,https://www.luogu.com.cn/problem/P1616,P1616
洛谷/code/P1616.c,P1616.c,c,671,33,a32128c5448352034322f21b419cf953b2e4b8877323ce30ed5159e73f354432,true,https://www.luogu.com.cn/problem/P1616,P1616
洛谷/code/P1618.c,P1618.c,c,704,41,7f579528c2991fa5e47db60f5974acc2c21cbeca8723881183101d4354bba2fc,true,https://www.luogu.com.cn/problem/P1618,P1618
洛谷/code/P1621.cpp,P1621.cpp,cpp,1110,62,9eaf42e549d4f1ad968f8266950a072f25587cd13ce78bf3bc84ae0463e5d00d,true,https://www.luogu.com.cn/problem/P1621,P1621
洛谷/code/P1622.cpp,P1622.cpp,cpp,667,24,64b035f9f8353eaaa2d135878183d3bb78a65201d64c62571eaaae726ddb4dc6,true,https://www.luogu.com.cn/problem/P1622,P1622
洛谷/code/P1624.cpp,P1624.cpp,cpp,4606,142,0ff58ef1cb427eb5b037c69f0d07be8ce764f43730879893934d08260b58c001,true,https://www.luogu.com.cn/problem/P1624,P1624
洛谷/code/P1625.cpp,P1625.cpp,cpp,3020,130,bdeac93f26227099cb1bd2a68e87e03244b0b3ee6fa3cc7ed63141fed36243e0,true,https://www.luogu.com.cn/problem/P1625,P1625
洛谷/code/P1625.py,P1625.py,py,443,21,62261721963ebca240d14d2de70df0c76647856608d1205521feb6c5d477f241,false,https://www.luogu.com.cn/problem/P1625,P1625
洛谷/code/P1629.cpp,P1629.cpp,cpp,2181,91,8cba87d2dc7634fae56c37e1be772cd01e0faeb547d2327c8bb6398e042e435c,true,https://www.luogu.com.cn/problem/P1629,P1629
洛谷/code/P1632.c,P1632.c,c,1053,40,84128d024f0d56506b0a9bd8ec75803528e708d249dd1d4aa383d973a69664ce,true,https://www.luogu.com.cn/problem/P1632,P1632
洛谷/code/P1637.cpp,P1637.cpp,cpp,832,30,667018f927cd0c824b9f3832b3b7cb99792de0a37a99d6b18da8b4de466c716b,true,https://www.luogu.com.cn/problem/P1637,P1637
洛谷/code/P1638.cpp,P1638.cpp,cpp,661,34,07e8418ea98e9175c19ccd42cd76f9184fd73fff8d2c412c3f945c453a1c9e5c,true,https://www.luogu.com.cn/problem/P1638,P1638
洛谷/code/P1639.c,P1639.c,c,302,18,209b7392eb7c57df76b5c6b353a83f8a8e587c3917fe7c754676bdbbe30f42e5,true,https://www.luogu.com.cn/problem/P1639,P1639
洛谷/code/P1640.cpp,P1640.cpp,cpp,1090,63,246a4030efd3899ea0f914d2598624cdad6022adeb345af6530e761c86466e99,true,https://www.luogu.com.cn/problem/P1640,P1640
洛谷/code/P1643.cpp,P1643.cpp,cpp,785,20,efb15a1e5ec8acfe8b2aafd6f87acb743e7bad5d45b563aa266927010f7f1d0c,true,https://www.luogu.com.cn/problem/P1643,P1643
洛谷/code/P1645.c,P1645.c,c,1299,69,72cc4ce51463b6f90b6099ecf6179372ad95ca7dcb1cd299df3f96199cea755a,true,https://www.luogu.com.cn/problem/P1645,P1645
洛谷/code/P1646.cpp,P1646.cpp,cpp,4020,180,6021a25e355abffecddfc6ec0d81560bd4e06534ae595deba63fffbf58d0c784,true,https://www.luogu.com.cn/problem/P1646,P1646
洛谷/code/P1650(2).c,P1650(2).c,c,1169,57,4fddd6cd498b159398e809ddfe01a9c29d34a0a3f1fab95d5180d0db3d8e147e,true,https://www.luogu.com.cn/problem/P1650,P1650
洛谷/code/P1650.c,P1650.c,c,494,29,39f43a1284245f7c02fa44e1ca605ce5aade4e93a0ab0f92bd8ed3ecb3014819,true,https://www.luogu.com.cn/problem/P1650,P1650
洛谷/code/P1651.c,P1651.c,c,884,46,8e3ba2194680ccb577c2731ab02d0532bea124de2a96856e569ed7069ecda7d1,true,https://www.luogu.com.cn/problem/P1651,P1651
洛谷/code/P1653.cpp,P1653.cpp,cpp,3772,147,87ddf243640ddb16bb4f995b91f4a9e4581a7bf9dbe381b484a47a9c2bd0c230,true,https://www.luogu.com.cn/problem/P1653,P1653
洛谷/code/P1655.cpp,P1655.cpp,cpp,363,21,cf1da4fcee2ae821967705ed2e6682b0eb621424bedc52c34cb113bc2e189c0d,true,https://www.luogu.com.cn/problem/P1655,P1655
洛谷/code/P1656.cpp,P1656.cpp,cpp,1753,59,1a60ac64b391898b925e815defd0f77d0384288f1f9e49955b4302105538e0ca,true,https://www.luogu.com.cn/problem/P1656,P1656
洛谷/code/P1657.cpp,P1657.cpp,cpp,826,48,947a71293225a388ee0b6ade786a94295b500d7ced1e72a12cb8799bfa8acd19,true,https://www.luogu.com.cn/problem/P1657,P1657
洛谷/code/P1658.c,P1658.c,c,720,40,4c93ff1d5d087444260c0b2d3c47fc4592e54516f758e0d65598fb717d74e96d,true,https://www.luogu.com.cn/problem/P1658,P1658
洛谷/code/P1663.cpp,P1663.cpp,cpp,935,49,1b95b73ddf6eafa1df0eb2612e0582d5dd39fd8f0f3e368699c99365f7b0f568,true,https://www.luogu.com.cn/problem/P1663,P1663
洛谷/code/P1665.c,P1665.c,c,874,33,f529e3918d90f6aa369f35c55781c88f18742b93b1b5af968f1a4400bec9f6d3,true,https://www.luogu.com.cn/problem/P1665,P1665
洛谷/code/P1668.cpp,P1668.cpp,cpp,1172,60,2cda7f4baf7e490e2c106c21a99a69fa85f4edc5984b78433a6e70c405085d76,true,https://www.luogu.com.cn/problem/P1668,P1668
洛谷/code/P1672(2).cpp,P1672(2).cpp,cpp,542,31,60b275f99da3c052525e7699c7b78112cc45d0a505592c761c45d8401a3250d8,true,https://www.luogu.com.cn/problem/P1672,P1672
洛谷/code/P1672.cpp,P1672.cpp,cpp,542,30,5d1c6312ba03897634cfb2acbc477dd7025723bbef67a42a122ba2e3942b2b30,true,https://www.luogu.com.cn/problem/P1672,P1672
洛谷/code/P1673.cpp,P1673.cpp,cpp,1534,63,3f77ec84d341fac67bfd66091574343ce1ac6705d7c5e7448e9275f249a054bd,true,https://www.luogu.com.cn/problem/P1673,P1673
洛谷/code/P1674.cpp,P1674.cpp,cpp,2965,159,888a097313076a1f81f46e0755a06263c7ba2907da46d5f30ef09b339de3634a,true,https://www.luogu.com.cn/problem/P1674,P1674
洛谷/code/P1676.c,P1676.c,c,816,46,e32621d9a4412f309aaf658add94e53aba09eccfd50b481d26b8ee45a0780086,true,https://www.luogu.com.cn/problem/P1676,P1676
洛谷/code/P1677.c,P1677.c,c,1096,53,875883be1158e2c0fc3d370520fe0aa76696cb4112d9fa631fcf3f38523b336e,true,https://www.luogu.com.cn/problem/P1677,P1677
洛谷/code/P1677.cpp,P1677.cpp,cpp,242,17,e36b3754958df95d07b2b6aa610cbe6b581feb167b3d3b17163214427a648752,true,https://www.luogu.com.cn/problem/P1677,P1677
洛谷/code/P1678.c,P1678.c,c,503,31,a6791436240e4ed7ef966355878e0d8875b0fe14500204dc508ac5755c95a8af,true,https://www.luogu.com.cn/problem/P1678,P1678
洛谷/code/P1679(2).c,P1679(2).c,c,560,28,80aff26f50142cd7b983b136f10693ca787569bb01e3574a1085228199318f59,true,https://www.luogu.com.cn/problem/P1679,P1679
洛谷/code/P1679.c,P1679.c,c,713,40,18b8ca37a7b917f96d19bf72d6795c43725021a21da457a803485218f5c11cf6,true,https://www.luogu.com.cn/problem/P1679,P1679
洛谷/code/P1680(2).c,P1680(2).c,c,966,48,431e68cee2bd711b3a9da607ba86d00bcca5d3477f0c9e22cad11a93660fee1c,true,https://www.luogu.com.cn/problem/P1680,P1680
洛谷/code/P1680.c,P1680.c,c,527,31,c9b3ee71d7e854fecc2ec8a31d14634feca4c9c3162895619e52cd0b378bb3ef,true,https://www.luogu.com.cn/problem/P1680,P1680
洛谷/code/P1681.c,P1681.c,c,902,49,a017d390f0e5997b73545956462b4af3b2acacc08f243d3aff406785505d5290,true,https://www.luogu.com.cn/problem/P1681,P1681
洛谷/code/P1682.cpp,P1682.cpp,cpp,966,54,47c7daa92dda53d4a2cbb4ae31093d3c4aa211819cb0ba581d0f0cc717ae2ae6,true,https://www.luogu.com.cn/problem/P1682,P1682
洛谷/code/P1683(2).cpp,P1683(2).cpp,cpp,894,46,e2d44960f8a464504fce5346640d275aaf973e45ce1f00ce657f9e0f48bc1708,true,https://www.luogu.com.cn/problem/P1683,P1683
洛谷/code/P1685(2).cpp,P1685(2).cpp,cpp,1051,54,b17e35ed7d2e68abdfa165d49abf7a80452a070400681ec5352638423eb8403e,false,https://www.luogu.com.cn/problem/P1685,P1685
洛谷/code/P1685.cpp,P1685.cpp,cpp,1095,48,19d9aa79eeb4309cf7b8b852a36f0e69da4ce4a4ca82b874a10dc88b50346c5f,true,https://www.luogu.com.cn/problem/P1685,P1685
洛谷/code/P1687.cpp,P1687.cpp,cpp,1356,54,33a51494c1f6aece2916d981d2765e15e7d66238bf50acb4410afa69cad323a0,true,https://www.luogu.com.cn/problem/P1687,P1687
洛谷/code/P1690.cpp,P1690.cpp,cpp,797,36,24b21d76a65dc9c132ea79d281df2793f30fef30633cb7c2ccb3f27027897400,true,https://www.luogu.com.cn/problem/P1690,P1690
洛谷/code/P1694.c,P1694.c,c,957,35,c6a01559c754aaaa4dfe432656b9c142b75315562be05583ed8f12970f127e20,true,https://www.luogu.com.cn/problem/P1694,P1694
洛谷/code/P1699.cpp,P1699.cpp,cpp,1277,57,a83171f84f7542278391540dfb8b3c4c0c8cbf547709e0d05273bf46ec12665c,true,https://www.luogu.com.cn/problem/P1699,P1699
洛谷/code/P1704.cpp,P1704.cpp,cpp,1698,87,9ad5abbdb72c00257424e1331d0e302422afbdafcd8025336f1d08930cb4109d,true,https://www.luogu.com.cn/problem/P1704,P1704
洛谷/code/P1706.cpp,P1706.cpp,cpp,331,20,b6cb1f8a17ff374ad2457a7722f702a09dac73745810a524f69952aed5d05bc3,true,https://www.luogu.com.cn/problem/P1706,P1706
洛谷/code/P1712.cpp,P1712.cpp,cpp,2901,138,4288fa4cdeb383d733b69ef8ae37310eed1f6e23b3b802415d8d6bffa26f36fa,true,https://www.luogu.com.cn/problem/P1712,P1712
洛谷/code/P1714.cpp,P1714.cpp,cpp,602,32,cbf6d7511c7c9db7264b0ed3287aa712e9dbb32f3472a451894fe2ab45a666e9,true,https://www.luogu.com.cn/problem/P1714,P1714
洛谷/code/P1717(2).cpp,P1717(2).cpp,cpp,994,50,92235c67c306b7256e90e169b8a186a9d6905646fb0dd31cdc5556bbcc1eed5c,true,https://www.luogu.com.cn/problem/P1717,P1717
洛谷/code/P1717.cpp,P1717.cpp,cpp,1285,60,5aaff0639e0781909b82422874a793610deae719c19cee1204e5b725a61b99ec,true,https://www.luogu.com.cn/problem/P1717,P1717
洛谷/code/P1719.cpp,P1719.cpp,cpp,748,33,3a2f206fc60deaaa89c780083c6f8ea38cd159d6f667f182091f31f18bb2cbc4,true,https://www.luogu.com.cn/problem/P1719,P1719
洛谷/code/P1723.cpp,P1723.cpp,cpp,1185,48,0d788e9c5204c7bb4b2e13f26e399efc015a44a4cf0036a7c9c774cc2eacba7c,true,https://www.luogu.com.cn/problem/P1723,P1723
洛谷/code/P1725(2).cpp,P1725(2).cpp,cpp,1274,44,ab96114d343c59148163ea1c32515e6fc0efc43e38b08479be3f44bcbe7813f5,true,https://www.luogu.com.cn/problem/P1725,P1725
洛谷/code/P1725(3).cpp,P1725(3).cpp,cpp,527,26,75f9b1e995aad7b10122bf4c68e13c8ea7bd6d1769046e6c83446d1efeca8122,true,https://www.luogu.com.cn/problem/P1725,P1725
洛谷/code/P1725.cpp,P1725.cpp,cpp,673,38,666b3a9fed34994ba26d72eba84aedc9597b5f5412bfcfb85b7816388da7a7b2,true,https://www.luogu.com.cn/problem/P1725,P1725
洛谷/code/P1726.cpp,P1726.cpp,cpp,1756,87,053085da3cd3d2766a10543ae21243358ff682289f147d5f5304d5efd8c3986b,true,https://www.luogu.com.cn/problem/P1726,P1726
洛谷/code/P1727.cpp,P1727.cpp,cpp,10323,21,0250724ff416d2dd15dbaf622803dbd5da4cd1275d415540a1680e80299e6407,true,https://www.luogu.com.cn/problem/P1727,P1727
洛谷/code/P1727.py,P1727.py,py,51,4,285e4f0c0a8419f48e7ecaa39ba3c02e2d7528bd53f05fa2f1a6aae8c1f9310d,false,https://www.luogu.com.cn/problem/P1727,P1727
洛谷/code/P1729.cpp,P1729.cpp,cpp,10323,21,d05ff5c9d86293fb7ac0d8ac0e6c0a4c5612f48735607997b9f812a0f5233e81,true,https://www.luogu.com.cn/problem/P1729,P1729
洛谷/code/P1729.py,P1729.py,py,52,3,66ecf4cf7f7fb59479bdb05f61d012d492689746267dce4373dc22e61d9e8b34,false,https://www.luogu.com.cn/problem/P1729,P1729
洛谷/code/P1730(2).cpp,P1730(2).cpp,cpp,1229,52,77efe3440c9094529b54e17041518b8177ce9882bacc626d6d05c8c707f4a193,true,https://www.luogu.com.cn/problem/P1730,P1730
洛谷/code/P1730.cpp,P1730.cpp,cpp,1212,45,d3d8dc50bc287d53badab8c175654eb95af1997e604499b27421d8dc3772e183,true,https://www.luogu.com.cn/problem/P1730,P1730
洛谷/code/P1732.cpp,P1732.cpp,cpp,2802,141,f997dc06cd6bbff53b9818fd23dd512d92372e9c2f8d95ef24832a4c5d0ab379,true,https://www.luogu.com.cn/problem/P1732,P1732
洛谷/code/P1734.c,P1734.c,c,685,37,81a3c9619a954dba5d326b1c05ff36fb476a18c336ca56cbfc7a8f6c866b7548,true,https://www.luogu.com.cn/problem/P1734,P1734
洛谷/code/P1736.cpp,P1736.cpp,cpp,629,31,35fadc4948d671af939769f137a79c62d762d1e60575da43c20bb65ba9d199a0,true,https://www.luogu.com.cn/problem/P1736,P1736
洛谷/code/P1744.cpp,P1744.cpp,cpp,1617,71,b30e206438944edf89389619d84a2eb4d4a6d46f1174e86e1ebc25d0d94f490a,true,https://www.luogu.com.cn/problem/P1744,P1744
洛谷/code/P1746(2).cpp,P1746(2).cpp,cpp,944,53,5e590db7aa2a410cb24bcbcc9a803dde7dcfcecdfd84b6bf03846f963577fd66,true,https://www.luogu.com.cn/problem/P1746,P1746
洛谷/code/P1746.cpp,P1746.cpp,cpp,957,44,427299cdab965d711e0f08fac3088256882866ca27b7218330b0e386f8950c69,true,https://www.luogu.com.cn/problem/P1746,P1746
洛谷/code/P1747.cpp,P1747.cpp,cpp,1463,60,431037abe64aad118ff4c5795cd3ad0f85167d6aca77c8d6d997544f4b7c9921,true,https://www.luogu.com.cn/problem/P1747,P1747
洛谷/code/P1750.c,P1750.c,c,1114,55,7f88e7f731e3a78dc4577900e83f8cfacf90d95cc43afea419891f105ade2547,true,https://www.luogu.com.cn/problem/P1750,P1750
洛谷/code/P1751.cpp,P1751.cpp,cpp,2686,122,3aa7bf82c3b9c46165200fbc38fcf73ee75d707b27c02be2c9a2eccefbcafbb7,true,https://www.luogu.com.cn/problem/P1751,P1751
洛谷/code/P1754.c,P1754.c,c,802,41,a77da2f81cbd4ee3571623dc979cc4ea554f6f823891fe2b8317dc12d20c03cc,true,https://www.luogu.com.cn/problem/P1754,P1754
洛谷/code/P1759.c,P1759.c,c,1667,58,996a98867274aec81203c7d20342daea0eeeccc1655f1cf12acb5bf87df6dad3,true,https://www.luogu.com.cn/problem/P1759,P1759
洛谷/code/P1767(2).cpp,P1767(2).cpp,cpp,2,1,7eb70257593da06f682a3ddda54a9d260d4fc514f645237f5ca74b08f8da61a6,false,https://www.luogu.com.cn/problem/P1767,P1767
洛谷/code/P1767.cpp,P1767.cpp,cpp,1624,54,ca8a72a8c426a89c2f8c65bca0ffdaf570a50934e64aa61a56972e7fcdbced22,true,https://www.luogu.com.cn/problem/P1767,P1767
洛谷/code/P1768.cpp,P1768.cpp,cpp,2179,109,e9d1874b76c5267646e8bdd4854aa1735eb9cc495110d6338dcda0e9a7a23a7e,true,https://www.luogu.com.cn/problem/P1768,P1768
洛谷/code/P1771.cpp,P1771.cpp,cpp,717,36,04e4d7b93ed97f7cd13184a076c5ed635d13a0e081244595cf56def548b214e9,true,https://www.luogu.com.cn/problem/P1771,P1771
洛谷/code/P1772.cpp,P1772.cpp,cpp,2217,115,94afb4fa87ad9b7ed79d6da1951282462ef84c1f5605af47003c2b76a8b6311e,false,https://www.luogu.com.cn/problem/P1772,P1772
洛谷/code/P1774.cpp,P1774.cpp,cpp,1066,58,5c2510804f2d3fe82ef320635826f932a1301b3eedc141b3deb0f235058a6071,false,https://www.luogu.com.cn/problem/P1774,P1774
洛谷/code/P1775(2).c,P1775(2).c,c,822,33,b2a9c2f31c345ceb7c746356007323fab44220a1a3e1e71273018872720b73c1,true,https://www.luogu.com.cn/problem/P1775,P1775
洛谷/code/P1775.c,P1775.c,c,856,44,080eca7586394000f06fc30b77e54ec765d9f069692153a46e0870f708b5daa2,true,https://www.luogu.com.cn/problem/P1775,P1775
洛谷/code/P1778(2).cpp,P1778(2).cpp,cpp,3915,155,6cded537a0a41b6944a00ddf4dc42de312c7ade58a280c16d20ca5c6cdbaf26e,true,https://www.luogu.com.cn/problem/P1778,P1778
洛谷/code/P1778.cpp,P1778.cpp,cpp,2789,111,1998b88656e2542f9f1cb1b53b8681518c74a31c2557f4e64a94455fbae962d0,true,https://www.luogu.com.cn/problem/P1778,P1778
洛谷/code/P1782.cpp,P1782.cpp,cpp,1517,71,f39420aece7fe4844d61a516ae9bb7513f65f6407037e5a30b2b3de8c35db5f1,false,https://www.luogu.com.cn/problem/P1782,P1782
洛谷/code/P1783.cpp,P1783.cpp,cpp,1919,93,276b7e722729ce34c2fb13eb37c6ff39b7268fd5fa4d1d8a2edb133a85c87e74,true,https://www.luogu.com.cn/problem/P1783,P1783
洛谷/code/P1790.cpp,P1790.cpp,cpp,444,8,8db52d82722ca3345e4b06f33b663a42b0a472e6dcc70d1baaab92106691823b,true,https://www.luogu.com.cn/problem/P1790,P1790
洛谷/code/P1791.cpp,P1791.cpp,cpp,3196,144,a67313fa966eb532f2f1f213459971a1d9bf4285f3caefde4d1e5769240319dd,false,https://www.luogu.com.cn/problem/P1791,P1791
洛谷/code/P1794.c,P1794.c,c,716,38,f0c11268bb6c7d1f560e6855797e6660af45d2975aac83e7e5862ce62a414144,true,https://www.luogu.com.cn/problem/P1794,P1794
洛谷/code/P1799.cpp,P1799.cpp,cpp,518,28,cb267a7b66e11a75c58c4e23b2ec1cef0e8a659d12c276cbee7e2e8a906cb749,true,https://www.luogu.com.cn/problem/P1799,P1799
洛谷/code/P1800.cpp,P1800.cpp,cpp,946,45,714d6f6aa538e929b839e3edddf30996a08deb7a4b2e9bd6b5a633a2408b7bf7,true,https://www.luogu.com.cn/problem/P1800,P1800
洛谷/code/P1802.c,P1802.c,c,640,32,bd71c2356678637904b1563be55fed08046d67d0b4bfe989cb963841545df361,true,https://www.luogu.com.cn/problem/P1802,P1802
洛谷/code/P1803.c,P1803.c,c,624,37,296bae87f2c52ced7e9698320bd5f2244debd4daddf0a13ecf99c3fc59dc5b55,true,https://www.luogu.com.cn/problem/P1803,P1803
洛谷/code/P1806(2).c,P1806(2).c,c,602,32,6cec127ea392c07ef2514daec700e79ea246fad4a9e3631493276afbbef3d515,true,https://www.luogu.com.cn/problem/P1806,P1806
洛谷/code/P1806(3).c,P1806(3).c,c,917,43,adb46d9dc9752d05b7d986edfbbb8fc9f75c6855a6df45d6c9f32fc375101b3e,true,https://www.luogu.com.cn/problem/P1806,P1806
洛谷/code/P1806.c,P1806.c,c,554,25,b38e2418fbd3193e6cddb39eee63abb436bb88cec88cb65e2366e8c50374fbd6,true,https://www.luogu.com.cn/problem/P1806,P1806
洛谷/code/P1807.cpp,P1807.cpp,cpp,1214,55,e5350e0b7e17fc70f6390c7227aeab88122bf58e74d37c1407646960bbcb8261,true,https://www.luogu.com.cn/problem/P1807,P1807
洛谷/code/P1816(2).c,P1816(2).c,c,674,30,2ca1890d6b290c8718b3f4cd4ffe4a0b9f6cb588b5328471cc3b6214a4c6ccc1,true,https://www.luogu.com.cn/problem/P1816,P1816
洛谷/code/P1816(3).c,P1816(3).c,c,1045,44,666e6a9782ab2dcfa0a3eac08825451fa27e8813aa509c9ff9cec45552454bda,true,https://www.luogu.com.cn/problem/P1816,P1816
洛谷/code/P1816.c,P1816.c,c,717,39,62741c136ba3871cb29e86b685a380bc545cff959843df82e25a3d4b8eb687c0,true,https://www.luogu.com.cn/problem/P1816,P1816
洛谷/code/P1816.cpp,P1816.cpp,cpp,744,40,79d48d02e15b8c85dda693e1f08e44a71eff07db426ae385cca369bb8a6b0506,true,https://www.luogu.com.cn/problem/P1816,P1816
洛谷/code/P1821.cpp,P1821.cpp,cpp,2128,89,f91bda822472fb025bfd7281c4f23f366a65e2db216685be0ec778b4e5ac47d8,true,https://www.luogu.com.cn/problem/P1821,P1821
洛谷/code/P1824.c,P1824.c,c,933,47,ffbdfaad1adf2b94188a8f313f0187c84923cfd07be1fae4199c16e29a3965c2,true,https://www.luogu.com.cn/problem/P1824,P1824
洛谷/code/P1825.cpp,P1825.cpp,cpp,1936,82,429153f3f3c5e1d092721482782caf2abcda030a3b0bb13b6b9e13b0f24036cb,true,https://www.luogu.com.cn/problem/P1825,P1825
洛谷/code/P1827.cpp,P1827.cpp,cpp,558,28,2cb23d01ca873d1b1bd8e3a6a0a7247877736047baf243285d35b5bccef1d4f4,true,https://www.luogu.com.cn/problem/P1827,P1827
洛谷/code/P1829.cpp,P1829.cpp,cpp,1329,65,2ab1689142f1e299f5c5fd835855043740671844c49dd916b79137ca9518c7e1,false,https://www.luogu.com.cn/problem/P1829,P1829
洛谷/code/P1831.cpp,P1831.cpp,cpp,1131,60,686e592b33d7980bdf14951a41db8710465a3a5ae449541ba3331bd2d62d1e63,false,https://www.luogu.com.cn/problem/P1831,P1831
洛谷/code/P1832.c,P1832.c,c,687,40,0259a3f81506d947312b3a09cef1f4d743949ed87aad449c2d50d57ee38688f8,true,https://www.luogu.com.cn/problem/P1832,P1832
洛谷/code/P1833.c,P1833.c,c,926,50,733aaf38a5120d79555f7307c8ff70fe3d0efd25a5dbc02aefd1c8a6e7f43f4e,true,https://www.luogu.com.cn/problem/P1833,P1833
洛谷/code/P1840(2).c,P1840(2).c,c,622,36,f5c6643759653b26af605c4cd9f7dd46f86d18dd5ce1f5dce2729249b307d2c7,true,https://www.luogu.com.cn/problem/P1840,P1840
洛谷/code/P1840(2).cpp,P1840(2).cpp,cpp,627,35,c95c33de3f57fd9115e6d4551b5ed9d71efa6400f3a955ff9d2f8685b2b1475a,true,https://www.luogu.com.cn/problem/P1840,P1840
洛谷/code/P1840.c,P1840.c,c,426,25,5a1703db1ae49685886d5a2d18ba70181dfadeba604e7861adb20f0e8de4115f,true,https://www.luogu.com.cn/problem/P1840,P1840
洛谷/code/P1840.cpp,P1840.cpp,cpp,500,39,b28d5ca1c75295015215561cb7a3856b4ce1b8d997cf36c8052040e5695f34e9,true,https://www.luogu.com.cn/problem/P1840,P1840
洛谷/code/P1841.cpp,P1841.cpp,cpp,1637,71,34216e24ad115d25b9b50f8a014a808263946b87505e73badb938f00c2d55d2a,true,https://www.luogu.com.cn/problem/P1841,P1841
洛谷/code/P1842.c,P1842.c,c,694,40,ecb4c48f1ba0608c4032dccbe0bf666afb0c1c0a1190dbb3a3816eecfebcb03e,true,https://www.luogu.com.cn/problem/P1842,P1842
洛谷/code/P1843.c,P1843.c,c,900,46,f17a57aa1d28806038c2c0c51d049ef16b2d75ee2efd15127deffa8400fa1d4d,true,https://www.luogu.com.cn/problem/P1843,P1843
洛谷/code/P1848.cpp,P1848.cpp,cpp,3425,167,a05a772b65e2da4139991c1229c86b4810a842f0dd789613acda63a70138bc62,false,https://www.luogu.com.cn/problem/P1848,P1848
洛谷/code/P1850.cpp,P1850.cpp,cpp,3005,102,8e09dbed538b19bbebae3ed0a158c2746216fdec23bb3384a78dc6a54f4e01ad,true,https://www.luogu.com.cn/problem/P1850,P1850
洛谷/code/P1852.cpp,P1852.cpp,cpp,2444,136,572dc34584eb52fe521e8ac7b3c5cb1cc66c57b403c637532c86e577f82debd7,false,https://www.luogu.com.cn/problem/P1852,P1852
洛谷/code/P1853(2).c,P1853(2).c,c,105,11,443d12a3e418f6b1fa1e47a151a961c47b6231b88d5df4ada0f7ab29e0c97801,true,https://www.luogu.com.cn/problem/P1853,P1853
洛谷/code/P1853.c,P1853.c,c,762,33,c51cb9172af3797d6baefe887d8ec73cf495b8e33bc49b25e7b729b2ef3a28ee,true,https://www.luogu.com.cn/problem/P1853,P1853
洛谷/code/P1855.c,P1855.c,c,743,37,30b37b6658f128c89058c3fce95d7b6f4c2d8457d017350361d73b199406e62b,true,https://www.luogu.com.cn/problem/P1855,P1855
洛谷/code/P1856.cpp,P1856.cpp,cpp,3192,165,ec1b29f51ae7ae980d3dd4c8edb70e0a12a200ccd7109cf5deadaca8f753bd9a,true,https://www.luogu.com.cn/problem/P1856,P1856
洛谷/code/P1857.cpp,P1857.cpp,cpp,1353,66,c7fb05e9a7a020059f49a31831089ca092d2e406808c481c4af3ad07f75e0903,true,https://www.luogu.com.cn/problem/P1857,P1857
洛谷/code/P1858.cpp,P1858.cpp,cpp,902,40,6c526e7615cc01fdb5936880cfbf8198f24c35c1b325a2f96f072466a42d957b,true,https://www.luogu.com.cn/problem/P1858,P1858
洛谷/code/P1860.cpp,P1860.cpp,cpp,4232,159,07a562fd6502c346c262adea256867e64e1db7bc38c8736312dc51c5474a345c,true,https://www.luogu.com.cn/problem/P1860,P1860
洛谷/code/P1864.cpp,P1864.cpp,cpp,2108,96,22c233ce2fd84100a8c1f1a27210bb48f65709f5453baff4feff3466114950cc,true,https://www.luogu.com.cn/problem/P1864,P1864
洛谷/code/P1865.cpp,P1865.cpp,cpp,1042,50,a97ebd3281fb66c54f0abe9a867a742a9e92a17e1752df24ad0cdeae568c3c5f,true,https://www.luogu.com.cn/problem/P1865,P1865
洛谷/code/P1868.cpp,P1868.cpp,cpp,876,46,8ac2b38b523822874af2b8662c0339bd12b50c3d082a73799d3c8098a647180a,true,https://www.luogu.com.cn/problem/P1868,P1868
洛谷/code/P1873.c,P1873.c,c,677,35,02cda0ac441e3b5e077964c9688fc4160c6904a3d2b0fe462918462ccfb11c98,true,https://www.luogu.com.cn/problem/P1873,P1873
洛谷/code/P1875.cpp,P1875.cpp,cpp,1798,74,1f31c27ac002ffe92d374cabfdc321185382bc25c477b43c42d91ad10a5d47c6,true,https://www.luogu.com.cn/problem/P1875,P1875
洛谷/code/P1877(2).c,P1877(2).c,c,1013,41,e96d1bbfb622f1d94a12e9c6b95ce70081e2399ee6f4833f9eb0c30ea5d270fa,true,https://www.luogu.com.cn/problem/P1877,P1877
洛谷/code/P1877.c,P1877.c,c,992,42,b63ea6199ea4837f42ef864642ba308930f05fd204d1a03977b165e66e87d0a2,true,https://www.luogu.com.cn/problem/P1877,P1877
洛谷/code/P1879.cpp,P1879.cpp,cpp,1265,64,66f09b9c81311825111ef01457f56c1b1a6002e87c81e1d2cab06ec9f73e43a9,true,https://www.luogu.com.cn/problem/P1879,P1879
洛谷/code/P1880.c,P1880.c,c,1523,70,565f490aa04493e7886f2bfb58dcd6c1a62ad8e8b2b090127ded43be91447e82,true,https://www.luogu.com.cn/problem/P1880,P1880
洛谷/code/P1884.cpp,P1884.cpp,cpp,1110,52,ae93934ba102913267a755d3f5381b6aba596d672c2d5e7ea88809a9d554cfd2,true,https://www.luogu.com.cn/problem/P1884,P1884
洛谷/code/P1886.cpp,P1886.cpp,cpp,855,39,bfe50a7685f483c14a987a3cc4d77cfcf4a3bbccd8a4c16b7175ee38eb8790f0,true,https://www.luogu.com.cn/problem/P1886,P1886
洛谷/code/P1892.cpp,P1892.cpp,cpp,988,55,dcf3c93e2d43af4ef9d02aa93abe1011f7a0552f46b421684821bebe69bd8682,true,https://www.luogu.com.cn/problem/P1892,P1892
洛谷/code/P1899.cpp,P1899.cpp,cpp,1100,48,a207ce398b801cc71f0b584f973f9be1e5285b8311f8b5a42f1935d220c43a0a,false,https://www.luogu.com.cn/problem/P1899,P1899
洛谷/code/P1901(2).cpp,P1901(2).cpp,cpp,403,21,b628bbbf231d114bb8e9ab776d2667677983b62ee558753c627140335b357588,true,https://www.luogu.com.cn/problem/P1901,P1901
洛谷/code/P1901.cpp,P1901.cpp,cpp,935,38,67dc03ef292a098dfeb60bba45b68c5eff791f24f479fc61ffdab5721d40b0f1,true,https://www.luogu.com.cn/problem/P1901,P1901
洛谷/code/P1902.cpp,P1902.cpp,cpp,1420,72,c633b72675c0b787558d0334cbdc2f9ca5e2c0de66c86d5b4da19f77e9dcb3e9,true,https://www.luogu.com.cn/problem/P1902,P1902
洛谷/code/P1903_2.cpp,P1903_2.cpp,cpp,2322,134,59ba4be68d3c4becaee424b62b9d7ae49d434761013d849333a7881e63268d78,true,,
洛谷/code/P1904.cpp,P1904.cpp,cpp,271,13,25b4a47e05ace823526f3857d208e2be99de6ba587f526749e037a9bfaf324ce,true,https://www.luogu.com.cn/problem/P1904,P1904
洛谷/code/P1910(2).c,P1910(2).c,c,787,46,8516fce04ee2dc25c8026771b73921cdf1b85c51954a3fded222acd148ae350c,true,https://www.luogu.com.cn/problem/P1910,P1910
洛谷/code/P1910.c,P1910.c,c,843,44,f269665e8ee255ed8da06e1f292629de606f1b71bda03c680d3b8986f23c931c,true,https://www.luogu.com.cn/problem/P1910,P1910
洛谷/code/P1913.cpp,P1913.cpp,cpp,887,49,48d9f8a3d3bfd4853b38f21f63f5bcf4689f5f1884b00db63bdc3b50a95cfc56,true,https://www.luogu.com.cn/problem/P1913,P1913
洛谷/code/P1918.cpp,P1918.cpp,cpp,378,23,940181c52e23741fac366f5d3a505eeba633f7b0d527b3eaec6f186a31e8df49,true,https://www.luogu.com.cn/problem/P1918,P1918
洛谷/code/P1919(2).cpp,P1919(2).cpp,cpp,1923,91,22fba158f3794cdd0d9adbe7f944eee9cb59fff81e61ecf0bc505eeb75f0fc8c,false,https://www.luogu.com.cn/problem/P1919,P1919
洛谷/code/P1919.cpp,P1919.cpp,cpp,1785,81,e28de03987f6b82c6fe9086b01706114c20e89e93114d947609d106db529c954,true,https://www.luogu.com.cn/problem/P1919,P1919
洛谷/code/P1926.c,P1926.c,c,1278,67,9d730bf96b35153a2e8eae99d2a0a1c60fc556b3a225463c89a98994517848d4,true,https://www.luogu.com.cn/problem/P1926,P1926
洛谷/code/P1929(2).c,P1929(2).c,c,816,43,b0b1cc1ce1beb4594c6cff4b41cd9e11426ebdc2c15de1dd88716b98b478659e,true,https://www.luogu.com.cn/problem/P1929,P1929
洛谷/code/P1929.c,P1929.c,c,914,34,9dc3c64719938c104b8f9acb51eb5aea84395e58402f6af47c84da538ef6f9a0,true,https://www.luogu.com.cn/problem/P1929,P1929
洛谷/code/P1931.cpp,P1931.cpp,cpp,1193,63,3498fa91caec5a09995827aed2dc4f951e2ac3391e943914ca8466a1b6a5c45e,true,https://www.luogu.com.cn/problem/P1931,P1931
洛谷/code/P1934(2).c,P1934(2).c,c,718,32,762c8cb666bd33a3d71490160ddc9e16c6cc4422e9f175b4927f867063cdfcab,true,https://www.luogu.com.cn/problem/P1934,P1934
洛谷/code/P1934.c,P1934.c,c,662,33,77be8648b029cf79e027acd0f549f6d60f0f387542b33ea833aa8aa4d737d289,true,https://www.luogu.com.cn/problem/P1934,P1934
洛谷/code/P1937.cpp,P1937.cpp,cpp,2026,100,eda1d8746a1a0316e038bcc8bfc9fb2be5e281994ba44d81c58a3adfdd13e41a,true,https://www.luogu.com.cn/problem/P1937,P1937
洛谷/code/P1938.cpp,P1938.cpp,cpp,2145,91,fee9683e7200a20a65ff5174539966034a0835ee25c794349b68e759e3b97f2f,true,https://www.luogu.com.cn/problem/P1938,P1938
洛谷/code/P1939.cpp,P1939.cpp,cpp,1466,57,09cac0d90205530605948b465b3621802dfddc432c9cd06f23902ea11eef93e2,false,https://www.luogu.com.cn/problem/P1939,P1939
洛谷/code/P1940.cpp,P1940.cpp,cpp,80,7,0b86af26146cee7f958b8da85052a099dc88f5139504bab4ae8e6b27ab05e7dd,true,https://www.luogu.com.cn/problem/P1940,P1940
洛谷/code/P1941.cpp,P1941.cpp,cpp,2134,85,576c2a94a56a9a60c46dc6e31bb1d6b28e356d3693fc390b95482ee760d8528f,true,https://www.luogu.com.cn/problem/P1941,P1941
洛谷/code/P1944(2).c,P1944(2).c,c,920,30,d94ea41b9703331210abb3f5e03b44c56215d673a89a40d1e275a72718031346,true,https://www.luogu.com.cn/problem/P1944,P1944
洛谷/code/P1944.c,P1944.c,c,811,42,bbb8072b09068872df91b4e474dd72a44f1872153ba2c14d02b4763dc32a57c5,true,https://www.luogu.com.cn/problem/P1944,P1944
洛谷/code/P1948.cpp,P1948.cpp,cpp,1706,88,e003ec1eeddd30b48e16f7bf0c2e8b7a27209a9b70ba4730aec85f1504027c57,true,https://www.luogu.com.cn/problem/P1948,P1948
洛谷/code/P1949.cpp,P1949.cpp,cpp,3501,182,8fa1fca7f29390fee395710f11e9501c1b72ecc4d1f102221456074fdba5743a,true,https://www.luogu.com.cn/problem/P1949,P1949
洛谷/code/P1950(2).cpp,P1950(2).cpp,cpp,1214,58,e7b9d8f2aa9aafd65163c49edff6f19d505b7d78161c66ba63ed78dae0cf4c4f,true,https://www.luogu.com.cn/problem/P1950,P1950
洛谷/code/P1950.cpp,P1950.cpp,cpp,1217,50,68f8fd485fdf06f8b56daf86475437eeee446f15416bea4b1bc32c0e41fc9028,true,https://www.luogu.com.cn/problem/P1950,P1950
洛谷/code/P1954.cpp,P1954.cpp,cpp,2764,151,72e9387193f20183df18e833f81bddb380756ca3de310116e4a824a97333062b,true,https://www.luogu.com.cn/problem/P1954,P1954
洛谷/code/P1955(2).cpp,P1955(2).cpp,cpp,1489,63,ae26d42ad9ce16c051f932c0ff6278348d0ea214c52a9724dd186de8dd0a9817,true,https://www.luogu.com.cn/problem/P1955,P1955
洛谷/code/P1955.cpp,P1955.cpp,cpp,936,50,ce5fb2c52feb39b5d6e261d811dcf3fd8dfe5cb9bdb48c6bfe2d32662f06b83f,true,https://www.luogu.com.cn/problem/P1955,P1955
洛谷/code/P1962.cpp,P1962.cpp,cpp,1350,52,c156529e21554e915e51d7540b99dd8259451716bbd2e49aca8c05e501f4705b,false,https://www.luogu.com.cn/problem/P1962,P1962
洛谷/code/P1966(2).cpp,P1966(2).cpp,cpp,1222,61,5c142a4c7a74c02f6318735a7aab5c8f10b747d1f90dff9e229f1ea85e0dbf23,true,https://www.luogu.com.cn/problem/P1966,P1966
洛谷/code/P1966.cpp,P1966.cpp,cpp,1548,80,045ec50724e89dc66ba2b457014bd8c1bb8c2f22583680c4992c8c6ed3aa371a,true,https://www.luogu.com.cn/problem/P1966,P1966
洛谷/code/P1968(2).c,P1968(2).c,c,1002,37,f7d79d8f9ab38d6d99efb9a642d05bff4d2762884e8b8e247cf0362d8e60354c,true,https://www.luogu.com.cn/problem/P1968,P1968
洛谷/code/P1968.c,P1968.c,c,513,25,4aa176bb8030a09a1469a3ea62af6292a33becb00feada5a35b02bd95957eb05,true,https://www.luogu.com.cn/problem/P1968,P1968
洛谷/code/P1969.c,P1969.c,c,272,17,b559113be73273ae673719c6c059d4c98665159f1938edc2c9225017c563582c,true,https://www.luogu.com.cn/problem/P1969,P1969
洛谷/code/P1970(2).c,P1970(2).c,c,783,44,a089d39037fab3697b87da39a920c82ddabe7643fc131360bad9bfb81976c007,true,https://www.luogu.com.cn/problem/P1970,P1970
洛谷/code/P1970.c,P1970.c,c,1452,53,910afaebc8b36917e16596c4e0409b594231f529ec80027e9ce23a75a763b80a,true,https://www.luogu.com.cn/problem/P1970,P1970
洛谷/code/P1972.cpp,P1972.cpp,cpp,1366,77,b0ad8deb3892a59aa29bda10b2ba42b7c1cc2a4b4a56e64ee219df78ac855a80,true,https://www.luogu.com.cn/problem/P1972,P1972
洛谷/code/P1977.c,P1977.c,c,804,43,de000b5785cb47ac92713c0de1caac204898872fd0fa6aeec0c6a2da60af6f0f,true,https://www.luogu.com.cn/problem/P1977,P1977
洛谷/code/P1982.cpp,P1982.cpp,cpp,923,47,36cfff723c68250dbd3388195f926b5f1e2b7d0f0b6fd6f825d294da3bd187e5,false,https://www.luogu.com.cn/problem/P1982,P1982
洛谷/code/P1983.cpp,P1983.cpp,cpp,1255,34,a5428e4cc7d0d36cbbf39656b50c759ef66eade40a44ccd8c1d50a5c4d36af8d,true,https://www.luogu.com.cn/problem/P1983,P1983
洛谷/code/P1986.cpp,P1986.cpp,cpp,745,47,4d8f974d7e3203c9836381460f928be37e27e1f158fc561b48ab25fbdfeeb3d5,true,https://www.luogu.com.cn/problem/P1986,P1986
洛谷/code/P1987.cpp,P1987.cpp,cpp,1019,45,8651ae05f5c333c0db1755aa751261f87596ab65e168167d96012b11a913f465,true,https://www.luogu.com.cn/problem/P1987,P1987
洛谷/code/P1988.c,P1988.c,c,780,35,a160d98c08b4f7d2239f3b9af7d86c09b165160deef19dd82ebc79b76efb4078,true,https://www.luogu.com.cn/problem/P1988,P1988
洛谷/code/P1996.cpp,P1996.cpp,cpp,404,27,78ff3f605eeeac32fc75a7bdc01a0f3e43eebddbb1d217c9e76c1a67ee62f484,true,https://www.luogu.com.cn/problem/P1996,P1996
洛谷/code/P1999.cpp,P1999.cpp,cpp,741,42,0fb05286491296f0addd8814b34c94966f11b1e1c8f88f9b72fb2b7b41bac507,true,https://www.luogu.com.cn/problem/P1999,P1999
洛谷/code/P2000.cpp,P2000.cpp,cpp,2061,115,1c241eed70ca61990b86eab5e9087c82e9b7d0663988796814540db6448377f9,false,https://www.luogu.com.cn/problem/P2000,P2000
洛谷/code/P2002.cpp,P2002.cpp,cpp,1583,84,4d9e5b946f438fbf7e97cc8b79113a2cf93045969b41bf5431f499fac06d9316,true,https://www.luogu.com.cn/problem/P2002,P2002
洛谷/code/P2003.cpp,P2003.cpp,cpp,917,41,c7d3d9c02f7551478d418f27fd72f1cf7c4472b1eb3f214113e81d49a2a6058f,true,https://www.luogu.com.cn/problem/P2003,P2003
洛谷/code/P2004.cpp,P2004.cpp,cpp,715,31,f5367d73d2b1e165305765a4f7f158ed26f2b1603f3700e265916d5b5ea598d5,true,https://www.luogu.com.cn/problem/P2004,P2004
洛谷/code/P2015.cpp,P2015.cpp,cpp,920,41,ace77fee808667644cfbea5d3049bde32079f6f97cdf7858a82f38cd9c067494,true,https://www.luogu.com.cn/problem/P2015,P2015
洛谷/code/P2018.cpp,P2018.cpp,cpp,1308,71,a5cc8d2c07550f830f73ab736a8b4b4185d9c47adf9f4eb67912503281945e95,true,https://www.luogu.com.cn/problem/P2018,P2018
洛谷/code/P2023(2).cpp,P2023(2).cpp,cpp,1983,84,631d1882eb046f75231cbeed0d70679a3b78dd9ed6a6ad90abac8dcc24cfbb3c,true,https://www.luogu.com.cn/problem/P2023,P2023
洛谷/code/P2023.cpp,P2023.cpp,cpp,929,47,23fc0f31134d212668b6fe1da1e306839b385bfe20efb4d2ac8493ce7888a9ae,true,https://www.luogu.com.cn/problem/P2023,P2023
洛谷/code/P2028(2).c,P2028(2).c,c,491,25,298e4ef280742f78fe5378c0a3d55a9ea2895a28630667b387a144328fc8840d,true,https://www.luogu.com.cn/problem/P2028,P2028
洛谷/code/P2028.c,P2028.c,c,415,24,6fe10cb703d2e0fccb30890b6fa142c53f3e86f2e172ebf1c19d0a19bcbaaf8c,true,https://www.luogu.com.cn/problem/P2028,P2028
洛谷/code/P2030.cpp,P2030.cpp,cpp,1271,69,4a2293728d37f02918a6a845e4e0252b996edf2345773c3da587a8009534d622,true,https://www.luogu.com.cn/problem/P2030,P2030
洛谷/code/P2030.py,P2030.py,py,1145,46,00046f6cf2ecb441a76e90a8799a8df6ac48e09095abe7081351cae6944ec1ab,false,https://www.luogu.com.cn/problem/P2030,P2030
洛谷/code/P2032.cpp,P2032.cpp,cpp,489,27,8a35b7b406b070eefa9a00acba2462a1256d12f87b73e58883cea3fe023d5528,true,https://www.luogu.com.cn/problem/P2032,P2032
洛谷/code/P2034.cpp,P2034.cpp,cpp,1048,55,72f283faf687c88e993f2c55861047e1c70243284f478a0314a6d070af91cb28,false,https://www.luogu.com.cn/problem/P2034,P2034
洛谷/code/P2036.c,P2036.c,c,671,37,7999ab918aecc112d7461d7761566d68e6f4bf8202423a83bca75f4dc84554db,true,https://www.luogu.com.cn/problem/P2036,P2036
洛谷/code/P2045(2).cpp,P2045(2).cpp,cpp,4392,196,bc1dd2533894ccd6ccc0eed448af38c69a5f72f0cbc535f972f0fea98e8bf841,true,https://www.luogu.com.cn/problem/P2045,P2045
洛谷/code/P2045.cpp,P2045.cpp,cpp,3996,153,177d6565862f920db27d7f3f128358f048d45f98e92f114ce7bb7fd1dd147e0b,true,https://www.luogu.com.cn/problem/P2045,P2045
洛谷/code/P2046.cpp,P2046.cpp,cpp,2139,112,06797f6d316e110d907b7ab8c02fd19936e5ed70c6b738ae9a70853d87d280b2,false,https://www.luogu.com.cn/problem/P2046,P2046
洛谷/code/P2047(2).cpp,P2047(2).cpp,cpp,1538,57,5536917a72d9a26308f92308ba2a5a7bab983f449499a0bb2b2ba275ce3ab77f,false,https://www.luogu.com.cn/problem/P2047,P2047
洛谷/code/P2048.cpp,P2048.cpp,cpp,2274,99,03a234b28273aef2447ccbba93fea8119ce55812a2c7a799fc2008b7c0373c75,false,https://www.luogu.com.cn/problem/P2048,P2048
洛谷/code/P2049.c,P2049.c,c,911,44,ce6fb775307797fad06abc68766527746ef6471a5ff6f44dfe86e5b8cb5aa125,true,https://www.luogu.com.cn/problem/P2049,P2049
洛谷/code/P2051.cpp,P2051.cpp,cpp,1274,55,991cd71f33e1677ca2eaaee212e9ad1fe1f4f35db28c2d4d73ebe98245e218f0,false,https://www.luogu.com.cn/problem/P2051,P2051
洛谷/code/P2052.cpp,P2052.cpp,cpp,1024,53,fc44269fc49359c63dc01a6ae0a983efbf3b873b8b7ec8619c0dbf22810fd405,false,https://www.luogu.com.cn/problem/P2052,P2052
洛谷/code/P2053.cpp,P2053.cpp,cpp,5243,209,0557af255a22eb1de38c8a1b744b12be0dab636f994db9dc3d7f137afaf0ecb0,false,https://www.luogu.com.cn/problem/P2053,P2053
洛谷/code/P2056(2).cpp,P2056(2).cpp,cpp,3705,203,3c2b2eceb0f73d92d1739499874103e708a252b06643ccd99dd45b2040bc417c,true,https://www.luogu.com.cn/problem/P2056,P2056
洛谷/code/P2056(3).cpp,P2056(3).cpp,cpp,5185,264,7dd721e4312473df901dadbc7ad49868066139adcdb823f2de8810d09c958da6,true,https://www.luogu.com.cn/problem/P2056,P2056
洛谷/code/P2056.cpp,P2056.cpp,cpp,3138,178,a30d1c1585e96ab27bd93dc1f76b6f33cbd301d273a0fd537f681c62a5a9b08e,true,https://www.luogu.com.cn/problem/P2056,P2056
洛谷/code/P2057.cpp,P2057.cpp,cpp,2666,124,4851feb7022ea8b5a672b6eeacae9c71bccac5ab9bd3e36a9710cc6da6a53748,false,https://www.luogu.com.cn/problem/P2057,P2057
洛谷/code/P2059.cpp,P2059.cpp,cpp,612,32,17b12eb49c0a9f10c026a0a92f5b38567e2fe9944695a6733966d131a50592f1,true,https://www.luogu.com.cn/problem/P2059,P2059
洛谷/code/P2060.cpp,P2060.cpp,cpp,565,30,64322fc8084841ed6158225da5cc442ce386de0b995796ebdcdeecdf3dc0ba5f,true,https://www.luogu.com.cn/problem/P2060,P2060
洛谷/code/P2061.cpp,P2061.cpp,cpp,3665,139,2c098c3c529fbdcd8b09436404feb5c63d513bce517075f71182042cfcc0dd2b,false,https://www.luogu.com.cn/problem/P2061,P2061
洛谷/code/P2064.c,P2064.c,c,921,38,eb38f03a3c5a115f23e770f0591164337327ff5dac4d4dad3fbdc23274c4b8ab,true,https://www.luogu.com.cn/problem/P2064,P2064
洛谷/code/P2064.cpp,P2064.cpp,cpp,586,37,7d233fd6acc8c0e5b8ac36e9447374fc287761cfb26abf69b2598ec8656cfa1d,true,https://www.luogu.com.cn/problem/P2064,P2064
洛谷/code/P2066(2).c,P2066(2).c,c,976,32,14069963ca1f34c6efae67fa9355b758104436222a683606df4fb8daee0324c9,true,https://www.luogu.com.cn/problem/P2066,P2066
洛谷/code/P2066.c,P2066.c,c,784,43,cc61c94265d7d98a7914258718f230709163aa2e0eceb922288753022c09665a,true,https://www.luogu.com.cn/problem/P2066,P2066
洛谷/code/P2068.cpp,P2068.cpp,cpp,2582,110,758760cbe486071b700beb2be81e6fa008b7126e4905227d1c2ee21de0ca43aa,true,https://www.luogu.com.cn/problem/P2068,P2068
洛谷/code/P2073.cpp,P2073.cpp,cpp,4539,174,c09240b5ac1f6c21161a5caaced0d44f6ddf74c01ce3c56c98217f19e7ed909a,false,https://www.luogu.com.cn/problem/P2073,P2073
洛谷/code/P2078.cpp,P2078.cpp,cpp,1153,66,49377ecddd86f978d07958d7f05ed00fb9b9b415456faa1a582c5c9406ff9a0e,true,https://www.luogu.com.cn/problem/P2078,P2078
洛谷/code/P2079.cpp,P2079.cpp,cpp,869,50,df1fc8000ce850afd86ae5db54010d1980693e3781ea485cd575bc988bbd08b0,true,https://www.luogu.com.cn/problem/P2079,P2079
洛谷/code/P2080.c,P2080.c,c,547,33,c63b4ef3e831834e62fbca7cb128f1f5aedce663832feb98f44305832b75a6f7,true,https://www.luogu.com.cn/problem/P2080,P2080
洛谷/code/P2081.cpp,P2081.cpp,cpp,3856,195,ca305a0bd8129ca9a9f0d0315cb40b22b5d022a15174d579b9b963d6228b1fdd,true,https://www.luogu.com.cn/problem/P2081,P2081
洛谷/code/P2084(2).c,P2084(2).c,c,699,26,68e730bd00f8441d8de075cd5e23b04d5f0f3c1ae19abf920d7c61c5d9171f58,true,https://www.luogu.com.cn/problem/P2084,P2084
洛谷/code/P2084.c,P2084.c,c,428,24,fce239d4845dc29fa49beaa06eaf0ff4151bb2e65b02b5f12fc3071cc9171456,true,https://www.luogu.com.cn/problem/P2084,P2084
洛谷/code/P2087.cpp,P2087.cpp,cpp,1453,77,f2c935bfcb30da5df07c23615bbc66915aeaa1d06dd025c01c0fb55672f86883,true,https://www.luogu.com.cn/problem/P2087,P2087
洛谷/code/P2089.c,P2089.c,c,554,19,91baf5617d49a75d24e9a94201598d938d16782e43abf71f2d4879cb39e6b474,true,https://www.luogu.com.cn/problem/P2089,P2089
洛谷/code/P2092.cpp,P2092.cpp,cpp,726,38,40b80f50845ccdfbf163bf1919566660ce0a39bcb6b33c0f8d2c24d6c4c094e3,true,https://www.luogu.com.cn/problem/P2092,P2092
洛谷/code/P2095.c,P2095.c,c,857,46,b960345af3b334ba0795e08865f75351a9791d2ce5fc2849d656bf7f1f3941a8,true,https://www.luogu.com.cn/problem/P2095,P2095
洛谷/code/P2096.c,P2096.c,c,708,43,e5fd7dc4d0932b31d06c2799355c7b662f2e455bb0904dcf65d6f3d8d53b5c61,true,https://www.luogu.com.cn/problem/P2096,P2096
洛谷/code/P2100.cpp,P2100.cpp,cpp,1116,52,b9a2cfcbf02c98dd314af551219cd74315cf8a14bdbb1c4d8bc159d693d9c7ce,false,https://www.luogu.com.cn/problem/P2100,P2100
洛谷/code/P2100.py,P2100.py,py,807,38,7017b28284a7b5ce634070a773874d1110869ca13056827985f2e05fa900d793,false,https://www.luogu.com.cn/problem/P2100,P2100
洛谷/code/P2105(2).c,P2105(2).c,c,1890,59,6809983904a38453985ad77a9008f506b9e321ec8a9a94f1660178cf546d0a20,true,https://www.luogu.com.cn/problem/P2105,P2105
洛谷/code/P2105.c,P2105.c,c,560,28,f66021fa4ad156bf4adac5cc250a7376f5101a927a3a5ca7ab719af61f5ffcd9,true,https://www.luogu.com.cn/problem/P2105,P2105
洛谷/code/P2106.cpp,P2106.cpp,cpp,1995,69,a394b6f47622e981479472fb24f56c26e9d3043099d6adc5da41fc0258f24219,true,https://www.luogu.com.cn/problem/P2106,P2106
洛谷/code/P2110.cpp,P2110.cpp,cpp,402,27,c54a62c7ed5bb90980b1bd04907b94e2f7851e876687f97cab673eb2bc40eb25,true,https://www.luogu.com.cn/problem/P2110,P2110
洛谷/code/P2112.c,P2112.c,c,1350,45,3db84b44604585498c89be6fb4bc1b4bfd3cdd349d47a22184cf2ca6c67be98c,true,https://www.luogu.com.cn/problem/P2112,P2112
洛谷/code/P2113.c,P2113.c,c,1070,57,3ce7b49a80e34fb4453a4b5d8242f9bd335714cd61603ee2f2120a6364b9a413,true,https://www.luogu.com.cn/problem/P2113,P2113
洛谷/code/P2114.cpp,P2114.cpp,cpp,438,24,32be8ceaf00a8f26dd79347d5373573a89bdaa6ced6e17733126fafdcf9c1a8b,true,https://www.luogu.com.cn/problem/P2114,P2114
洛谷/code/P2115.cpp,P2115.cpp,cpp,959,52,df729415c66bc7eb4fc17a16f352cccc6589b3ccd9e5803129e0a4f7f4d00551,true,https://www.luogu.com.cn/problem/P2115,P2115
洛谷/code/P2120.cpp,P2120.cpp,cpp,952,32,679a2ac178d7c3c4894fd9539d174252b2f48956f5f9b11a9611049cb4261ff3,true,https://www.luogu.com.cn/problem/P2120,P2120
洛谷/code/P2122.cpp,P2122.cpp,cpp,3228,163,7701a5c02a6f6636f4d926327e9ae27b7354d9529c7843197847fb856f600070,true,https://www.luogu.com.cn/problem/P2122,P2122
洛谷/code/P2123.cpp,P2123.cpp,cpp,1031,55,2f7672122737d30cf74b32af4ecba8e0edb9e242e83630e48c31b1754e8c92ef,true,https://www.luogu.com.cn/problem/P2123,P2123
洛谷/code/P2128.cpp,P2128.cpp,cpp,789,31,f41926db9ea82be30b497e03fa2df45ad2b3fd48110353f173f2365d098989ab,true,https://www.luogu.com.cn/problem/P2128,P2128
洛谷/code/P2132.c,P2132.c,c,269,20,f1a90c10986f9d1e1258b0c3404dcc89bbdd671bf073f5690a6d7819dc5cb0d5,true,https://www.luogu.com.cn/problem/P2132,P2132
洛谷/code/P2132.cpp,P2132.cpp,cpp,885,35,32711bc89dc6fef723866e625fb6067d873b377b06569b3227a0da837eb50ce8,true,https://www.luogu.com.cn/problem/P2132,P2132
洛谷/code/P2134.cpp,P2134.cpp,cpp,397,22,12a7a863022fe898a669c0c1e05d3d50833c3f67fb8009677a2dcead985a21e5,true,https://www.luogu.com.cn/problem/P2134,P2134
洛谷/code/P2140.cpp,P2140.cpp,cpp,2626,68,bd78eb6d832492848842163d489c3ef4850ae196f304ed93cc8ea4cce4a69546,true,https://www.luogu.com.cn/problem/P2140,P2140
洛谷/code/P2146.cpp,P2146.cpp,cpp,4932,243,a1b184e983a4dd708131c37d400594c07a326a15ad32ecaa9ff461743f024e35,true,https://www.luogu.com.cn/problem/P2146,P2146
洛谷/code/P2147.cpp,P2147.cpp,cpp,3172,155,759a8660a7788c0e83e3217a11fc0e9fdb532965b4642a85f6fad2a6a9e98f7a,true,https://www.luogu.com.cn/problem/P2147,P2147
洛谷/code/P2147_2.cpp,P2147_2.cpp,cpp,2443,146,b869b47feaf35552482b519ce6c0625de22a4512d35891e77d84664d2ce8bd2d,true,,
洛谷/code/P2149.cpp,P2149.cpp,cpp,4049,151,0b8c0a6fa15cd4c438b69b497f6692d831f0c404f215532c56ec2eb3eb1d82f5,true,https://www.luogu.com.cn/problem/P2149,P2149
洛谷/code/P2151.cpp,P2151.cpp,cpp,2107,92,36ba937305a55ef517d1fc1bc0162091eaeb0d9b2ff9745b6a33e2e36cfde736,true,https://www.luogu.com.cn/problem/P2151,P2151
洛谷/code/P2152.cpp,P2152.cpp,cpp,2207,112,684b7f9b3bff43f8e031fb4ba3fd0eaab30db13b288198e4055786cab3b8948e,true,https://www.luogu.com.cn/problem/P2152,P2152
洛谷/code/P2152.py,P2152.py,py,747,41,1cbcca07a7f483614cb893d5ffe111f94fd5b3f9031c8c05416bd32a2587e164,false,https://www.luogu.com.cn/problem/P2152,P2152
洛谷/code/P2153.cpp,P2153.cpp,cpp,4971,199,66b3524cbec3a26a5013f9e55dcf7257c087674cd1414dbc26120745b9c405a8,false,https://www.luogu.com.cn/problem/P2153,P2153
洛谷/code/P2154.cpp,P2154.cpp,cpp,2640,123,c9c6cee5175a8b2a5139bab0e2954f5cfc296b376690b765dd1e2a629a3a1b6e,false,https://www.luogu.com.cn/problem/P2154,P2154
洛谷/code/P2155.cpp,P2155.cpp,cpp,1333,71,d3bf9054040a3a9b41f156a84793ef956ebe7225964c75f36be8adbae3071a1a,false,https://www.luogu.com.cn/problem/P2155,P2155
洛谷/code/P2155.py,P2155.py,py,2343,77,f6daa92fbc864e0da665a52e4b354bf3efcbd430290985e6390bb4ce1a060c9a,false,https://www.luogu.com.cn/problem/P2155,P2155
洛谷/code/P2158.cpp,P2158.cpp,cpp,900,51,9c8384be403c24c1cd5cd85cae0f191d7bbed34e46fa316a55865f8a3421d72a,true,https://www.luogu.com.cn/problem/P2158,P2158
洛谷/code/P2161.cpp,P2161.cpp,cpp,661,35,7c387b5f87b20826646da330b624bcacb703918bcb0f7d8d42c72963e41db707,true,https://www.luogu.com.cn/problem/P2161,P2161
洛谷/code/P2163.cpp,P2163.cpp,cpp,1881,96,6edc8c714f85ecedd74b9741dfe9e8a95e55e326ee17ad964a696d5edcfcafdb,true,https://www.luogu.com.cn/problem/P2163,P2163
洛谷/code/P2167.cpp,P2167.cpp,cpp,2175,74,cf98bcfe8d94f62ca1769b6da7e61df5ba885450964c410b19b338a099478d34,true,https://www.luogu.com.cn/problem/P2167,P2167
洛谷/code/P2169.cpp,P2169.cpp,cpp,2540,114,ac77969c98a54199b3ae087d7aa54e88413cdf9aba0d79f2d563d3cba54ee7ae,true,https://www.luogu.com.cn/problem/P2169,P2169
洛谷/code/P2170.cpp,P2170.cpp,cpp,1075,60,58b6de52555c2b8d22af9e260d64b5cb329819a7ecb0bb50421a31f8bed1c850,true,https://www.luogu.com.cn/problem/P2170,P2170
洛谷/code/P2173.cpp,P2173.cpp,cpp,6070,274,8d69958a49bb8971dd5b77b2ab11b112c7e8fb42cb73bb6d35f1b1ae46035345,true,https://www.luogu.com.cn/problem/P2173,P2173
洛谷/code/P2173_2.cpp,P2173_2.cpp,cpp,4572,256,31621564e0177b9d0aa6b47f58584bbc58e991b404d9ba58fcdc26cdcc223306,true,,
洛谷/code/P2178.cpp,P2178.cpp,cpp,3736,169,65eeeeccd4ace03f1bd9aba711d1e7014717669fe982807b02f929cc6d755851,true,https://www.luogu.com.cn/problem/P2178,P2178
洛谷/code/P2182.cpp,P2182.cpp,cpp,1098,47,b1e9b01443acab91305ca3ef5fa716da1621ae839d50f4c70f8847a31cda7e9a,true,https://www.luogu.com.cn/problem/P2182,P2182
洛谷/code/P2185.cpp,P2185.cpp,cpp,1292,62,8498eab00fecdfe29d23f0c454b42255575d5d327c855dcb8c9d0413decedb48,true,https://www.luogu.com.cn/problem/P2185,P2185
洛谷/code/P2193.c,P2193.c,c,619,33,36d32214e738375dda053bae3b5e489b6d7835b8b8a74894290af3d6e6803299,true,https://www.luogu.com.cn/problem/P2193,P2193
洛谷/code/P2193.cpp,P2193.cpp,cpp,2,1,7eb70257593da06f682a3ddda54a9d260d4fc514f645237f5ca74b08f8da61a6,false,https://www.luogu.com.cn/problem/P2193,P2193
洛谷/code/P2194.cpp,P2194.cpp,cpp,2262,110,64f360d3b9c72cc80675bf04ba03e871e3715c2471a6a37cd592f54f5fd55a55,true,https://www.luogu.com.cn/problem/P2194,P2194
洛谷/code/P2196.cpp,P2196.cpp,cpp,2006,89,0663e073d925a5f1ad95b1dd530977425bf92205d2e0220904da6130d93808bb,true,https://www.luogu.com.cn/problem/P2196,P2196
洛谷/code/P2199.cpp,P2199.cpp,cpp,2614,102,4e7c5345ab245b8362a2d19a7d3a452ea20d5680d7748b45956c9c0f3b9e5386,true,https://www.luogu.com.cn/problem/P2199,P2199
洛谷/code/P2202.cpp,P2202.cpp,cpp,1377,39,3c76762a0a11ab9ad8fa0ab28f7ffabd7c034d5a5c1ce5f44ead5e3a4125cda0,true,https://www.luogu.com.cn/problem/P2202,P2202
洛谷/code/P2205(2).cpp,P2205(2).cpp,cpp,788,41,7b8d34aaa4aa6cd029ea7b56822eb3ed38e6049ae57116615e0dc8e1e959332f,true,https://www.luogu.com.cn/problem/P2205,P2205
洛谷/code/P2205.cpp,P2205.cpp,cpp,1126,62,74b8a0b9adbe7f8f6da0342dcb7136d0ae4256dc3fde5d86d1c9fd49d8101658,true,https://www.luogu.com.cn/problem/P2205,P2205
洛谷/code/P2208.cpp,P2208.cpp,cpp,1190,60,b3a433997976eda1984421dccaa04e22077742a0ae854f8249dfdc0754690d85,true,https://www.luogu.com.cn/problem/P2208,P2208
洛谷/code/P2213.cpp,P2213.cpp,cpp,810,26,d6a22b1b4b7c653b00798a8b8e5ae83a3b933fb12449dc9c980e590bc4376f7f,true,https://www.luogu.com.cn/problem/P2213,P2213
洛谷/code/P2214(2).c,P2214(2).c,c,946,49,e725f7249f58a15cda3d6441b602de9b2dd5863879733c21904aadd929a4f7b1,true,https://www.luogu.com.cn/problem/P2214,P2214
洛谷/code/P2214.c,P2214.c,c,1108,61,afc50a42e51cd02f6550cc1b5c6a6edb3f943f9ddcf24a6f7c01e7757b8e2e95,true,https://www.luogu.com.cn/problem/P2214,P2214
洛谷/code/P2215.cpp,P2215.cpp,cpp,959,54,1614a10e2c1fb0bfa95107535adb21ca2d55d9f06f0f525f73eeeac3872dfcd1,true,https://www.luogu.com.cn/problem/P2215,P2215
洛谷/code/P2216.cpp,P2216.cpp,cpp,1795,69,9d68f0b934fbac1e57752d9094bd588cc10557e74f03016a1b2df10b986960a8,true,https://www.luogu.com.cn/problem/P2216,P2216
洛谷/code/P2218.cpp,P2218.cpp,cpp,4310,177,5100fb5d537070a6717c0984bb74988aca00a5edd88c9ee76c5d7e7d7d704c81,true,https://www.luogu.com.cn/problem/P2218,P2218
洛谷/code/P2221.cpp,P2221.cpp,cpp,2741,131,b2bcc829da5243bbe5012d2434b17fc85475f9babed3d0fe7d6a7f6361cff077,false,https://www.luogu.com.cn/problem/P2221,P2221
洛谷/code/P2233.cpp,P2233.cpp,cpp,1413,53,396d807209a1a73be19264445f512dc0b73397cf91cdb5c6ab5b964ee1415bc5,true,https://www.luogu.com.cn/problem/P2233,P2233
洛谷/code/P2234.cpp,P2234.cpp,cpp,5582,233,93e95e52baac365954486190529eff015727294926ce702ac53ae68c237814d6,false,https://www.luogu.com.cn/problem/P2234,P2234
洛谷/code/P2238.cpp,P2238.cpp,cpp,2635,97,1fc827febe723ccdae7b47a6c79ab8b0d64ad8c849d681e59547872fb4deef66,true,https://www.luogu.com.cn/problem/P2238,P2238
洛谷/code/P2240.c,P2240.c,c,737,39,4308a8f8483b8d4cb22c2af9aaddb5c8777f31715c9fdcb1afbbe8bc5f3d3966,true,https://www.luogu.com.cn/problem/P2240,P2240
洛谷/code/P2241.c,P2241.c,c,379,19,15ed4d7dbbd207158ae443561b1de489f66696b210ea54718bdf90b11fd45ba9,true,https://www.luogu.com.cn/problem/P2241,P2241
洛谷/code/P2242.c,P2242.c,c,595,33,da4f01c33094b9c331ad4f351b8594fba87e2f5fdf3374fde19fa51b7e2aabf0,true,https://www.luogu.com.cn/problem/P2242,P2242
洛谷/code/P2245_2.cpp,P2245_2.cpp,cpp,2161,128,366451009fa4bcf7a8b7d6847059b402b523fcdb7b9c7c80ee4515ad154ca08b,true,,
洛谷/code/P2249.c,P2249.c,c,532,27,c676cf9ebad6d031c2618854e765739e2fc7007523a84bb4fa761520cfabc9a1,true,https://www.luogu.com.cn/problem/P2249,P2249
洛谷/code/P225.c,P225.c,c,1044,52,fc2c2e8f00042717d42b62cafb35c0cb639ddbae7f434d3281f7e8be0cd7c97b,true,https://www.luogu.com.cn/problem/P225,P225
洛谷/code/P2251.cpp,P2251.cpp,cpp,507,27,6a28fccaa86634f8c5f40e83b1db522bcb9601e24905cb66fe4727227832f29d,true,https://www.luogu.com.cn/problem/P2251,P2251
洛谷/code/P2254.cpp,P2254.cpp,cpp,1500,41,2a2eeff3c70af55f029f0cc8fa2ee98446f0c4e07662432c1463b4df93f25879,true,https://www.luogu.com.cn/problem/P2254,P2254
洛谷/code/P2255(2).c,P2255(2).c,c,1244,48,c6f74a0f855a7816da77b08fa4ab233e1a59e19f1d06c20c2b6f5d7e7234325c,true,https://www.luogu.com.cn/problem/P2255,P2255
洛谷/code/P2256.cpp,P2256.cpp,cpp,808,47,517b185b9dbdae439c4a9ff84e556f0b86c19dd754b6b730f2ad3ddcceca2557,true,https://www.luogu.com.cn/problem/P2256,P2256
洛谷/code/P2257.cpp,P2257.cpp,cpp,1222,63,6f1847fac05ed4508aa5ae150554f09d7e304235de4312e85cb580c8cff22cee,false,https://www.luogu.com.cn/problem/P2257,P2257
洛谷/code/P2260.cpp,P2260.cpp,cpp,1738,84,44dda805d76276bd9ac21f6ca6a6fd8d6215649fd1a115040cf5c06503111877,false,https://www.luogu.com.cn/problem/P2260,P2260
洛谷/code/P2261.cpp,P2261.cpp,cpp,346,22,18d0acaeff870eb41763b41130ce2d0626eadc6ff0b34359f99154b778d10601,false,https://www.luogu.com.cn/problem/P2261,P2261
洛谷/code/P2272.cpp,P2272.cpp,cpp,3043,154,8295e8b7d2a7a8fbea65ba6ef4062aff5c8e7e0fbf2bba7e23eae5d9fdd2a3ce,true,https://www.luogu.com.cn/problem/P2272,P2272
洛谷/code/P2279.cpp,P2279.cpp,cpp,967,40,0b98a7d897830c91793b8a1abe21d79ce2071d77df3027183488e087b51cc512,true,https://www.luogu.com.cn/problem/P2279,P2279
洛谷/code/P2285.cpp,P2285.cpp,cpp,689,34,7a790a4cbaca22dc7b577ebad71950fd0230a6688ccd76891e5fa9cecb7d4d3d,true,https://www.luogu.com.cn/problem/P2285,P2285
洛谷/code/P2286.cpp,P2286.cpp,cpp,3349,148,d6d3434aac54035ccf132d2f2a8465a7c68748621903317d4acaaeba5044bf63,false,https://www.luogu.com.cn/problem/P2286,P2286
洛谷/code/P2290.py,P2290.py,py,1557,61,7217852deb9dc6e818333875b7c8ec0d3ceb734e54789c84ec7b1c9ae28a6a67,false,https://www.luogu.com.cn/problem/P2290,P2290
洛谷/code/P2292.cpp,P2292.cpp,cpp,1768,89,fb122d26505c8674afb36347c4df4947449c8eff56155538d5b2a3d18f4e8a41,true,https://www.luogu.com.cn/problem/P2292,P2292
洛谷/code/P2294(2).cpp,P2294(2).cpp,cpp,2007,78,0c360f396ce05208bb974066d6d948d669d73ced2d903fb9d2407b82d667259d,true,https://www.luogu.com.cn/problem/P2294,P2294
洛谷/code/P2294.cpp,P2294.cpp,cpp,1961,91,b4a0a64a0076e5eff18969bf478084a0bfa969039fa325350c57a4d7bf50e1dd,true,https://www.luogu.com.cn/problem/P2294,P2294
洛谷/code/P2295.cpp,P2295.cpp,cpp,1384,49,d1bb14fc1cdcb1ddbe8f868feeb3cd55caa5252d9c957376a35ac50ac74cd527,true,https://www.luogu.com.cn/problem/P2295,P2295
洛谷/code/P2296.cpp,P2296.cpp,cpp,1608,76,d9ceb653afd4f1fa5456731f68be4cf7a3a81e9f9a22be34eeae75b351f85f7a,true,https://www.luogu.com.cn/problem/P2296,P2296
洛谷/code/P2298.cpp,P2298.cpp,cpp,1251,55,5117e773f00b7b43ef81ec8746f252dff22d26f2828d17946426f29e912c8e3f,true,https://www.luogu.com.cn/problem/P2298,P2298
洛谷/code/P2299.cpp,P2299.cpp,cpp,1331,64,b7964d3b21cd982147e5346a79dad03aad97a4adefe08ec5e89260f1455f5567,true,https://www.luogu.com.cn/problem/P2299,P2299
洛谷/code/P2300.cpp,P2300.cpp,cpp,1027,52,15b9dd2dee7b85675707a4245d7c4bd2458445d9b4de82d3ce77f81dc28dc926,true,https://www.luogu.com.cn/problem/P2300,P2300
洛谷/code/P2303.cpp,P2303.cpp,cpp,724,43,ad12f2895075d9a8c31267fe1ec49719deca5abe32aa1faca3a424981d1e5d1a,false,https://www.luogu.com.cn/problem/P2303,P2303
洛谷/code/P2307.cpp,P2307.cpp,cpp,1428,76,3bd26ca97c824173365a4f7ae34d2fbedc56653c86b8680e4a45080dce968e11,true,https://www.luogu.com.cn/problem/P2307,P2307
洛谷/code/P2312.cpp,P2312.cpp,cpp,896,49,2346a79eaab2550135a81511713537d01e3ce8584a0912d9b907d9d2db52b7ad,false,https://www.luogu.com.cn/problem/P2312,P2312
洛谷/code/P2318.cpp,P2318.cpp,cpp,2594,120,c88d1858f13af2b45d06d6b115baf6a42feb05d4d751e72b708c0607d9bb2d92,true,https://www.luogu.com.cn/problem/P2318,P2318
洛谷/code/P2322(2).cpp,P2322(2).cpp,cpp,2803,109,cd31d4ac4da53a0061eedb005b2cc7d809af41b073166bc02b5e682e98f7a6fc,true,https://www.luogu.com.cn/problem/P2322,P2322
洛谷/code/P2322.cpp,P2322.cpp,cpp,2347,85,e59831b0e7283dfdc771d712b31b392e85f9e25ce4a3b08069936c273fcc4e2c,true,https://www.luogu.com.cn/problem/P2322,P2322
洛谷/code/P2323.cpp,P2323.cpp,cpp,1516,78,8df782e86a75441dbbac080fb7e673af7177ff6424d77af111e5270747f65bda,true,https://www.luogu.com.cn/problem/P2323,P2323
洛谷/code/P2324.cpp,P2324.cpp,cpp,1859,93,953bb266986be5b2aed686f240c95e7353bfd7c962afb23782535eb2190bd8b7,true,https://www.luogu.com.cn/problem/P2324,P2324
洛谷/code/P2325.cpp,P2325.cpp,cpp,1113,68,1c499bada71eb7005e245e56856b229a57876e6cadaeab3a7b647eb24a60d321,true,https://www.luogu.com.cn/problem/P2325,P2325
洛谷/code/P2326(2).c,P2326(2).c,c,782,36,6a55ab9e456f44c7ba45c0e05d422a2374920a76a73b754e7d8d43cb24b09873,true,https://www.luogu.com.cn/problem/P2326,P2326
洛谷/code/P2326.c,P2326.c,c,629,34,7cf848581237df4d2d48b822dd24709d052c66332bd278e436b03798d56e2fad,true,https://www.luogu.com.cn/problem/P2326,P2326
洛谷/code/P2326.cpp,P2326.cpp,cpp,729,35,cfb0c6dd12c0cf3711831f2583939c139908c6b65f47f9d6c61df141cd361a8a,true,https://www.luogu.com.cn/problem/P2326,P2326
洛谷/code/P2327(2).c,P2327(2).c,c,581,31,bba9a6245a6a6e1ef4eb6fcaefb8fe3a94117d82258ff3d8947ea01516f53d61,true,https://www.luogu.com.cn/problem/P2327,P2327
洛谷/code/P2327.c,P2327.c,c,590,31,4cca12fbc3d23526f03f327e8b000a52a1e35a43580417e8c89af385594110db,true,https://www.luogu.com.cn/problem/P2327,P2327
洛谷/code/P2336.cpp,P2336.cpp,cpp,4878,231,4f80d53870e2e2db702b5306d419e361ea334881c906c4bce1057d34f5809e90,true,https://www.luogu.com.cn/problem/P2336,P2336
洛谷/code/P2338.c,P2338.c,c,1478,63,4fbc5e2890ed1028e42c91f0dcfdff748cece1e6bd569c18b26158cd689b0af6,true,https://www.luogu.com.cn/problem/P2338,P2338
洛谷/code/P2341.cpp,P2341.cpp,cpp,1604,78,882efee6d396f08b70403d651eda42607c3332a1ee41df2e8ebb6130f0a8c22c,true,https://www.luogu.com.cn/problem/P2341,P2341
洛谷/code/P2343.cpp,P2343.cpp,cpp,7686,278,2dc98ed83f8ad6003e723e49cfde98c46c54e43d430c3f1ced21894c676a64ef,true,https://www.luogu.com.cn/problem/P2343,P2343
洛谷/code/P2344.cpp,P2344.cpp,cpp,1201,66,5dd3a53840575a11825c6a5864110160c04c558468683fd69649c4f010b3941e,false,https://www.luogu.com.cn/problem/P2344,P2344
洛谷/code/P2345(2).cpp,P2345(2).cpp,cpp,1474,65,f906d41b0d0c6d2dc93f8a89f32e5133c8a3b2358ddd0bd75c0347ce3413dce4,false,https://www.luogu.com.cn/problem/P2345,P2345
洛谷/code/P2345.cpp,P2345.cpp,cpp,1260,74,a851fd470a7f38173370c405452f67ebedfe9220e2242e6aad4fc31a17e50199,true,https://www.luogu.com.cn/problem/P2345,P2345
洛谷/code/P2346.cpp,P2346.cpp,cpp,2159,70,66b1f75bcfe6a23b9ca14255eb30f80b62153af057c4a313adcd900b5aabbfad,true,https://www.luogu.com.cn/problem/P2346,P2346
洛谷/code/P2347.c,P2347.c,c,388,24,7f78b7531df5a2d743305507e432d5c43b827b887a08b0eea6951384370cabeb,true,https://www.luogu.com.cn/problem/P2347,P2347
洛谷/code/P2350.cpp,P2350.cpp,cpp,877,47,8c103b3d675041855b996d50a9dda60f8910971430f5cbac775935a6d85afc02,true,https://www.luogu.com.cn/problem/P2350,P2350
洛谷/code/P2356(2).c,P2356(2).c,c,1497,66,3fb1810f22bb2d6af41f17d68c9c8f77fc5784ba194c3192e2375a66733ea094,true,https://www.luogu.com.cn/problem/P2356,P2356
洛谷/code/P2356.c,P2356.c,c,786,45,748ba2933f72fa8e18e34d665a5b210653bdfbb5e065fa21b80c71a63ccbbeec,true,https://www.luogu.com.cn/problem/P2356,P2356
洛谷/code/P2357.cpp,P2357.cpp,cpp,2740,113,1117e80cab54346eb6e366fb7c5c29b5ce3549c137622965571a45c3ba34c967,true,https://www.luogu.com.cn/problem/P2357,P2357
洛谷/code/P2359.cpp,P2359.cpp,cpp,923,36,053f0f0470f98953146cd7277cf0b7a4922480086ff36e66e544ffe447cdad39,true,https://www.luogu.com.cn/problem/P2359,P2359
洛谷/code/P2362.c,P2362.c,c,298,21,2370c2081293723e21eadb4027f956f35bc41f0337d81fc3ac2f8ad1c78be639,true,https://www.luogu.com.cn/problem/P2362,P2362
洛谷/code/P2364.c,P2364.c,c,1652,47,d267d465ab91c74025be729edc89df2bf4f6f914bc5c504ffff928ca730b8100,true,https://www.luogu.com.cn/problem/P2364,P2364
洛谷/code/P2367.cpp,P2367.cpp,cpp,459,26,f9973a14f2f94ac3cdcac41082927491e6a4f4e897e3b269165e265a2e571be1,true,https://www.luogu.com.cn/problem/P2367,P2367
洛谷/code/P2370.c,P2370.c,c,254,17,3e6941194e22d1e24635d5f2d07d2370a7550220c2aa6235c014d02866a38871,true,https://www.luogu.com.cn/problem/P2370,P2370
洛谷/code/P2375.cpp,P2375.cpp,cpp,1258,62,2bbce54b7223977936343e07cbd1745e778c863e7b0bff78a7a5da462846e2ed,true,https://www.luogu.com.cn/problem/P2375,P2375
洛谷/code/P2376.c,P2376.c,c,1261,59,8b9710191bafd75c069234864f8af1dfb359787f08b4873c936234432371304d,true,https://www.luogu.com.cn/problem/P2376,P2376
洛谷/code/P2380.cpp,P2380.cpp,cpp,1155,41,7f7284ba295c42b1e8983bd312895992857974db5f8abec6a1b0a27ebfa087f0,true,https://www.luogu.com.cn/problem/P2380,P2380
洛谷/code/P2383.c,P2383.c,c,1704,69,5abc879b10481d045744946ca0d2dbcea1dbe65a3af346c4cd86ae4b88f476a1,true,https://www.luogu.com.cn/problem/P2383,P2383
洛谷/code/P2387.cpp,P2387.cpp,cpp,4126,219,7998a06ad8732758b1fbc8802067000eeb8b753e37ea0ad6149264ec6114551a,true,https://www.luogu.com.cn/problem/P2387,P2387
洛谷/code/P2389.cpp,P2389.cpp,cpp,763,36,2937fe5195e393f8613c7fc9b776bf9a7579395a2578982520d6719b76d22ee3,true,https://www.luogu.com.cn/problem/P2389,P2389
洛谷/code/P2391.cpp,P2391.cpp,cpp,654,35,0a0e17b196b38c7d531977d1500744ab04aed9c4fe6b4e71274366332eaa878b,true,https://www.luogu.com.cn/problem/P2391,P2391
洛谷/code/P2392.c,P2392.c,c,728,41,485965d87698472785ae5acfe9a5a87524a6cb48263df71d94a517dbed2c1b95,true,https://www.luogu.com.cn/problem/P2392,P2392
洛谷/code/P2396.cpp,P2396.cpp,cpp,1135,49,29dfca2f0d3d193fb963c58b2dd7028aa7f8d36fd460bb0ef7170a72e95fee77,true,https://www.luogu.com.cn/problem/P2396,P2396
洛谷/code/P2398.cpp,P2398.cpp,cpp,872,45,1d40bc635bc0913b1512a0076bc77784af38a5e2fbb9ac3850e6d9a3532d914c,false,https://www.luogu.com.cn/problem/P2398,P2398
洛谷/code/P2401.c,P2401.c,c,432,22,26ed8dbf1fd4a9f679801fc6f8ec7317dbecc9b808c594f7dd0f38293eeeada6,true,https://www.luogu.com.cn/problem/P2401,P2401
洛谷/code/P2403.cpp,P2403.cpp,cpp,5329,234,62f4325065e9bb0494491c56d2d760692ea15664ab9f38db01df3ed7296ca349,true,https://www.luogu.com.cn/problem/P2403,P2403
洛谷/code/P2404.c,P2404.c,c,772,31,01a0c4b7193cc6752ae442359d015c76eef547ae5d059e36740fd9db42db99dd,true,https://www.luogu.com.cn/problem/P2404,P2404
洛谷/code/P2408.cpp,P2408.cpp,cpp,2525,107,948f56f5e2bc339edfdd0362ea58ab057dd9a75be65f957acba3d05a65d7c9fe,true,https://www.luogu.com.cn/problem/P2408,P2408
洛谷/code/P2412.cpp,P2412.cpp,cpp,783,45,f810942daa1c4033ddc3739b36e20a2aedca7eeb1c3cdc1f2f6ded5e0f47d0e3,true,https://www.luogu.com.cn/problem/P2412,P2412
洛谷/code/P2414.cpp,P2414.cpp,cpp,4767,185,fd37d1169437edc89d4a1a9e6b472de5350410239a509b7092301dc9f5765cbd,true,https://www.luogu.com.cn/problem/P2414,P2414
洛谷/code/P2417.cpp,P2417.cpp,cpp,2024,96,f7a5f354c7e04fc7671a9931f01ee27c3e9e3c4e7cbb41c9278c7977667b0b52,true,https://www.luogu.com.cn/problem/P2417,P2417
洛谷/code/P2419.cpp,P2419.cpp,cpp,1138,50,4c087549a05b027511b027e6af7cfc88dae19afe72f17f7a81e21850e3be407b,true,https://www.luogu.com.cn/problem/P2419,P2419
洛谷/code/P2420.cpp,P2420.cpp,cpp,872,50,55c1914ac0626340a717e0c5c2c82a7f1049aaee4e79836ef869acc6d91e137f,true,https://www.luogu.com.cn/problem/P2420,P2420
洛谷/code/P2422(2).cpp,P2422(2).cpp,cpp,934,43,c626e277db32daddc91053d2daa4f88a748b5b6d8fd5b99685e275d714111ca7,true,https://www.luogu.com.cn/problem/P2422,P2422
洛谷/code/P2422.cpp,P2422.cpp,cpp,1239,60,fbeba981e5f6d17e20bdfb4b98686be9298fa9ffeff59ac791ab32f59eea2642,true,https://www.luogu.com.cn/problem/P2422,P2422
洛谷/code/P2424(2).cpp,P2424(2).cpp,cpp,406,26,72f36e145cba5cddd244b4702200bf2bf081dfc80a6f1cfd97cc8e01dea91763,false,https://www.luogu.com.cn/problem/P2424,P2424
洛谷/code/P2426(2).c,P2426(2).c,c,1104,47,fc5e007ab6fc18f83e79bf5ad9516c2466e5fb1e36a85af92501e546ca5cc842,true,https://www.luogu.com.cn/problem/P2426,P2426
洛谷/code/P2426.c,P2426.c,c,914,42,9bfc6b019a65c1fb389bc2a48ac8795dbd7d9635e549e8e6117ff4025a9d1003,true,https://www.luogu.com.cn/problem/P2426,P2426
洛谷/code/P2428.cpp,P2428.cpp,cpp,2330,118,e244a0a58e11ef7a9de15d8ae6a8ad3d7c12b70cbaffb3dca8cd49daecb07977,true,https://www.luogu.com.cn/problem/P2428,P2428
洛谷/code/P2430.c,P2430.c,c,842,44,0fe46585b52739e120538c6a82128879aa80e33a24455029fe3eb199a7c44447,true,https://www.luogu.com.cn/problem/P2430,P2430
洛谷/code/P2432.cpp,P2432.cpp,cpp,800,29,964849f28ce52574e434a04483e272fcbf6705d5d57458eed4ff306c14bc13ad,false,https://www.luogu.com.cn/problem/P2432,P2432
洛谷/code/P2434.cpp,P2434.cpp,cpp,713,39,1973a794339682e4f8b71ff1cfa90354d3779adfd31911c97a3f61a9f39d5653,true,https://www.luogu.com.cn/problem/P2434,P2434
洛谷/code/P2436.c,P2436.c,c,1578,70,380c2dfbf64e2b6bac4c43f3f1398b3a66da3022152b13cb13b5aa0dacda7a49,true,https://www.luogu.com.cn/problem/P2436,P2436
洛谷/code/P2436.cpp,P2436.cpp,cpp,1303,66,3af4c55df7c4aca5e7d9f41e114dd2bd2dad4875ea0c226246892a7ddcd5df7d,true,https://www.luogu.com.cn/problem/P2436,P2436
洛谷/code/P2440.c,P2440.c,c,650,37,b639980f23cbe54a7e151e29aa616d4b44c24ff5c0cf59c31c64c8ee00afe3c7,true,https://www.luogu.com.cn/problem/P2440,P2440
洛谷/code/P2441.cpp,P2441.cpp,cpp,590,34,07a417449c7b3cb0498818e1be06ebaa0a50f26fffb8387770804a460cab3d9a,true,https://www.luogu.com.cn/problem/P2441,P2441
洛谷/code/P2442.cpp,P2442.cpp,cpp,3138,149,cad3db8188227fe07cfe4e3d74be73cf25ac99bcb7cb9bd91032cd4fd4878928,true,https://www.luogu.com.cn/problem/P2442,P2442
洛谷/code/P2444.cpp,P2444.cpp,cpp,2691,122,db6143dc11f1c9297d6dc8c23b4c6d81de8824835b8e08dd37c063d1a100cae9,true,https://www.luogu.com.cn/problem/P2444,P2444
洛谷/code/P2446.cpp,P2446.cpp,cpp,2214,106,235468f92d258cdbed562fbffaf15ce35267b5996017624b67871c6198c3ce5b,true,https://www.luogu.com.cn/problem/P2446,P2446
洛谷/code/P2448.cpp,P2448.cpp,cpp,2510,109,79ed3fba52ab4c836d722b6a96d226789b10ac78ddbcd6d7169dafa8205cd205,false,https://www.luogu.com.cn/problem/P2448,P2448
洛谷/code/P2461.cpp,P2461.cpp,cpp,2180,92,cbd4a1f69544022d06add94d9d4d35e609383d65a83ae6327a9011d2b3176868,false,https://www.luogu.com.cn/problem/P2461,P2461
洛谷/code/P2462.cpp,P2462.cpp,cpp,2524,128,959a0ba76b0a1670ddf6f677e81e9bbc0db112e64ba26ea645bd3ceb9753c6e4,false,https://www.luogu.com.cn/problem/P2462,P2462
洛谷/code/P2463(1).cpp,P2463(1).cpp,cpp,2134,99,a1a8c194c66b62092864a00393ed13aa47ce71b39b23f9388b311944f654cdb6,false,https://www.luogu.com.cn/problem/P2463,P2463
洛谷/code/P2463(2).cpp,P2463(2).cpp,cpp,4328,200,b093365b22153244c586a0497167665bba4c32ed12e4024239daca5d940d4aa6,true,https://www.luogu.com.cn/problem/P2463,P2463
洛谷/code/P2464(2).cpp,P2464(2).cpp,cpp,4795,229,7ca56cfa36e22d769924fa007e7c3a3051a86ddeb66b6f036314097dc5c45821,true,https://www.luogu.com.cn/problem/P2464,P2464
洛谷/code/P2464.cpp,P2464.cpp,cpp,3615,160,38859ff2bb99bea12731be9474d1a8a9cd4c61c552fc597bf562de90b9279ee0,true,https://www.luogu.com.cn/problem/P2464,P2464
洛谷/code/P2465.cpp,P2465.cpp,cpp,1713,85,aa0b9ac29639d1a21b66f4b3408138990b083c6c24011cf6cecc8c25360f8c6e,true,https://www.luogu.com.cn/problem/P2465,P2465
洛谷/code/P2468.cpp,P2468.cpp,cpp,3268,117,1abc8a1c9cf59cad5c14a26f207e73dd316ebb3c0830950a04838237dfd595ea,true,https://www.luogu.com.cn/problem/P2468,P2468
洛谷/code/P2469.cpp,P2469.cpp,cpp,4336,190,5cac8dbc3e371198cc8b51dba936641982096f761f307c6ed52902e56f94f75b,true,https://www.luogu.com.cn/problem/P2469,P2469
洛谷/code/P2470.cpp,P2470.cpp,cpp,2094,66,cc27398bcb06b317f3b6e8f0b6f26b1ede2fa6b1a6814baa86a47cddaf7df659,true,https://www.luogu.com.cn/problem/P2470,P2470
洛谷/code/P2471.cpp,P2471.cpp,cpp,4156,174,53eb1e4eb1b871f02fe3f962187072fef8fe7dc1dfea04bad5c6b87d9f3b4fc9,true,https://www.luogu.com.cn/problem/P2471,P2471
洛谷/code/P2472.cpp,P2472.cpp,cpp,3450,164,6f873c6625a58927a04137156cb90cb0aecba8c4c16d18e861ede66608a1de4c,true,https://www.luogu.com.cn/problem/P2472,P2472
洛谷/code/P2473.cpp,P2473.cpp,cpp,764,36,39d4662c10f6c44e73b7a26373ced090f74f78e2ad418f4fdb8278ee911591f8,true,https://www.luogu.com.cn/problem/P2473,P2473
洛谷/code/P2479.cpp,P2479.cpp,cpp,1868,79,3ef082de6e8ab493cf6873503293b9bcfc7d181f9d4731cfce2b02bd926befbe,true,https://www.luogu.com.cn/problem/P2479,P2479
洛谷/code/P2480.cpp,P2480.cpp,cpp,1306,68,eba7e64ea4130e1cdedd4a01040ac2b886cedd9b27628fa48d9c7ca75e8f6bfe,true,https://www.luogu.com.cn/problem/P2480,P2480
洛谷/code/P2481.cpp,P2481.cpp,cpp,3422,121,0bcf200feb1faf6631056c8bc37f09a79e4779e0b31e20b2749dc403639cd0e6,false,https://www.luogu.com.cn/problem/P2481,P2481
洛谷/code/P2485.cpp,P2485.cpp,cpp,3032,125,de752407180ab184976a33978ce44505fbefb2711ef1572da238f962f440961a,false,https://www.luogu.com.cn/problem/P2485,P2485
洛谷/code/P2487.cpp,P2487.cpp,cpp,4661,234,dc154127016b9258387fba901823d58af56fd7df68f92ab2c9235d01f651d560,true,https://www.luogu.com.cn/problem/P2487,P2487
洛谷/code/P2488.cpp,P2488.cpp,cpp,4905,211,ae4d402c89e7337d513391f7735a6d00db0f49cc2836b7ba197b849eedc35abe,false,https://www.luogu.com.cn/problem/P2488,P2488
洛谷/code/P2490.cpp,P2490.cpp,cpp,1440,70,e89f1d8c989f329b8dc8422849cff1e4923df826d431ac2cdc1dfaef9e443885,false,https://www.luogu.com.cn/problem/P2490,P2490
洛谷/code/P2495.cpp,P2495.cpp,cpp,4397,224,00c257fb349f48de0c5fdaa6664d2e456f159ec5f99fe767c9fb792a92cf8c76,true,https://www.luogu.com.cn/problem/P2495,P2495
洛谷/code/P2495_2.cpp,P2495_2.cpp,cpp,3626,206,1691ee484d19de6e77938479fd82619d619b0c6ff3d1dea66a7aa275cfbae0a6,false,,
洛谷/code/P2500.cpp,P2500.cpp,cpp,4059,186,a55cf20123a4834b514368f8933e420574b89d59cc6f64e2d2acd1274edd3184,true,https://www.luogu.com.cn/problem/P2500,P2500
洛谷/code/P2501.cpp,P2501.cpp,cpp,921,56,c7bdeebad8b18498bce81db3c823c727630a72fa9e8ee75e4e7a8ac38093ec69,true,https://www.luogu.com.cn/problem/P2501,P2501
洛谷/code/P2502.cpp,P2502.cpp,cpp,1659,80,07bac71de85e3f4359e1d3e8d7d70a118d78dae246945dcc0bdd0c87b0744712,true,https://www.luogu.com.cn/problem/P2502,P2502
洛谷/code/P2505.cpp,P2505.cpp,cpp,3101,161,e911ddb35c4afa80986e535921b4f3fa0597b34e871db04b7d85503eeb665713,false,https://www.luogu.com.cn/problem/P2505,P2505
洛谷/code/P2510.cpp,P2510.cpp,cpp,2798,79,1e926f2911c242b07a09f633aba47c753ef1ca1d15407ce33c641b0b48bda3fa,true,https://www.luogu.com.cn/problem/P2510,P2510
洛谷/code/P2512.cpp,P2512.cpp,cpp,775,44,d5ef9e1db8f15ec91ec7d5aef6aab857df2250b61867128553f3ef4d2dbb7e08,false,https://www.luogu.com.cn/problem/P2512,P2512
洛谷/code/P2513.c,P2513.c,c,798,36,9cb144d4cba1d6b988be1ee29da95adde729f40e0014d0626e234c18472b7c20,true,https://www.luogu.com.cn/problem/P2513,P2513
洛谷/code/P2515.cpp,P2515.cpp,cpp,2737,129,7a979f09a1750595b83ff12979723acd1b1ad861b2f90d4c46afaf8b094255f7,true,https://www.luogu.com.cn/problem/P2515,P2515
洛谷/code/P2515_3.cpp,P2515_3.cpp,cpp,3422,153,3312cf5418a02ecd6ff7e8a823144339d4d716a30fc7f1c42158f647928db7d6,true,,
洛谷/code/P2516.cpp,P2516.cpp,cpp,1431,56,cb2877cc4a56138576067d4801b5a1cf3602556e75ccaff094df0bf16611a5a8,false,https://www.luogu.com.cn/problem/P2516,P2516
洛谷/code/P2517.cpp,P2517.cpp,cpp,4992,202,c50c892075ed28bab5f9cc1ec92ace7e4c27ca17c38aba2e9cd39bdcf9ac1325,false,https://www.luogu.com.cn/problem/P2517,P2517
洛谷/code/P2518.cpp,P2518.cpp,cpp,883,44,bcb583df1ba570a5d545aaf1e11bec477f74441a8f50683f449a0169a27bb4b4,true,https://www.luogu.com.cn/problem/P2518,P2518
洛谷/code/P2520.cpp,P2520.cpp,cpp,1812,71,1e8feeb570a92b9a1d4f2263e495b1629b49983d57ffada63b1f3fad026cf12d,true,https://www.luogu.com.cn/problem/P2520,P2520
洛谷/code/P2523.cpp,P2523.cpp,cpp,1497,62,5e0b35c25b3a8cb42e0cd6a1fcae03b8cdd43a104fd6116874e412e28bb4b461,false,https://www.luogu.com.cn/problem/P2523,P2523
洛谷/code/P2530.cpp,P2530.cpp,cpp,1406,42,b00f86c30635c809a6f8d5e7ca53748330c072f1509e8a056e14519bed98ad24,true,https://www.luogu.com.cn/problem/P2530,P2530
洛谷/code/P2532.cpp,P2532.cpp,cpp,984,54,21a7b5bca5dbe7aa85bf2ea70e0be16be6bc94e2651d259d9c267ed51960c2a1,true,https://www.luogu.com.cn/problem/P2532,P2532
洛谷/code/P2536(2).cpp,P2536(2).cpp,cpp,1361,69,8714ff87883e147ee3385d5247a891336eef1d08032fa619f4c951e42b271744,true,https://www.luogu.com.cn/problem/P2536,P2536
洛谷/code/P2536(3).cpp,P2536(3).cpp,cpp,1880,90,69590a622eb0a40abf97a56c0f9b04133abed10fc3e5f848d4d172d0141b3573,true,https://www.luogu.com.cn/problem/P2536,P2536
洛谷/code/P2536.cpp,P2536.cpp,cpp,3000,133,77ab47325838de410f4014e3b646b5c88762553015e2bf95a664c6b011a8da6c,true,https://www.luogu.com.cn/problem/P2536,P2536
洛谷/code/P2541.cpp,P2541.cpp,cpp,1981,87,7139d0511e0a1f2ed81088ed6e3ee6326925e309a11d480ddfb6444364c42c70,true,https://www.luogu.com.cn/problem/P2541,P2541
洛谷/code/P2542.cpp,P2542.cpp,cpp,4828,259,5b5232a5fd0c821560e58a83eb5383d0d949ed9a673b30e9118a8fe29be50371,true,https://www.luogu.com.cn/problem/P2542,P2542
洛谷/code/P2563(2).c,P2563(2).c,c,729,40,b6e15d43163acb40ca16c01af1ef0df1977821f959e6f2b926596a1b3db82cd0,true,https://www.luogu.com.cn/problem/P2563,P2563
洛谷/code/P2563.c,P2563.c,c,649,38,f10cc041f97ef370559c236ef3536f56a69e317b621ba96446b3dde2bbbbe56c,true,https://www.luogu.com.cn/problem/P2563,P2563
洛谷/code/P2564(2).cpp,P2564(2).cpp,cpp,688,38,fd7c38a29a93f200d7d9204196b694a3eba08fd7e4b269b1fd55123bc9cbfe92,true,https://www.luogu.com.cn/problem/P2564,P2564
洛谷/code/P2564.cpp,P2564.cpp,cpp,884,45,ae1f1e9738d0f6cf2592883f205f0fa8de813b57c8c88f26aedeb516a76ed5e6,true,https://www.luogu.com.cn/problem/P2564,P2564
洛谷/code/P2567.cpp,P2567.cpp,cpp,1328,79,7f1b67506d98f08e373450f9b89ec661b1545ce071c1bcfc981c5681339b3c0d,false,https://www.luogu.com.cn/problem/P2567,P2567
洛谷/code/P2568.cpp,P2568.cpp,cpp,835,43,d85ca725891a959996b0e96eec4835481e55e3a5085454eb99b136610aca1447,true,https://www.luogu.com.cn/problem/P2568,P2568
洛谷/code/P2569.cpp,P2569.cpp,cpp,2318,50,1d151124dace6c09636e60fa9a8d4f5f957a2fcc2379303550c9b352da05da5f,true,https://www.luogu.com.cn/problem/P2569,P2569
洛谷/code/P2573.cpp,P2573.cpp,cpp,2434,125,341ad198e09af9ea1bd6f51263476f56704ab7b36d10538a43236f6b20bdd631,true,https://www.luogu.com.cn/problem/P2573,P2573
洛谷/code/P2574.cpp,P2574.cpp,cpp,1951,95,b6705d2ad1a6fdd32c5d8f63245a27d8866449d2d77d75a8bf1958bf521ba9d2,true,https://www.luogu.com.cn/problem/P2574,P2574
洛谷/code/P2577.cpp,P2577.cpp,cpp,959,45,2a6ad9ccd41f46ec4d956ec9a4f71de263f549dbae6c070da08fd3c6126a8156,true,https://www.luogu.com.cn/problem/P2577,P2577
洛谷/code/P2578.cpp,P2578.cpp,cpp,1659,67,4bad3083fde4fe8e12255d08944fa40ccc68c97dcd02e2f3c8074ec07ad117e9,true,https://www.luogu.com.cn/problem/P2578,P2578
洛谷/code/P2580.cpp,P2580.cpp,cpp,1545,73,21e610af051e43832eff4c74cb09e5f5bf5a3f370d29e60ac1b6ae891bf01521,true,https://www.luogu.com.cn/problem/P2580,P2580
洛谷/code/P2583.cpp,P2583.cpp,cpp,1630,70,c2ea5ed570bd2a3384bd635c6f36a25eb7c9ca1cf98f19662cb7ff75c4f35c65,true,https://www.luogu.com.cn/problem/P2583,P2583
洛谷/code/P2584.cpp,P2584.cpp,cpp,3103,150,110f4ed07f2e5fd36ee74ab3fd1069437fa8e848c0a1667f954701f9efa4c277,true,https://www.luogu.com.cn/problem/P2584,P2584
洛谷/code/P2585(2).cpp,P2585(2).cpp,cpp,1261,45,b10a14b519acd6f7153a7b34db713fff2429bcfc64b3967d548ba08249399f33,true,https://www.luogu.com.cn/problem/P2585,P2585
洛谷/code/P2585.cpp,P2585.cpp,cpp,1231,47,d4ecc180b2459b4b3b549766cb260d130cb5140cbd5461cdd8a131afdea5b4a2,true,https://www.luogu.com.cn/problem/P2585,P2585
洛谷/code/P2590.cpp,P2590.cpp,cpp,4679,224,6a92a32ca6b7204b83df928d9a71bb700e884cc3aa5cdf23d0803f4975768c31,false,https://www.luogu.com.cn/problem/P2590,P2590
洛谷/code/P2593.cpp,P2593.cpp,cpp,1154,57,2078eb57bc6eaa55bc8dc90deb038af4721715275a622bd1f70f787c0cfa4e45,true,https://www.luogu.com.cn/problem/P2593,P2593
洛谷/code/P2597.cpp,P2597.cpp,cpp,2354,126,1e9cad287045c44f772d05cdaaa7a0d5f14687368f9fc58c9d75a02cac8755c8,true,https://www.luogu.com.cn/problem/P2597,P2597
洛谷/code/P2602.c,P2602.c,c,735,35,cba9782619c1d2929cfd866fd8789cd0edd34e46d45055590a792d3da0ac7e4f,true,https://www.luogu.com.cn/problem/P2602,P2602
洛谷/code/P2604.cpp,P2604.cpp,cpp,4599,197,634d3caf6f15b7bede2c84e9502949e95fd0b43e8e9d5d3b3b8940cb37ad565f,true,https://www.luogu.com.cn/problem/P2604,P2604
洛谷/code/P2606.cpp,P2606.cpp,cpp,1523,78,9905019ca9e5d665c93eebd50a71a98cc9fd33ef0203ed0d31b446a11fe38775,false,https://www.luogu.com.cn/problem/P2606,P2606
洛谷/code/P2607.cpp,P2607.cpp,cpp,1500,84,71a258567a5751c097331ca6385620c645292b756c2c36db31c61de609451340,false,https://www.luogu.com.cn/problem/P2607,P2607
洛谷/code/P2610.cpp,P2610.cpp,cpp,2517,113,d9ce2fd8c27aaf6951cc722e8cc8b4c01f12025ffd0e45baf5d3b414b28f31ae,true,https://www.luogu.com.cn/problem/P2610,P2610
洛谷/code/P2611.cpp,P2611.cpp,cpp,2260,113,08a8c60c5b86d6a3f82ba35a4bb88d54c5be47804b709e73bfcedb2fb78c9f52,true,https://www.luogu.com.cn/problem/P2611,P2611
洛谷/code/P2613.cpp,P2613.cpp,cpp,593,32,5d9b969a6e13a4587ee9c99d64f79fa335a0dbf06ab7f518bd3daea44a71ef4e,true,https://www.luogu.com.cn/problem/P2613,P2613
洛谷/code/P2616.c,P2616.c,c,878,47,2d25183c1467e3a7a2d562c226b52d1df2a6f89529da924b68d5f2d87aab0cde,true,https://www.luogu.com.cn/problem/P2616,P2616
洛谷/code/P2617(2).cpp,P2617(2).cpp,cpp,3399,170,5aca914755416ba035d7cfdbf5b5dd778fb6c50e8e9f311b7b2b4d6e6320647d,true,https://www.luogu.com.cn/problem/P2617,P2617
洛谷/code/P2617.cpp,P2617.cpp,cpp,3269,156,e679de86ef3399e09fcfa6d704317be9ade742362ca6eee351b859e3aa0b5ae9,true,https://www.luogu.com.cn/problem/P2617,P2617
洛谷/code/P2619.cpp,P2619.cpp,cpp,1962,99,e5dc6e7a55d537ccdb57b80f34fb3cae3fa9e819742270c25523bf61c7ddb1c1,true,https://www.luogu.com.cn/problem/P2619,P2619
洛谷/code/P2622(2).cpp,P2622(2).cpp,cpp,892,46,fad5b7df99c6dab0bcbe6fd00d49e1df82313dc797832ccf6764ba76214c1b37,true,https://www.luogu.com.cn/problem/P2622,P2622
洛谷/code/P2622.cpp,P2622.cpp,cpp,780,35,fff2283957d396bc5176d10550761d601625c3389d654da96beba6d532e3ce65,true,https://www.luogu.com.cn/problem/P2622,P2622
洛谷/code/P2623.c,P2623.c,c,945,49,e7f32eff75cce62e5c4dce540a71aa729884ec827bd377637ee74da0469bcdd4,true,https://www.luogu.com.cn/problem/P2623,P2623
洛谷/code/P2625.c,P2625.c,c,914,57,668e9ee297948f888c2ef1378b91829d3cac8fe06a9c4ea885b6de8d57237bb9,true,https://www.luogu.com.cn/problem/P2625,P2625
洛谷/code/P2625.cpp,P2625.cpp,cpp,915,47,8b98e2932a02e9f78669da9838f896e86e8a6cd01cc2f8788a0de846594f220c,true,https://www.luogu.com.cn/problem/P2625,P2625
洛谷/code/P2629.cpp,P2629.cpp,cpp,638,24,553e5deb8c66c47bed6746d244d91b21e3617ddc47485c013f09201cd9d0a53f,true,https://www.luogu.com.cn/problem/P2629,P2629
洛谷/code/P2632.cpp,P2632.cpp,cpp,3626,173,9f2b0a25baf33b7da7b33ec2e73eacc7aee6b3912feca28b9d72342bee959c74,true,https://www.luogu.com.cn/problem/P2632,P2632
洛谷/code/P2633_2.cpp,P2633_2.cpp,cpp,3264,181,f6cff310f817c2a14bb948a7b0e4cfee09b199bb3161edf5c8dda888c4c91620,true,,
洛谷/code/P2634.cpp,P2634.cpp,cpp,2500,131,fe86f4182dfc28b110acd5b10009b8d151bbd8c48fe20350dd1bb84c66064b86,true,https://www.luogu.com.cn/problem/P2634,P2634
洛谷/code/P2634_2.cpp,P2634_2.cpp,cpp,2278,122,c0bb60e0be4e93409e53bef8871cd1cab766c34a9b57f81bc4a12853445ed3ca,true,,
洛谷/code/P2634_4.cpp,P2634_4.cpp,cpp,2350,127,8f9dc50ab67bd90ff3ce895a6906cea226679928f4f4e32d37b173a5c553ec83,true,,
洛谷/code/P2639.c,P2639.c,c,577,33,d52024e54988ac4fc5c5e4dc3ca3313091d908c910d99d1fe55b145e2f891dc1,true,https://www.luogu.com.cn/problem/P2639,P2639
洛谷/code/P2642.c,P2642.c,c,856,45,0aa3c02f2f1a12d4e337c9e24f851e7018a99b195f44590606666a0ad358541a,true,https://www.luogu.com.cn/problem/P2642,P2642
洛谷/code/P2654.cpp,P2654.cpp,cpp,1511,72,5235d046bceafba816d4311d14781c76b723385e920f57430d895a967bb49576,false,https://www.luogu.com.cn/problem/P2654,P2654
洛谷/code/P2656.cpp,P2656.cpp,cpp,2648,125,c29706fd0bbeed7ab4f5b2fd537c3f66224fb52b4cd8f9b8e7589fa006dfd258,true,https://www.luogu.com.cn/problem/P2656,P2656
洛谷/code/P2658.cpp,P2658.cpp,cpp,1695,71,a8c35bf5fba42e735456669409c74c265d1f61c4539af35de4214bf5d798cf18,true,https://www.luogu.com.cn/problem/P2658,P2658
洛谷/code/P2660.c,P2660.c,c,452,24,2e72d9bf61a9c8b7575c3bf3027c2fabf7ef063e0cc8c4295ccfc4456e027402,true,https://www.luogu.com.cn/problem/P2660,P2660
洛谷/code/P2661.cpp,P2661.cpp,cpp,1760,57,822310f9bfbe721e19b5843de6400a97de2bdb04f437533b36a38290958a84f0,true,https://www.luogu.com.cn/problem/P2661,P2661
洛谷/code/P2663(2).c,P2663(2).c,c,837,43,1622ce16484a53e6d7b65f62f6b40bc7eb870c71f6d5f8da872109be091084d4,true,https://www.luogu.com.cn/problem/P2663,P2663
洛谷/code/P2663.c,P2663.c,c,789,42,d82fa192c6899b71f94c4922951e6629af96e730d9b03ba62942669cbcdc4eb7,true,https://www.luogu.com.cn/problem/P2663,P2663
洛谷/code/P2671.cpp,P2671.cpp,cpp,1567,74,0623aeeb5b523fcc8ce2dcbcc9e79bf6908ec4c3ad79f0deda7cf2f0fdce3a61,true,https://www.luogu.com.cn/problem/P2671,P2671
洛谷/code/P2672.cpp,P2672.cpp,cpp,730,25,b51a5e88b5f52b0eca6f7863f599f0289df46076959a0845a64cbc6367bd5c7a,true,https://www.luogu.com.cn/problem/P2672,P2672
洛谷/code/P2675.cpp,P2675.cpp,cpp,1650,90,46487a6abcaa16fb357d40f0058261c063333448fb90bbfaf752746d2f29167c,false,https://www.luogu.com.cn/problem/P2675,P2675
洛谷/code/P2676.c,P2676.c,c,494,29,1797c02b45229ca848f14bc4e91a2e9e497bc5717f3377827f4e785a444a7502,true,https://www.luogu.com.cn/problem/P2676,P2676
洛谷/code/P2677.c,P2677.c,c,515,35,9d85f5afb2f1daf8583231802a8ed3b8a29a19f36cdce404046c17b8a73fbc92,true,https://www.luogu.com.cn/problem/P2677,P2677
洛谷/code/P2678.c,P2678.c,c,759,41,654c7450ed3ff05017a08a24c0dc85d5d2f7c66c5b71aff87eaa41839cf5a2bc,true,https://www.luogu.com.cn/problem/P2678,P2678
洛谷/code/P2685.cpp,P2685.cpp,cpp,5062,224,d1895d887839bcc4f12562544e0aca99afb9fbc74be29d73e9e4c9eb1e459655,false,https://www.luogu.com.cn/problem/P2685,P2685
洛谷/code/P2690(2).c,P2690(2).c,c,580,27,5d47f699a692a7031a905ff661ada1b13d4d17a193d3733602c6195a39a0cc45,true,https://www.luogu.com.cn/problem/P2690,P2690
洛谷/code/P2690.c,P2690.c,c,573,23,add8fafa58599a87f68b9ee74cd62649b42957c58bc781a645721903361d164d,true,https://www.luogu.com.cn/problem/P2690,P2690
洛谷/code/P2691.cpp,P2691.cpp,cpp,4126,165,a5cddc9654d00f8bedc4b21f6f0349c9705626e837a6e58391dde1a5a4c36a5b,true,https://www.luogu.com.cn/problem/P2691,P2691
洛谷/code/P2695.c,P2695.c,c,690,38,3f3d4d584f3d6cb2101a48323f1f51e70536535a7635d01d84efec5b6bf7f001,true,https://www.luogu.com.cn/problem/P2695,P2695
洛谷/code/P2697.cpp,P2697.cpp,cpp,633,35,baf6d81490d18209980bfb7558edb4909d586de9c19e49abff86327285712208,true,https://www.luogu.com.cn/problem/P2697,P2697
洛谷/code/P2698.cpp,P2698.cpp,cpp,1252,67,7d04c64ed1b900ba42279bdf1ad9f88df5fd31719f0a3a1c74d797f21fa22797,true,https://www.luogu.com.cn/problem/P2698,P2698
洛谷/code/P2701(2).c,P2701(2).c,c,1031,57,ba951250f315a621fd9b379e5723faef8fa8149b5d3173db28073f850864356e,true,https://www.luogu.com.cn/problem/P2701,P2701
洛谷/code/P2701.c,P2701.c,c,1293,51,24c55a5badb90e84de3fa0cadbc33b5d89f8cc7889c8bd671b60cadbe324de51,true,https://www.luogu.com.cn/problem/P2701,P2701
洛谷/code/P2704.cpp,P2704.cpp,cpp,2097,75,dba23fc660d0862bbb763a08662cf741e56a56c317177fdc2669be73c0c01308,true,https://www.luogu.com.cn/problem/P2704,P2704
洛谷/code/P2707.cpp,P2707.cpp,cpp,1022,55,88b1816c1ac7ac1e38cf035361d978e8066161c084ba23516a0d32f257c9b81d,false,https://www.luogu.com.cn/problem/P2707,P2707
洛谷/code/P2710.cpp,P2710.cpp,cpp,5196,248,c8919a1e76c93b831c2338bb8bbf5f44d41d9bbf0d2de850c6dade6bd5eb03a7,true,https://www.luogu.com.cn/problem/P2710,P2710
洛谷/code/P2712.cpp,P2712.cpp,cpp,1316,63,3213c24a43bea0281e6bbaf81d9525fc2f144a3079786aed0fb107793616d32e,true,https://www.luogu.com.cn/problem/P2712,P2712
洛谷/code/P2714.cpp,P2714.cpp,cpp,1327,69,1ca3790b5e97c6a629fcd4b77e574bfef6a6f2812c276dbafa19b118c37eddc3,true,https://www.luogu.com.cn/problem/P2714,P2714
洛谷/code/P2717.cpp,P2717.cpp,cpp,1334,70,bb0d657341ce94815a7d3675ad088da5cfb099270e63c6852c19b0fca700782c,true,https://www.luogu.com.cn/problem/P2717,P2717
洛谷/code/P2719.c,P2719.c,c,588,30,f9bcd13a67b69b6f8b2e1b4e37a27e2b67498e7f0da4bfc990b25e1703bfac4b,true,https://www.luogu.com.cn/problem/P2719,P2719
洛谷/code/P2722(2).c,P2722(2).c,c,575,32,2c8a7f98e7e8576cded4b57218fd52b48be0e74a07fa173665826a563a4df35a,true,https://www.luogu.com.cn/problem/P2722,P2722
洛谷/code/P2722.c,P2722.c,c,631,33,82b1294a75d9fa3c1b8febe6c500fb2caea53a00506cf3af4e7ca7204a301a85,true,https://www.luogu.com.cn/problem/P2722,P2722
洛谷/code/P2723.cpp,P2723.cpp,cpp,446,23,ccefde9e975d96451d65c58badd0b78817b43067587811ea3b08fa87a912d5f3,true,https://www.luogu.com.cn/problem/P2723,P2723
洛谷/code/P2725(2).c,P2725(2).c,c,1036,42,f075e5a97308a73695de9976502620e03b5793f9d9f22d0175052392ff73e52b,true,https://www.luogu.com.cn/problem/P2725,P2725
洛谷/code/P2725.c,P2725.c,c,769,43,8c2563ea2fb6fa5feab540adff42420e06d73db41413c421d3b86fbca3fd4f01,true,https://www.luogu.com.cn/problem/P2725,P2725
洛谷/code/P2727.cpp,P2727.cpp,cpp,551,30,37dc8a31aa1d9b21acf9d2da9e05ff9d90a6eb49ed7e7f3e0c12c953a013e86a,false,https://www.luogu.com.cn/problem/P2727,P2727
洛谷/code/P2734.c,P2734.c,c,809,33,fb21ec202d438d2d3ca4d02e244619a0d7564b04dea4bbed542287cec8c9f910,true,https://www.luogu.com.cn/problem/P2734,P2734
洛谷/code/P2742.cpp,P2742.cpp,cpp,3591,126,b5aa1c0b09ff53b51ac71d1fb2245d41845c349b53916d4cc6646a8d6d01d376,true,https://www.luogu.com.cn/problem/P2742,P2742
洛谷/code/P2748.cpp,P2748.cpp,cpp,2769,74,61667e93eb2073a26c9caa26e51a9026f5837ab9b39001e70f0b93af878c6dbc,false,https://www.luogu.com.cn/problem/P2748,P2748
洛谷/code/P2751.cpp,P2751.cpp,cpp,1043,59,93dacf060f22018ac91f954fbb04d92159a319675c0ca5558582525bcc1fb9ff,true,https://www.luogu.com.cn/problem/P2751,P2751
洛谷/code/P2754.cpp,P2754.cpp,cpp,3435,176,a47ca5e9326956d8ebb8d653e5b9ab6e6e4f63f52a2a1685a4ba4c45d5e33a2e,true,https://www.luogu.com.cn/problem/P2754,P2754
洛谷/code/P2757.cpp,P2757.cpp,cpp,2412,114,338ca7bc0c5ccecfade6a6c14ae3d4c8141888d71925357c058382bf5a443040,false,https://www.luogu.com.cn/problem/P2757,P2757
洛谷/code/P2758.c,P2758.c,c,982,46,62ec8ac6c751cea516bf93054648ba8f1a14bf4938b470e03db3bbf5df5055c5,true,https://www.luogu.com.cn/problem/P2758,P2758
洛谷/code/P2759.c,P2759.c,c,403,24,02f1a87b05b744c6ee55dee1f0d90d33a526675dbc319dc332671f4db49b813a,true,https://www.luogu.com.cn/problem/P2759,P2759
洛谷/code/P2762.cpp,P2762.cpp,cpp,3599,176,e23bd31f24073ffde69d9a4c1311f4aa3575da2f92ba651afa3138a28f144030,false,https://www.luogu.com.cn/problem/P2762,P2762
洛谷/code/P2764.cpp,P2764.cpp,cpp,3110,154,8750cd15100ab6a07141030f4885956caf10c8f73a3d4cf3430da696e5bb2665,true,https://www.luogu.com.cn/problem/P2764,P2764
洛谷/code/P2766.cpp,P2766.cpp,cpp,3876,195,7e2071475a3c0893bd97fb8d917b3cbb71d9f6065b11a78555cd42c930e754af,true,https://www.luogu.com.cn/problem/P2766,P2766
洛谷/code/P2767.cpp,P2767.cpp,cpp,468,24,ece98055cbced1f08bdf3f35a94cc949a259d8ebd2122fac8a4fe1af2f0adad9,true,https://www.luogu.com.cn/problem/P2767,P2767
洛谷/code/P2770.cpp,P2770.cpp,cpp,5235,230,74b60e3078bd69617df6bd55060a6b047f077ea440ce311dc86ec4c4d0966ee0,true,https://www.luogu.com.cn/problem/P2770,P2770
洛谷/code/P2772.c,P2772.c,c,1177,64,ce2594f1aed2b7909d1232f771fb6bada3a7ccd92b31bc0e4a97acfc0ee19c22,true,https://www.luogu.com.cn/problem/P2772,P2772
洛谷/code/P2774.cpp,P2774.cpp,cpp,3129,151,99ae09861a598952a33f3f1a3fbb4d2272c0b6247832d4d417bce002a1092d29,true,https://www.luogu.com.cn/problem/P2774,P2774
洛谷/code/P2777.c,P2777.c,c,545,33,1fb60682b1c28c5ae9308bcc34b8e0137e868be207f6e1a3996a92619790e52a,true,https://www.luogu.com.cn/problem/P2777,P2777
洛谷/code/P2779.cpp,P2779.cpp,cpp,416,21,59ddeb0bf2aa480c1473f9dcaba5feb6ed4665de24f6765dff61ccd7aa98c7f2,true,https://www.luogu.com.cn/problem/P2779,P2779
洛谷/code/P2782(2).c,P2782(2).c,c,1218,56,6374584d3d166fde3f498cf818b97e7f024bd2294014407cb22719860114da8e,true,https://www.luogu.com.cn/problem/P2782,P2782
洛谷/code/P2782.c,P2782.c,c,1684,84,b78625a57751df1ff57f2abd1c90824aabf884472ea8c2c7140ff5b87067395d,true,https://www.luogu.com.cn/problem/P2782,P2782
洛谷/code/P2783.cpp,P2783.cpp,cpp,4073,207,58c06c86a9787f9f7af9eede7e8d4fcbad2864dbe52abd577d11cabb73412634,true,https://www.luogu.com.cn/problem/P2783,P2783
洛谷/code/P2786(2).cpp,P2786(2).cpp,cpp,999,43,6eb945f2faadca6333817c6beb42d0ebfecd8ff84e1dc3075d287e146f0cd7ef,true,https://www.luogu.com.cn/problem/P2786,P2786
洛谷/code/P2786.cpp,P2786.cpp,cpp,645,36,125192ad8a1d8406040d85ce368972b33e4f1fbc97feea9ed5dd0232cbdbe854,true,https://www.luogu.com.cn/problem/P2786,P2786
洛谷/code/P2787.cpp,P2787.cpp,cpp,2860,115,234568052b037b7f1efbbb9a9dd9c6049526b38d26c368318b4b452c9bc2cc31,true,https://www.luogu.com.cn/problem/P2787,P2787
洛谷/code/P2792.cpp,P2792.cpp,cpp,2897,146,ba53fd8e326a5b334f127ba5e872fb908b7b4cc5cb444bf4ec6c8210a14c38ef,true,https://www.luogu.com.cn/problem/P2792,P2792
洛谷/code/P2797.cpp,P2797.cpp,cpp,975,50,db9854b76348803ce989039a74d09f14eddf67d11e76f4431dd0e9af9dae0263,false,https://www.luogu.com.cn/problem/P2797,P2797
洛谷/code/P2798.cpp,P2798.cpp,cpp,1793,95,76b6e9387999ede8ad73d0be8ea26dd59c5d57486a750525cb1735acce5adf28,true,https://www.luogu.com.cn/problem/P2798,P2798
洛谷/code/P2800(2).c,P2800(2).c,c,1137,40,4a3a13e350fe505d50676c939e42bb069970cad1dd3af3052f24ea727c80d273,true,https://www.luogu.com.cn/problem/P2800,P2800
洛谷/code/P2800.c,P2800.c,c,230,18,3904e639adc475af2fe6eabe156dc5bc45712a72797174bee0e766def8f733b6,true,https://www.luogu.com.cn/problem/P2800,P2800
洛谷/code/P2801.cpp,P2801.cpp,cpp,2665,133,49076d3898ccb1d2b8fc651f87bd27c34d1e2a600c80aeb2db92db0a430e8655,true,https://www.luogu.com.cn/problem/P2801,P2801
洛谷/code/P2801_2.cpp,P2801_2.cpp,cpp,2293,123,b44c36677423669411cbc721ed3d4034f09ec891faa1c7103c71e59430275416,true,,
洛谷/code/P2802(2).cpp,P2802(2).cpp,cpp,1059,42,5221dd63ad4b176764a45e37223958aeda3553d98da3bd67efae7890165bc316,true,https://www.luogu.com.cn/problem/P2802,P2802
洛谷/code/P2802.c,P2802.c,c,1215,50,1359bb57e0bf6e11ce40d0651004ef1309d7598b1d15b3afc9e05c687b874ff3,true,https://www.luogu.com.cn/problem/P2802,P2802
洛谷/code/P2802.cpp,P2802.cpp,cpp,1769,73,9e35d640e4f325ab5dfa193eb926eb2f8ba348169b0ff5b0d73c2dfce37a7752,true,https://www.luogu.com.cn/problem/P2802,P2802
洛谷/code/P2810.c,P2810.c,c,473,25,12a734f7c6e7ac9defb2867a6c2f013e7494b8d080daafe3e7910e21177b2550,true,https://www.luogu.com.cn/problem/P2810,P2810
洛谷/code/P2811.cpp,P2811.cpp,cpp,2198,109,a9c5a41296fceabb6f7132d5e0ebbdbc380c277d8c55c09670d245b7d28023f2,true,https://www.luogu.com.cn/problem/P2811,P2811
洛谷/code/P2812.cpp,P2812.cpp,cpp,2233,111,68780c6b0576b9799f47119112552351baeb254e36869d414f9b2783e9fbcd99,true,https://www.luogu.com.cn/problem/P2812,P2812
洛谷/code/P2813.c,P2813.c,c,759,44,0bceae7c298b7905c6ce4e64e7ca5b1e2a0834bec55b0b1d706b7b18321811b3,true,https://www.luogu.com.cn/problem/P2813,P2813
洛谷/code/P2814.cpp,P2814.cpp,cpp,501,31,8e1cc6d9db7b9d374864a59914740ec9d1b84a78dfd47d59e9502f5e43313321,true,https://www.luogu.com.cn/problem/P2814,P2814
洛谷/code/P2820.cpp,P2820.cpp,cpp,1417,79,1f0cb80a4390b7a9df44c6e16bcf5104381720d2c5d41ea33689d2b8c110fa9c,true,https://www.luogu.com.cn/problem/P2820,P2820
洛谷/code/P2825.cpp,P2825.cpp,cpp,3095,149,3fc72e60a64c03b3a54261e6ad6e2845033d6acf3c2a34bae258ce3d690f64ba,true,https://www.luogu.com.cn/problem/P2825,P2825
洛谷/code/P2836.cpp,P2836.cpp,cpp,947,45,357a856b574bf89abe48b9dfcacff6addb9707c92a0ed781827afd670c1d42b6,true,https://www.luogu.com.cn/problem/P2836,P2836
洛谷/code/P2837.c,P2837.c,c,606,31,caa0eb5b95bcd47203d7990e1b2a19291034d824c23583bfa1456c5f77f2f68f,true,https://www.luogu.com.cn/problem/P2837,P2837
洛谷/code/P2841.cpp,P2841.cpp,cpp,1482,78,271ae8aab22af18336dc1599dce2309e18277dd8b6ad4e0fe554e112dc2b466e,true,https://www.luogu.com.cn/problem/P2841,P2841
洛谷/code/P2846.cpp,P2846.cpp,cpp,1826,90,065533b11459c2a1b534a043279c0d82377534f7bbee37ba31feae6124f4f6f4,true,https://www.luogu.com.cn/problem/P2846,P2846
洛谷/code/P2853.cpp,P2853.cpp,cpp,1154,69,e18b3366d3dbd367f666fe64c828d49c3b606b2d7286862056df64d2dc331a6c,true,https://www.luogu.com.cn/problem/P2853,P2853
洛谷/code/P2857.cpp,P2857.cpp,cpp,3178,164,5128a5a0938ad9d51e696e14b94026f16a631fa8e6201560de6a73adefc54f6f,true,https://www.luogu.com.cn/problem/P2857,P2857
洛谷/code/P2858(2).c,P2858(2).c,c,805,35,287458ad56ab4970b6fe4199adc980d11ff8e1b0afc6de054660b91ff36958b8,true,https://www.luogu.com.cn/problem/P2858,P2858
洛谷/code/P2858.c,P2858.c,c,728,40,77845c29e43675aab8838954d1dd5cd51eefec0c44749377e2c7756ddb95b113,true,https://www.luogu.com.cn/problem/P2858,P2858
洛谷/code/P2859.cpp,P2859.cpp,cpp,2,1,7eb70257593da06f682a3ddda54a9d260d4fc514f645237f5ca74b08f8da61a6,false,https://www.luogu.com.cn/problem/P2859,P2859
洛谷/code/P2860(2).cpp,P2860(2).cpp,cpp,1876,100,db499183b1f01ee842fe3d503b6279750a2e8f31100a4eb5db2f527fe7d92ad6,true,https://www.luogu.com.cn/problem/P2860,P2860
洛谷/code/P2860.cpp,P2860.cpp,cpp,2191,104,d819bbdcfffdf7580fb2cb8d62ba6d9483fc043541cb000bb3019ac3d60c759e,true,https://www.luogu.com.cn/problem/P2860,P2860
洛谷/code/P2862(2).cpp,P2862(2).cpp,cpp,2035,102,7c27be2f0ce8d2217dc1c0b990e6026abc581fa4c8fe04ca79778050c2f72de8,true,https://www.luogu.com.cn/problem/P2862,P2862
洛谷/code/P2862.cpp,P2862.cpp,cpp,1716,78,ba1d0f1b7e9e297dfcd118357d2dcdc4055389875617c617832b6dd37f93a3df,true,https://www.luogu.com.cn/problem/P2862,P2862
洛谷/code/P2863.cpp,P2863.cpp,cpp,1202,63,f5c46e7ccba700a0e65ae072ee1dab9c5862e642b35c936308f0663da355904d,true,https://www.luogu.com.cn/problem/P2863,P2863
洛谷/code/P2865.cpp,P2865.cpp,cpp,1696,79,4ae33b824b5670627860a001eb81eaf68337de188c1a0b5a9a176e122343363b,true,https://www.luogu.com.cn/problem/P2865,P2865
洛谷/code/P2866.cpp,P2866.cpp,cpp,489,28,7ab87d26c3789613c72014d61155be94852ecb923ef82066b1d4c489551c0c49,true,https://www.luogu.com.cn/problem/P2866,P2866
洛谷/code/P2868.cpp,P2868.cpp,cpp,1696,83,3af7d368f47d3a129fbbc9f7f102af83482dbaff0d74e694855b67632fe6e379,true,https://www.luogu.com.cn/problem/P2868,P2868
洛谷/code/P2869.cpp,P2869.cpp,cpp,1020,52,6c565bc4f49f9d5f285d04e9071168ca08ee11f0a9908d5b23158d0890dfdcd0,false,https://www.luogu.com.cn/problem/P2869,P2869
洛谷/code/P2871(2).c,P2871(2).c,c,528,31,a580d4e056ce8bb8ef52eff9c108cb6bf7dd996631aeaf5923cfdf3dedd5c182,true,https://www.luogu.com.cn/problem/P2871,P2871
洛谷/code/P2871.c,P2871.c,c,582,31,0ba9016215fbc2e99de6981a95510b8102e8b3ff0a907963b9eb735bfeb2c652,true,https://www.luogu.com.cn/problem/P2871,P2871
洛谷/code/P2874.cpp,P2874.cpp,cpp,1003,46,42e2d572ffd6e2396b7539aa6da02d9a853fafce4ae95f24393b3fd9f14534b7,true,https://www.luogu.com.cn/problem/P2874,P2874
洛谷/code/P2875.cpp,P2875.cpp,cpp,818,40,1cd74da6abbd8b07fdd907422128c4f6fb9f8cca94efc701934ddbaa480d0529,true,https://www.luogu.com.cn/problem/P2875,P2875
洛谷/code/P2876.cpp,P2876.cpp,cpp,1181,57,404f91506db9c152d1d1360a8193c595ff964a199ab39ff93845f7e82d74fe1c,true,https://www.luogu.com.cn/problem/P2876,P2876
洛谷/code/P2878.c,P2878.c,c,1067,56,11b1593ca4be733b5d3df0200e25ff46c246763a49bbeb1ef578639f4b4cce4b,true,https://www.luogu.com.cn/problem/P2878,P2878
洛谷/code/P2879.cpp,P2879.cpp,cpp,790,31,4b69396ad93e3f5d358776cb68cfd39b185463f76f621a2d816f471638244609,true,https://www.luogu.com.cn/problem/P2879,P2879
洛谷/code/P2880(2).cpp,P2880(2).cpp,cpp,2147,94,84d58fda7d4da5e2139e0f5e7228af837cd0c13435b9782f4bb9424b3c17104a,true,https://www.luogu.com.cn/problem/P2880,P2880
洛谷/code/P2880.cpp,P2880.cpp,cpp,940,42,6584d80a25fc31cdd7a4042cb7e57f1216258a1f5328c5fa3b2c2abbb4237814,true,https://www.luogu.com.cn/problem/P2880,P2880
洛谷/code/P2882.cpp,P2882.cpp,cpp,696,38,54ffc3ecc23750178ffa0da30173deceaa9e9aa1c5a537fa7082e98f92cef63a,true,https://www.luogu.com.cn/problem/P2882,P2882
洛谷/code/P2885.cpp,P2885.cpp,cpp,1036,47,d20c4113f9e70afb43e50a08a2950cc0e624ef268a172fc7798ecb95514f41c9,true,https://www.luogu.com.cn/problem/P2885,P2885
洛谷/code/P2886.cpp,P2886.cpp,cpp,1860,83,a713f2b439e5d0922c7b6cda631e8b22203033225fb9864f27f28a681f5408df,true,https://www.luogu.com.cn/problem/P2886,P2886
洛谷/code/P2887(2).c,P2887(2).c,c,1090,49,7492a0855ff9d96815c0975a7831c311c9f06192c9d6791f535293a199a0dd60,true,https://www.luogu.com.cn/problem/P2887,P2887
洛谷/code/P2887.c,P2887.c,c,1139,59,0a699b87e6624ed3bfbaa9962e785590263b50b177370fce90b527a0da9ee948,true,https://www.luogu.com.cn/problem/P2887,P2887
洛谷/code/P2887.cpp,P2887.cpp,cpp,827,44,23257d8f32d788b4746c39ddb9c244a2474cec99bf93a17194d4cfc4ddec494c,true,https://www.luogu.com.cn/problem/P2887,P2887
洛谷/code/P2888.cpp,P2888.cpp,cpp,1336,56,8e60a81e57ba00557b63884edd538e0054ca554205f76e6ca117e3b6356f1305,true,https://www.luogu.com.cn/problem/P2888,P2888
洛谷/code/P2889.c,P2889.c,c,310,20,67d367b7e52941a490fc9ebb0f8d640129dc1ce62c8a744320812d27de006808,true,https://www.luogu.com.cn/problem/P2889,P2889
洛谷/code/P2891.cpp,P2891.cpp,cpp,2800,120,f395baeac4c6ec1ddfd1ffbb5694554d22227535ff3c44ef6f7c6e6c74e6874d,true,https://www.luogu.com.cn/problem/P2891,P2891
洛谷/code/P2895.cpp,P2895.cpp,cpp,1345,55,68c12f710fa6f99374d9b8d5c6ce0aeb153e1f2c7b9431e0ab317c9f27e6f893,true,https://www.luogu.com.cn/problem/P2895,P2895
洛谷/code/P2896.cpp,P2896.cpp,cpp,606,30,296050a868b2bd95bc996dccd1f3a1c565a147ba80de3ee6e9017fed0b0a525d,true,https://www.luogu.com.cn/problem/P2896,P2896
洛谷/code/P2898.cpp,P2898.cpp,cpp,1913,99,5348c9a9fd2e00d9ed7bec955334f61657e169ead786763b22ac18349d1754d4,true,https://www.luogu.com.cn/problem/P2898,P2898
洛谷/code/P2899.cpp,P2899.cpp,cpp,944,49,3e9f050d2f7fd6c3773089c050649587fa5710c6031e3521359d452ef92487c8,true,https://www.luogu.com.cn/problem/P2899,P2899
洛谷/code/P2902.c,P2902.c,c,323,18,74708dce8c9603215c6545fcb122c9e859998cbd069a08aeb92cc8972ec9758a,true,https://www.luogu.com.cn/problem/P2902,P2902
洛谷/code/P2904(2).c,P2904(2).c,c,1084,42,2b13a4c4f7a0395837b55f669c503eb9347c92dfc30ffffb515772bcc7397e20,true,https://www.luogu.com.cn/problem/P2904,P2904
洛谷/code/P2904.c,P2904.c,c,749,37,f6539c98ba22ecdf6d0803654ef5e22c95ef46a7b82e18e562965ecb4c385ec2,true,https://www.luogu.com.cn/problem/P2904,P2904
洛谷/code/P2906.cpp,P2906.cpp,cpp,1860,101,be32b8e48eaa194cd416ebab2f99d4be5e8fc1bb6c91880c401c4a80a7e70cf0,false,https://www.luogu.com.cn/problem/P2906,P2906
洛谷/code/P2909.c,P2909.c,c,638,31,8be546c0123d5816ee16528829befc4851b3477edc82d6a3d933bb9d3eb8858b,true,https://www.luogu.com.cn/problem/P2909,P2909
洛谷/code/P2917.cpp,P2917.cpp,cpp,2606,127,986edff4d5f49724ef394c29a41a7266405ecaaccb3cbdd5ac175a183ffda8ce,true,https://www.luogu.com.cn/problem/P2917,P2917
洛谷/code/P2919.cpp,P2919.cpp,cpp,994,50,b66b22217046e5db199ae57dbcdcaf17869b1d89342d8785fe606909368f1289,true,https://www.luogu.com.cn/problem/P2919,P2919
洛谷/code/P2920.c,P2920.c,c,1206,65,5efefe854e6dcc9d475dda9293988dc9b6b44dc825bd34d0616d8992d0db6840,true,https://www.luogu.com.cn/problem/P2920,P2920
洛谷/code/P2921.cpp,P2921.cpp,cpp,856,39,e1f5c9d3caf48430775b4ae0beb1aaaba763784f49b8ea83a50bb58c17dbc27f,true,https://www.luogu.com.cn/problem/P2921,P2921
洛谷/code/P2922(2).cpp,P2922(2).cpp,cpp,1273,60,9abc1e95293626eccb4cee7cbec30078196ed5170323fac46c8f464fa09e27a1,true,https://www.luogu.com.cn/problem/P2922,P2922
洛谷/code/P2922.cpp,P2922.cpp,cpp,1495,62,18b3baebdcb8bb84a680a5ebfba13c965eec618eb4cd53c76732020f788851ee,true,https://www.luogu.com.cn/problem/P2922,P2922
洛谷/code/P2925(2).c,P2925(2).c,c,494,31,162f0f1249af91134eb7c8f3f50c40a606639e929b5ac683f3546910e224feaf,true,https://www.luogu.com.cn/problem/P2925,P2925
洛谷/code/P2925.c,P2925.c,c,548,31,3abac3550f9589baef077c68d3576ee1f36f67c42fa3ede98b8dbc02bb852a08,true,https://www.luogu.com.cn/problem/P2925,P2925
洛谷/code/P2935.cpp,P2935.cpp,cpp,844,34,ef72e4bc12a6391b5d8f0a3291fb3b52d63d79d9b2a270d84d919afcca597ba7,true,https://www.luogu.com.cn/problem/P2935,P2935
洛谷/code/P2937.cpp,P2937.cpp,cpp,1772,77,134a74218d514eff64ffa129f96b06071e994e3210ea579b03aeb1d987dd2d03,true,https://www.luogu.com.cn/problem/P2937,P2937
洛谷/code/P2944.cpp,P2944.cpp,cpp,2642,130,e609b4d5335d84467ddd28d0a3bbd5fb8e0172b0b217109126564c76587de9ef,true,https://www.luogu.com.cn/problem/P2944,P2944
洛谷/code/P2946(2).c,P2946(2).c,c,684,34,36fc67ffbb8a9b7271790f842863d18c814810e47ad6cc484fe91d5251b275e8,true,https://www.luogu.com.cn/problem/P2946,P2946
洛谷/code/P2946.c,P2946.c,c,584,29,741f1cc47e2a71a2ebdd44f8a12d51585a36525ed1b00a175647e3b9534ef6cf,true,https://www.luogu.com.cn/problem/P2946,P2946
洛谷/code/P2947.cpp,P2947.cpp,cpp,503,29,1b53c9555da12bf44ee0cb0c26101774de0e9c622e5916e96c4ead00e81cb671,true,https://www.luogu.com.cn/problem/P2947,P2947
洛谷/code/P2949.cpp,P2949.cpp,cpp,851,46,6bd16cb5f22fe8febe73ba8b475bcb2d3d6397434f87439ae7e0449cb630913f,false,https://www.luogu.com.cn/problem/P2949,P2949
洛谷/code/P2950.cpp,P2950.cpp,cpp,1452,63,fc1bbbec9f4b8cc320e206fb45fea85af3cd2024f6ec8d33f5f18379e4c3696a,true,https://www.luogu.com.cn/problem/P2950,P2950
洛谷/code/P2951(2).cpp,P2951(2).cpp,cpp,1211,58,f77ef4d7f3e1ac252c3808e7a483742f68cfe13a42e0b9d194d23a205844350d,true,https://www.luogu.com.cn/problem/P2951,P2951
洛谷/code/P2951.cpp,P2951.cpp,cpp,1591,72,874ec2b109dd1240abe5f041e060c4a4100bdddcd838c2bd9277553cc2512f5f,true,https://www.luogu.com.cn/problem/P2951,P2951
洛谷/code/P2952.cpp,P2952.cpp,cpp,717,37,c7b1d3bb6a4c97daaa11c9c339e71573e25f0c80fb7c7d1f682a5f8cd7861e97,true,https://www.luogu.com.cn/problem/P2952,P2952
洛谷/code/P2953.cpp,P2953.cpp,cpp,1062,61,d1dfa4e2acd5e13b8375902e77084ff7a553fbc10d968e5908ccfdbbe9e8c560,true,https://www.luogu.com.cn/problem/P2953,P2953
洛谷/code/P2964.cpp,P2964.cpp,cpp,462,24,8ecb31dc47c8b2fa8e7bbb363d2d13cff11691cd89bff3b69f824733983e77f4,true,https://www.luogu.com.cn/problem/P2964,P2964
洛谷/code/P2966.cpp,P2966.cpp,cpp,1840,78,1b71a58da91a4736ad32903d70dba0422432e2df34fc18ef26d96bd12cb87d19,true,https://www.luogu.com.cn/problem/P2966,P2966
洛谷/code/P2970.c,P2970.c,c,691,39,45a3a69bea9394a3ab6d7d3bd91da5ad6ecd29a4c27cff093f1935592909bfd3,true,https://www.luogu.com.cn/problem/P2970,P2970
洛谷/code/P2979.cpp,P2979.cpp,cpp,909,39,20392e3577dad89189cc4f3242a4ec89adbd3408707df8733c040013734f810e,true,https://www.luogu.com.cn/problem/P2979,P2979
洛谷/code/P2983(2).c,P2983(2).c,c,1068,45,2682d68e77c2221efac26edb484a16f4d0c25ccb7ee24ecf4575bea141745590,true,https://www.luogu.com.cn/problem/P2983,P2983
洛谷/code/P2983.c,P2983.c,c,804,40,8d85ac69c15b2cbfc0555d49224d4925c6a4ca4211e7fa8bb5ac9bbc91f2e3e9,true,https://www.luogu.com.cn/problem/P2983,P2983
洛谷/code/P2984.cpp,P2984.cpp,cpp,1446,62,de53c982aa5d596cb43e75ce0954c44bbfbfc008d9f9cd7ddec83a8b3e40b891,true,https://www.luogu.com.cn/problem/P2984,P2984
洛谷/code/P2985.c,P2985.c,c,1027,59,9d950a5d150e374b88d6f756e4242ea96fd56796f2296c14fe4516612251a2d2,true,https://www.luogu.com.cn/problem/P2985,P2985
洛谷/code/P2994.c,P2994.c,c,1145,39,1e66737716a7de4b4d2234cbd6a14e55f999fc4346b27dc56acb0d169758bfd0,true,https://www.luogu.com.cn/problem/P2994,P2994
洛谷/code/P3001.cpp,P3001.cpp,cpp,1466,76,4fa6aeaa8b6380e4a43c9827181c3dc0b8001481b6e97e8640992bde113c70fc,false,https://www.luogu.com.cn/problem/P3001,P3001
洛谷/code/P3002.cpp,P3002.cpp,cpp,5746,278,bea05dfe51a4cf25258536c534666d67915a8c6c68fce753ca4fcf834886923d,true,https://www.luogu.com.cn/problem/P3002,P3002
洛谷/code/P3003.cpp,P3003.cpp,cpp,2026,83,ac4054c65fccf6bc7950302bf86dc4e0f57683c886d634f8efc96965525b5ae6,true,https://www.luogu.com.cn/problem/P3003,P3003
洛谷/code/P3004.cpp,P3004.cpp,cpp,468,26,af13a55723e9103bcd825e4bab30ccda9ab25fab6f8208190f52a83619050c8d,true,https://www.luogu.com.cn/problem/P3004,P3004
洛谷/code/P3006.cpp,P3006.cpp,cpp,1886,97,c8247d9dbc247f7c66d006ec3252882e3f2431521ea83e8c4ca961946c285f52,false,https://www.luogu.com.cn/problem/P3006,P3006
洛谷/code/P3009.c,P3009.c,c,444,24,7fb3868a86d2a149988302943cbea80816b7b39209cec5e8edd2bb65ae37827b,true,https://www.luogu.com.cn/problem/P3009,P3009
洛谷/code/P3011.cpp,P3011.cpp,cpp,3890,157,aef86775cb2443d846cd0bfdb73adf6c59cdc145243de06a2361fa342a46f591,true,https://www.luogu.com.cn/problem/P3011,P3011
洛谷/code/P3017.cpp,P3017.cpp,cpp,1043,54,00ab238eabbc648efaee97e6f4ef3a4bfb24e02c181a0da9a8398520bdda0ae1,true,https://www.luogu.com.cn/problem/P3017,P3017
洛谷/code/P3020.cpp,P3020.cpp,cpp,1336,60,9d4f5aec07e24f677828a30f56d1b62f962c3b677ed4742382a637e064929c6d,true,https://www.luogu.com.cn/problem/P3020,P3020
洛谷/code/P3022.cpp,P3022.cpp,cpp,1577,87,f1884ef1bdf6f5b7b8d3c8e826eaa0bb3e146c743acbd68fcf678f35348d4514,true,https://www.luogu.com.cn/problem/P3022,P3022
洛谷/code/P3029.cpp,P3029.cpp,cpp,1436,73,61935a86ff54bfc3dd5a2540655c72ccc4c702e0e35a1afb9581e6fed02fb7f7,true,https://www.luogu.com.cn/problem/P3029,P3029
洛谷/code/P3036.cpp,P3036.cpp,cpp,2635,117,b34b8464b2ff2e4fd7bbd1e2b1aec6a8f3de29fcadcb700517384a8cb329e540,true,https://www.luogu.com.cn/problem/P3036,P3036
洛谷/code/P3037.cpp,P3037.cpp,cpp,3543,178,5d425d91e56534b805e0a19916a475abc1f13b984ca11ccfffd4a601f4f8b7ea,true,https://www.luogu.com.cn/problem/P3037,P3037
洛谷/code/P3038.cpp,P3038.cpp,cpp,4398,214,620e50dcd66880dc398a94d7df2abf2ee5a6e8db1bab585ba782a0234c6d7b9a,false,https://www.luogu.com.cn/problem/P3038,P3038
洛谷/code/P3041.cpp,P3041.cpp,cpp,1708,85,6c1fde782393df4f210ee300e390b0e888e18ad20d7eba029bd4e2b56bfc93e9,true,https://www.luogu.com.cn/problem/P3041,P3041
洛谷/code/P3045.cpp,P3045.cpp,cpp,1605,74,f6c67ea3234f73805db8369b5faca4fbe026f11fea35c72e05219912631b6725,false,https://www.luogu.com.cn/problem/P3045,P3045
洛谷/code/P3048.cpp,P3048.cpp,cpp,1305,60,353388243d3d40261027c1eabf0389780819ee6d86710efb546180babc946d01,false,https://www.luogu.com.cn/problem/P3048,P3048
洛谷/code/P3052(2).cpp,P3052(2).cpp,cpp,1046,43,e6b929ea981cd68d147675fc1e065028555438e4f832bf09f8e8d0f5dbd83671,true,https://www.luogu.com.cn/problem/P3052,P3052
洛谷/code/P3052.c,P3052.c,c,1237,42,d8e0f73fa6c819654c85829ef1725875369776b48db57ec647cc4446879c4623,true,https://www.luogu.com.cn/problem/P3052,P3052
洛谷/code/P3056.c,P3056.c,c,478,29,cc295e49cd7b417e2fc3291a11501f41c7ce665055d6ff01b02484bdb809b01d,true,https://www.luogu.com.cn/problem/P3056,P3056
洛谷/code/P3063.cpp,P3063.cpp,cpp,934,52,e55f0475a5fd777408669f07769e656d40d825028072d15f05899bcfcf0102db,true,https://www.luogu.com.cn/problem/P3063,P3063
洛谷/code/P3067.cpp,P3067.cpp,cpp,2554,114,18674bb56a72a8d25f434853a6f7a8271ce59aa6a3e0918c5f7a34b3f81f9ee8,true,https://www.luogu.com.cn/problem/P3067,P3067
洛谷/code/P3068.cpp,P3068.cpp,cpp,926,47,f91cd0cd68235776838903879e0ec558297a3c4d55d9297d0294ceab8d3bc12a,true,https://www.luogu.com.cn/problem/P3068,P3068
洛谷/code/P3069.cpp,P3069.cpp,cpp,1278,70,643e1b96740f7a7bfef79404b2e11c17b91237e370abc766103be8d62903a472,true,https://www.luogu.com.cn/problem/P3069,P3069
洛谷/code/P3070(2).cpp,P3070(2).cpp,cpp,2556,113,ef6a1251810861fdb8943de58c9dfae0ce9df051c62d68600709d5bb17e673e0,true,https://www.luogu.com.cn/problem/P3070,P3070
洛谷/code/P3070.cpp,P3070.cpp,cpp,2292,86,dab985f0b792374af2ebd1cae9182dfe0b2729d4beb992918716212b78a9cb63,true,https://www.luogu.com.cn/problem/P3070,P3070
洛谷/code/P3072.cpp,P3072.cpp,cpp,1384,73,b16f35c1e5f46284cf010c9bbe468af65fa75b45ca31c1bb307cbba634fbe5b6,true,https://www.luogu.com.cn/problem/P3072,P3072
洛谷/code/P3073.cpp,P3073.cpp,cpp,1578,86,638c8af49a741c866fa8b5aa9d205abfd4172d9b72eb88833035f76b8b9f7a53,true,https://www.luogu.com.cn/problem/P3073,P3073
洛谷/code/P3074(2).cpp,P3074(2).cpp,cpp,1003,51,a934cb9d88aa2d067d0063d2c3af52dcc8728932ee355de9cfa1344cc8a109c5,true,https://www.luogu.com.cn/problem/P3074,P3074
洛谷/code/P3074.cpp,P3074.cpp,cpp,997,47,7ce45e34444afcacd3adc286711aafb5ca8c89961ac07855beea8fdf13d6cee9,true,https://www.luogu.com.cn/problem/P3074,P3074
洛谷/code/P3078.cpp,P3078.cpp,cpp,256,17,59211854cf90a5d11d052ccc3cfcaf52347bd2a309605603ef35567b934ca489,true,https://www.luogu.com.cn/problem/P3078,P3078
洛谷/code/P3084.cpp,P3084.cpp,cpp,1380,69,60287a4525c950046c6f6236aba7bdb520c236e229acb8a95c5a5810bdc4255f,true,https://www.luogu.com.cn/problem/P3084,P3084
洛谷/code/P3085.cpp,P3085.cpp,cpp,3791,183,6b004e7674a45cdd813c9a77031c5c53649301b998670accaf523332b8044623,false,https://www.luogu.com.cn/problem/P3085,P3085
洛谷/code/P3088.cpp,P3088.cpp,cpp,1365,63,96e6f0c481e0b6838efe27f4feac885e87670d14d1eddee32eff0213d29f480e,true,https://www.luogu.com.cn/problem/P3088,P3088
洛谷/code/P3089.cpp,P3089.cpp,cpp,1304,55,5351ef98a565f244981253f552e200fe72578a827e251091db4756e8b62feb5d,true,https://www.luogu.com.cn/problem/P3089,P3089
洛谷/code/P3090(2).c,P3090(2).c,c,1287,51,c132f21970e27c8faea2c58c0de4fe53f592cb0a05b50327ca8e073fef86e0b1,true,https://www.luogu.com.cn/problem/P3090,P3090
洛谷/code/P3090.c,P3090.c,c,1162,58,37c7cf56b420f97257aee1ec4cd946aafdb0b3f85398dfbd2c0aed21653175fc,true,https://www.luogu.com.cn/problem/P3090,P3090
洛谷/code/P3092.cpp,P3092.cpp,cpp,1450,69,c2fc9e66c774797ac637983b1714e2427bf64679bf914c3e1ec78dcd533b6e07,true,https://www.luogu.com.cn/problem/P3092,P3092
洛谷/code/P3093.c,P3093.c,c,1027,53,2793d80f01170695ecf6f3f1934c2518c6834cba43366ce8bc50fb84ea7a3deb,true,https://www.luogu.com.cn/problem/P3093,P3093
洛谷/code/P3097.cpp,P3097.cpp,cpp,1961,84,44e105958f8ebad449f6413192dc5160914101ab39f1dc0ac36918979864f4c1,true,https://www.luogu.com.cn/problem/P3097,P3097
洛谷/code/P3098(2).cpp,P3098(2).cpp,cpp,1414,72,6ad6998147fb93b6cae5dbe258ac03ef4e3509cdd473593f10f701a66f1602bc,false,https://www.luogu.com.cn/problem/P3098,P3098
洛谷/code/P3098.cpp,P3098.cpp,cpp,1709,88,1a4f7cdf608475d5315780122dba8073f3301881a3822f99da749cfc37f3c0f1,false,https://www.luogu.com.cn/problem/P3098,P3098
洛谷/code/P3101.cpp,P3101.cpp,cpp,1707,70,0159891b52b5130e40b301be9d9e7e7f5a3849b188c3d6a6e18576ffb68bd937,false,https://www.luogu.com.cn/problem/P3101,P3101
洛谷/code/P3104.cpp,P3104.cpp,cpp,1152,58,a09edc0b2d773abdc39e4df22795f10249d222c36d74929b11513fe3a2d48aa3,true,https://www.luogu.com.cn/problem/P3104,P3104
洛谷/code/P3105.cpp,P3105.cpp,cpp,1285,49,fa6e282560818375c773cc0abc3024fde0c415dd2de6a9ea51cb358fdce439e8,true,https://www.luogu.com.cn/problem/P3105,P3105
洛谷/code/P3106.cpp,P3106.cpp,cpp,2469,108,573b15b18b3bf35f9250c6180ca92e808d422c9f50ca6223898ec991e120536b,true,https://www.luogu.com.cn/problem/P3106,P3106
洛谷/code/P3107.cpp,P3107.cpp,cpp,108,8,909e84ddf6dd133cdd25af51df123b827fd0fc041e6b8993554f49d4eb803e0c,false,https://www.luogu.com.cn/problem/P3107,P3107
洛谷/code/P3110.cpp,P3110.cpp,cpp,1522,77,a15b6ff15416af4ea060e1c31e1752f2616590f3da154653904e86382c6cc52d,true,https://www.luogu.com.cn/problem/P3110,P3110
洛谷/code/P3111.cpp,P3111.cpp,cpp,472,28,9acc7e8ddf8520908eb8e4937cce5d75405480ccb7309ee85a9128b830d91d85,true,https://www.luogu.com.cn/problem/P3111,P3111
洛谷/code/P3112.cpp,P3112.cpp,cpp,1676,78,08ba9405f6fc42edefb3374b7e9033c5a970a54d3b4f17c1a7288f48e6a41cfe,true,https://www.luogu.com.cn/problem/P3112,P3112
洛谷/code/P3113.cpp,P3113.cpp,cpp,3090,142,94215b314364af9a47819dd4bca8e2761624215f2417e3f23df9c69606f5a17c,true,https://www.luogu.com.cn/problem/P3113,P3113
洛谷/code/P3115.cpp,P3115.cpp,cpp,2588,80,5ef5f2caf34fab4fff37a837e0eaf025ee7fa5f90cdd64536c8c23d7a026f040,true,https://www.luogu.com.cn/problem/P3115,P3115
洛谷/code/P3117.cpp,P3117.cpp,cpp,3055,129,87d65e1506bf2851e63b6db3c8653b694e3cdf4d4274c125c211c59e1d1b87ff,true,https://www.luogu.com.cn/problem/P3117,P3117
洛谷/code/P3118.cpp,P3118.cpp,cpp,1006,43,1e5ed0c3de3dade421afd350ec1e95b73bf207c7b3837fb53b481946850337a3,true,https://www.luogu.com.cn/problem/P3118,P3118
洛谷/code/P3119.cpp,P3119.cpp,cpp,3865,194,5693b05cde89f3fdae077345dc8b7b37eb69a05e9e1169f36004eb44d9964e91,true,https://www.luogu.com.cn/problem/P3119,P3119
洛谷/code/P3120.cpp,P3120.cpp,cpp,849,34,a56feda51b4726bffea93dd848b633d0a1cd3635e75331ca358aaddbff779cd2,true,https://www.luogu.com.cn/problem/P3120,P3120
洛谷/code/P3121.cpp,P3121.cpp,cpp,1939,89,25f9f7e94dce8407f507c79014db02806224470cc9091414f9a5f7274801e70d,true,https://www.luogu.com.cn/problem/P3121,P3121
洛谷/code/P3125.cpp,P3125.cpp,cpp,2045,107,6ab4535f686a9abe22137cc17d190fb0634dabe1b2962afae645147d2f9549d0,false,https://www.luogu.com.cn/problem/P3125,P3125
洛谷/code/P3127.cpp,P3127.cpp,cpp,1451,74,c6ad762fc08157d69b49599ad00dc38c123d1afa83b73f65f50d58fa82d7e646,true,https://www.luogu.com.cn/problem/P3127,P3127
洛谷/code/P3130.cpp,P3130.cpp,cpp,2670,115,3f6a2444bf0ce6989d49523554f771ae6f0d4b69f896678414531999df91a226,false,https://www.luogu.com.cn/problem/P3130,P3130
洛谷/code/P3132.cpp,P3132.cpp,cpp,1953,103,72b26285af76fca05330e3b5e3a8655ceeaaac62f2e12fa530c509fec1ce132f,true,https://www.luogu.com.cn/problem/P3132,P3132
洛谷/code/P3133.cpp,P3133.cpp,cpp,1608,72,c74a14959e61e63a62704ef462668b10cfc67f2c443ada87dc7d593487842bc3,true,https://www.luogu.com.cn/problem/P3133,P3133
洛谷/code/P3138.cpp,P3138.cpp,cpp,928,42,d5d626ca829ff70d4189a9ac5b99e29116c81f3fc0faef9b3e3318b2ebc798ab,true,https://www.luogu.com.cn/problem/P3138,P3138
洛谷/code/P3143.cpp,P3143.cpp,cpp,475,19,000e919fb9878356d9bd029a2101ff5906798cc139183d48a6dd116a7dd0b2a5,true,https://www.luogu.com.cn/problem/P3143,P3143
洛谷/code/P3144.c,P3144.c,c,1208,47,7a772b594b7e704e460b1e07bdde0459bb2d3eb5bd0946386c77e70a89fb00d4,true,https://www.luogu.com.cn/problem/P3144,P3144
洛谷/code/P3144.cpp,P3144.cpp,cpp,1335,70,a79629c613def5332580833e70ab8f8b2657ad69f13e0e869a62f9f20dfc21a0,true,https://www.luogu.com.cn/problem/P3144,P3144
洛谷/code/P3146(2).c,P3146(2).c,c,899,48,ad413f64dd92bde0cdac4fb4aba6da276f161b125df8ed2753151d04c6a66588,true,https://www.luogu.com.cn/problem/P3146,P3146
洛谷/code/P3146.c,P3146.c,c,823,37,8e8d6d04bd00b31e05e65b086e73d076945a8262426fa1bb77f0e12f6d32d848,true,https://www.luogu.com.cn/problem/P3146,P3146
洛谷/code/P3147.cpp,P3147.cpp,cpp,793,43,7d2e37dae913d7fce4e3464e3c6327d46a2e36c0553f3454920958c169d87ea0,true,https://www.luogu.com.cn/problem/P3147,P3147
洛谷/code/P3150.c,P3150.c,c,279,17,be9dceb3262deb14de27f9f5cc4787594b21c9190f2bdd530186cc07a9085217,true,https://www.luogu.com.cn/problem/P3150,P3150
洛谷/code/P3153.cpp,P3153.cpp,cpp,2917,157,9b7be22689312b30e7c61c564caae08eae29024b2ba0715f3d2d008438f12ed4,true,https://www.luogu.com.cn/problem/P3153,P3153
洛谷/code/P3154.cpp,P3154.cpp,cpp,1117,60,0ca0128b37ae36f49da5e70fd65c4719ac4e20322c9bcd5b208ca1c464715cdf,true,https://www.luogu.com.cn/problem/P3154,P3154
洛谷/code/P3155.cpp,P3155.cpp,cpp,1271,69,6325bd284b6ff120e064c8aa1a907c3cb42fc42cdd851160fa1139987542b73d,true,https://www.luogu.com.cn/problem/P3155,P3155
洛谷/code/P3156.cpp,P3156.cpp,cpp,390,23,f4d73a3e090bdd8640340aaac85795ed7124d8517c519cbffe2094a1d53117d7,true,https://www.luogu.com.cn/problem/P3156,P3156
洛谷/code/P3157.cpp,P3157.cpp,cpp,3282,136,75a7ce63000eb47737a24ede5557ff4af9ccc5e2e7c9664b3146989dcff781ad,true,https://www.luogu.com.cn/problem/P3157,P3157
洛谷/code/P3157_2.cpp,P3157_2.cpp,cpp,2021,117,1327e4c2f63c07952926b7ccc3d30baad77766d17014127aac4c5588c4622794,false,,
洛谷/code/P3159(2).cpp,P3159(2).cpp,cpp,5418,239,78055f41af5ba4bc7631a1c84e37bb6ce3a3223e2fdfcf65d266662e62dd1117,true,https://www.luogu.com.cn/problem/P3159,P3159
洛谷/code/P3159.cpp,P3159.cpp,cpp,5418,239,78055f41af5ba4bc7631a1c84e37bb6ce3a3223e2fdfcf65d266662e62dd1117,true,https://www.luogu.com.cn/problem/P3159,P3159
洛谷/code/P3160.cpp,P3160.cpp,cpp,4523,156,8ebff13dcff03be7075a47f931401c20c8f9e89825889112f8290dc3b58fd5fb,true,https://www.luogu.com.cn/problem/P3160,P3160
洛谷/code/P3163.cpp,P3163.cpp,cpp,4285,197,c3d7184c5649e532ad6a3ad4d50f721675e86afc605837fb52b3153a13ab52ae,true,https://www.luogu.com.cn/problem/P3163,P3163
洛谷/code/P3165.cpp,P3165.cpp,cpp,2641,138,057b43d5b011d23a0a1735d02e82d4156773ae0aed7bb572509515753996f286,true,https://www.luogu.com.cn/problem/P3165,P3165
洛谷/code/P3167.cpp,P3167.cpp,cpp,1346,47,0f99d303d96e908594ab6a889d6420a491162073eef2c4f1d2599edb90b89b4e,true,https://www.luogu.com.cn/problem/P3167,P3167
洛谷/code/P3171.cpp,P3171.cpp,cpp,4103,211,6f2d655536c7a2adac459129e775ec0f828d698455fc0363cf0b323f29e51c6f,false,https://www.luogu.com.cn/problem/P3171,P3171
洛谷/code/P3173.cpp,P3173.cpp,cpp,368,23,2745cdac1b7d0358c4fc81b5f95926a2c5e00e54a5a01c6cc5924c2ee3b6a6bb,true,https://www.luogu.com.cn/problem/P3173,P3173
洛谷/code/P3177(2).cpp,P3177(2).cpp,cpp,1244,63,4eb5c8c9750396e25f41ca592d6f136b00462e9c76b034e4a8626cf7660a4d58,false,https://www.luogu.com.cn/problem/P3177,P3177
洛谷/code/P3177.cpp,P3177.cpp,cpp,1481,68,800d3b4220b2a23c2c13b70d40c99f04240b4a8702d5879074d0981fad495553,false,https://www.luogu.com.cn/problem/P3177,P3177
洛谷/code/P3178.cpp,P3178.cpp,cpp,4305,213,9020df5bd8344a7b0e75ea6258d8b62171bb6066a12b264f2fcc2f843f1eff6a,false,https://www.luogu.com.cn/problem/P3178,P3178
洛谷/code/P3181.cpp,P3181.cpp,cpp,4787,214,9ec463a5f2750c500f67ac5eead2b4512b0f2d7522d0cf3d7587f2bfcc9bee3c,true,https://www.luogu.com.cn/problem/P3181,P3181
洛谷/code/P3183.c,P3183.c,c,890,43,c1b0096eed4c1c737329cc4541833deff196d8b2b771fa295a1b02650306ad53,true,https://www.luogu.com.cn/problem/P3183,P3183
洛谷/code/P3193.cpp,P3193.cpp,cpp,3395,118,d931d743934a4ec752168c532e13738b3ac5228a5394848f5fc552ba56149830,false,https://www.luogu.com.cn/problem/P3193,P3193
洛谷/code/P3203.cpp,P3203.cpp,cpp,1954,98,812620c8cee92ecbb08158078725801b587923ca9f6b68fdb549983a3a693875,true,https://www.luogu.com.cn/problem/P3203,P3203
洛谷/code/P3203_2.cpp,P3203_2.cpp,cpp,2830,170,d1540ef35dfa4c3fb1122581c73b4872a8f42d69f20cc40024fbabd07cfa4c3d,true,,
洛谷/code/P3203_3.cpp,P3203_3.cpp,cpp,3594,181,25a48f4f35b5228e0b2a51ab93915f8f889fd554754b42ca3ebc7b02ad6ce01a,true,,
洛谷/code/P3205(2).c,P3205(2).c,c,1008,41,c3fd6136260f13c8ca89bdb10d25f65035eb56e83e846113e75dc1d7bd625bd5,true,https://www.luogu.com.cn/problem/P3205,P3205
洛谷/code/P3205.c,P3205.c,c,1172,50,32272ed5333a4e649acf880009e8b4d77933e662f7fd575eacaf3b0f39934977,true,https://www.luogu.com.cn/problem/P3205,P3205
洛谷/code/P3209.cpp,P3209.cpp,cpp,2398,129,277de8a3742932c33a516ee9775adee54427a71f262fca26e54cd7b78b1f27c1,true,https://www.luogu.com.cn/problem/P3209,P3209
洛谷/code/P3215.cpp,P3215.cpp,cpp,4378,209,cb90fd3dd605da8707ab2da1495ce503556ac59d9fa5c4e7fab21e455b8a0658,true,https://www.luogu.com.cn/problem/P3215,P3215
洛谷/code/P3216.cpp,P3216.cpp,cpp,1248,54,ac0ac9080d9943f258c06c6eb244197b246c68944077ff4c80227903896ba515,false,https://www.luogu.com.cn/problem/P3216,P3216
洛谷/code/P3220.cpp,P3220.cpp,cpp,2507,105,e1a1e9981123b8f96460d9891e982c360c0bf3849b9b66a0cbda0cbf96f64918,false,https://www.luogu.com.cn/problem/P3220,P3220
洛谷/code/P3223.cpp,P3223.cpp,cpp,2314,114,6697ab03091f498eba0e06d15ae20e85d66cbe06d4ee5c03c882c0f4f16a134f,true,https://www.luogu.com.cn/problem/P3223,P3223
洛谷/code/P3223.py,P3223.py,py,452,23,8d2721224b2ef9e60c4fd4db86cf3f596692d40a92f6e23900e69f4367446021,false,https://www.luogu.com.cn/problem/P3223,P3223
洛谷/code/P3224.cpp,P3224.cpp,cpp,3441,174,b31b4e398e944c295ca76d35960216fb3c7b9c1c20eb2b7a8e118f320b16718c,true,https://www.luogu.com.cn/problem/P3224,P3224
洛谷/code/P32242).cpp,P32242).cpp,cpp,2226,118,fbc8e74924a6086ca7e3332b109e3614117496f722eac9f7bb1660a412376d5e,true,https://www.luogu.com.cn/problem/P32242,P32242
洛谷/code/P3225.cpp,P3225.cpp,cpp,2640,128,4cf7823917725f21ac2ba87c9e149b745e49ab35ca97fe411d24b0f4672012b8,false,https://www.luogu.com.cn/problem/P3225,P3225
洛谷/code/P3225（2）.cpp,P3225（2）.cpp,cpp,1380,52,b2736206000981661aef147ba97e564417d5d6aab01766dea66f1a404f298275,false,https://www.luogu.com.cn/problem/P3225,P3225
洛谷/code/P3227.cpp,P3227.cpp,cpp,3126,147,72529d301f84bb05a2ecfde036a73ace15a1a3a469b4c4125d8b62783a55c37d,true,https://www.luogu.com.cn/problem/P3227,P3227
洛谷/code/P3230.cpp,P3230.cpp,cpp,2285,82,d40d1c5576c1742c0e91dd47c34036619c9c6072435e41875a928cf4c64998e6,true,https://www.luogu.com.cn/problem/P3230,P3230
洛谷/code/P3233.cpp,P3233.cpp,cpp,4394,228,25fb9b29dc761f7cb2a264a9a4c60fd2815c9b1f58375fd217b3274465ba551d,true,https://www.luogu.com.cn/problem/P3233,P3233
洛谷/code/P3237.cpp,P3237.cpp,cpp,1225,69,d55e35a6226040b121abc5674ef96052ec4de113758c86767fc51bf6b278a3c8,true,https://www.luogu.com.cn/problem/P3237,P3237
洛谷/code/P3239.cpp,P3239.cpp,cpp,1989,72,16797d0854afe9f1a194ad3a85736c6df53f2e2c040722a8388691c808afe250,true,https://www.luogu.com.cn/problem/P3239,P3239
洛谷/code/P3240.cpp,P3240.cpp,cpp,2637,137,26c80a620ee46db644e5e3d1227fb4545aead0c68afd4beffaaff3ce8b5c22c9,false,https://www.luogu.com.cn/problem/P3240,P3240
洛谷/code/P3241(2).cpp,P3241(2).cpp,cpp,5215,257,0f15366644f614bc2d714738416818be9282ac3db33dff80877e4b0665fc7e05,true,https://www.luogu.com.cn/problem/P3241,P3241
洛谷/code/P3241.cpp,P3241.cpp,cpp,2804,158,1917332082b3a127b3cce2c73b098f4792a6ea2ed58e029c1b24c135c5c660ea,true,https://www.luogu.com.cn/problem/P3241,P3241
洛谷/code/P3243(2).cpp,P3243(2).cpp,cpp,2261,120,4df4abb2626f598a541faa1025f07df91ac5c0d6080102050ded8bbc5d1850f6,true,https://www.luogu.com.cn/problem/P3243,P3243
洛谷/code/P3243.cpp,P3243.cpp,cpp,2890,138,cc33cf1d9049a51ebf8342e2b9fb6d24f114d079473266920ce2bf334838ecfb,true,https://www.luogu.com.cn/problem/P3243,P3243
洛谷/code/P3245.cpp,P3245.cpp,cpp,2935,142,2dde9ed55c87fd50b1e4d204e40437a71bdd2765d9d8112f2486cbcd7e2de28b,false,https://www.luogu.com.cn/problem/P3245,P3245
洛谷/code/P3246.cpp,P3246.cpp,cpp,2360,119,691abdbc6014935325812f3a583f5c027cbd8fcc716446d3beb54c7904b623a1,true,https://www.luogu.com.cn/problem/P3246,P3246
洛谷/code/P3250.cpp,P3250.cpp,cpp,4926,237,38ea058da8b4b4f82de71c2f72270bf4db83dbe889a7f52ec502deb424de3dab,true,https://www.luogu.com.cn/problem/P3250,P3250
洛谷/code/P3253.cpp,P3253.cpp,cpp,1692,92,33880e6a6f82ab29beb353e5cb514cd1011fc727819b0495b184b1a052793ad8,false,https://www.luogu.com.cn/problem/P3253,P3253
洛谷/code/P3255.cpp,P3255.cpp,cpp,1491,75,5b5de65b2846dff006850e1d8121656a6fa57e668c37b8d52ff260d77eb0e70f,true,https://www.luogu.com.cn/problem/P3255,P3255
洛谷/code/P3258.cpp,P3258.cpp,cpp,3806,193,5ebd5fa92f07e14cb5c8433655e625e73fabf0bb6b4917edbcec58326cb24f0f,true,https://www.luogu.com.cn/problem/P3258,P3258
洛谷/code/P3262.cpp,P3262.cpp,cpp,1736,90,58313bfc7562ad58e80a741cd04c51417e7448945e054dcfc60923a4e3f0363c,true,https://www.luogu.com.cn/problem/P3262,P3262
洛谷/code/P3263.cpp,P3263.cpp,cpp,1879,85,2db137c2187940def885e017e62ada4f6e7b8c59bab7650585eb989ab217e63e,false,https://www.luogu.com.cn/problem/P3263,P3263
洛谷/code/P3270.cpp,P3270.cpp,cpp,2426,109,a047cf811b92a3dcb216a3bf1343d8e212d070e36cda42c287839fd1c6f69f75,true,https://www.luogu.com.cn/problem/P3270,P3270
洛谷/code/P3273.cpp,P3273.cpp,cpp,4089,221,e0f6d70d298495777b3a901255da529361ba491321af200732d041ddc9f17e54,true,https://www.luogu.com.cn/problem/P3273,P3273
洛谷/code/P3275(2).cpp,P3275(2).cpp,cpp,1357,59,367d5bb6bbfe1e4f2ab3c2ce27f12de027d303e0c18540fbe487af061d7518cb,true,https://www.luogu.com.cn/problem/P3275,P3275
洛谷/code/P3275(3).cpp,P3275(3).cpp,cpp,3090,163,4fb85693cde6d639b9f650c48286bdbab5d0727e71a5085b1cee570c661c7b39,true,https://www.luogu.com.cn/problem/P3275,P3275
洛谷/code/P3275.cpp,P3275.cpp,cpp,2341,110,9857fd5fd35f933cb2afd77535f200cd3c2d0101cbcbcfd6b64d418fd2be44f4,true,https://www.luogu.com.cn/problem/P3275,P3275
洛谷/code/P3278.cpp,P3278.cpp,cpp,3612,175,1acfbbe439c29126177419f55f430e48ec5bdc61ed74d17dde86fa656d511bae,false,https://www.luogu.com.cn/problem/P3278,P3278
洛谷/code/P3280.cpp,P3280.cpp,cpp,3610,178,aa0a376146fba60b80e70866df9fd68578cadd0821ebe4df61ee367f3d87bd3c,false,https://www.luogu.com.cn/problem/P3280,P3280
洛谷/code/P3281.cpp,P3281.cpp,cpp,2458,93,7a274ff6da0ea602f9d6c4271928acfa84b638f31c11a7f6a8f2e9cf188d3c83,false,https://www.luogu.com.cn/problem/P3281,P3281
洛谷/code/P3285.cpp,P3285.cpp,cpp,5062,199,f2e6ab0539c4b5759020f4afc61aeed40a0daca9af5a3f85d9e5d31b30960858,true,https://www.luogu.com.cn/problem/P3285,P3285
洛谷/code/P3286.cpp,P3286.cpp,cpp,1622,71,31e6e1781dd57accd034e37e64e6cd13e123c0a8ee8a083fcea7bd7e61df7b8d,false,https://www.luogu.com.cn/problem/P3286,P3286
洛谷/code/P3288.cpp,P3288.cpp,cpp,2271,114,b8dbb4ee6d369e731ded69d1b0454ef6b73269dad8b64fdf93afeb8c09eebc51,true,https://www.luogu.com.cn/problem/P3288,P3288
洛谷/code/P3294.cpp,P3294.cpp,cpp,1840,93,b783dd23a719b9fab4217d459660eb3eb28b695699bd6e5730ff49e4a79d9400,true,https://www.luogu.com.cn/problem/P3294,P3294
洛谷/code/P3295.cpp,P3295.cpp,cpp,1653,85,623368a1ff823b2eab8df6f5fbb1cefae4e9868fe2ff83c9dc38f6c54cd75e29,true,https://www.luogu.com.cn/problem/P3295,P3295
洛谷/code/P3298_2.cpp,P3298_2.cpp,cpp,2789,119,815a8b1ad55b51fc57e2957c3b760046e07444ce10967938d394d53e6b6552e1,true,,
洛谷/code/P3303.cpp,P3303.cpp,cpp,2506,121,2b98cd84f3835a02e8a4f70d676e09c7a0c81993b6386a4bd7ac808d3669a424,false,https://www.luogu.com.cn/problem/P3303,P3303
洛谷/code/P3305.cpp,P3305.cpp,cpp,2717,142,5ae0323f105223aa315d1f5f2589e382c548f4d97e68981b24cbd22c873d0bcf,true,https://www.luogu.com.cn/problem/P3305,P3305
洛谷/code/P3306.cpp,P3306.cpp,cpp,3153,136,b920d7fd81e43e72ba8742a038398edcb53cb91101a0873be3e03ca83c22f262,false,https://www.luogu.com.cn/problem/P3306,P3306
洛谷/code/P3312.cpp,P3312.cpp,cpp,3938,169,923800d1f871a9384a3fb364b66824443155201aeb30827c08048de80a5e8e27,true,https://www.luogu.com.cn/problem/P3312,P3312
洛谷/code/P3313.cpp,P3313.cpp,cpp,5041,235,85141a92bd10fe4e2b9e252a788efd9fc1e9bf7ff83ae94fc17435ec0c7f6bfa,true,https://www.luogu.com.cn/problem/P3313,P3313
洛谷/code/P3318.cpp,P3318.cpp,cpp,2670,104,5c6e5f651c5f4d430e064cb9133663a688c813028a03a7409c9c5a84e7efc3fd,false,https://www.luogu.com.cn/problem/P3318,P3318
洛谷/code/P3320.cpp,P3320.cpp,cpp,2817,143,e5508508902e1ef788727c5f6023082d9d16b07d8c0360ba986d6fe89c157dc2,true,https://www.luogu.com.cn/problem/P3320,P3320
洛谷/code/P3324.cpp,P3324.cpp,cpp,2984,155,4c72c9a77a6e7302defed14c1a4584e377ac23d4adaad95006cbb9cf93b7c0d4,true,https://www.luogu.com.cn/problem/P3324,P3324
洛谷/code/P3327.cpp,P3327.cpp,cpp,1218,63,2379729db1eb79a1d4cb7133620a98a215b032df4757d8df251971ce4fe84c28,true,https://www.luogu.com.cn/problem/P3327,P3327
洛谷/code/P3332.cpp,P3332.cpp,cpp,3609,177,3cbed69a574c50a5d3a5413309812608dac0fbd0195a31bf47a573862a592cd8,true,https://www.luogu.com.cn/problem/P3332,P3332
洛谷/code/P3333.cpp,P3333.cpp,cpp,2402,124,14081dbaae4bdd460c31d5a6ad2dbcafc4849b61b7dc12f9082098749cee0982,false,https://www.luogu.com.cn/problem/P3333,P3333
洛谷/code/P3345.cpp,P3345.cpp,cpp,3729,190,71914d931d88b4f39bdc52b356f83c400160b34eb9b3ae2c5e11b0855f7dacac,true,https://www.luogu.com.cn/problem/P3345,P3345
洛谷/code/P3346.cpp,P3346.cpp,cpp,2897,129,7cacef9c44a4767a60028f2b5e123f41b762edf79388f9d22130640fd6a10f06,true,https://www.luogu.com.cn/problem/P3346,P3346
洛谷/code/P3349.cpp,P3349.cpp,cpp,1948,82,6687a5dc9432d732f4e144ed442914d8535103a1cb5bb2bd8f2bd3a5ac31f7e8,true,https://www.luogu.com.cn/problem/P3349,P3349
洛谷/code/P3353.c,P3353.c,c,1079,57,19401714b07ee355f3a7311d240c90f132ba37ae83f20e2d285224049a8dfb13,true,https://www.luogu.com.cn/problem/P3353,P3353
洛谷/code/P3354.cpp,P3354.cpp,cpp,3705,185,0605471a71fc39ee419f9989c29bcc9618c06a1c7a67f1a2c28d3ca296dbb6b0,false,https://www.luogu.com.cn/problem/P3354,P3354
洛谷/code/P3356.cpp,P3356.cpp,cpp,4778,220,509caa7705595fca9f18a0afd3fc2b2f479713037f95ea3bbdacf85630e668cf,true,https://www.luogu.com.cn/problem/P3356,P3356
洛谷/code/P3358.cpp,P3358.cpp,cpp,4584,205,162eb932a2b96c76d4f9a3e62a7a10ceba886635be45e1988ac62358bbc2ac24,true,https://www.luogu.com.cn/problem/P3358,P3358
洛谷/code/P3360.cpp,P3360.cpp,cpp,579,37,8c82b8ea2451f149ad83c04ab0e92e0ecce585231b2c67e81c1982bba38762d4,true,https://www.luogu.com.cn/problem/P3360,P3360
洛谷/code/P3362.cpp,P3362.cpp,cpp,1414,67,62fa71cd5f9ffe696c2ab328c76ec642ba8bd7e3fe2880aeba7215cae27d5373,false,https://www.luogu.com.cn/problem/P3362,P3362
洛谷/code/P3364.cpp,P3364.cpp,cpp,2826,161,d2402acf000d75f616795cd19554f193d518b4161f45003887489e79741802e0,true,https://www.luogu.com.cn/problem/P3364,P3364
洛谷/code/P3365.cpp,P3365.cpp,cpp,1494,88,dd8720c764ed1e8e1c8e4418ce5f4915d8a9af3618e72694c09e357ad4e5a360,true,https://www.luogu.com.cn/problem/P3365,P3365
洛谷/code/P3367.c,P3367.c,c,1270,80,900336aafc9c1d2b964791e3f7ad6ded39cbdb9d580f8673eec45c969662fd2b,true,https://www.luogu.com.cn/problem/P3367,P3367
洛谷/code/P3369_2.cpp,P3369_2.cpp,cpp,3545,164,794931e0df6fedfd3a65ee3bc7e9fef7b4274982ccfcd4840d9aaed35e4cc8ad,true,,
洛谷/code/P3370.cpp,P3370.cpp,cpp,1084,61,e2daea6136a9b017955253dc73d2fc5209e481ca881420dbe51880489f318c52,true,https://www.luogu.com.cn/problem/P3370,P3370
洛谷/code/P3371.cpp,P3371.cpp,cpp,1287,58,de02c41a82df91b574a28be32f9769e80c7501a4e62e15b16bff739977ed7c76,true,https://www.luogu.com.cn/problem/P3371,P3371
洛谷/code/P3375.cpp,P3375.cpp,cpp,1637,71,ac63136de4564ea184f87501fa433d901642725e9b9fbcbfc96a6bcafd9fb14e,true,https://www.luogu.com.cn/problem/P3375,P3375
洛谷/code/P3375_4.cpp,P3375_4.cpp,cpp,816,51,0ac4a1efb5f535cb8c60ff5e3095b132aceb9e03e6fc6951ee25736de4322eee,true,,
洛谷/code/P3376.cpp,P3376.cpp,cpp,2223,119,080fa27cc0ba442cfd526546bfac17e220ec5f00f6c3e2781aec11063a6b3f8c,false,https://www.luogu.com.cn/problem/P3376,P3376
洛谷/code/P3380.cpp,P3380.cpp,cpp,5416,257,29e29778df4e0a69292e1d8fcd87cabedb5f4cf4c514310486d7281867688497,true,https://www.luogu.com.cn/problem/P3380,P3380
洛谷/code/P3381(2).cpp,P3381(2).cpp,cpp,2812,100,531e802e58c5a777c06ab37353f81dd089dc743aa8b4e9d1e6fc6c6327442124,true,https://www.luogu.com.cn/problem/P3381,P3381
洛谷/code/P3381.cpp,P3381.cpp,cpp,5889,206,db651483a691c96cb91316525b9f08c6f5ac483652896409128824a379b999dd,false,https://www.luogu.com.cn/problem/P3381,P3381
洛谷/code/P3381_3.cpp,P3381_3.cpp,cpp,3144,162,e051fdaa07d45a7878d7f84b67e0b13d14a86b53f328edaf3c5e800b3ea3f1ef,false,,
洛谷/code/P3382.cpp,P3382.cpp,cpp,711,38,ea29d56f8429637c29cad9ef37442aa41dabf2cb94770a421e64ffc6dd444653,true,https://www.luogu.com.cn/problem/P3382,P3382
洛谷/code/P3384.cpp,P3384.cpp,cpp,4717,227,418105830a3b1a7d535d3db2da37ec3dbd09e3c7a5e17b3fe2441745bdfb261e,false,https://www.luogu.com.cn/problem/P3384,P3384
洛谷/code/P3384_2.cpp,P3384_2.cpp,cpp,4085,211,df831ecb4445b22395c0322f1b19d0d9b42f12dce90be7bee1e871cd974500e5,false,,
洛谷/code/P3386(2).cpp,P3386(2).cpp,cpp,2345,124,437e64a8c5b21d333f6e85c3cb701755c1e5508764dfa19efa17fe464740dff6,true,https://www.luogu.com.cn/problem/P3386,P3386
洛谷/code/P3386.cpp,P3386.cpp,cpp,2800,121,15f3b97b7ae1f8defd0c26000aab27424793a6f47b225118d880951e0e3fdc15,false,https://www.luogu.com.cn/problem/P3386,P3386
洛谷/code/P3387.cpp,P3387.cpp,cpp,2167,102,722ea4559bb23279fbd3f3ad191bb47bdebcf06ba85713bb5e332c1860a3e4b4,true,https://www.luogu.com.cn/problem/P3387,P3387
洛谷/code/P3390.cpp,P3390.cpp,cpp,1443,59,82aa41a1bfb5ecca85992cd13d8a2356d409c3d6e9f757c37b5e4cadf4248fef,false,https://www.luogu.com.cn/problem/P3390,P3390
洛谷/code/P3393(2).cpp,P3393(2).cpp,cpp,2229,92,87c13412904fbd1a5491fc7db162c30c045971fd41228b065bb73412762b9dfe,false,https://www.luogu.com.cn/problem/P3393,P3393
洛谷/code/P3393.cpp,P3393.cpp,cpp,1555,65,4e2ccd029f86e29212660ce1c28308f6b496b29b031bb48d568f08454d1f58ad,true,https://www.luogu.com.cn/problem/P3393,P3393
洛谷/code/P3395(2).cpp,P3395(2).cpp,cpp,1415,50,f66445774091c6f034fb370b2fe8d8293770cd78c265e2393e6154dcd7801584,true,https://www.luogu.com.cn/problem/P3395,P3395
洛谷/code/P3395.cpp,P3395.cpp,cpp,1076,47,71914fdd424e2c5f1d3f083217c35208f82f05f7d6e8e84390733c04b551b517,true,https://www.luogu.com.cn/problem/P3395,P3395
洛谷/code/P3396.cpp,P3396.cpp,cpp,1059,62,2e0d6c23549b55166e34c05b34cfeb998d67e5df23d385793d6f20ce18ed39b2,true,https://www.luogu.com.cn/problem/P3396,P3396
洛谷/code/P3396_2.cpp,P3396_2.cpp,cpp,1055,65,8fa317332665792660afd7df6879b3827876444eb9971c96db7161c89fcbca4e,true,,
洛谷/code/P3398.cpp,P3398.cpp,cpp,2057,96,a1179eb7eba1fe7bb34a6a43da6e0a9062b646bf6c261dd6016f5e994b7f920e,true,https://www.luogu.com.cn/problem/P3398,P3398
洛谷/code/P3399(2).c,P3399(2).c,c,826,35,2211c0fc3e7308a85f685c5c97bd0bdf7a0c5241c3299820c0ce206ae70ebd5c,true,https://www.luogu.com.cn/problem/P3399,P3399
洛谷/code/P3399.c,P3399.c,c,870,48,a833283955b6128f787dd0e7c8d2c49fda14007ee60610260cf9842e3fe288b5,true,https://www.luogu.com.cn/problem/P3399,P3399
洛谷/code/P3400.cpp,P3400.cpp,cpp,1003,54,54e32756a12aad8d269d88b5fcfa1bc63a1fbe4376adecfce26852d9a36384bb,true,https://www.luogu.com.cn/problem/P3400,P3400
洛谷/code/P3401.cpp,P3401.cpp,cpp,4254,219,e88349dfc836636616e86c055212ba30023f8f1cdf78e2862950201912b062bc,true,https://www.luogu.com.cn/problem/P3401,P3401
洛谷/code/P3402.cpp,P3402.cpp,cpp,3476,160,12e1f7b36c1348e5391a8a5d58336ea6ba26fe1282a78414f23bd82a7dcb12de,true,https://www.luogu.com.cn/problem/P3402,P3402
洛谷/code/P3405.cpp,P3405.cpp,cpp,949,42,73acc2dc36d6ac24f9d4d7f47926e2665a0a78711e8e091389873f2052831289,true,https://www.luogu.com.cn/problem/P3405,P3405
洛谷/code/P3406.cpp,P3406.cpp,cpp,786,36,537df1118e227b2600bf3407a159ac36fe24c34a261314ae3d992ec226fa8eaf,true,https://www.luogu.com.cn/problem/P3406,P3406
洛谷/code/P3410.cpp,P3410.cpp,cpp,2506,132,8b2ad63e871ba861f5dd73841468e738ae376ff568425d48c9bf4c98d48b8983,false,https://www.luogu.com.cn/problem/P3410,P3410
洛谷/code/P3412.cpp,P3412.cpp,cpp,2052,106,ae58cf5d76673ca13a91712ff0e5b4d0a231131b040899464f9e2d7b3953f5d9,false,https://www.luogu.com.cn/problem/P3412,P3412
洛谷/code/P3420.cpp,P3420.cpp,cpp,566,40,b01f77b37161d5bb5738bbd984ee5f16e23ae427ef3d08b2a6b302af0efd0b4a,true,https://www.luogu.com.cn/problem/P3420,P3420
洛谷/code/P3422.cpp,P3422.cpp,cpp,1693,89,f0b3fc89c519e036303fad454ae6200376fc1a41704ac60ba8d5d1a8433f6976,true,https://www.luogu.com.cn/problem/P3422,P3422
洛谷/code/P3425.cpp,P3425.cpp,cpp,3075,165,a6a274652cab3d2f1914b5a232fad34b4a088d85512b875a08342c41594a46d1,true,https://www.luogu.com.cn/problem/P3425,P3425
洛谷/code/P3426.cpp,P3426.cpp,cpp,853,45,ebea361b5a266423cb72d6853d26864392dbe440e468cedbd79b44058878839f,true,https://www.luogu.com.cn/problem/P3426,P3426
洛谷/code/P3431.cpp,P3431.cpp,cpp,1713,91,e01ac0dc92e6b40fca8e3ce51924057249f46bb17bf5f54b1183c1cdb2dfd971,true,https://www.luogu.com.cn/problem/P3431,P3431
洛谷/code/P3436.cpp,P3436.cpp,cpp,3798,194,8000db30a9ce2c6c7405d08c3a12df9093375396a1905d38ca8756662455b9d7,true,https://www.luogu.com.cn/problem/P3436,P3436
洛谷/code/P3440.cpp,P3440.cpp,cpp,4318,189,e6fa720cc5067fdf3bd28d61a55ce3efc03b8d3d7620bb8d0be8cf4f7e688b29,true,https://www.luogu.com.cn/problem/P3440,P3440
洛谷/code/P3441.cpp,P3441.cpp,cpp,1509,80,aa36f4924978d9899845a88055de92dd0b10dc896cf3ea3de0d85c4e5f51316a,true,https://www.luogu.com.cn/problem/P3441,P3441
洛谷/code/P3444.cpp,P3444.cpp,cpp,2850,123,1efe7e876a4afbedf03fca48ededd9c55f20f9f837a1d1c4f05073664bdc90f2,true,https://www.luogu.com.cn/problem/P3444,P3444
洛谷/code/P3447.cpp,P3447.cpp,cpp,2788,111,837654a7f30e5944dc0e05dddad803c546cc29a39d2658def1202db61af39a0d,true,https://www.luogu.com.cn/problem/P3447,P3447
洛谷/code/P3449.cpp,P3449.cpp,cpp,1322,72,4ce9b00e1beb98b12d20ac783173195cbcf8bb267a304d683952f766a0123529,false,https://www.luogu.com.cn/problem/P3449,P3449
洛谷/code/P3452(2).cpp,P3452(2).cpp,cpp,2686,155,8866ec1b18453a3f8f0a13805e4e114b3ee14adc9eb5eb145fce157e55646236,true,https://www.luogu.com.cn/problem/P3452,P3452
洛谷/code/P3452.cpp,P3452.cpp,cpp,1946,96,da7cef6a0ce38c65c861601bfa60da989d9f10e76c68d97a7b77574cdd531a34,true,https://www.luogu.com.cn/problem/P3452,P3452
洛谷/code/P3455.cpp,P3455.cpp,cpp,1055,57,c8e4feeae7a50f3258e5009588d0ba36e6b69bae4a46011af9ebd03f70f748f9,true,https://www.luogu.com.cn/problem/P3455,P3455
洛谷/code/P3457.cpp,P3457.cpp,cpp,2358,102,9e2ba4507a14d94f7d3a7e288a81ee55dc6888afab13c66e22610be568517f98,true,https://www.luogu.com.cn/problem/P3457,P3457
洛谷/code/P3459.cpp,P3459.cpp,cpp,4514,221,822f10a53e4cf58670762d0846913ea8d71a615cd682be6eca164010ba5f4ca6,false,https://www.luogu.com.cn/problem/P3459,P3459
洛谷/code/P3460.cpp,P3460.cpp,cpp,1089,61,904f090557c6d1a135ab005d6f47b16dae2ae81726cf8bf96fb8b2fc60c87d67,true,https://www.luogu.com.cn/problem/P3460,P3460
洛谷/code/P3465.cpp,P3465.cpp,cpp,1791,91,0e8c5c450cd0e2029bef3c6d6760d7288a8063ba9c76c91698b2e6ff9641b0ae,true,https://www.luogu.com.cn/problem/P3465,P3465
洛谷/code/P3466.cpp,P3466.cpp,cpp,5206,241,d5030eb5e7427fe82490e24390d13b6def6183c26bfddb157142b4d4f067952e,true,https://www.luogu.com.cn/problem/P3466,P3466
洛谷/code/P3467(2).cpp,P3467(2).cpp,cpp,429,24,762a86f7d24157cc512c1bee0ac762b96187dfd2c408166e2ddae8c3082d1622,true,https://www.luogu.com.cn/problem/P3467,P3467
洛谷/code/P3467.cpp,P3467.cpp,cpp,376,20,b7e1a5f1963979ff01410da23e34d26c55599dc2270c5874dc9ef14f5d4d9fbd,true,https://www.luogu.com.cn/problem/P3467,P3467
洛谷/code/P3469.cpp,P3469.cpp,cpp,1442,77,f60efc4f5de5e16a71bc6b9dea713deecbf1622337dcfa27412c54c41bfca692,false,https://www.luogu.com.cn/problem/P3469,P3469
洛谷/code/P3471.cpp,P3471.cpp,cpp,2296,104,1e59ff9a8093616b76f3b121e08efad773a1aa59a8475b03e2b4da1b74898352,false,https://www.luogu.com.cn/problem/P3471,P3471
洛谷/code/P3472.cpp,P3472.cpp,cpp,2830,143,233d4a7afd3e6d2eaab63ce9957d5fbcd8ec63ec26e400038df04de1954a85e0,true,https://www.luogu.com.cn/problem/P3472,P3472
洛谷/code/P3472_2.cpp,P3472_2.cpp,cpp,2254,119,8b3c9190819ade72bec26903e0008855ccdbe1b234484d8f55dc3578fb6d3ce9,true,,
洛谷/code/P3474(2).cpp,P3474(2).cpp,cpp,2484,112,794409e5645dcae1cf0d0e9a106875367affebcf41714d7a9711874da2fbb142,false,https://www.luogu.com.cn/problem/P3474,P3474
洛谷/code/P3474.cpp,P3474.cpp,cpp,2490,111,136623ab47e121fd493d09b4d84319c8ec0e5afcb107decfe556a26f1fdb25ec,false,https://www.luogu.com.cn/problem/P3474,P3474
洛谷/code/P3475.cpp,P3475.cpp,cpp,1269,49,e8f9e617e9ecd76f05d204ae8b9b589f1a6378a3b98216a2402f2a4798fc2b80,true,https://www.luogu.com.cn/problem/P3475,P3475
洛谷/code/P3480.cpp,P3480.cpp,cpp,752,40,ccd7a72d011cf22c14877168dd181eba9eb99234b88e3ba8d18b7ef1353fd3c0,true,https://www.luogu.com.cn/problem/P3480,P3480
洛谷/code/P3486.cpp,P3486.cpp,cpp,1902,78,d64a2bbc888d0d647f335072605a314b8de3fda014624fe37f52b4afa80e767f,true,https://www.luogu.com.cn/problem/P3486,P3486
洛谷/code/P3487.cpp,P3487.cpp,cpp,776,43,3a24bf01b51c6ae485d4d7437b24f3625c93f983a7fd21433352a66cf2cbb682,true,https://www.luogu.com.cn/problem/P3487,P3487
洛谷/code/P3488.cpp,P3488.cpp,cpp,1612,64,e5974c5654ac2d1aff2b59864030717ad591dc5998c1a954fee500e14cc64660,true,https://www.luogu.com.cn/problem/P3488,P3488
洛谷/code/P3489.cpp,P3489.cpp,cpp,2200,101,dfbcba8e4096a3f8f148521537676e4726764ebcfda173fb29ee3fae8d9ccd40,true,https://www.luogu.com.cn/problem/P3489,P3489
洛谷/code/P3496(2).cpp,P3496(2).cpp,cpp,2,1,7eb70257593da06f682a3ddda54a9d260d4fc514f645237f5ca74b08f8da61a6,false,https://www.luogu.com.cn/problem/P3496,P3496
洛谷/code/P3496.cpp,P3496.cpp,cpp,1091,50,da8d5f37eaadd64594b8bd7a790d8e7ff1e6a24fd5cd532675eb943ecd171141,true,https://www.luogu.com.cn/problem/P3496,P3496
洛谷/code/P3497.cpp,P3497.cpp,cpp,2661,153,2dbdef5f294d990de670647dbda7a8a451b1f9deffd7d48ea00045377635a1a9,true,https://www.luogu.com.cn/problem/P3497,P3497
洛谷/code/P3498.cpp,P3498.cpp,cpp,1271,60,342d77526940efdde5ff9d2ea0c6b028c307570108b0b9aec59124755f9df366,true,https://www.luogu.com.cn/problem/P3498,P3498
洛谷/code/P3500.cpp,P3500.cpp,cpp,1132,62,40071f4cd6c0d2f6c52e0e603c1610dcd5dbc3590e90536e79ddc24a9807aa8d,true,https://www.luogu.com.cn/problem/P3500,P3500
洛谷/code/P3501.cpp,P3501.cpp,cpp,817,40,6f1ed423e046289557280921b43e1bf86634c2e65c5c277f5a6a9de0b6d57e3b,true,https://www.luogu.com.cn/problem/P3501,P3501
洛谷/code/P3503.cpp,P3503.cpp,cpp,1441,55,62f7c8c198cb077c0465d5216c24ff00adfcf4f47c9d613be4ad11a0f822d3bf,true,https://www.luogu.com.cn/problem/P3503,P3503
洛谷/code/P3506.cpp,P3506.cpp,cpp,1664,97,8c26bb0ad7acce2b3116ab26b623f4ee71dd268fc7870edd1cac915ca3149f9c,true,https://www.luogu.com.cn/problem/P3506,P3506
洛谷/code/P3507.cpp,P3507.cpp,cpp,862,38,d9986e9ff7be25a4d6815c88a72025990ce1306cefccee995d57e0b355fe0225,true,https://www.luogu.com.cn/problem/P3507,P3507
洛谷/code/P3509(2).cpp,P3509(2).cpp,cpp,1503,50,4d1f32aeb7ba5f8448ef5c94fdf7f73a34bb8df71b3cbdafebab7825054df11f,false,https://www.luogu.com.cn/problem/P3509,P3509
洛谷/code/P3509.cpp,P3509.cpp,cpp,1076,48,427f23743d269cba66417c6961002695715ec94c9d8eaf77e784022a4e70e478,false,https://www.luogu.com.cn/problem/P3509,P3509
洛谷/code/P3512(2).cpp,P3512(2).cpp,cpp,989,41,e58ae42f537be2574791e772bde937cc41c4a04d1b68762b4838fda5e856b66f,true,https://www.luogu.com.cn/problem/P3512,P3512
洛谷/code/P3512.cpp,P3512.cpp,cpp,1752,66,5da9ed1c7cceab1a8688d5101d5f8060ff83fb3d888fda57eb718024e366e172,true,https://www.luogu.com.cn/problem/P3512,P3512
洛谷/code/P3513.cpp,P3513.cpp,cpp,3924,162,dee118a1e30c163ca323a6892ee9d78878a183943bd2c62d808ad2d621a4838d,true,https://www.luogu.com.cn/problem/P3513,P3513
洛谷/code/P3520.cpp,P3520.cpp,cpp,2015,102,a51708b08aa0c6a7760327b6c062d2dd476328e1277ff3ed5bb7029834783755,true,https://www.luogu.com.cn/problem/P3520,P3520
洛谷/code/P3521.cpp,P3521.cpp,cpp,1557,90,a8f39d39b0c910c892baf01c4da87cbb6ba2eea13f89c599ca58f7fd96d60e03,true,https://www.luogu.com.cn/problem/P3521,P3521
洛谷/code/P3522.cpp,P3522.cpp,cpp,531,31,42e76653eeab1efc8f9b5e86b02974e8d20c3733a231e15e4d37a2ccb6ecad6f,true,https://www.luogu.com.cn/problem/P3522,P3522
洛谷/code/P3523.cpp,P3523.cpp,cpp,1617,98,def3bbb1b0f94466c4ed59dbba708f76a8a35cf0042d95c237e0989753f40804,true,https://www.luogu.com.cn/problem/P3523,P3523
洛谷/code/P3530.cpp,P3530.cpp,cpp,1169,67,3bf50a13e90e71f593fba111043cbc5b1c2f8b4e37d800eb2631a9852c58e195,true,https://www.luogu.com.cn/problem/P3530,P3530
洛谷/code/P3531.cpp,P3531.cpp,cpp,1060,57,5dad70a3cff03bd3b0f70102adae3759376a73876861e380c822631b4b8ed6ca,true,https://www.luogu.com.cn/problem/P3531,P3531
洛谷/code/P3534.cpp,P3534.cpp,cpp,1736,87,af24927fc8299dea34923a00b12e06d3645e74fcf6d61dc2488fc17fe3d73bd8,false,https://www.luogu.com.cn/problem/P3534,P3534
洛谷/code/P3535.cpp,P3535.cpp,cpp,1242,57,f35dcde4246c8cf7ad1855b8f7ca4699b52e944e89fbc705737ce6cffd0be324,true,https://www.luogu.com.cn/problem/P3535,P3535
洛谷/code/P3537.cpp,P3537.cpp,cpp,1741,74,5ddd9af3e1793dc6bdd9e2154764f7a0632ebae3bd17eeb0a20b25043bae9155,true,https://www.luogu.com.cn/problem/P3537,P3537
洛谷/code/P3540.cpp,P3540.cpp,cpp,4070,150,c7e85933faabb5d43defac5d455710afefc3b0d5ab569103f6cc701991e6b025,true,https://www.luogu.com.cn/problem/P3540,P3540
洛谷/code/P3546.cpp,P3546.cpp,cpp,1223,62,d0f540b97015f6d2346b1668138fcd4dd6fa4fa77d3f6addda75161af3cd2399,false,https://www.luogu.com.cn/problem/P3546,P3546
洛谷/code/P3552.cpp,P3552.cpp,cpp,1863,99,849ac974ec905095206768de2991d5d81088f59497dd0852585d6690d0f738ac,false,https://www.luogu.com.cn/problem/P3552,P3552
洛谷/code/P3552_2.cpp,P3552_2.cpp,cpp,2788,141,29c97c1f539f80703ed5f8099eec3795e853f781fc4d3a5d19c4c9b6c1bd6691,true,,
洛谷/code/P3554(2).cpp,P3554(2).cpp,cpp,1658,99,92fcfc065d620764267bacfbbcb430dc1e69626f8daeee3e747fe99ce4a73f72,true,https://www.luogu.com.cn/problem/P3554,P3554
洛谷/code/P3554.cpp,P3554.cpp,cpp,2235,117,6f41d884ccf01e12977c5528c5bfaedc54e566f0586d99be92e39c8844ab723c,true,https://www.luogu.com.cn/problem/P3554,P3554
洛谷/code/P3556.cpp,P3556.cpp,cpp,2306,114,56a8b4ed2fa31507ad35e43444c1d9f68d7d324103a28d44b6cb2bab4af0ac52,true,https://www.luogu.com.cn/problem/P3556,P3556
洛谷/code/P3558(2).c,P3558(2).c,c,759,44,f7b592b67b7968c052ebe86a517b40036501673432a93c7647e5c53198634273,true,https://www.luogu.com.cn/problem/P3558,P3558
洛谷/code/P3558.c,P3558.c,c,1043,53,06da49209acd32df687294f3298af5ab6eb7f408a2ff019eef2220d4750478be,true,https://www.luogu.com.cn/problem/P3558,P3558
洛谷/code/P3563.cpp,P3563.cpp,cpp,2285,134,b09125b9fcfcc1fd244f0d98157d6fdf7d37c858b8c34286643b8effb77c4dcf,false,https://www.luogu.com.cn/problem/P3563,P3563
洛谷/code/P3564.cpp,P3564.cpp,cpp,2036,106,aed1a19e9c2e615c7414cd1a37e8578dda2bcfb32e3b8304000a73ee00b928b7,true,https://www.luogu.com.cn/problem/P3564,P3564
洛谷/code/P3567.cpp,P3567.cpp,cpp,1786,90,45cd788a4f9936acb41d4d92988ca16d45599df47148bf6dcc9faa5245f416fc,true,https://www.luogu.com.cn/problem/P3567,P3567
洛谷/code/P3570.cpp,P3570.cpp,cpp,3141,175,d38112f6f86ec577c63204eec0b1d733cdd670386970c67941431347d0e69641,true,https://www.luogu.com.cn/problem/P3570,P3570
洛谷/code/P3572.cpp,P3572.cpp,cpp,890,43,c5b17fe96fdedfe364dd25ee2d0b378af0a375542c4d3466332b91f009e02313,true,https://www.luogu.com.cn/problem/P3572,P3572
洛谷/code/P3573.cpp,P3573.cpp,cpp,3578,190,949c38750ef54d150de834860a02da0f1d6fa6424d96a8bf45746c8824be3dbd,true,https://www.luogu.com.cn/problem/P3573,P3573
洛谷/code/P3574.cpp,P3574.cpp,cpp,1470,82,3a8ad6e2633f1723092c3fada30e0910d642b1aeea8d256f54498e05d7188a32,true,https://www.luogu.com.cn/problem/P3574,P3574
洛谷/code/P3576.cpp,P3576.cpp,cpp,2011,111,88c26d69d24c34051cbfc5929dde1aab6cc7050b175f53ac32b7e3a01ba94727,true,https://www.luogu.com.cn/problem/P3576,P3576
洛谷/code/P3580.cpp,P3580.cpp,cpp,852,45,655a28c00898c75146f62b2ccb12fbd4417fed3e49e99a45879425c587d62237,false,https://www.luogu.com.cn/problem/P3580,P3580
洛谷/code/P3582.cpp,P3582.cpp,cpp,2691,119,65ee14d7309c92c030a1eea4699ac00b707c76a7e52467a53477b904c1dd8c6b,false,https://www.luogu.com.cn/problem/P3582,P3582
洛谷/code/P3584.cpp,P3584.cpp,cpp,1745,74,a4c7611e1826014eefcc4f1bfd555f1295b0f7d579aaaf64c67e47aa84825798,true,https://www.luogu.com.cn/problem/P3584,P3584
洛谷/code/P3586.cpp,P3586.cpp,cpp,1943,106,3c74b43b6c74e078dfe5e01b10bb20f3485678f6eebee7bbc1b54487fe247997,false,https://www.luogu.com.cn/problem/P3586,P3586
洛谷/code/P3587.cpp,P3587.cpp,cpp,3250,118,e976af0daa47a1ffa9c95f06d4a3f7ba6497589d2a114dac810786dfd597f765,true,https://www.luogu.com.cn/problem/P3587,P3587
洛谷/code/P3588.cpp,P3588.cpp,cpp,3986,198,c5d8a2e12ea6ee4fd6ff904847138a0c3ea03bf313cc92e7bf5f538ac24dc7be,true,https://www.luogu.com.cn/problem/P3588,P3588
洛谷/code/P3590.cpp,P3590.cpp,cpp,1566,81,dafd85ef733235faab66b252bd4b71e4028ac99f878a6f8e48bd1b13365606e5,true,https://www.luogu.com.cn/problem/P3590,P3590
洛谷/code/P3591.cpp,P3591.cpp,cpp,4212,215,40b4326da6297a137b57c2a8b29f1bed6b6d88dfaf8d79fb53180a73418f0a2f,true,https://www.luogu.com.cn/problem/P3591,P3591
洛谷/code/P3592.cpp,P3592.cpp,cpp,2732,156,216f5e4f92d1cc4f6da477aadf364a4ca726b9f021856b97995ea514d5bbd398,true,https://www.luogu.com.cn/problem/P3592,P3592
洛谷/code/P3594.cpp,P3594.cpp,cpp,1051,50,c5091b682e94e1774ff07b21e7b0e668b8d51f1f113af350fc84f8d70db28087,false,https://www.luogu.com.cn/problem/P3594,P3594
洛谷/code/P3601.cpp,P3601.cpp,cpp,1291,66,5571f6f561703b5f638ab8b82f6bd0d994c77e48457c80a42158068b9499ade7,false,https://www.luogu.com.cn/problem/P3601,P3601
洛谷/code/P3603(2).cpp,P3603(2).cpp,cpp,3386,174,b20e019ac5a632c1210421ead5d3a1c5d1a6971906f163aaab110e93f89a16c8,true,https://www.luogu.com.cn/problem/P3603,P3603
洛谷/code/P3603.cpp,P3603.cpp,cpp,3278,168,c529914455f273f92779bf9033b004bce05dca9bb9a015269711ce51821d9f4e,true,https://www.luogu.com.cn/problem/P3603,P3603
洛谷/code/P3603_2.cpp,P3603_2.cpp,cpp,3168,163,9d6f1863fbb2a3a4889af802cf03eda107c60e2aa50beba4cf816c8361ddc1c9,true,,
洛谷/code/P3604.cpp,P3604.cpp,cpp,2581,141,483fe481fe9fffe9cb86262073c118367d0937495843f9fca51c9f4f768133a3,true,https://www.luogu.com.cn/problem/P3604,P3604
洛谷/code/P3605(2).cpp,P3605(2).cpp,cpp,2752,157,331fddb5dabe49d775d254e8091d4fcc3198f6407332ece36f6ac07f470c9409,true,https://www.luogu.com.cn/problem/P3605,P3605
洛谷/code/P3605.cpp,P3605.cpp,cpp,1461,82,08a2725c1e5750b73365d440656ef25567bf7f2257833c10723fdb103581ff3f,true,https://www.luogu.com.cn/problem/P3605,P3605
洛谷/code/P3605_2.cpp,P3605_2.cpp,cpp,2653,150,87a070d19cb670dac6fa59a4e32aafff01d2fc25f45df8b4488bc76ad163da26,true,,
洛谷/code/P3606.cpp,P3606.cpp,cpp,1263,53,a56fbacc744f45ea3df4433a3a2331ccf684dc4c9c7e09a3bcf73f8d4aec51cb,true,https://www.luogu.com.cn/problem/P3606,P3606
洛谷/code/P3608.cpp,P3608.cpp,cpp,718,28,d3147eb6a7259b886c561e0de617f3714d2ae3657b9a3f890355ca207d42b38c,true,https://www.luogu.com.cn/problem/P3608,P3608
洛谷/code/P3611.cpp,P3611.cpp,cpp,1643,67,b6b38ded1d3b0558cb1ba81fb9e9379f6a05adbdc4c864802d6ecc1e7719cecc,true,https://www.luogu.com.cn/problem/P3611,P3611
洛谷/code/P3613(2).cpp,P3613(2).cpp,cpp,452,25,355679fa578ad03590c0b93d588ccb39f3e2fd9d52d069f51ffa5a8b025ff092,true,https://www.luogu.com.cn/problem/P3613,P3613
洛谷/code/P3613.cpp,P3613.cpp,cpp,460,25,5674fb2b388c31c75c57fb553b3432ba07daa83ae2c41f24c441ea484951e54b,true,https://www.luogu.com.cn/problem/P3613,P3613
洛谷/code/P3615.cpp,P3615.cpp,cpp,939,51,aaf11597144f4bbae4985ec4514cd859d64fe2014f96f3a8174e5d577978b6ab,false,https://www.luogu.com.cn/problem/P3615,P3615
洛谷/code/P3616.cpp,P3616.cpp,cpp,3265,157,c54451cadb4863dddf5fec00a5110d2458637a5aa605b83b4594e1a4f84c5286,true,https://www.luogu.com.cn/problem/P3616,P3616
洛谷/code/P3618.cpp,P3618.cpp,cpp,1450,77,a2a9caa31c71dfc8fa1642a8c6f2367ad683d1bd2ab77f7b48450623274e9afe,true,https://www.luogu.com.cn/problem/P3618,P3618
洛谷/code/P3619(2).c,P3619(2).c,c,1886,87,cc5765c57a150bb2c9cce8dba51055986737be84d3f326d8df60f08bdef2de54,true,https://www.luogu.com.cn/problem/P3619,P3619
洛谷/code/P3619.c,P3619.c,c,1354,66,b16507013ab28b1def4c19be7ed2ef5377d10a2bc2bdaba70862a490d4361f52,true,https://www.luogu.com.cn/problem/P3619,P3619
洛谷/code/P3623.cpp,P3623.cpp,cpp,2482,119,0ee71497355a79eed2ebdc36b02233da2d14d19b9b3af8ef4c12f1a56b7185cc,true,https://www.luogu.com.cn/problem/P3623,P3623
洛谷/code/P3625.c,P3625.c,c,820,45,4e64d1173a26bded7ace2047f7db69d4ead73dc471dd576fcdeb4a4a352edd24,true,https://www.luogu.com.cn/problem/P3625,P3625
洛谷/code/P3625.cpp,P3625.cpp,cpp,980,47,bb8b9607b04f0eec647fe6693a99108bc475570a15873afd9082335b4d6ef22a,true,https://www.luogu.com.cn/problem/P3625,P3625
洛谷/code/P3627.cpp,P3627.cpp,cpp,2761,136,bced67de8fbc9cd499b3606c762f29242abf4c1e59ec6458f27f6b8f3e67563c,true,https://www.luogu.com.cn/problem/P3627,P3627
洛谷/code/P3628.c,P3628.c,c,412,24,82980be291b6ba4d4a765e62153af90d90172d6d2b14da1b3419f29f72163be3,true,https://www.luogu.com.cn/problem/P3628,P3628
洛谷/code/P3631.cpp,P3631.cpp,cpp,2916,144,b8af5f5ea0902db9619e8961c87ec59f74a8d803e73bddd91f38a3a5839566d9,false,https://www.luogu.com.cn/problem/P3631,P3631
洛谷/code/P3635.c,P3635.c,c,386,25,22608934874f942e3a331abb8a98df0abf7f08119f3f1e07fb69445b1096b8db,true,https://www.luogu.com.cn/problem/P3635,P3635
洛谷/code/P3636.c,P3636.c,c,325,22,e1a3c123e3ffb1f2b1b4151591c38690b518949a1948c43e65945a0d51ae754b,true,https://www.luogu.com.cn/problem/P3636,P3636
洛谷/code/P3639.cpp,P3639.cpp,cpp,6234,255,34e04dfab19990829d3aed486f18a360943bf818bc0374c5ea3c1a0c1229e37a,true,https://www.luogu.com.cn/problem/P3639,P3639
洛谷/code/P3639_2.cpp,P3639_2.cpp,cpp,6271,220,172e837651309944e5d9c7ba4cd194862f5dec7dd86127e1bb3425547dc86a92,true,,
洛谷/code/P3643.cpp,P3643.cpp,cpp,1779,89,bc8992ba90fad77b3b4cf65a5de5c49ceef5afc24f20d2bbe0b41f5b6018b84a,false,https://www.luogu.com.cn/problem/P3643,P3643
洛谷/code/P3644.cpp,P3644.cpp,cpp,5542,169,b9801373acfbe3bb6e25bb63584affbe1b6d45cf4123a9329fd2e4e81312fd4d,true,https://www.luogu.com.cn/problem/P3644,P3644
洛谷/code/P3645.cpp,P3645.cpp,cpp,1772,94,a330837d6a5a252f771c2c9ed0d52a8d99d55086807f3677f0790085e25c79ed,true,https://www.luogu.com.cn/problem/P3645,P3645
洛谷/code/P3647.cpp,P3647.cpp,cpp,4239,204,f95db391ba91ada10c1b8685042fa03dcfb26e5ce9614615467e580ff967cb46,true,https://www.luogu.com.cn/problem/P3647,P3647
洛谷/code/P3649.cpp,P3649.cpp,cpp,1704,75,f59c2c021b3c5928c1f067629e3ec150130e1ace3f232bac8690ddef717c1f37,true,https://www.luogu.com.cn/problem/P3649,P3649
洛谷/code/P3650.c,P3650.c,c,952,36,2040f21a5d9e1248a6b645663c3370b5419f336c7b90350464ef778a05fad150,true,https://www.luogu.com.cn/problem/P3650,P3650
洛谷/code/P3655.cpp,P3655.cpp,cpp,1592,66,6e1a7c45df9db4b1fb63c4165b85627f47e8455c16ff8ba20319a16af6d7d45b,true,https://www.luogu.com.cn/problem/P3655,P3655
洛谷/code/P3656.cpp,P3656.cpp,cpp,2300,130,db9977955eb369950f55f00a0a21c7cb2809a89b0ebb9d9b704d7afe26fedc78,false,https://www.luogu.com.cn/problem/P3656,P3656
洛谷/code/P3657.cpp,P3657.cpp,cpp,1180,68,d6700f8eb58554937437d47962aa1af9359f95a9fdac3efa0115727bd9e88936,true,https://www.luogu.com.cn/problem/P3657,P3657
洛谷/code/P3658.cpp,P3658.cpp,cpp,2063,120,db19b085e9e242fc269ab8823e3f9a55f56e45824b63653267ad6d3688480716,true,https://www.luogu.com.cn/problem/P3658,P3658
洛谷/code/P3659.cpp,P3659.cpp,cpp,1562,68,c5505f21927db0e838cf3088f073a305516d1aa157088a7a7bf56cd5e50d3b6c,true,https://www.luogu.com.cn/problem/P3659,P3659
洛谷/code/P3660.cpp,P3660.cpp,cpp,1116,62,0d2a4c72188bb8b9024f2ba43c9e6b150d59f27fff5addb9fe1c165d94f6c82a,true,https://www.luogu.com.cn/problem/P3660,P3660
洛谷/code/P3662.cpp,P3662.cpp,cpp,496,28,5a44ca5ca31f0f456a8bbf7a0c6c0f982f94294194f3be4e282224ca3f9364ca,true,https://www.luogu.com.cn/problem/P3662,P3662
洛谷/code/P3663.cpp,P3663.cpp,cpp,1493,77,6def6923e09a0fe395c71afeab68f79c132739e49acce2075d9b66728337fc5e,true,https://www.luogu.com.cn/problem/P3663,P3663
洛谷/code/P3665.cpp,P3665.cpp,cpp,2616,124,7964ce354584af786bf7617f207f449b0ec9e36cbffedf0e5440adb5dbfa5cd4,true,https://www.luogu.com.cn/problem/P3665,P3665
洛谷/code/P3679.cpp,P3679.cpp,cpp,3189,107,64cd236b8f07bc62d34387589c77e92b63177d2022accb2e436ea6ead4b62d14,true,https://www.luogu.com.cn/problem/P3679,P3679
洛谷/code/P3684.cpp,P3684.cpp,cpp,6554,261,7f164255596699dc70437ba7b4266d0b62900629d654aeafc292817e63c67d85,true,https://www.luogu.com.cn/problem/P3684,P3684
洛谷/code/P3686.cpp,P3686.cpp,cpp,1885,92,d2effe94ac9ee2311d6ba47c6e43cd2cb27cf9ac63a2a4e7187e13745e11f5b2,false,https://www.luogu.com.cn/problem/P3686,P3686
洛谷/code/P3690.cpp,P3690.cpp,cpp,2798,170,ae4b86d64316dc00a8cff089c8b3be972cb2e0982421e594bf60f0d6dca8f620,true,https://www.luogu.com.cn/problem/P3690,P3690
洛谷/code/P3691.c,P3691.c,c,918,45,5a1970f6f4d448295884eb33fb2ee379dbdb855ddcc8a35610061ca1d8e0b9ca,true,https://www.luogu.com.cn/problem/P3691,P3691
洛谷/code/P3705.cpp,P3705.cpp,cpp,2954,156,4e3e92bcfe69965933184da4e7314dc9bdd2d4f167736f4041ad6b1864a001fc,true,https://www.luogu.com.cn/problem/P3705,P3705
洛谷/code/P3707.cpp,P3707.cpp,cpp,5763,221,8fa0b973795675e262cf9c09d11815b49d5b6daa25d128d085f087c9252b1c0c,true,https://www.luogu.com.cn/problem/P3707,P3707
洛谷/code/P3709.cpp,P3709.cpp,cpp,80,7,0b86af26146cee7f958b8da85052a099dc88f5139504bab4ae8e6b27ab05e7dd,true,https://www.luogu.com.cn/problem/P3709,P3709
洛谷/code/P3714.cpp,P3714.cpp,cpp,4988,235,af825d4752c3bef40d332b4cdef172af2ca1c8b3e7dcebbf6a98123f4d83d80c,true,https://www.luogu.com.cn/problem/P3714,P3714
洛谷/code/P3720.cpp,P3720.cpp,cpp,2470,108,1a15bb2296632a49a596b16309efc725d524a2ff37fa9337515843c376cea330,true,https://www.luogu.com.cn/problem/P3720,P3720
洛谷/code/P3721.cpp,P3721.cpp,cpp,6753,352,196572020be0081843156ee0de5084e27a7e57cc36ae9a2d191167fe542ae434,true,https://www.luogu.com.cn/problem/P3721,P3721
洛谷/code/P3722.cpp,P3722.cpp,cpp,2444,121,be1941efdbb5f9df14123c86333901decb3e3cfc939b0e82beae9d14385fedf7,false,https://www.luogu.com.cn/problem/P3722,P3722
洛谷/code/P3727.cpp,P3727.cpp,cpp,4090,218,78bef69f67bc510933b28826992a9f71d1352f7577b29a2db050fed729081d69,true,https://www.luogu.com.cn/problem/P3727,P3727
洛谷/code/P3730.cpp,P3730.cpp,cpp,3304,176,b022758cf5caafa798a510019c4e46a828a087a211d52fdf378e7229008e55f1,true,https://www.luogu.com.cn/problem/P3730,P3730
洛谷/code/P3736_1.cpp,P3736_1.cpp,cpp,3455,124,3a968f98cd787743dbda09934bee7b595d776fa79cae062245bcfd0ac04eba93,true,,
洛谷/code/P3736_2.cpp,P3736_2.cpp,cpp,3620,96,037565b7782ba775137457fe7a44da86ce8085fb6fac46e35cf29e7306321f74,true,,
洛谷/code/P3742(2).c,P3742(2).c,c,453,27,95c3b0e29d5490d5fde188e6af24daac3fb8ffaef1159855d06045facfac2fdc,true,https://www.luogu.com.cn/problem/P3742,P3742
洛谷/code/P3742.c,P3742.c,c,659,31,93893ad8a8ca257faaabe4fa7377d3f40d5da00226c079ba3d20398b78f78684,true,https://www.luogu.com.cn/problem/P3742,P3742
洛谷/code/P3743(2).c,P3743(2).c,c,1234,41,217789fc5521888cc12a96ee0fa9e808eff4f9d37fef476ae475d1ed24f16489,true,https://www.luogu.com.cn/problem/P3743,P3743
洛谷/code/P3743.c,P3743.c,c,902,42,f3aa5ffab56fdfd71975b6020fc58acae57f48c792725c33efd80e560260b526,true,https://www.luogu.com.cn/problem/P3743,P3743
洛谷/code/P3745.cpp,P3745.cpp,cpp,2064,89,3ed86cd238b1e05bee1d7d8bda5d74e2c393dcaba2c7f227ece12e5f9eafc602,false,https://www.luogu.com.cn/problem/P3745,P3745
洛谷/code/P3747.cpp,P3747.cpp,cpp,6276,254,ebcba42456e801f290cff3a2d52303550c2200021e7299114296d059d563a416,false,https://www.luogu.com.cn/problem/P3747,P3747
洛谷/code/P3755.cpp,P3755.cpp,cpp,1927,98,57f1842a3ab328399ee862c0e4d05b60df704aa081ccaee7cae0fe9e986fa987,true,https://www.luogu.com.cn/problem/P3755,P3755
洛谷/code/P3757.cpp,P3757.cpp,cpp,1625,79,1ae198ebb0fad95dd96dcd3d7081c8b310f78cc0da6e2a5b153d820923f7b8da,false,https://www.luogu.com.cn/problem/P3757,P3757
洛谷/code/P3759.cpp,P3759.cpp,cpp,3826,157,b1de5477636b43521b5d95535f46122320fa4be808c7e6e1e5bb479576306770,true,https://www.luogu.com.cn/problem/P3759,P3759
洛谷/code/P3760.cpp,P3760.cpp,cpp,1742,90,aaf9b908977548a5f59e27b031249a0278867cd2924f32b343afb9a6129c6f75,true,https://www.luogu.com.cn/problem/P3760,P3760
洛谷/code/P3763.cpp,P3763.cpp,cpp,2559,100,efc1161053e44fdbff7d3e8380846577904935449077f7a2d86479f7345caf72,false,https://www.luogu.com.cn/problem/P3763,P3763
洛谷/code/P3768.cpp,P3768.cpp,cpp,2039,105,67bc921df4bf08d238b9a9834e28f5c3f22cc6a9e496b3334c1ad8fcb081ab2a,false,https://www.luogu.com.cn/problem/P3768,P3768
洛谷/code/p3769(2).cpp,p3769(2).cpp,cpp,1748,78,5e5549888104fb47cf26dbaa4bb2be0206c81bd6e93baebddeaecee7dca1b80e,true,,
洛谷/code/P3769.cpp,P3769.cpp,cpp,3290,182,2d64a941bf26782b5210c0a115043a17b0e80d546981620e5996bf928d6ee75f,true,https://www.luogu.com.cn/problem/P3769,P3769
洛谷/code/P3793.cpp,P3793.cpp,cpp,2870,136,757e532cf58c3c30787b323a3b8e6b2aeb5649df604b9f4d05bcec80d610b622,true,https://www.luogu.com.cn/problem/P3793,P3793
洛谷/code/P3794.cpp,P3794.cpp,cpp,2112,91,f00e23c3add2e623ca5757eb64811d7842f923349cba0af9e6aa4412b8e74dc6,true,https://www.luogu.com.cn/problem/P3794,P3794
洛谷/code/P3795(2).c,P3795(2).c,c,291,18,c73aa8cd69286c29d76f102ed2b663e4af2a9115a872a00935c1ae6c2a6e94a5,true,https://www.luogu.com.cn/problem/P3795,P3795
洛谷/code/P3795.c,P3795.c,c,518,29,f69612300c3ec1471ab4149c3f2d1502413b624bea80b098c3ea988385601256,true,https://www.luogu.com.cn/problem/P3795,P3795
洛谷/code/P3796.cpp,P3796.cpp,cpp,3591,162,63c9a1f414138a39d42bf83362c5121a6567f3c8ad3ec00730dd08486681392f,true,https://www.luogu.com.cn/problem/P3796,P3796
洛谷/code/P3797.cpp,P3797.cpp,cpp,2767,127,938ec2bda16128d1d6d8a621ff4a47914825ca9e5b4315b75dc0d020a5edc92c,true,https://www.luogu.com.cn/problem/P3797,P3797
洛谷/code/P3800.cpp,P3800.cpp,cpp,455,25,ff6ca6212b5088cf07bc23013a182635c46c750f2d1c956564918e3498ec8aa6,true,https://www.luogu.com.cn/problem/P3800,P3800
洛谷/code/P3801(2).cpp,P3801(2).cpp,cpp,1491,80,c6f779ff1b7b059d473ab93a827ef3e885e76e412b72e671c223a196fb74a407,true,https://www.luogu.com.cn/problem/P3801,P3801
洛谷/code/P3801.cpp,P3801.cpp,cpp,2012,89,1604c243b9c1fc3ed35b6fbb54cf09eefd2fe60109901872886617e1c181c480,true,https://www.luogu.com.cn/problem/P3801,P3801
洛谷/code/P3803(2).cpp,P3803(2).cpp,cpp,1725,71,9a11f7e98c4dc75333ab93b25443d52d7fc3775a568448b4ebb095f420d4c196,true,https://www.luogu.com.cn/problem/P3803,P3803
洛谷/code/P3803(3).cpp,P3803(3).cpp,cpp,1882,89,a4e665807248f9d4c6b02864ecac779871d2e5b0fe37c98a785d575aaff406ef,false,https://www.luogu.com.cn/problem/P3803,P3803
洛谷/code/P3803.c,P3803.c,c,1314,52,4168d69fd0001405663ca2a5a6e8fc64cf4da1e5ef9b061d87634918b9ed9000,true,https://www.luogu.com.cn/problem/P3803,P3803
洛谷/code/P3803.cpp,P3803.cpp,cpp,1290,56,a871c11fcf3d6264392d85388a62b5ae41abc9cd8e3ab58dcca42517553472fe,true,https://www.luogu.com.cn/problem/P3803,P3803
洛谷/code/P3804.cpp,P3804.cpp,cpp,1688,103,b056c615237b29549904e6dbdc9e3614f20c4f196597901e8921f09de5422ae0,true,https://www.luogu.com.cn/problem/P3804,P3804
洛谷/code/P3805.cpp,P3805.cpp,cpp,730,41,25fabfda686bd455664d6b29623bd8d5e40061a9b2939c7e6af65320a0d11726,true,https://www.luogu.com.cn/problem/P3805,P3805
洛谷/code/P3805_3.cpp,P3805_3.cpp,cpp,738,43,db36cde705de07f17a3c61cfbb60b9ada2f88b470c2210982f86864166f394ef,true,,
洛谷/code/P3806.cpp,P3806.cpp,cpp,2963,155,7fb7243c543245bff7d2629a4e93345e6e8db35dcfba145c3581deb2c838ad4a,true,https://www.luogu.com.cn/problem/P3806,P3806
洛谷/code/P3808.cpp,P3808.cpp,cpp,2837,127,a05b5243230e857cd2edb68814bd5cceb041d5b6760ea7fcc7d2e1b36a576a95,true,https://www.luogu.com.cn/problem/P3808,P3808
洛谷/code/P3809.cpp,P3809.cpp,cpp,3232,124,ff81498838bdda53a25df5ca104f709c092b021baef3573eecac0b86ed0a8a40,true,https://www.luogu.com.cn/problem/P3809,P3809
洛谷/code/P3809_2.cpp,P3809_2.cpp,cpp,2039,109,691c57a4c745999549db6e71dcbfa7d5044c2f1aaa06aa76f2ee4a64306e9935,true,,
洛谷/code/P3810.cpp,P3810.cpp,cpp,2096,119,93dc6084126b4badb0182cfd6ba58e5ea4f755bce0792dbfb31bb06e2be29318,true,https://www.luogu.com.cn/problem/P3810,P3810
洛谷/code/P3810_2.cpp,P3810_2.cpp,cpp,1845,112,c57bd79a0c0456b0eb062324f108c98e97402d9dd8bc04aaae4dbbdf20b1833b,true,,
洛谷/code/P3817.c,P3817.c,c,510,30,50358b0186e11c19baf55edb54556b9148fc2bcd848c9ec80595ca3e6aa71225,true,https://www.luogu.com.cn/problem/P3817,P3817
洛谷/code/P3818.cpp,P3818.cpp,cpp,1417,61,93514054b734d98d769b9e216b113359c402ae7d2641542f1224d2e266e0c034,true,https://www.luogu.com.cn/problem/P3818,P3818
洛谷/code/P3820(2).cpp,P3820(2).cpp,cpp,1526,78,f9a5a4d8f7053008443582904bf638aaf2b8c56fd081bac8b1ee2099d68ac56e,true,https://www.luogu.com.cn/problem/P3820,P3820
洛谷/code/P3820.cpp,P3820.cpp,cpp,2314,102,6a506a12127d13a09a971a7af7281fa0ec1be085d143fdd396297b9bef55378b,true,https://www.luogu.com.cn/problem/P3820,P3820
洛谷/code/P3825.cpp,P3825.cpp,cpp,5370,257,b5f61d541e42671366d053e054e440740bde5995756a73e5c587e08f891ad3d5,true,https://www.luogu.com.cn/problem/P3825,P3825
洛谷/code/P3830.cpp,P3830.cpp,cpp,886,51,5460e5afdbf92cc0a5da8afdb8e4785c211b052ca1932214252e188c9508256e,true,https://www.luogu.com.cn/problem/P3830,P3830
洛谷/code/P3833.cpp,P3833.cpp,cpp,4209,210,c12c84489342780d3770952cddc6d504c568aed106edbdc9e3fbcbe3fce3695e,false,https://www.luogu.com.cn/problem/P3833,P3833
洛谷/code/P3834_2.cpp,P3834_2.cpp,cpp,2150,121,b04dc30749a23ac1db67390291e5c245f752b449eb745a3c807476e7ebe799a5,true,,
洛谷/code/P3846.cpp,P3846.cpp,cpp,1503,59,22ab432aaee8ba104eebe8e05a0dad84c5b1f75552b186d99d432474232961c7,false,https://www.luogu.com.cn/problem/P3846,P3846
洛谷/code/P3847.cpp,P3847.cpp,cpp,585,29,b913dcefee0dabe8974f14eb0c346f5553f8a05685270f3fa8aff1b39ed9eecb,true,https://www.luogu.com.cn/problem/P3847,P3847
洛谷/code/P3848(2).cpp,P3848(2).cpp,cpp,807,39,9d59e723d79f8814293da9a2c7e0182ca853eae3cbf37e11c439568acfa8259a,true,https://www.luogu.com.cn/problem/P3848,P3848
洛谷/code/P3848(3).cpp,P3848(3).cpp,cpp,1273,41,9b204e187b5fcf177d405268d2925bc1de5a59a0509f662db040ee3cee21d739,true,https://www.luogu.com.cn/problem/P3848,P3848
洛谷/code/P3848.cpp,P3848.cpp,cpp,1546,72,78da22139a35e585df4c25ed54e84cb2f8e8bb212c8922fcee81bc7faabaf153,true,https://www.luogu.com.cn/problem/P3848,P3848
洛谷/code/P3850.cpp,P3850.cpp,cpp,1818,96,8de25859e8e25fa33a66ff4e74c02445dff28e5141b23febd9655e3079ffdb91,true,https://www.luogu.com.cn/problem/P3850,P3850
洛谷/code/P3854.cpp,P3854.cpp,cpp,3459,171,abf88eca9f57ecee8b1266087c49ee2edde6cb75d1daf8defd6436fe7999c84e,true,https://www.luogu.com.cn/problem/P3854,P3854
洛谷/code/P3855.cpp,P3855.cpp,cpp,2170,79,635983afb2fd6f08527ab2112457e97bb6e1866a2c20f852033352f97fa30718,true,https://www.luogu.com.cn/problem/P3855,P3855
洛谷/code/P3861.cpp,P3861.cpp,cpp,1637,68,883a8c643cf9dfd503fbdb665564abc290da1fb1c6efc02356620ba01b4a2265,false,https://www.luogu.com.cn/problem/P3861,P3861
洛谷/code/P3862.cpp,P3862.cpp,cpp,681,35,0864f7e7245b101ef81639375384c463295851852cd402ac8f918edc3bffa1f5,false,https://www.luogu.com.cn/problem/P3862,P3862
洛谷/code/P3863.cpp,P3863.cpp,cpp,3206,164,5616cec7430cd5135ba67cd99e799ea4c6607d17c95c6d57eac056406e680645,false,https://www.luogu.com.cn/problem/P3863,P3863
洛谷/code/P3864.cpp,P3864.cpp,cpp,1308,32,84a96b7ef38ba41f1d00aa5b1fbbad8b5627a11cd1e479603c1330fc19ea46b1,true,https://www.luogu.com.cn/problem/P3864,P3864
洛谷/code/P3865(2).cpp,P3865(2).cpp,cpp,574,25,6943d83cd3f6bcfeef37a09638c4106ca358ea637b489e95ad14fcf0a44aa661,true,https://www.luogu.com.cn/problem/P3865,P3865
洛谷/code/P3865.cpp,P3865.cpp,cpp,1004,50,684aaa0bf1b823f27c3f014cccd580f63b51eed91c7a50d94be6be4e61df5741,true,https://www.luogu.com.cn/problem/P3865,P3865
洛谷/code/P3869.cpp,P3869.cpp,cpp,2238,94,fc19aa9b98c2e64ce4f5e91abf825a8e10ddd4ba309ae6665a5180fe9ac8caa4,true,https://www.luogu.com.cn/problem/P3869,P3869
洛谷/code/P3870.cpp,P3870.cpp,cpp,1987,90,60f76a8caa2ffb96b16175475e0e28f7fac92cee6ca51d9795b6e8d6b6dde41c,true,https://www.luogu.com.cn/problem/P3870,P3870
洛谷/code/P3871.cpp,P3871.cpp,cpp,4737,222,ee9158a2504dfe2cbb4907948a499386a8b3189b253fd48e55cae4bde49801e8,false,https://www.luogu.com.cn/problem/P3871,P3871
洛谷/code/P3872.cpp,P3872.cpp,cpp,2560,125,d2d5441ac1bdc9b2ad897f2fb620981fa158eb66584b67665ac547a8826a900c,true,https://www.luogu.com.cn/problem/P3872,P3872
洛谷/code/P3874.c,P3874.c,c,498,29,37941102370299bc9d2a1efbc0464781e3676338fd716d79a53bf2e2e37dd46c,true,https://www.luogu.com.cn/problem/P3874,P3874
洛谷/code/P3879.cpp,P3879.cpp,cpp,524,32,d94837bae9c09366faec7920547a4ad042a53d1b4235486c8ffff1dc2d0af286,true,https://www.luogu.com.cn/problem/P3879,P3879
洛谷/code/P3883.c,P3883.c,c,1333,57,9e9d28e2ee68941d960d6739741fb32074fa00a9871392e9b84ee0c4ae76a2aa,true,https://www.luogu.com.cn/problem/P3883,P3883
洛谷/code/P3884.cpp,P3884.cpp,cpp,1535,73,a49777b8a71c41458e7956d6dfbfae0b3aa8ec610c67618d2b0386bb0b6d0822,true,https://www.luogu.com.cn/problem/P3884,P3884
洛谷/code/P3888.cpp,P3888.cpp,cpp,1811,64,8d37dc5002cd5d64e742c2729fe4e2577308d35da183e3a580508b638205f48c,true,https://www.luogu.com.cn/problem/P3888,P3888
洛谷/code/P3891.cpp,P3891.cpp,cpp,1138,41,4260c9e010f3b0407646cf71d498469da952a47642978f8e29992d025f81d11d,true,https://www.luogu.com.cn/problem/P3891,P3891
洛谷/code/P3897.c,P3897.c,c,468,24,749ca0cbe48c755e861b1f6c17feffe16e36db3a6bd6eef2375a1fddff146d7e,true,https://www.luogu.com.cn/problem/P3897,P3897
洛谷/code/P3899_2.cpp,P3899_2.cpp,cpp,2449,132,21ba79745c2d8d6d751392f74e719ff7dd9cdc122b32e3dba33d1f70682c19af,false,,
洛谷/code/P3902(2).cpp,P3902(2).cpp,cpp,938,45,f26b33a3dc9b8bf50269880d183dcd948c3dc28ba181b666dba00fba910db2ae,true,https://www.luogu.com.cn/problem/P3902,P3902
洛谷/code/P3902.cpp,P3902.cpp,cpp,494,24,f003fb12569402adc887e3c9510167122002b943fc5e389c047dc5fe67ebe0bb,true,https://www.luogu.com.cn/problem/P3902,P3902
洛谷/code/P3904.cpp,P3904.cpp,cpp,1551,76,650bff7fd4991e4cf5ef6d3e43b8a608901fb8372097b33fc610900e8cb4425a,true,https://www.luogu.com.cn/problem/P3904,P3904
洛谷/code/P3904.py,P3904.py,py,205,10,89d5bd02226525905a8a29cf3e9aa22de54393c53f6a5c84095dcbc0b91db6c2,false,https://www.luogu.com.cn/problem/P3904,P3904
洛谷/code/P3905.cpp,P3905.cpp,cpp,1606,69,7d3af82292d5eb98d5dab9afabfce8681b2a7fa8b0615d02cd13f914dbb56a13,true,https://www.luogu.com.cn/problem/P3905,P3905
洛谷/code/P3906.cpp,P3906.cpp,cpp,927,33,501b92a2897e069f6730a60a59f1ba1116e0c3fc4a38d3ff63082eed831a02d1,true,https://www.luogu.com.cn/problem/P3906,P3906
洛谷/code/P3911.cpp,P3911.cpp,cpp,1298,66,cb4c0567183934c2ab0812bef5c9e4d479b82e5b042cd217fc11b0ba2e72071e,true,https://www.luogu.com.cn/problem/P3911,P3911
洛谷/code/p3914(2).cpp,p3914(2).cpp,cpp,1258,82,3fee4fa897fdd86ecc4b38c93d386e0e580045634cd35d7277f524bf8d1ab5e7,true,,
洛谷/code/P3914.cpp,P3914.cpp,cpp,1776,93,ce58b4fede22c1b95fa6f87bcc51f4ab5f38cab03d4484a1ba8eb8411b6e5f11,true,https://www.luogu.com.cn/problem/P3914,P3914
洛谷/code/P3916.cpp,P3916.cpp,cpp,549,33,ab6b6106b5f80f7437c8c37200371930bd8df73d8d6e9298147d8a918e427200,true,https://www.luogu.com.cn/problem/P3916,P3916
洛谷/code/P3918.c,P3918.c,c,501,29,b118aeb8d93f69d738249b21a829a5d7359e5d835f5b4ef8010b7f8885ef0047,true,https://www.luogu.com.cn/problem/P3918,P3918
洛谷/code/P3919.cpp,P3919.cpp,cpp,2443,111,af213ad6354a6dad1db7030f4c55fb0a77c4d62815250e3e82d77b55d734715d,true,https://www.luogu.com.cn/problem/P3919,P3919
洛谷/code/P3924.cpp,P3924.cpp,cpp,1950,92,5df469244cb44d539913e638e050dcc383d2f393bc9d49cc76bbfc452aa527a0,true,https://www.luogu.com.cn/problem/P3924,P3924
洛谷/code/P3925.cpp,P3925.cpp,cpp,3590,200,5961d76aff33437cb159df3242e624439b3270226dde45b191948232c5ab8d1a,false,https://www.luogu.com.cn/problem/P3925,P3925
洛谷/code/P3928.cpp,P3928.cpp,cpp,2301,117,1181f6095a3a69de11de11b6a7464a6fc043c73fdd0e3dab42107ccca0e48460,true,https://www.luogu.com.cn/problem/P3928,P3928
洛谷/code/P3930.cpp,P3930.cpp,cpp,4505,181,8c5229456b0dbd670b8adbd231516ab391b4d95c2b1a8369b9b90bd82b4ce534,true,https://www.luogu.com.cn/problem/P3930,P3930
洛谷/code/P3931.cpp,P3931.cpp,cpp,1005,48,f6534f8ccf27ea9f275c6d57955afc31fdff63252fb5fd2e24e8c842a19da03d,true,https://www.luogu.com.cn/problem/P3931,P3931
洛谷/code/P3934.cpp,P3934.cpp,cpp,3761,128,3eb7f424bb13cfdef611b86fd4aa7e627e690be828d3b4fb1c3b26be2f69f646,true,https://www.luogu.com.cn/problem/P3934,P3934
洛谷/code/P3935.cpp,P3935.cpp,cpp,489,30,a00a6d1e5c5d67830f7068a350fab53655e329793dfca39e90f4daef30261084,false,https://www.luogu.com.cn/problem/P3935,P3935
洛谷/code/P3937.cpp,P3937.cpp,cpp,656,28,b529df55f7dd7077a88840a02117b06a91d6fdb088a78b729985d728e810291e,true,https://www.luogu.com.cn/problem/P3937,P3937
洛谷/code/P3938.c,P3938.c,c,956,47,99fb3641c3521b807927027a29ae0133dceec05c5cec3de94557306d75f4e716,true,https://www.luogu.com.cn/problem/P3938,P3938
洛谷/code/P3938.cpp,P3938.cpp,cpp,564,32,9b0a5bf90a06a0f96a1830b64cc9388860ba1cba496c5835612f072f23c75e0f,true,https://www.luogu.com.cn/problem/P3938,P3938
洛谷/code/P3939.cpp,P3939.cpp,cpp,1775,85,029cb30051d85a570889a12cb68f34711c7bf5ad0fdfa1b1aebe77a0ca2e4c09,true,https://www.luogu.com.cn/problem/P3939,P3939
洛谷/code/P3946.cpp,P3946.cpp,cpp,2208,106,2c168216b3db7f656ad9f9486984c318954ff04b7d71a32cd1aa1c346e0a9e7b,true,https://www.luogu.com.cn/problem/P3946,P3946
洛谷/code/P3947.cpp,P3947.cpp,cpp,1057,51,60db76ca0e8644ebbedef6f3c3086cf746335ec0355ce36d08f7db4e9e00b292,true,https://www.luogu.com.cn/problem/P3947,P3947
洛谷/code/P3948.cpp,P3948.cpp,cpp,890,50,e762bd29b677c0648587e723bc7c6dc9fe3d33ac662a34877e10982d923afe0f,true,https://www.luogu.com.cn/problem/P3948,P3948
洛谷/code/P3950.cpp,P3950.cpp,cpp,4178,206,d4d08ffe5e8be2b54adc83a4a354b343842e194f37af8b5e889650ac0e88ed04,false,https://www.luogu.com.cn/problem/P3950,P3950
洛谷/code/P3950_2.cpp,P3950_2.cpp,cpp,2717,160,c10325c0d27c0a4d1d81f45b2d302149fb6afc1de0ef17a76c6eb81428e723a3,true,,
洛谷/code/P3950_3.cpp,P3950_3.cpp,cpp,3538,168,b1c3f82fc5bdf891db33b06a678a0e605d1da075f80d68c6cd6f1de93d28d477,true,,
洛谷/code/P3953.cpp,P3953.cpp,cpp,3123,154,3e28011fee28a47bf7ff245ccaabeb88fcb22772352cc7e087993bb9d2747280,true,https://www.luogu.com.cn/problem/P3953,P3953
洛谷/code/P3956(2).cpp,P3956(2).cpp,cpp,1363,63,e59953761f0b7f5db0384b75c6601f5403c025e8cdb61d190c64380e0f9612f7,true,https://www.luogu.com.cn/problem/P3956,P3956
洛谷/code/P3956.cpp,P3956.cpp,cpp,1428,45,dfbb7aa6d20158a34f2503e680ab42815a524f86d17c2b1c9990d84d9673fe62,true,https://www.luogu.com.cn/problem/P3956,P3956
洛谷/code/P3957.cpp,P3957.cpp,cpp,1584,83,7ed22e7810f22096a219f4b0e31ae91679d788fa0c74541ece9f3d40ba5ceafb,false,https://www.luogu.com.cn/problem/P3957,P3957
洛谷/code/P3958(2).cpp,P3958(2).cpp,cpp,1715,73,2bc2a2ab814531708784fc48bafbfa3a727a07eafeb06e0f7474896d4161b198,true,https://www.luogu.com.cn/problem/P3958,P3958
洛谷/code/P3958.cpp,P3958.cpp,cpp,2024,64,090c096495c1a5fb6061d6c163cd441b647e037aa2f4e4e5a2ff02c581cb7e22,true,https://www.luogu.com.cn/problem/P3958,P3958
洛谷/code/P3960.cpp,P3960.cpp,cpp,1928,102,faa70fc41018c4c2c664edd38e678ef1323a46183072a86966c485e954672ae1,false,https://www.luogu.com.cn/problem/P3960,P3960
洛谷/code/P3963.cpp,P3963.cpp,cpp,2666,128,431b2e587918ee4235e65f81a10e99221db888f75517e5e10df1dcb1a49bde0c,false,https://www.luogu.com.cn/problem/P3963,P3963
洛谷/code/P3966.cpp,P3966.cpp,cpp,2809,124,056d0b853e197d3cf1591de7a860047a5c4e5d3a0b12483193a97a2a7e305f6e,true,https://www.luogu.com.cn/problem/P3966,P3966
洛谷/code/P3967.cpp,P3967.cpp,cpp,5347,230,85af8f615b36e7fd408ba904e38fe035e115177b17b0bcbdcbfa23cf23e8c9c8,true,https://www.luogu.com.cn/problem/P3967,P3967
洛谷/code/P3968.cpp,P3968.cpp,cpp,4051,177,fd58d84654fd0e8a730d53e6299f716bdba14b5a784d2f547b92a98230b5d761,true,https://www.luogu.com.cn/problem/P3968,P3968
洛谷/code/P3970.cpp,P3970.cpp,cpp,1660,70,0fe0962ff8a42812f08e1bbf9eaacc2b493813a8e35ded9e267237f72ed209ce,true,https://www.luogu.com.cn/problem/P3970,P3970
洛谷/code/P3973.cpp,P3973.cpp,cpp,2728,132,80623f9e05370780dd0d7362dc7ecd83f6b6f7a2d7699641366a6f50b5683ce8,true,https://www.luogu.com.cn/problem/P3973,P3973
洛谷/code/P3974.cpp,P3974.cpp,cpp,948,45,befe861e6d421e7f6f53e0097925b1ffe03820d1e750e7619e70e45167a16aaa,true,https://www.luogu.com.cn/problem/P3974,P3974
洛谷/code/P3975.cpp,P3975.cpp,cpp,3011,129,ebaa209687756264167c6885629797755d2da64c52c7bba15b79f44b5c17e958,true,https://www.luogu.com.cn/problem/P3975,P3975
洛谷/code/P3976_2.cpp,P3976_2.cpp,cpp,5349,240,27915f3d91a50df2fcbaa3dee96e62ea7d232cf0a1fc7032d941a53eb615948a,true,,
洛谷/code/P3977.cpp,P3977.cpp,cpp,3421,142,467310a049689ea2e07de2cca3067cfc08a6a2bf8f3e27e6610cb6b9d291276f,false,https://www.luogu.com.cn/problem/P3977,P3977
洛谷/code/P3983(2).c,P3983(2).c,c,980,43,483e57e41c9355d43db93c74ce54e47edc388a92f1941e66d7b9bd003b9d23c8,true,https://www.luogu.com.cn/problem/P3983,P3983
洛谷/code/P3983.c,P3983.c,c,374,27,9727fac7bf4de68126d143b6dc535a34c0db6d5001b792e66b28eea5a32d7e79,true,https://www.luogu.com.cn/problem/P3983,P3983
洛谷/code/P3987.cpp,P3987.cpp,cpp,2469,113,34c6d1e47d967de7fa72b369a3181f3dbd68c199194e9d7b487fd04dc5c1a035,true,https://www.luogu.com.cn/problem/P3987,P3987
洛谷/code/P3988(2).cpp,P3988(2).cpp,cpp,1403,82,a8acccb70d72e2621784739124f4a89d2f883c0ad38d8bb27eeada6fa0625b4c,true,https://www.luogu.com.cn/problem/P3988,P3988
洛谷/code/P3988.cpp,P3988.cpp,cpp,2034,106,daddca33d82aa6f061dae26944f622fb66577367d439e7752990cb743ff75221,true,https://www.luogu.com.cn/problem/P3988,P3988
洛谷/code/P3991.cpp,P3991.cpp,cpp,4155,189,ff0264f13ea6ca6d2d31f1fa940f8f515161d3f1d478ea5886154d3bb849c416,false,https://www.luogu.com.cn/problem/P3991,P3991
洛谷/code/P4001.cpp,P4001.cpp,cpp,2494,131,0bf80399cd3f1047b24b27e4510d594af7a8661eaa45860d82429131c0a1183d,false,https://www.luogu.com.cn/problem/P4001,P4001
洛谷/code/P4009.cpp,P4009.cpp,cpp,2324,96,2afdada4490733e46dc13b23ce5d326fcb85548284c0277ac35546b9d88c7933,true,https://www.luogu.com.cn/problem/P4009,P4009
洛谷/code/P4011.cpp,P4011.cpp,cpp,3578,117,57a0af47d269fdee67bf1459d7b1824d022a1dbb9b9e4ecd79610b35308b1311,true,https://www.luogu.com.cn/problem/P4011,P4011
洛谷/code/P4012.cpp,P4012.cpp,cpp,4630,201,4e4fac3a8cae8d1bd31dd95b270876970ab41715c7156cb3d77dbc847d314fbb,false,https://www.luogu.com.cn/problem/P4012,P4012
洛谷/code/P4013.cpp,P4013.cpp,cpp,5589,261,6d9dbe70f6db93ed69aa02ccd4ced645a9697bd27b7fea2dbe6a1eca12001436,true,https://www.luogu.com.cn/problem/P4013,P4013
洛谷/code/P4019.cpp,P4019.cpp,cpp,1687,85,9a0ac4774122aeddd8932c68e0db32580e02856bb5450c4b1783aafaad59b75f,true,https://www.luogu.com.cn/problem/P4019,P4019
洛谷/code/P4032.cpp,P4032.cpp,cpp,3779,160,6c07ef1ca85657f9c17b168442de0805032c8ab6b8a00a3deb58e1bb42da6d5e,false,https://www.luogu.com.cn/problem/P4032,P4032
洛谷/code/P4036.cpp,P4036.cpp,cpp,3190,160,66a1672b46c2ed97795842df56c401dc9c41698b26d773b1c6bf625ad3bef2d7,false,https://www.luogu.com.cn/problem/P4036,P4036
洛谷/code/P4042.cpp,P4042.cpp,cpp,1689,85,90c4833d7e4458d847ad4e19099de2b38ae980d65d18e5f5e8e8adbcdb0061f9,false,https://www.luogu.com.cn/problem/P4042,P4042
洛谷/code/P4043.cpp,P4043.cpp,cpp,4131,188,2131a6714c9dcf47c263cff8e1706504780067362724b154bb16e199d2773b21,true,https://www.luogu.com.cn/problem/P4043,P4043
洛谷/code/P4045.cpp,P4045.cpp,cpp,2108,102,e2cab2b25ff735c0ec61539d7a270716fc27247082b5ba7b32f5372ac5c3cf11,true,https://www.luogu.com.cn/problem/P4045,P4045
洛谷/code/P4047.cpp,P4047.cpp,cpp,1099,64,15b567d4716d41fff01c5376019a2b4dc2f50f455f0f380535561bae1f764d55,true,https://www.luogu.com.cn/problem/P4047,P4047
洛谷/code/P4051.cpp,P4051.cpp,cpp,2352,109,df68ce43e93343491529efefaa6fd0d9a2acb389a846c717bd70c4e730f7a012,true,https://www.luogu.com.cn/problem/P4051,P4051
洛谷/code/P4052.cpp,P4052.cpp,cpp,1826,93,a6120c949b6d3616e0aac72941569bf7273765c9bec71ca10cf0b875fc7ef89f,true,https://www.luogu.com.cn/problem/P4052,P4052
洛谷/code/P4053.cpp,P4053.cpp,cpp,942,45,966a249902c0d1e633e0838a2b93c9c3651c345fd572f26e1ef040600756934a,false,https://www.luogu.com.cn/problem/P4053,P4053
洛谷/code/P4054.cpp,P4054.cpp,cpp,1417,65,d60feac438c7bca82373d29039f1dabce0e3a8122938281163174234d1bca4ce,true,https://www.luogu.com.cn/problem/P4054,P4054
洛谷/code/P4058(2).c,P4058(2).c,c,1080,47,f78313db5215d549b1655eee07505e0fd0b81c3b54796f95dac952f159e5bebf,true,https://www.luogu.com.cn/problem/P4058,P4058
洛谷/code/P4058.c,P4058.c,c,772,42,6f2f08fd45c3fa9d9c36b3caa74fbf18a57724422c5c07de57b99e4fa3506803,true,https://www.luogu.com.cn/problem/P4058,P4058
洛谷/code/P4059.c,P4059.c,c,1809,71,ef1c5320778e63bda4e975dc7f8acf6b901df3384ffbd63b3329eaae9efd6845,true,https://www.luogu.com.cn/problem/P4059,P4059
洛谷/code/P4060.cpp,P4060.cpp,cpp,1481,73,78789a858b3f43e3abcb408300b961c93c02fb39ddeb3bda568e58fa89b22c47,false,https://www.luogu.com.cn/problem/P4060,P4060
洛谷/code/P4062.cpp,P4062.cpp,cpp,80,7,0b86af26146cee7f958b8da85052a099dc88f5139504bab4ae8e6b27ab05e7dd,true,https://www.luogu.com.cn/problem/P4062,P4062
洛谷/code/P4064.cpp,P4064.cpp,cpp,2728,125,741a0ff9b327c6a1d46d2571a453e8848ec3b9c39e2dc4950c725dd323856520,true,https://www.luogu.com.cn/problem/P4064,P4064
洛谷/code/P4065.cpp,P4065.cpp,cpp,1956,101,99d9667ae91a826a03d0191118f63616691d227baa320c678a27da74312c6c2d,false,https://www.luogu.com.cn/problem/P4065,P4065
洛谷/code/P4070.cpp,P4070.cpp,cpp,1944,82,56ecc3ea5552fe55a56e2b65b02c4621dedfba18ce9acdf4ac152d76a053f4ca,true,https://www.luogu.com.cn/problem/P4070,P4070
洛谷/code/P4074.cpp,P4074.cpp,cpp,4832,234,dd2be88f529ab6fadbdbd621c66e67681a2b65b449a3d1a3a134b5e35da60213,true,https://www.luogu.com.cn/problem/P4074,P4074
洛谷/code/P4074_2.cpp,P4074_2.cpp,cpp,4066,233,66d5b4ff758cda05cc0a0190cf9b1bde88fde1842fa03a869ae63ca4d14a9fa2,true,,
洛谷/code/P4079.cpp,P4079.cpp,cpp,1204,57,db484221ffee9b9f20309fb515c3c61512c7159fa0da6bc4fb3b2c42ee9421fc,true,https://www.luogu.com.cn/problem/P4079,P4079
洛谷/code/P4081(1).cpp,P4081(1).cpp,cpp,2854,118,33cd00fd15f97348bb0a9b63c7007be7bb0d7831d2a4502387d5b5930bfef95a,true,https://www.luogu.com.cn/problem/P4081,P4081
洛谷/code/P4081(2).cpp,P4081(2).cpp,cpp,3848,173,8a8d200f33b4e470b03a98c7aca34e38fdf32d82ac0e0bd07e35b72d59e2b4b7,true,https://www.luogu.com.cn/problem/P4081,P4081
洛谷/code/P4083.cpp,P4083.cpp,cpp,2354,102,a5c12eb813dc4a30d1dbe293cb48aa265ddc93b2601a94bd2805f0af311a0a60,true,https://www.luogu.com.cn/problem/P4083,P4083
洛谷/code/P4084(2).cpp,P4084(2).cpp,cpp,1248,60,f5ea295dc5f31e483ff3b362b69e455b13ccdb03567db461947f1c1f44dda511,true,https://www.luogu.com.cn/problem/P4084,P4084
洛谷/code/P4084.cpp,P4084.cpp,cpp,1074,35,9d0995d9b247c87c7dfe04d49f960fe816a01497d6e67777dae520ec02114e49,true,https://www.luogu.com.cn/problem/P4084,P4084
洛谷/code/P4085.cpp,P4085.cpp,cpp,747,42,d44f938b116447251ff9f58df59ae051de8f75f635941f1b065c49851704ee5d,true,https://www.luogu.com.cn/problem/P4085,P4085
洛谷/code/P4086.cpp,P4086.cpp,cpp,994,46,d1299be98d9588013fa0acb7aefc2c5989c590abe847a279a028ba68cb6fedf1,true,https://www.luogu.com.cn/problem/P4086,P4086
洛谷/code/P4088.cpp,P4088.cpp,cpp,2875,147,3b4f7f13cc7871655c123e88b9dfaef91d4d834f332a0cace1c967a8d2264513,false,https://www.luogu.com.cn/problem/P4088,P4088
洛谷/code/P4090.cpp,P4090.cpp,cpp,1017,61,61e30e82eee5287628133ebb7d00f7cc01be754180208d8f67a7f91d1dc6bba8,false,https://www.luogu.com.cn/problem/P4090,P4090
洛谷/code/P4092.cpp,P4092.cpp,cpp,4108,220,f61ac69d6b988ebc84cd3d3c84a559704df02c2c1bed2fc02a4b36c9f38e415c,true,https://www.luogu.com.cn/problem/P4092,P4092
洛谷/code/P4093.cpp,P4093.cpp,cpp,2074,119,8a76005b585a98849167082dcf723bc0af8eda8935facd53dd242ab1e1ce24fb,true,https://www.luogu.com.cn/problem/P4093,P4093
洛谷/code/P4093_2.cpp,P4093_2.cpp,cpp,1889,114,117f1d19325de722502f5f6815b0c6319a08607d1297f80f061fef00588204b5,true,,
洛谷/code/P4095.cpp,P4095.cpp,cpp,2704,138,fddb2e26a9013d4dda48ac2ad967adb0e45dcdc3d39855995cd04324e6210be1,true,https://www.luogu.com.cn/problem/P4095,P4095
洛谷/code/P4099.cpp,P4099.cpp,cpp,2359,110,1d6edcf9e841617c930a7e0b38b1b17292491591221910347818dbe19709e455,false,https://www.luogu.com.cn/problem/P4099,P4099
洛谷/code/P4101(2).c,P4101(2).c,c,370,18,418eebaaee7f34edd64694abc8da9c25a8f5644cad5993b13c64b6c2e7f90319,true,https://www.luogu.com.cn/problem/P4101,P4101
洛谷/code/P4101.c,P4101.c,c,327,18,3fd2232ca2472ffea369335dd1cf23678e8d29ce4edea47a1e3284a300918fa2,true,https://www.luogu.com.cn/problem/P4101,P4101
洛谷/code/P4103.cpp,P4103.cpp,cpp,4316,225,ade502ccde7fe334665b16561917b9f7edf069eb9c81dc0bf350865811fbf6f9,true,https://www.luogu.com.cn/problem/P4103,P4103
洛谷/code/P4105.cpp,P4105.cpp,cpp,596,33,be9303630e58106ee58e22936f209c4ddbac76bed3f7aa13c58d0d91c6dce1f9,false,https://www.luogu.com.cn/problem/P4105,P4105
洛谷/code/P4107.cpp,P4107.cpp,cpp,1400,78,ed14a7f9a3e3af41fffcf0c77c1571189e38f4040a5dabbef97e8e214f3d3e1a,true,https://www.luogu.com.cn/problem/P4107,P4107
洛谷/code/P4108.cpp,P4108.cpp,cpp,4723,230,15cc6f7888327fbf14288b15f5529dcd05843aadd61f6cf2b0c5b46ff00948a7,false,https://www.luogu.com.cn/problem/P4108,P4108
洛谷/code/P4109.cpp,P4109.cpp,cpp,1598,76,8af1b7986052e14a8c2f36b51cfb271d3930812a885f624fe5ac208badc60e0d,false,https://www.luogu.com.cn/problem/P4109,P4109
洛谷/code/P4113.cpp,P4113.cpp,cpp,1698,86,15607c55f0d32aa585b878fd978e08f398a56a693ab90737b31477e22aafaeec,true,https://www.luogu.com.cn/problem/P4113,P4113
洛谷/code/P4114.cpp,P4114.cpp,cpp,4066,201,f2373f73bd2f17f1fdaecea518eecf9d54e080821e20fe3bc3803186bf0e8914,false,https://www.luogu.com.cn/problem/P4114,P4114
洛谷/code/P4116.cpp,P4116.cpp,cpp,2529,124,e3c0c94251ba1a3d451b137ce9be08ab978ecf0d0aa126534e64a243e179e328,true,https://www.luogu.com.cn/problem/P4116,P4116
洛谷/code/P4121.cpp,P4121.cpp,cpp,3400,181,c8a161a64788582eacdf01f7e6bc9e650f8784ceac2bff76532be7623c2ead74,true,https://www.luogu.com.cn/problem/P4121,P4121
洛谷/code/P4124.cpp,P4124.cpp,cpp,1484,58,d11586b4d042ceb88e72572b3f7bded39753930e773196ca987d7ef2dd7734b3,true,https://www.luogu.com.cn/problem/P4124,P4124
洛谷/code/P4126.cpp,P4126.cpp,cpp,3657,186,73c6555b1417a4dc5e250e0fe252c2efc084ef74df8d1a15e20719fff15ea03f,false,https://www.luogu.com.cn/problem/P4126,P4126
洛谷/code/P4134.cpp,P4134.cpp,cpp,4349,188,59020f49b10caf7a08639d8d3f6c43f3508b60f676faab2b06d4bc8c4adbb669,true,https://www.luogu.com.cn/problem/P4134,P4134
洛谷/code/P4135.cpp,P4135.cpp,cpp,2602,127,6ba3365035647752a539a0ba0c0ca7cf88b5a0239ac01b17a79e9a5e2616d29d,true,https://www.luogu.com.cn/problem/P4135,P4135
洛谷/code/P4137.cpp,P4137.cpp,cpp,2215,119,3c9bbd595bd9ab2e6793b4a9acb47f9a91e6062aaa639d7925ff8dd26e3b3115,true,https://www.luogu.com.cn/problem/P4137,P4137
洛谷/code/P4137_2.cpp,P4137_2.cpp,cpp,1734,95,dcf9a6eee21b35fc8ac1e589626e0562394f7d789061298e01322b05c417be69,true,,
洛谷/code/P4137_3.cpp,P4137_3.cpp,cpp,2119,119,4d6efa2fdfcd6e40b5dc538e1e1d5c37a2e31da0952fb3de72012e5349b8d590,true,,
洛谷/code/P4138.cpp,P4138.cpp,cpp,1361,72,306145f26fcd63ee91e19eeb1a1f248d166216d08af7ed66cd2a0a308a0a68e9,true,https://www.luogu.com.cn/problem/P4138,P4138
洛谷/code/P4140.cpp,P4140.cpp,cpp,2563,115,44db1bb87edd5360057c0002a62e50c1999072800bb1abbd110498b91966793d,false,https://www.luogu.com.cn/problem/P4140,P4140
洛谷/code/P4144.cpp,P4144.cpp,cpp,376,22,22920b8a1808ccf0e8d2a712ae2c11bad8df30379bc1f1089993a0b045b772bc,true,https://www.luogu.com.cn/problem/P4144,P4144
洛谷/code/P4146.cpp,P4146.cpp,cpp,2613,126,5a40ece19fd4085ca904ccdb084cb233d09f2c4303d476768e072ed0a511da74,true,https://www.luogu.com.cn/problem/P4146,P4146
洛谷/code/P4147.cpp,P4147.cpp,cpp,1109,52,3d42e65b869714cbadbb02479656fed5eda2daefaeb57e17887d63d3efa15602,true,https://www.luogu.com.cn/problem/P4147,P4147
洛谷/code/P4149.cpp,P4149.cpp,cpp,2836,148,09ea965cd078b590fc3e9314b12d46ab8918c04640b917d59b83e9db0febc390,true,https://www.luogu.com.cn/problem/P4149,P4149
洛谷/code/P4161.cpp,P4161.cpp,cpp,865,49,6de34c1191211c1c41166a119beaef09ae3c0d73c1ba67d9dd2be56f6cea0753,false,https://www.luogu.com.cn/problem/P4161,P4161
洛谷/code/P4162.cpp,P4162.cpp,cpp,2072,96,ca025b64b98bbf3017b669edfe3e1df9e155fef93ca416d1cd6f9846e511da52,true,https://www.luogu.com.cn/problem/P4162,P4162
洛谷/code/P4163.cpp,P4163.cpp,cpp,1063,50,8bdcc679bb2946ca53cd8a9a37c7475eb369be9d329a147f477020653517f49a,true,https://www.luogu.com.cn/problem/P4163,P4163
洛谷/code/P4168.cpp,P4168.cpp,cpp,3821,173,5c7223ed3cd7d3a7853a0a28831f0195f3878a9c5bb4eeba6da56482b99a9eca,true,https://www.luogu.com.cn/problem/P4168,P4168
洛谷/code/P4168_2.cpp,P4168_2.cpp,cpp,3853,168,c1da247875451cc46ce71cbd7d1f7911b12d8e1fcc44a1ba7af1bb82582da2d4,true,,
洛谷/code/P4169.cpp,P4169.cpp,cpp,2876,161,4b229d20c8d8135e1bdd319cf8118aec2e244a4f16f3838087f7bf13cd161da8,true,https://www.luogu.com.cn/problem/P4169,P4169
洛谷/code/P4170(2).c,P4170(2).c,c,1178,38,b724713617f51dea92583d1bf4022151e5d5cbb9a8eeb07b60630409cf3c69e6,true,https://www.luogu.com.cn/problem/P4170,P4170
洛谷/code/P4170(3).c,P4170(3).c,c,1124,44,06a994d13f82963b1c1c4f6c01fbb1d90d5b8fe540f23cdf73a79113fea1b587,true,https://www.luogu.com.cn/problem/P4170,P4170
洛谷/code/P4170.c,P4170.c,c,972,51,04d5dd7d37444da21ae377e7ec931d12246e706d5b13d7d7d4974a0b09f82e62,true,https://www.luogu.com.cn/problem/P4170,P4170
洛谷/code/P4171.cpp,P4171.cpp,cpp,2210,106,a1305af9658aa7ed4111b4e55c0214cdb0290a691352ff5d7bfa5177a2fa2f63,true,https://www.luogu.com.cn/problem/P4171,P4171
洛谷/code/P4174.cpp,P4174.cpp,cpp,2526,132,7dde92964a3a4b49465e0c53588b684a067053ba04a1f3a4c13fed08233ced37,false,https://www.luogu.com.cn/problem/P4174,P4174
洛谷/code/P4178.cpp,P4178.cpp,cpp,2274,126,a811e8305d68ce55226561e155a8533c6cabf82e82181a302d861885d23ce03e,true,https://www.luogu.com.cn/problem/P4178,P4178
洛谷/code/P4180.cpp,P4180.cpp,cpp,3816,170,659ac98005e5e892e0cfc196d683812d121dd48c346e0f9d022d00723ab0bc35,false,https://www.luogu.com.cn/problem/P4180,P4180
洛谷/code/P4183.cpp,P4183.cpp,cpp,4136,226,609eed14c95b4593cb40bf43dbe785b648d5f1c1cd6736a0fda46096ad81d08f,true,https://www.luogu.com.cn/problem/P4183,P4183
洛谷/code/P4184.cpp,P4184.cpp,cpp,3111,82,966b7da5a83a4d5fd121b326eca6e035f7b2ebe289f1cf10a7f391bfebc63eac,true,https://www.luogu.com.cn/problem/P4184,P4184
洛谷/code/P4185.cpp,P4185.cpp,cpp,1291,73,4e2b3b8f659566e3bcf3927377ca451a6833d07db61a20c1c5d8059744b48919,true,https://www.luogu.com.cn/problem/P4185,P4185
洛谷/code/P4186.cpp,P4186.cpp,cpp,1705,95,bd3119664c2f424791f49c681bbca68fe0a9f21d51c0621e00a83b224406ac15,true,https://www.luogu.com.cn/problem/P4186,P4186
洛谷/code/P4187.cpp,P4187.cpp,cpp,764,43,c45d55fceb2b4c7835c6adcd18653ca1fdef5e6cf4da1aca70affa3b88151f43,false,https://www.luogu.com.cn/problem/P4187,P4187
洛谷/code/P4188.cpp,P4188.cpp,cpp,2339,117,a92c1b70d6734d29eb0f0f00caf2be5cad9e3bda01f98453530ae7c9d044269c,true,https://www.luogu.com.cn/problem/P4188,P4188
洛谷/code/P4191.cpp,P4191.cpp,cpp,3103,150,110f4ed07f2e5fd36ee74ab3fd1069437fa8e848c0a1667f954701f9efa4c277,true,https://www.luogu.com.cn/problem/P4191,P4191
洛谷/code/P4197.cpp,P4197.cpp,cpp,5789,238,550e43732012ee054524802cd6348d4e7d699d43ebd156bb3f7bd5bf144d7f57,true,https://www.luogu.com.cn/problem/P4197,P4197
洛谷/code/P4198.cpp,P4198.cpp,cpp,2176,102,06d03641bee571b1c23b0a14cdf0b764b707d3f7ba1e7f6124cd42a3a143e6d0,true,https://www.luogu.com.cn/problem/P4198,P4198
洛谷/code/P4206.cpp,P4206.cpp,cpp,2340,112,b991e19b4769ecb9f1978f4f3496f05988e5a58ed94e6c340c2f0c9a2c967f77,true,https://www.luogu.com.cn/problem/P4206,P4206
洛谷/code/P4211.cpp,P4211.cpp,cpp,4092,225,468e4a58353e38ac9a544b4bf70c2af32422fc723e64e353ca0f45319fc4c2c4,true,https://www.luogu.com.cn/problem/P4211,P4211
洛谷/code/P4213.cpp,P4213.cpp,cpp,1633,86,7e7f57c71719a3cb0a4b5487cb6c0d617b2b9a7b2c6a53d87bf123c2d424cd8b,false,https://www.luogu.com.cn/problem/P4213,P4213
洛谷/code/P4215.cpp,P4215.cpp,cpp,2437,128,2d927cc90553613708f98d271a69c80b62e505a918790bf329e2f8b402822144,true,https://www.luogu.com.cn/problem/P4215,P4215
洛谷/code/P4216.cpp,P4216.cpp,cpp,3937,205,f539d0ffa7d589ce97ea1260e371aac6a0e0926b9286628de863d7c936ea73d2,true,https://www.luogu.com.cn/problem/P4216,P4216
洛谷/code/P4219.cpp,P4219.cpp,cpp,2624,137,88498b94ca6071242c4199012f034c9156e17a386ca338ebbbf72af123121ce5,true,https://www.luogu.com.cn/problem/P4219,P4219
洛谷/code/P4237.cpp,P4237.cpp,cpp,6354,283,1b8c99036adfb20a32b1ddf7a7ae89069dac529d25213f071c2b1a4f7c7d1520,true,https://www.luogu.com.cn/problem/P4237,P4237
洛谷/code/P4243.cpp,P4243.cpp,cpp,4312,201,81235b6b6ec3ceb14e16fc133e3e06f36970cc0c0e20d4080e42296440ec59a4,true,https://www.luogu.com.cn/problem/P4243,P4243
洛谷/code/P4247.cpp,P4247.cpp,cpp,4665,211,aedf098347620071e7062c4815b61753f70eae2c7f4605d163d29da4a70febbc,false,https://www.luogu.com.cn/problem/P4247,P4247
洛谷/code/P4253.cpp,P4253.cpp,cpp,2716,115,a927c498ca3bbcbd98e77439b75b18b314946d5b5c271df3c037d1103feaedb4,false,https://www.luogu.com.cn/problem/P4253,P4253
洛谷/code/P4255.cpp,P4255.cpp,cpp,3776,170,90e45417258ca3c5a60bb70a6e5a918b77b1b7570e3fd9aaeeb06e023fa5cc28,false,https://www.luogu.com.cn/problem/P4255,P4255
洛谷/code/P4256.cpp,P4256.cpp,cpp,4437,206,a736d023e9909a16f7312ca4af9c987af9aeda3db93891ced1eb0b49ef35c4e7,true,https://www.luogu.com.cn/problem/P4256,P4256
洛谷/code/P4259.cpp,P4259.cpp,cpp,3192,142,0b7521a2220065ac6917da4d2e4f2164ea61927c221a7cefd1ad1245968af27c,true,https://www.luogu.com.cn/problem/P4259,P4259
洛谷/code/P4264.cpp,P4264.cpp,cpp,317,19,a533981fb527b2e6b7074f65c7ebd0d0321268f0cc8bb099d2d44d2dcb970b2e,false,https://www.luogu.com.cn/problem/P4264,P4264
洛谷/code/P4268.cpp,P4268.cpp,cpp,1597,84,ddc4f86275d9f709791c1b36331673fbfa49146d56f44a5b682da0a715e1b644,false,https://www.luogu.com.cn/problem/P4268,P4268
洛谷/code/P4269.cpp,P4269.cpp,cpp,2234,100,6c491244e04f6c1c0e489e28ec6eebd46b8a2ab0199ecc931e856c93420b6038,true,https://www.luogu.com.cn/problem/P4269,P4269
洛谷/code/P4271.cpp,P4271.cpp,cpp,1620,66,21d6861f34976b8f9b83f347f1d719588eb188827491e02e22b67dabc54e8702,true,https://www.luogu.com.cn/problem/P4271,P4271
洛谷/code/P4280.cpp,P4280.cpp,cpp,1529,60,b30b7e41457113fe9fca1fd5f2b53d420128cfafac4e8e75cefd5e97bf3badd5,true,https://www.luogu.com.cn/problem/P4280,P4280
洛谷/code/P4284.cpp,P4284.cpp,cpp,1669,88,72ace88be5038f3d7a65f82549cd67f1fbc600702327c9c3d6138ac23b72c3f4,true,https://www.luogu.com.cn/problem/P4284,P4284
洛谷/code/P4287.cpp,P4287.cpp,cpp,1443,65,cfb629b94477caec7f5fdee2d7347d4df9256176fc9651a2182f98936f6b95a5,true,https://www.luogu.com.cn/problem/P4287,P4287
洛谷/code/P4289.cpp,P4289.cpp,cpp,2968,141,75c52c4abc8def429372a8f50597d3f01c5d3c1a378961b896551aff9bf5b1a6,true,https://www.luogu.com.cn/problem/P4289,P4289
洛谷/code/P4290.cpp,P4290.cpp,cpp,1553,71,161e84e4b723370c39cdb33e05148d738e0b77c8cdc9ab9cf2a890b497896d13,true,https://www.luogu.com.cn/problem/P4290,P4290
洛谷/code/P4301.cpp,P4301.cpp,cpp,676,44,4f63dc7bfb9586bf9af5ae49a12780f7e98fa85a57d2a6dc7a4e328b2480e764,true,https://www.luogu.com.cn/problem/P4301,P4301
洛谷/code/P4302.cpp,P4302.cpp,cpp,1243,58,def6d90fabfc37ee2d44aecaeb123edb033ff758561792c82eb32aee2be8fd78,true,https://www.luogu.com.cn/problem/P4302,P4302
洛谷/code/P4305(2).cpp,P4305(2).cpp,cpp,540,31,416a2e594672ee38df7cc79224827ed9ea86056586c539493d3bbcad1677938b,true,https://www.luogu.com.cn/problem/P4305,P4305
洛谷/code/P4305.cpp,P4305.cpp,cpp,387,24,25b80a1644a21db102d47d9f05a8a3259d705d87bcdcb97d82cfb655f5620f8b,true,https://www.luogu.com.cn/problem/P4305,P4305
洛谷/code/P4306.cpp,P4306.cpp,cpp,2628,133,5d02355e89d5fca355c4b468bfa9cd46017c09cc116181eb292a6312fc8b781a,true,https://www.luogu.com.cn/problem/P4306,P4306
洛谷/code/P4307.cpp,P4307.cpp,cpp,4091,182,b12f6269caf96a27efdfa969a93179d1d754849e9998df7d4c7c0618384fbd20,true,https://www.luogu.com.cn/problem/P4307,P4307
洛谷/code/P4309.cpp,P4309.cpp,cpp,2294,127,650663e296fe62ad6b6a27a15071487a870eda200c92d1e8f62db88f9d6f135a,true,https://www.luogu.com.cn/problem/P4309,P4309
洛谷/code/P4312.cpp,P4312.cpp,cpp,3815,188,c26970dd7ade66cf7a6d355d9b548983ee1df19d6ef246893c98983961028fc8,true,https://www.luogu.com.cn/problem/P4312,P4312
洛谷/code/P4313.cpp,P4313.cpp,cpp,3975,187,07e6f9e763c924fad07017f790d70f4225b44bb3fa88a875c58ce4b37c5479d0,true,https://www.luogu.com.cn/problem/P4313,P4313
洛谷/code/P4314.cpp,P4314.cpp,cpp,3861,181,79142201861d16e8afce4f01a68944ef4055c8728f80030a6c564962319bdfba,true,https://www.luogu.com.cn/problem/P4314,P4314
洛谷/code/P4315.cpp,P4315.cpp,cpp,5939,282,c5301eb282e76789ea6b5dd4d2f1eb1f1b21dfae6eaf1aca6f7d4dfd9ee42702,false,https://www.luogu.com.cn/problem/P4315,P4315
洛谷/code/P4316.cpp,P4316.cpp,cpp,1349,72,b2eae3ee1536b8bdbb5dfc82da6a5508a3600d42325a6c9a7b574b54149595c5,false,https://www.luogu.com.cn/problem/P4316,P4316
洛谷/code/P4317.cpp,P4317.cpp,cpp,1564,80,dbcaf3128085c3423f0e9ad52e864832264209edd156b228eed881f7e827acb5,false,https://www.luogu.com.cn/problem/P4317,P4317
洛谷/code/P4320.cpp,P4320.cpp,cpp,2871,153,e8e1b7c76b4b2480cee71e875214c78c4e45075c2c62275d4f6a77d4f064e937,true,https://www.luogu.com.cn/problem/P4320,P4320
洛谷/code/P4323(2).cpp,P4323(2).cpp,cpp,3176,162,db453f4c2a52b6e1a778726c7c72c9b843871437dd4036764e8ca530d67e9fd9,false,https://www.luogu.com.cn/problem/P4323,P4323
洛谷/code/P4323.cpp,P4323.cpp,cpp,3509,175,7d04cd4c98ec85b6d24d4019a53fdc2824e7771922ec90f1489de924268eb0d9,false,https://www.luogu.com.cn/problem/P4323,P4323
洛谷/code/P4326.c,P4326.c,c,249,16,b9ffbebeac790434fc84fdd4c828bf9814405e4139d1a95e33ee1a105afd2f76,true,https://www.luogu.com.cn/problem/P4326,P4326
洛谷/code/P4329.cpp,P4329.cpp,cpp,783,39,0728690b7235a7cf304e1a68c42d5fbbf2517669412ff3c88242817d0fa5f101,true,https://www.luogu.com.cn/problem/P4329,P4329
洛谷/code/P4340.cpp,P4340.cpp,cpp,1646,84,8920b1307d49ee7b1c996f01595d9c161c7df3cf7c6cc95087abc48471475224,false,https://www.luogu.com.cn/problem/P4340,P4340
洛谷/code/P4342.cpp,P4342.cpp,cpp,1415,41,ab8766d85df5dc99575d7033bb87277dc226a51d9e8eb04f63416700d07fbd71,true,https://www.luogu.com.cn/problem/P4342,P4342
洛谷/code/P4343(2).c,P4343(2).c,c,1223,62,00279bc20c92fe24eb9e8b591a1f45a0b1cee5da96b333b0832d0402ff41b303,true,https://www.luogu.com.cn/problem/P4343,P4343
洛谷/code/P4343.c,P4343.c,c,1131,54,4319e502da864529a66631ee10d96a2d7623b4414a7ec002028c968acf273f4e,true,https://www.luogu.com.cn/problem/P4343,P4343
洛谷/code/P4344.cpp,P4344.cpp,cpp,5865,212,02e62a8d1fe2939e2d74d3392d519257b29af935d3248e5ce9df885f3b58585d,true,https://www.luogu.com.cn/problem/P4344,P4344
洛谷/code/P4359.cpp,P4359.cpp,cpp,1793,84,65727448849488d21dfb0c3b7eadbfa815a40cd37e94523c5c71234d8ec34c22,true,https://www.luogu.com.cn/problem/P4359,P4359
洛谷/code/P4362.cpp,P4362.cpp,cpp,983,40,9e7cedc67cc19533065755b8e23fcd96b68646c3ee5a97e9ca8f4b5622bc412e,true,https://www.luogu.com.cn/problem/P4362,P4362
洛谷/code/P4364.cpp,P4364.cpp,cpp,2445,133,de95ab6e4be40647db11f632850cdf4b61527cf9f449f4151a2f48411391200f,true,https://www.luogu.com.cn/problem/P4364,P4364
洛谷/code/P4366.cpp,P4366.cpp,cpp,1895,92,2f1184886ad3cc79975abc49359612d3508cf53cbab6404ac326273e400ae45d,true,https://www.luogu.com.cn/problem/P4366,P4366
洛谷/code/P4374.cpp,P4374.cpp,cpp,3530,145,30c1639c68c57542756ed214866ec54b00bf8b931c8ee0cde905091a2057a8ea,true,https://www.luogu.com.cn/problem/P4374,P4374
洛谷/code/P4375.cpp,P4375.cpp,cpp,1067,63,14ef431fd8c95865e8f5712280654946827a4b9cf20b8d6dc3262ab4def35af6,true,https://www.luogu.com.cn/problem/P4375,P4375
洛谷/code/P4376.cpp,P4376.cpp,cpp,2536,133,3d4df415918b15495f057ce0fc30ce5f07576574774a2ba7c96fd44d8cd490f4,true,https://www.luogu.com.cn/problem/P4376,P4376
洛谷/code/P4378.cpp,P4378.cpp,cpp,555,22,127af7c7605877dad79608fe130805ec811c66aac14c92de80df87caa92b332d,true,https://www.luogu.com.cn/problem/P4378,P4378
洛谷/code/P4379.c,P4379.c,c,444,25,7c1176116c8ff2c80acce86f4a8ff407073702f4be1628b7f79c1a6a86507f56,true,https://www.luogu.com.cn/problem/P4379,P4379
洛谷/code/P4380.cpp,P4380.cpp,cpp,2661,117,6b5465a3ff728e979072f84828bd1da835a7ef61abc348bb944f697e0c6f7103,true,https://www.luogu.com.cn/problem/P4380,P4380
洛谷/code/P4381.cpp,P4381.cpp,cpp,2652,131,9d57df65e681a1f413d8e4df9eb38705711d3dbdd197aaacdeb9238ef345fce9,false,https://www.luogu.com.cn/problem/P4381,P4381
洛谷/code/P4388.cpp,P4388.cpp,cpp,913,49,5ae068f8f1285eaf89305bffafb4e4d8f0847e9583e3026b8ceba3faabccab01,true,https://www.luogu.com.cn/problem/P4388,P4388
洛谷/code/P4389(2).c,P4389(2).c,c,651,40,698cacdee085668d446caeb08525f912277de7944b520e5216301cf751a3a4d4,true,https://www.luogu.com.cn/problem/P4389,P4389
洛谷/code/P4389.c,P4389.c,c,820,45,b0daa16d3f4cf7768d4c71c38858b2f93d21f6bdee8553f85b9ea89de5ffda66,true,https://www.luogu.com.cn/problem/P4389,P4389
洛谷/code/P4390.cpp,P4390.cpp,cpp,2136,114,fd5daab4e1bb32cdfdc8208ec8af5daf9369326d2d4211401c25b764418afb6c,true,https://www.luogu.com.cn/problem/P4390,P4390
洛谷/code/P4390_2.cpp,P4390_2.cpp,cpp,2024,118,9ca6893f0b3bb53d589a0636b7788130c15d27c7e342f496356d51e5e6def217,true,,
洛谷/code/P4391.cpp,P4391.cpp,cpp,617,32,625bec10003ea8b3846107298d17e8e2c59efb7de8dfe93c34eb583943591385,true,https://www.luogu.com.cn/problem/P4391,P4391
洛谷/code/P4392.cpp,P4392.cpp,cpp,979,40,a3685e984a3afb12bb50bfca68d596235c9ce61ab5559791160e2ce56649955a,true,https://www.luogu.com.cn/problem/P4392,P4392
洛谷/code/P4393.c,P4393.c,c,324,22,10a9a24fc94377ea2065595a263944c8063c6d0347e056ab540405c3a8b57028,true,https://www.luogu.com.cn/problem/P4393,P4393
洛谷/code/P4396.cpp,P4396.cpp,cpp,3078,156,523814fadeb5c433f94b4bebf4b25319d8bea0977bc4d98fa048803c1368812a,true,https://www.luogu.com.cn/problem/P4396,P4396
洛谷/code/P4397.cpp,P4397.cpp,cpp,1540,68,45d2b23a4b7c61d2a36095c5979e4a199fb164eadc4faa1794b25d35b40b8893,true,https://www.luogu.com.cn/problem/P4397,P4397
洛谷/code/P4404.cpp,P4404.cpp,cpp,1743,92,66f3f6e54ad4c8e755f3d885d147b28212fe8c3e6cdbd749c0d5551d2e061749,true,https://www.luogu.com.cn/problem/P4404,P4404
洛谷/code/P4407.cpp,P4407.cpp,cpp,2239,105,89d2384def0913e790599c37dbfec6cd629031b2f666292c32606d75e58e2474,true,https://www.luogu.com.cn/problem/P4407,P4407
洛谷/code/P4408.cpp,P4408.cpp,cpp,1862,99,72cc8d47db77621a270db6f39a4f34f6f12337e114da295b2d98a4074a8a2585,false,https://www.luogu.com.cn/problem/P4408,P4408
洛谷/code/P4409.cpp,P4409.cpp,cpp,410,23,5c07579d61bd146d9fd7ea6a08d92bfc1d1e78db3f8b572dd24f8ed53affb45a,true,https://www.luogu.com.cn/problem/P4409,P4409
洛谷/code/P4416.cpp,P4416.cpp,cpp,2540,91,4fcfdd25169b41186f044c0b42e9200eec8d2114c424517d75b3d7290705a496,true,https://www.luogu.com.cn/problem/P4416,P4416
洛谷/code/P4421.cpp,P4421.cpp,cpp,745,36,9e9a43650bfd7ce313934a80a01f622ab8486d168350783cd7a397c027a5fe11,true,https://www.luogu.com.cn/problem/P4421,P4421
洛谷/code/P4422.cpp,P4422.cpp,cpp,1652,84,b992f1a5010967f34add2cc849bc64b92a464b05c507b1a62f37f6fd590b67a8,true,https://www.luogu.com.cn/problem/P4422,P4422
洛谷/code/P4427.cpp,P4427.cpp,cpp,1909,83,bb29acf3a83b93a946a6c9e0fe94c0585179b83e24f6a5b335041fdb50611d42,true,https://www.luogu.com.cn/problem/P4427,P4427
洛谷/code/P4428.cpp,P4428.cpp,cpp,3582,142,e552fb08d1140d9f55c5f6f3ea7e2f4d317a102560a065811bb8dc4eaf0886fd,true,https://www.luogu.com.cn/problem/P4428,P4428
洛谷/code/P4435.cpp,P4435.cpp,cpp,4396,163,da0580e7509eb42ba5b3d5effc2a7c85f2f7bab581b8d33653e43414616a52a1,true,https://www.luogu.com.cn/problem/P4435,P4435
洛谷/code/P4438.cpp,P4438.cpp,cpp,1181,49,8d577e23cf967a89c90e1046b81b63de775d86e05f551d6cbe32b595994dc818,true,https://www.luogu.com.cn/problem/P4438,P4438
洛谷/code/P4442.cpp,P4442.cpp,cpp,4287,185,4b19f6b4170550a8b16e78bc9944740722caf0d834d57e14a77f9ce3c0ab5efe,true,https://www.luogu.com.cn/problem/P4442,P4442
洛谷/code/P4446.cpp,P4446.cpp,cpp,523,26,b2513df2b3954456dc3f25b20a6627bf540d67127badb6a446256f5f2522ecaa,true,https://www.luogu.com.cn/problem/P4446,P4446
洛谷/code/P4447(2).c,P4447(2).c,c,1774,79,c777cec867089d1b8676f1ae9f05d341ea81a342c8269c8d9378d021c94525d6,true,https://www.luogu.com.cn/problem/P4447,P4447
洛谷/code/P4447.c,P4447.c,c,747,41,e4b51fe764d0d7d9c45c79748d624618317596ba580052859f717ba099395b6c,true,https://www.luogu.com.cn/problem/P4447,P4447
洛谷/code/P4449.cpp,P4449.cpp,cpp,1525,81,d5ad2b05e930096dbba8e098cda8585433c8f0db579e00115445108a590d9ac0,false,https://www.luogu.com.cn/problem/P4449,P4449
洛谷/code/P4450(2).cpp,P4450(2).cpp,cpp,867,45,5d2e41aff603a5afe4055e4f386966d0c814af0525bdd03e01e3c641bea83aec,true,https://www.luogu.com.cn/problem/P4450,P4450
洛谷/code/P4450.cpp,P4450.cpp,cpp,453,26,2876d213d8c619a61d7db67e8499cf16366570b75a45c490c8872ce77fdd277e,false,https://www.luogu.com.cn/problem/P4450,P4450
洛谷/code/P4452.cpp,P4452.cpp,cpp,6848,253,362509ad426cb95490484755a6fac75606d0e75d85d820d082263774a51a17a9,false,https://www.luogu.com.cn/problem/P4452,P4452
洛谷/code/P4454.cpp,P4454.cpp,cpp,1751,74,0aa151e4519b77dd00236833520cf35c75f7bfc2d4fb999408930423166a8e95,false,https://www.luogu.com.cn/problem/P4454,P4454
洛谷/code/P4456.cpp,P4456.cpp,cpp,952,50,73b03d6443ced0ae9b1c9100bdb781f3708d4f54f14ebe129d478a7a3588c5a4,true,https://www.luogu.com.cn/problem/P4456,P4456
洛谷/code/P4458.cpp,P4458.cpp,cpp,3752,168,80442b4ce59aa128dc98f393b13e3307feaef28fa7d3414c0f4b8345c78f5855,false,https://www.luogu.com.cn/problem/P4458,P4458
洛谷/code/P4463.cpp,P4463.cpp,cpp,1574,63,24cbeae80efcad78343d35db78e435e1a6b6676a1034d56dbc690c7b9793a66f,true,https://www.luogu.com.cn/problem/P4463,P4463
洛谷/code/P4465.cpp,P4465.cpp,cpp,1562,71,8218c98a42cf2b25e0f075c7567b0d5243a6efea27566060c5b3c9afbc4e4789,true,https://www.luogu.com.cn/problem/P4465,P4465
洛谷/code/P4473.cpp,P4473.cpp,cpp,2453,121,eb2c06a1a25e1b9516657a56c876d8f40ebe0a89c7c414cb6cf03021c6530541,true,https://www.luogu.com.cn/problem/P4473,P4473
洛谷/code/P4474.cpp,P4474.cpp,cpp,2931,146,c0e0aba68d631a85668570d0ee4448a5c54d5474babad99ed55c3034e03d95a1,true,https://www.luogu.com.cn/problem/P4474,P4474
洛谷/code/P4477.cpp,P4477.cpp,cpp,3653,187,05de2daeed85ce95940e1fa5b9be4bd121f41a3919faf93769a0c7f56a6535e9,true,https://www.luogu.com.cn/problem/P4477,P4477
洛谷/code/P4479.cpp,P4479.cpp,cpp,2029,114,44179dcf96654f5edcc3ca18e6344713e9349b2ff6d8182d26cb29cad91372f0,false,https://www.luogu.com.cn/problem/P4479,P4479
洛谷/code/P4492.cpp,P4492.cpp,cpp,711,31,34787b49e2e522d7f10179a8a77829bd96e1375a695c79f64bfd19c9aa48a273,false,https://www.luogu.com.cn/problem/P4492,P4492
洛谷/code/P4503.cpp,P4503.cpp,cpp,783,45,0ae4dde39a88d983c0929c02c5e9e13474590111fd49ff099988a1fcd4f7d180,true,https://www.luogu.com.cn/problem/P4503,P4503
洛谷/code/P4513.cpp,P4513.cpp,cpp,2267,83,7d8435c41e7e431be8abae4701a08dc5f814dcc603dfe965715f3a437736c624,true,https://www.luogu.com.cn/problem/P4513,P4513
洛谷/code/P4544.cpp,P4544.cpp,cpp,1428,63,1d50c96c2aba9ed1341f9c1c241d0ed0bb918ea2660256872cc09f30d7285aeb,false,https://www.luogu.com.cn/problem/P4544,P4544
洛谷/code/P4550.cpp,P4550.cpp,cpp,322,18,b21b72b602c7260a7967e0a233237fcbdbdb51d8d8e248b64f09945018b3144c,true,https://www.luogu.com.cn/problem/P4550,P4550
洛谷/code/P4551(2).cpp,P4551(2).cpp,cpp,1543,73,1f55f5c814c90a3c8b3c78050f32812ee37b560fc5840856bad53ee28a36f0e7,true,https://www.luogu.com.cn/problem/P4551,P4551
洛谷/code/P4551.cpp,P4551.cpp,cpp,1793,86,840bd4560fca6e4acf8c3104def3ece836610d366c8b89429884cff0976b727e,true,https://www.luogu.com.cn/problem/P4551,P4551
洛谷/code/P4552.cpp,P4552.cpp,cpp,505,28,a91a6b16f4959128ffea72131cfdb94c62b221fe1cf9a7f7360e9560178fd5e8,false,https://www.luogu.com.cn/problem/P4552,P4552
洛谷/code/P4554.cpp,P4554.cpp,cpp,2171,92,1278dcc0da2a840a9b187afb61c29f6da64b78327645aded0d00b6362e0cb9d1,true,https://www.luogu.com.cn/problem/P4554,P4554
洛谷/code/P4556.cpp,P4556.cpp,cpp,3411,174,aa387e4b9dfff426a9708681a6657ffd007ccc654e3ec538d4f310e516c2d3a1,true,https://www.luogu.com.cn/problem/P4556,P4556
洛谷/code/P4561.cpp,P4561.cpp,cpp,3872,122,091ce486ca6ba23c01ae66f59b4b7cb0335d3b9b6ca4ef08f51a883651eaacbb,true,https://www.luogu.com.cn/problem/P4561,P4561
洛谷/code/P4562.cpp,P4562.cpp,cpp,885,51,f42ecf0bd2621bcd9b4e684d9fe1702955809990be9e4a98fcb34e88203c0867,false,https://www.luogu.com.cn/problem/P4562,P4562
洛谷/code/P4567.cpp,P4567.cpp,cpp,3157,150,33df12d8b6decf710d46cda488cfd1bf3b8bf64511031ea5afca542273a428a1,true,https://www.luogu.com.cn/problem/P4567,P4567
洛谷/code/P4573.cpp,P4573.cpp,cpp,2142,52,cece68819e1223f3a562b09a72bfe2f4bfe847c36f2d5ef3594a12bf49f6e66c,true,https://www.luogu.com.cn/problem/P4573,P4573
洛谷/code/P4576.cpp,P4576.cpp,cpp,1525,54,aa32741a4c7faa39842ed0423205289cc9878fbad93dc237dd650964a9408a22,true,https://www.luogu.com.cn/problem/P4576,P4576
洛谷/code/P4577.cpp,P4577.cpp,cpp,1197,71,f18515893939dea5863f6cbe2675eb5d0cc3c28729e4869635157848b01664c5,true,https://www.luogu.com.cn/problem/P4577,P4577
洛谷/code/P4577_2.cpp,P4577_2.cpp,cpp,3129,169,d0e641cec3fcae2eda5825c0ac6b64eef32841c43b448b52a5791ce77313a378,true,,
洛谷/code/P4577（2）.cpp,P4577（2）.cpp,cpp,3414,183,f420d9994b093fe17e92217eb27ea395bacf5aec8b06a296c8579e466d1007ff,true,https://www.luogu.com.cn/problem/P4577,P4577
洛谷/code/P4585.cpp,P4585.cpp,cpp,4679,228,be31d52634373612e439a71678fb6d19c7d558bde406501015d954299dfa4cc7,true,https://www.luogu.com.cn/problem/P4585,P4585
洛谷/code/P4587.cpp,P4587.cpp,cpp,1706,86,1de726c2233be14e3e8a5df589bf2832217b1cdc4312769c82705d7854e46be9,true,https://www.luogu.com.cn/problem/P4587,P4587
洛谷/code/P4588(2).cpp,P4588(2).cpp,cpp,1090,56,14059bdd7833dd4d0a4bd9cf97510d80e68fb5c1285b014e2a83cd874f427e51,true,https://www.luogu.com.cn/problem/P4588,P4588
洛谷/code/P4588.cpp,P4588.cpp,cpp,959,60,fff96b9d96d469575f095b4b413edf2e86b05de1e061eac0987f018bd9da659a,true,https://www.luogu.com.cn/problem/P4588,P4588
洛谷/code/P4602.cpp,P4602.cpp,cpp,2696,131,423af1b7667c7b56c2a9f873b4543785e7df8634274039e9e2e63df7d4ebc901,true,https://www.luogu.com.cn/problem/P4602,P4602
洛谷/code/P4606.cpp,P4606.cpp,cpp,3561,191,d42e1e90dccc1c5476c889b89b0cd63e339a6e781f6e865befc7e67edba5cd1f,true,https://www.luogu.com.cn/problem/P4606,P4606
洛谷/code/P4616.cpp,P4616.cpp,cpp,1723,81,81c58f5da761ac1c3a049106529be8dcbd27f4881da0fd9a31a177d1cf16e9af,true,https://www.luogu.com.cn/problem/P4616,P4616
洛谷/code/P4620.cpp,P4620.cpp,cpp,2839,119,f2938aa9fc41eb7946ae35e6502c3eaefb30ae8610f392eac4a1a4792d8a8c30,true,https://www.luogu.com.cn/problem/P4620,P4620
洛谷/code/P4623.cpp,P4623.cpp,cpp,846,40,3b17cb8927668fbb68907e438eaac4aea70bd386ef335a33a4781ef556e4c3a1,true,https://www.luogu.com.cn/problem/P4623,P4623
洛谷/code/P4626.cpp,P4626.cpp,cpp,833,49,1da19adb6dedb4586c4e2b90158e235af055a2a4f8718253bc9304b94bbfd1c0,true,https://www.luogu.com.cn/problem/P4626,P4626
洛谷/code/P4630.cpp,P4630.cpp,cpp,2419,127,24b57ade12fff32d2896d56331c8d4d6b373ddfdb357dcde25f1b9d53bcc7eb5,true,https://www.luogu.com.cn/problem/P4630,P4630
洛谷/code/P4635.cpp,P4635.cpp,cpp,1195,66,90baaa036f243cd5bdfdc8ef466aedfe965bba5894395b19614907059ae07355,false,https://www.luogu.com.cn/problem/P4635,P4635
洛谷/code/P4644.cpp,P4644.cpp,cpp,2042,80,9acbeb56dae641c0f476ba12f69e5dd857ed6687e7dc5118fcc2b5a81b4defea,false,https://www.luogu.com.cn/problem/P4644,P4644
洛谷/code/P4645.cpp,P4645.cpp,cpp,2844,143,c0506b10a4aded31bc425f56e1bce1c227a1f4ee4a886109aa124f0896f4b806,true,https://www.luogu.com.cn/problem/P4645,P4645
洛谷/code/P4653(2).cpp,P4653(2).cpp,cpp,587,30,c3ef9d2a9fa1d9566e91628b761524cf1c723b4741606a979a9785fb326abd56,true,https://www.luogu.com.cn/problem/P4653,P4653
洛谷/code/P4653.cpp,P4653.cpp,cpp,581,29,66a9c3d22e9c003ca55a02cebf10cb45c5131d27c17a85004c0508d210c758a0,true,https://www.luogu.com.cn/problem/P4653,P4653
洛谷/code/P4666.cpp,P4666.cpp,cpp,3596,172,c102a0bab86bbd3cc334991d76c4a2bf9a8e9768dff32a96136da3e78422907c,true,https://www.luogu.com.cn/problem/P4666,P4666
洛谷/code/P4667.cpp,P4667.cpp,cpp,1893,61,6ed5a7b61e914bcda06902eaf80b1a8c633353387566726571b56199d293b27e,true,https://www.luogu.com.cn/problem/P4667,P4667
洛谷/code/P4669.cpp,P4669.cpp,cpp,408,23,0bdea22f3b8b15682a41d65415b46fc1861a452531f5e431d8efe0ff4c7029f5,false,https://www.luogu.com.cn/problem/P4669,P4669
洛谷/code/P4673.cpp,P4673.cpp,cpp,1618,57,e4aab69a6c32d976ece02b84539703d50545dc633ed5a65366f371b8e443d98e,true,https://www.luogu.com.cn/problem/P4673,P4673
洛谷/code/P4677.cpp,P4677.cpp,cpp,928,44,d6744900934b0b2e612aabe5f7ac1bb6ffee017944d8a56347d76883e8385369,true,https://www.luogu.com.cn/problem/P4677,P4677
洛谷/code/P4678.cpp,P4678.cpp,cpp,1987,85,22157b9cc8ca56129751de2b91adbb38fcce6045a95ee2c24d08e9d9e8bb80d1,false,https://www.luogu.com.cn/problem/P4678,P4678
洛谷/code/P4681.cpp,P4681.cpp,cpp,5414,241,de7351959e0d2fb390709344275a768d3ba4b2b1188497c2cb68acbcd425be06,true,https://www.luogu.com.cn/problem/P4681,P4681
洛谷/code/P4683.cpp,P4683.cpp,cpp,1486,80,319c0bc172a051e77e205d1997a9169316cd0e1548b821b9f4fd87db5617874f,true,https://www.luogu.com.cn/problem/P4683,P4683
洛谷/code/P4688.cpp,P4688.cpp,cpp,2859,146,be282aa8572ed1b885dd665e02b54167f0d378d129b43f2ea8536b6228f95409,true,https://www.luogu.com.cn/problem/P4688,P4688
洛谷/code/P4696.cpp,P4696.cpp,cpp,1677,106,82b36bd7f99b35ae6f11c8c2ddcd6354a31e3c828fd97068c20ceda6452326d2,true,https://www.luogu.com.cn/problem/P4696,P4696
洛谷/code/P4716.cpp,P4716.cpp,cpp,2861,124,9386baf53da0bff1689f548a977da0c5bae25c9a5147690462f91b145348c204,true,https://www.luogu.com.cn/problem/P4716,P4716
洛谷/code/P4728.cpp,P4728.cpp,cpp,896,42,b594b3bbf9bba56f2e953274b11646375cad425a49d080cb62a034744b16115c,true,https://www.luogu.com.cn/problem/P4728,P4728
洛谷/code/P4737.cpp,P4737.cpp,cpp,2270,110,f8d9b077aad7df73175aeb22a9c068cea90937b3fe6cb4f8ffe940a4c4140560,true,https://www.luogu.com.cn/problem/P4737,P4737
洛谷/code/P4742.cpp,P4742.cpp,cpp,3395,153,ed9f1a8b02443ba097c52bec91de1d1048b63c547136acd54301605e15d58d69,true,https://www.luogu.com.cn/problem/P4742,P4742
洛谷/code/P4743.cpp,P4743.cpp,cpp,3151,144,517ec3db619811af61b6e578a2ee212f5d2b37ac6c10c73adb00a8f112b537cb,true,https://www.luogu.com.cn/problem/P4743,P4743
洛谷/code/P4752.cpp,P4752.cpp,cpp,1306,62,2432a72e39214e75b84561b5e8c54a2f302305802f2c5801a19657db17ca487c,true,https://www.luogu.com.cn/problem/P4752,P4752
洛谷/code/P4755.cpp,P4755.cpp,cpp,3385,209,847041c597baa8b348128939bcb65b601462051afabf7955c54f332288e7213a,true,https://www.luogu.com.cn/problem/P4755,P4755
洛谷/code/P4762.cpp,P4762.cpp,cpp,2434,122,4034cdf6db9651d72f6d088554b67e92a7440f2f86fddf953116b6e7609b91bd,true,https://www.luogu.com.cn/problem/P4762,P4762
洛谷/code/P4766.cpp,P4766.cpp,cpp,1927,86,e564303a0005bf8a6d73418dfd3745509532dc4ba46f73869638f6bbacaac52a,true,https://www.luogu.com.cn/problem/P4766,P4766
洛谷/code/P4767.cpp,P4767.cpp,cpp,1339,63,910db90309e78c3e820ac32fe0a40bd8b91235529906f9aa11f8f864f09f9f8f,true,https://www.luogu.com.cn/problem/P4767,P4767
洛谷/code/P4773.cpp,P4773.cpp,cpp,500,29,8d7870d31f402e3179c7e8aeae28eddf802ccd7cfeca241f218d6122255b8614,false,https://www.luogu.com.cn/problem/P4773,P4773
洛谷/code/P4774.cpp,P4774.cpp,cpp,2996,113,9a398f2ca3529f8402052edde31cba79701c4c09b0d78a8e746ee7d9b8c815a3,false,https://www.luogu.com.cn/problem/P4774,P4774
洛谷/code/P4780.cpp,P4780.cpp,cpp,1711,93,ce69a17815675b4405031c6190da085dd6973dc33601e88f9bd8592cf56116ab,true,https://www.luogu.com.cn/problem/P4780,P4780
洛谷/code/P4781.cpp,P4781.cpp,cpp,819,44,80359b2b9a22c6276d67d3410ac2852ab0f02ff332da25b03d4b079bd1f5f550,false,https://www.luogu.com.cn/problem/P4781,P4781
洛谷/code/P4783.cpp,P4783.cpp,cpp,1695,84,f3a548e02c4decba0c5fc7ccd07053137a70e74da86170d66ed9fb72f128bb69,false,https://www.luogu.com.cn/problem/P4783,P4783
洛谷/code/P4784.cpp,P4784.cpp,cpp,2498,116,7f95f24846cc5ee9eb22ae697cfcc6dcddc5621668ac3616f94a836171d02f97,true,https://www.luogu.com.cn/problem/P4784,P4784
洛谷/code/P4786.cpp,P4786.cpp,cpp,3020,89,73232d141d5e7a373e837c8be3b9ff491a7136913fcc8f2288aee5341082cb04,true,https://www.luogu.com.cn/problem/P4786,P4786
洛谷/code/P4802(2).cpp,P4802(2).cpp,cpp,906,49,83dc60f8918144c531c037b18240fa50df5f681dd0c944c1d08cf46dbf1f3020,true,https://www.luogu.com.cn/problem/P4802,P4802
洛谷/code/P4802.cpp,P4802.cpp,cpp,688,31,bc301818b20051f932d1e018dffbf14f6e1211cc709937b98a1bdf3da059766a,true,https://www.luogu.com.cn/problem/P4802,P4802
洛谷/code/P4805.cpp,P4805.cpp,cpp,1318,56,960462ceb27eed72e1a0c5a163017974be53e52a9d7e9143588054839b90dd82,true,https://www.luogu.com.cn/problem/P4805,P4805
洛谷/code/P4806.cpp,P4806.cpp,cpp,3968,178,53646950ae2bfd0eb82231c7cdd7b86a1eb6fb9a807e1f866ae698866c33bdb5,true,https://www.luogu.com.cn/problem/P4806,P4806
洛谷/code/P4819.cpp,P4819.cpp,cpp,2730,138,04bd56858d83fd71510b91e23da8eb24cb005228feca3af320ea37ab937cc6cd,true,https://www.luogu.com.cn/problem/P4819,P4819
洛谷/code/P4822.cpp,P4822.cpp,cpp,1743,83,de3e9ccb292171c5ecb37179b8319d912fb8599d09af440a21f444ffede520fe,true,https://www.luogu.com.cn/problem/P4822,P4822
洛谷/code/P4824.cpp,P4824.cpp,cpp,1484,75,bf82ec6313ca435eefd72611d6dc814e70e25492193f4026aa9db4a486265803,true,https://www.luogu.com.cn/problem/P4824,P4824
洛谷/code/P4825.cpp,P4825.cpp,cpp,826,34,903883a74e2f6901d931dfece401dba487e516bab5c7d9aad2f0621ba3a84512,false,https://www.luogu.com.cn/problem/P4825,P4825
洛谷/code/P4828.cpp,P4828.cpp,cpp,964,48,4655b77deb2dd72f842fe15239e9ee0d444c78dc1f66fe954ae1b91407136bc2,false,https://www.luogu.com.cn/problem/P4828,P4828
洛谷/code/P4833.cpp,P4833.cpp,cpp,1687,89,4875e7d8bec748a5fb1987be7bbf047e53f7b292dc1e9245c0e95581d74c52b1,true,https://www.luogu.com.cn/problem/P4833,P4833
洛谷/code/P4843.cpp,P4843.cpp,cpp,3238,161,7531e9e877f129de4214dd270c6de92a962b041898610f5fda52c7aef8a7d226,true,https://www.luogu.com.cn/problem/P4843,P4843
洛谷/code/P4847.cpp,P4847.cpp,cpp,2759,146,0689655d8e456ebbe61b04d437b6a5c8371d00b998c66154d62287ed662d2bac,true,https://www.luogu.com.cn/problem/P4847,P4847
洛谷/code/P4847_2.cpp,P4847_2.cpp,cpp,4036,225,0520bb71f59cfa48fbd003b3f5f12ede097ac443ed50dfede67c2187e672b992,true,,
洛谷/code/P4860.c,P4860.c,c,287,17,95513c2ef6516d5592e2fc72334d5b7ec3046a7699f7f93d027b6c65b6eafa80,true,https://www.luogu.com.cn/problem/P4860,P4860
洛谷/code/P4861.cpp,P4861.cpp,cpp,1473,83,a9f12945bc69130ea344473dcf857e1066fb04a10f81862c5c81e2726ffa2dc6,false,https://www.luogu.com.cn/problem/P4861,P4861
洛谷/code/P4863.cpp,P4863.cpp,cpp,618,30,451c153533fe1465552919ed5f15ad82b19010de5f00bef78a52600132ed9368,false,https://www.luogu.com.cn/problem/P4863,P4863
洛谷/code/P4865.cpp,P4865.cpp,cpp,2772,138,4fbe05c5c9b3d16c5c941ef90bf0a054fbd26ca4fffed61b5054b428e03e63f4,true,https://www.luogu.com.cn/problem/P4865,P4865
洛谷/code/P4867.cpp,P4867.cpp,cpp,2670,139,ada2e6db68065cfb97bdca9c6fcf729635ad17f1c7a39be9fe635cdd97334e6b,true,https://www.luogu.com.cn/problem/P4867,P4867
洛谷/code/P4868.cpp,P4868.cpp,cpp,1294,70,ce2a6dd57b14c4e63c8a41051b02378157cc2c0382748a869c8f348acf05dbf2,false,https://www.luogu.com.cn/problem/P4868,P4868
洛谷/code/P4869.cpp,P4869.cpp,cpp,1748,84,5d24aa5d8c2902ee15ff7aa3e00f6de54a1ba3aa875729f1157ab400c7867f83,false,https://www.luogu.com.cn/problem/P4869,P4869
洛谷/code/P4873.cpp,P4873.cpp,cpp,1244,57,0e5dd761e84776b08a1e28d5257cb802023686970f0cb5629514d6506506fa6f,false,https://www.luogu.com.cn/problem/P4873,P4873
洛谷/code/P4877.cpp,P4877.cpp,cpp,1100,50,2496a9ab36b8d9e06bd7ed4bd1064ff93d4dface84afbb57235f3d71df942ca5,true,https://www.luogu.com.cn/problem/P4877,P4877
洛谷/code/P4879.cpp,P4879.cpp,cpp,1993,65,d26b0f86b33ee9c3556f97e2e67d6e1cd9adaa2bcb75bfd56e8636f873203cbf,true,https://www.luogu.com.cn/problem/P4879,P4879
洛谷/code/P4880.cpp,P4880.cpp,cpp,1782,89,df5c5e60c1d010e37cb2afc72c4ff1f20f2efedf8e2d872df73c4dd3c42da1e9,true,https://www.luogu.com.cn/problem/P4880,P4880
洛谷/code/P4881.cpp,P4881.cpp,cpp,834,46,a102f9f6a16322ef380726e29f154e0dd036a69bc01007b4ff2353c2da6766b3,false,https://www.luogu.com.cn/problem/P4881,P4881
洛谷/code/P4886.cpp,P4886.cpp,cpp,2759,135,dad9346a08486004bc6db1402a20fe4ee25a4b6d674add7d8f55e86f8e2671a7,true,https://www.luogu.com.cn/problem/P4886,P4886
洛谷/code/P4887.cpp,P4887.cpp,cpp,4133,197,7fd2bc16f398b9099467929d321ced337f2c3af5e67ce4f8373777f7816b2295,true,https://www.luogu.com.cn/problem/P4887,P4887
洛谷/code/P4899.cpp,P4899.cpp,cpp,7519,314,ecd314bf4f2728ba4d5f724b2887592d9b1786d1f4e2ab59697929a4634fe4fb,true,https://www.luogu.com.cn/problem/P4899,P4899
洛谷/code/P4906.cpp,P4906.cpp,cpp,1555,61,267266a3260c23f23146043f95bb93b9ea398abb35634066028c732ce0d746f7,true,https://www.luogu.com.cn/problem/P4906,P4906
洛谷/code/P4909.cpp,P4909.cpp,cpp,596,30,10b8dddd2a7decfe4aa7cbe44b57252ab7e1cefbf1742de8336e9faf067aa677,true,https://www.luogu.com.cn/problem/P4909,P4909
洛谷/code/P4910.cpp,P4910.cpp,cpp,1922,82,e94d71c9ae86938cfce3500c58c389b07d6e09dabaf1855d8a7592d71b257246,false,https://www.luogu.com.cn/problem/P4910,P4910
洛谷/code/P4913.cpp,P4913.cpp,cpp,392,28,017d5fdd76f5c63e8cbbe7b9a11b37f67f733b5311ed7709dd8d3b96406d5367,true,https://www.luogu.com.cn/problem/P4913,P4913
洛谷/code/P4915.cpp,P4915.cpp,cpp,3753,193,2f5cf9555b4d53ca814b6e6faf0d9fbcf8646cba0cab19d43e67cab3764b3b71,false,https://www.luogu.com.cn/problem/P4915,P4915
洛谷/code/P4927.cpp,P4927.cpp,cpp,2159,93,9be5b223036483a24b541bbe30c79176ad88522616e787afdb7ab5390dfe9513,false,https://www.luogu.com.cn/problem/P4927,P4927
洛谷/code/P4928.cpp,P4928.cpp,cpp,1503,71,a4064b0ad837e4d5da1c6d31ba01ee3fa40d7a23cbac739b793468cec4219ebd,true,https://www.luogu.com.cn/problem/P4928,P4928
洛谷/code/P4934.cpp,P4934.cpp,cpp,1003,51,b2e0df52bf2dc5f5ca008497d887fc98ebe3a39871970c363edbf59e8676e3ab,true,https://www.luogu.com.cn/problem/P4934,P4934
洛谷/code/P4939.cpp,P4939.cpp,cpp,882,48,e9153ebaf728a7bbd1f2f0ff133be56e15d592d14e57626765a2b987b3bf196f,true,https://www.luogu.com.cn/problem/P4939,P4939
洛谷/code/P4943.cpp,P4943.cpp,cpp,2037,76,7ae0fe442c803ffa89c6343bc549096248be58dbd6a04aa9613e6851b841af84,true,https://www.luogu.com.cn/problem/P4943,P4943
洛谷/code/P4949.cpp,P4949.cpp,cpp,4134,196,8e630bd5df9803ee2ff9790998163fb0cebad768d0f3662c96520eaa7114513c,true,https://www.luogu.com.cn/problem/P4949,P4949
洛谷/code/P4949_2.cpp,P4949_2.cpp,cpp,2995,170,27ed2c7fa51bab91c90e78dbc566a533b05937ccb1ed0be6ba4e2764ec8d760d,true,,
洛谷/code/P4949_3.cpp,P4949_3.cpp,cpp,3720,199,4898b664d0508a135e745b730d53e78cb5f25c88463b6db170e20f132fb7fddf,true,,
洛谷/code/P4969.cpp,P4969.cpp,cpp,2862,134,b4a4069bdd3c11210f8d040abc309692dc3c925b55518c89bc0507ee738ecc28,false,https://www.luogu.com.cn/problem/P4969,P4969
洛谷/code/P4973.cpp,P4973.cpp,cpp,399,21,af226a882af97ae96b25b5a7f860409695a4a20166202c66e560c67e3dc5279b,true,https://www.luogu.com.cn/problem/P4973,P4973
洛谷/code/P4979(2).cpp,P4979(2).cpp,cpp,2005,85,ade7405432454031fd0bffe1f10463ee2ebd7009d5cb8332add1cb09218e1dcc,true,https://www.luogu.com.cn/problem/P4979,P4979
洛谷/code/P4979.cpp,P4979.cpp,cpp,3784,168,43c19bffd0bcd4ff317947385a965395e0f0d4faccd560bf62aadc79ad137798,true,https://www.luogu.com.cn/problem/P4979,P4979
洛谷/code/P4995.c,P4995.c,c,537,28,2903dd3f534ace90fc2fec2244e8ab8986bf487b1a2346d3953659f20ca9d496,true,https://www.luogu.com.cn/problem/P4995,P4995
洛谷/code/P4999(2).c,P4999(2).c,c,1457,50,70ad84727c8e53e6c778f2463aae0a63357dd8db0250dba0ec2a6933d6beadf6,true,https://www.luogu.com.cn/problem/P4999,P4999
洛谷/code/P5004.cpp,P5004.cpp,cpp,1481,66,03c6909e7e546c873add7bd437cf591851d56fdae31cfe8be292520d433a0efa,false,https://www.luogu.com.cn/problem/P5004,P5004
洛谷/code/P5007.cpp,P5007.cpp,cpp,1091,60,781f6e89608ccbc7c2e000229fcdfb93ca8913df0dbe4c71ce37315fbaf310fa,false,https://www.luogu.com.cn/problem/P5007,P5007
洛谷/code/P5008.cpp,P5008.cpp,cpp,2897,150,195c0b4c30a481605241267aa3343bd8c1961177be95ece40584bd24c9a6b48a,true,https://www.luogu.com.cn/problem/P5008,P5008
洛谷/code/P5009.cpp,P5009.cpp,cpp,5699,266,daebf460045045d8a8d5246d0e7d854629cb576ff46b00ce813dee1488a12ee0,true,https://www.luogu.com.cn/problem/P5009,P5009
洛谷/code/P5011.cpp,P5011.cpp,cpp,1005,55,78345e82637cfa2d1428035fef4e768a710678188962ba237cc59d7e9a45b2e0,false,https://www.luogu.com.cn/problem/P5011,P5011
洛谷/code/P5012.cpp,P5012.cpp,cpp,3063,151,a5b0154cbd9ac9f9c5d557ef2fcf00d3c7ef7ed9d202de08374377cb49521f82,false,https://www.luogu.com.cn/problem/P5012,P5012
洛谷/code/P5014.cpp,P5014.cpp,cpp,1287,62,44f4dcf83a2f0232917d6cde40ee9798000a586c2c1d7ef542b34c18015aec1f,false,https://www.luogu.com.cn/problem/P5014,P5014
洛谷/code/P5018(2).cpp,P5018(2).cpp,cpp,1119,51,85e005e6fa7d25aa8bbc9f80c58c5b82ed6bc9ed5f34cc8082da5f4ff43705dd,true,https://www.luogu.com.cn/problem/P5018,P5018
洛谷/code/P5018.cpp,P5018.cpp,cpp,1527,65,f107a1dba5103c102bd078707473acd387efb20991eee0979c7f43595991c187,true,https://www.luogu.com.cn/problem/P5018,P5018
洛谷/code/P5019.c,P5019.c,c,329,22,31040e39822a27a1b176f9d9b125caa5815f0da10b04c715c652efa0f28a7ae2,true,https://www.luogu.com.cn/problem/P5019,P5019
洛谷/code/P5025.cpp,P5025.cpp,cpp,7440,217,7349d8396c730c5cd3c1764cae897da9195340420db7c036c34e7e7ba7dce69c,true,https://www.luogu.com.cn/problem/P5025,P5025
洛谷/code/P5026.cpp,P5026.cpp,cpp,786,45,eaeaee2da1636f588603cbc8930d0772b1e83139afccacad19411feb1226a260,true,https://www.luogu.com.cn/problem/P5026,P5026
洛谷/code/P5028.cpp,P5028.cpp,cpp,3787,166,1fb13f1337a0157d756464ddc55bdb718ad26d0fc81e1e365acfe5c886a8c347,true,https://www.luogu.com.cn/problem/P5028,P5028
洛谷/code/P5038.cpp,P5038.cpp,cpp,4409,202,fefbbabcff6cf8622df905edfd1ff7ba73ee8b8bd739364d7520bc8d32a769cc,false,https://www.luogu.com.cn/problem/P5038,P5038
洛谷/code/P5043.cpp,P5043.cpp,cpp,2446,129,56db7a927aba28c615a030b35f4fc90741d30baf4887f1a881404e3d554e50ec,false,https://www.luogu.com.cn/problem/P5043,P5043
洛谷/code/P5046.cpp,P5046.cpp,cpp,4054,183,7c837e80d87a1226c1262254f5f8d46673ee84074d9bb03d43336fd91378ccb2,true,https://www.luogu.com.cn/problem/P5046,P5046
洛谷/code/P5047.cpp,P5047.cpp,cpp,5091,255,d5610ae52215f6df4c196c911bface87730b7145b573ae1d87bcbdca012d3a5f,true,https://www.luogu.com.cn/problem/P5047,P5047
洛谷/code/P5048.cpp,P5048.cpp,cpp,2404,123,d93d20722301caf394461f0c47c6f5cc7103d1e763105bb604a4d75b0c9141c4,true,https://www.luogu.com.cn/problem/P5048,P5048
洛谷/code/P5049.cpp,P5049.cpp,cpp,2580,129,9019eb23d9a454e844eec22958b57c7dc1401d06bc3d49b4e0c5c1f558d69401,true,https://www.luogu.com.cn/problem/P5049,P5049
洛谷/code/P5057.cpp,P5057.cpp,cpp,439,27,031ec697c942cb7dcada55263d622497519992966dc339cd525db66a84afd612,true,https://www.luogu.com.cn/problem/P5057,P5057
洛谷/code/P5058.cpp,P5058.cpp,cpp,1499,82,b794b7230c45fa1f0e923380e234ddcdcd87e3388f204f4864d27d34ff1da422,true,https://www.luogu.com.cn/problem/P5058,P5058
洛谷/code/P5072.cpp,P5072.cpp,cpp,3334,173,fda4d0902954136030cc92c2007c727a7c59fef48ac621047fb1ffa2028345d5,true,https://www.luogu.com.cn/problem/P5072,P5072
洛谷/code/P5072_2.cpp,P5072_2.cpp,cpp,4167,223,61637f9b67c62a87c4e2b76ecda285fae66fadaee0bae1d69918775cad6c7886,true,,
洛谷/code/P5076.c,P5076.c,c,424,22,27a62cf38bdf7c131aa2b93e3b2f6ee41290a023199b95098a2f97147d3887de,false,https://www.luogu.com.cn/problem/P5076,P5076
洛谷/code/P5091.cpp,P5091.cpp,cpp,749,59,395b92f8430d21e420b786de5be21cdaf73957f15187e2564147c3d1be85d09b,false,https://www.luogu.com.cn/problem/P5091,P5091
洛谷/code/P5094.cpp,P5094.cpp,cpp,1481,71,4015f449dafe61e9a5c50ea85da40dda71b22a6fcc222c548c0b6219fc68466d,true,https://www.luogu.com.cn/problem/P5094,P5094
洛谷/code/P5112.cpp,P5112.cpp,cpp,2703,142,b476126c87069a49d33ddb63f9e5adb39c02a131fd998bbefa672841ae609dce,true,https://www.luogu.com.cn/problem/P5112,P5112
洛谷/code/P5122.cpp,P5122.cpp,cpp,2019,96,2272cd8b0372156c8cde6c4a58314bf0fcc4ab93bdba2e55f0e0019dfc71f77e,true,https://www.luogu.com.cn/problem/P5122,P5122
洛谷/code/P5135.cpp,P5135.cpp,cpp,1404,75,2092bd4f8a107d1379cb5b8a833732e76ceaec5431ad86f816fa8dcd4614963f,false,https://www.luogu.com.cn/problem/P5135,P5135
洛谷/code/P5142.cpp,P5142.cpp,cpp,2774,141,a94a9237f1abaacebaeb25774e44fa4c7102a8aae568dd0c00c6ca958a366e7e,false,https://www.luogu.com.cn/problem/P5142,P5142
洛谷/code/P5144.cpp,P5144.cpp,cpp,798,43,c66d73906ce636a788d5d974dce3c3360963619dcd7366a01457bb5896c3d492,true,https://www.luogu.com.cn/problem/P5144,P5144
洛谷/code/P5146(2).c,P5146(2).c,c,606,25,225d22edc03c13318821bc2eb55c93f33ce90551446e42a598e21c61666fd5f5,true,https://www.luogu.com.cn/problem/P5146,P5146
洛谷/code/P5146.c,P5146.c,c,419,27,fe1e2db52610289fbe44f3d974d3ba64dbc7f20aaf5d780dbe04592bd95f5cc9,true,https://www.luogu.com.cn/problem/P5146,P5146
洛谷/code/P5147.cpp,P5147.cpp,cpp,523,27,9075223f8aece62b70ee6be01b76addbbffbf7f2ef7f326387d3e1dc4e3e55ea,false,https://www.luogu.com.cn/problem/P5147,P5147
洛谷/code/P5149.cpp,P5149.cpp,cpp,1278,69,0a9f1d02989acf2fa0396645c6d7dc21dbb15938036197f7324e2d66dfedba02,false,https://www.luogu.com.cn/problem/P5149,P5149
洛谷/code/P5150.cpp,P5150.cpp,cpp,463,30,20cb0ea9ab3bc0d5aab4d9e8cb02da3bb024681cc282aba50482798e6702a7c2,false,https://www.luogu.com.cn/problem/P5150,P5150
洛谷/code/P5156.cpp,P5156.cpp,cpp,1986,106,019ab4e7d033bbb9a4d449e01bc5162f26c29b848fc2459e3ac0caa8de3c2cac,false,https://www.luogu.com.cn/problem/P5156,P5156
洛谷/code/P5157.cpp,P5157.cpp,cpp,1835,105,286a46b31470c10fee644c3cf946b124898a95b375b44eb71385bf8bc916e557,true,https://www.luogu.com.cn/problem/P5157,P5157
洛谷/code/P5170.cpp,P5170.cpp,cpp,2213,76,1100e5591b7aeed997b2d6c54ac5862aabd362b4edfa843a9cb27fa752bbe900,false,https://www.luogu.com.cn/problem/P5170,P5170
洛谷/code/P5186.cpp,P5186.cpp,cpp,1148,57,7c79df427e183a9301de796b8e12bd82aec155ef7f9b2714dd43a87898413c6b,false,https://www.luogu.com.cn/problem/P5186,P5186
洛谷/code/P5192.cpp,P5192.cpp,cpp,4097,181,b362aa08351fab2d2fc468ee69d4513b81878059a57072166ccd68b54077cec8,false,https://www.luogu.com.cn/problem/P5192,P5192
洛谷/code/P5195.cpp,P5195.cpp,cpp,2176,84,332e55303f76a8780d4efd88218dbf4d4cae3eb582aaf77df2769ffc19f82136,true,https://www.luogu.com.cn/problem/P5195,P5195
洛谷/code/P5200(2).cpp,P5200(2).cpp,cpp,900,53,2ce3a8535c65615ed545a7d23687ad1b4b16bcddc3e739fbe7e6e6ad6a67d594,true,https://www.luogu.com.cn/problem/P5200,P5200
洛谷/code/P5200.cpp,P5200.cpp,cpp,822,44,b00386def79b18037e7a2730a8983a58a622726a3d6fcf8ad5614333b51f7d27,true,https://www.luogu.com.cn/problem/P5200,P5200
洛谷/code/P5202.cpp,P5202.cpp,cpp,762,36,9ad0965337e2b0b6325949ed900e13b5db1f81e43a6f61020635d2bafb856d4b,true,https://www.luogu.com.cn/problem/P5202,P5202
洛谷/code/P5203.cpp,P5203.cpp,cpp,2582,139,69332f3bf3815001abb8c28adcec6f35a7d898240f27110bb38d2040c8bf7701,true,https://www.luogu.com.cn/problem/P5203,P5203
洛谷/code/P5217.cpp,P5217.cpp,cpp,3880,196,08b896ab0199d5ab20facb5dabdbd0a1e20e6ac1c1d1acbf206c9cbb61bfe484,true,https://www.luogu.com.cn/problem/P5217,P5217
洛谷/code/P5221.cpp,P5221.cpp,cpp,1381,70,f915e6ef0a8f24ee966f15774c025d8cc146fb3cdab228b0d09091937ed68a25,false,https://www.luogu.com.cn/problem/P5221,P5221
洛谷/code/P5231.cpp,P5231.cpp,cpp,1861,100,5f4c644986c5aefef9c198f22b4368389569941baaaa42458af1569512b34646,true,https://www.luogu.com.cn/problem/P5231,P5231
洛谷/code/P5250.cpp,P5250.cpp,cpp,651,28,404a0a503f70567997dafbe9a2b3133636f17c6482c7aa0103426ef312f7edf3,true,https://www.luogu.com.cn/problem/P5250,P5250
洛谷/code/P5256.cpp,P5256.cpp,cpp,2419,109,cc6adbef9c10f25ae4fa4813e6704c8d4ae826b74af905c805b7b5025b515f4d,false,https://www.luogu.com.cn/problem/P5256,P5256
洛谷/code/P5266.cpp,P5266.cpp,cpp,796,34,59921c935a34db43f61c510dc81fac679e306793097a04491a391f3e3e072cf0,true,https://www.luogu.com.cn/problem/P5266,P5266
洛谷/code/P5278.cpp,P5278.cpp,cpp,3265,149,a5ee07b622a07032a43bd9f29ac1da84c9e31305759ed0d901333465858c6889,false,https://www.luogu.com.cn/problem/P5278,P5278
洛谷/code/P5283.cpp,P5283.cpp,cpp,3211,148,05645f6af4af07dd1dbfd38f233ad6e4441a95f66a4971f43f38b07f47608de2,false,https://www.luogu.com.cn/problem/P5283,P5283
洛谷/code/P5290.cpp,P5290.cpp,cpp,1378,77,7879d4e19971edd404fae91e6154670e6fbb82d16efb7cbe962360f511bf40a4,true,https://www.luogu.com.cn/problem/P5290,P5290
洛谷/code/P5298.cpp,P5298.cpp,cpp,3951,203,d16d05f4b626c993b3199cd4b3453c950e73ab4822eceecc6ff362178fa25f27,true,https://www.luogu.com.cn/problem/P5298,P5298
洛谷/code/P5305.cpp,P5305.cpp,cpp,3855,222,849ad973b5724430e706729e61a04411289d578fb98fd9b0e6363c3decec5b89,false,https://www.luogu.com.cn/problem/P5305,P5305
洛谷/code/P5306.cpp,P5306.cpp,cpp,3296,167,0de8df4a77ca351cfab3e8af506b54b401f5302913045e0239859e9c4ad32e4d,false,https://www.luogu.com.cn/problem/P5306,P5306
洛谷/code/P5309.cpp,P5309.cpp,cpp,2390,121,91e09db5cff63354e48f1c02b84492cfad92648850c97f1891bdffc42201fa3f,true,https://www.luogu.com.cn/problem/P5309,P5309
洛谷/code/P5311.cpp,P5311.cpp,cpp,3871,204,08992351dba6110511ef146e0b9d33752979ec9911f253dc6a49619120b5671e,true,https://www.luogu.com.cn/problem/P5311,P5311
洛谷/code/P5318.cpp,P5318.cpp,cpp,828,44,6762da9052b1b0a0a2de347a60473d99d93c96ae7418884cffb7ee33c000ee8d,true,https://www.luogu.com.cn/problem/P5318,P5318
洛谷/code/P5319.cpp,P5319.cpp,cpp,3243,153,9a97ce439fefd3f866b3afd5ea2f75ebb52bac6abf80641a0450a06bf6f92b56,true,https://www.luogu.com.cn/problem/P5319,P5319
洛谷/code/P5324.cpp,P5324.cpp,cpp,2694,111,c4c7659ed09504f48d90e9068fe560b518914f5eac5bcdbb740db26186bbfb66,true,https://www.luogu.com.cn/problem/P5324,P5324
洛谷/code/P5335.cpp,P5335.cpp,cpp,1486,78,906cc81f0d2f374525652bae2f011aef80d729823f5ea8d5b0154517265fe284,false,https://www.luogu.com.cn/problem/P5335,P5335
洛谷/code/P5337.cpp,P5337.cpp,cpp,1341,63,d1a610ee34813db09cf621991de1acb6a6ead5391c9b4f393dd87770f486f4cd,false,https://www.luogu.com.cn/problem/P5337,P5337
洛谷/code/P5338.cpp,P5338.cpp,cpp,2586,133,5c894979e4dfd1af86a9ba71e8ddb83617b892e4ee5870d301eb69c21b99ed63,false,https://www.luogu.com.cn/problem/P5338,P5338
洛谷/code/P5343.cpp,P5343.cpp,cpp,2483,88,c2aa5524245fa23a32238ddaa952e3c93209bd084675fc06a1ca91972222d58a,true,https://www.luogu.com.cn/problem/P5343,P5343
洛谷/code/P5344.cpp,P5344.cpp,cpp,4859,241,2580b3cbbcc3371620acd5b4b2c423f6604ce19f3e4b352cdfec8322d357b702,true,https://www.luogu.com.cn/problem/P5344,P5344
洛谷/code/P5354.cpp,P5354.cpp,cpp,5504,284,bf21777062db075d514d8b5ffef4790a268094212d7bf116e14a721ae264b1a3,true,https://www.luogu.com.cn/problem/P5354,P5354
洛谷/code/P5355.cpp,P5355.cpp,cpp,3733,184,b901beee257fcecfb45f9ba688ae4c394545c0d24d8483b98c67abf1e619d2a1,true,https://www.luogu.com.cn/problem/P5355,P5355
洛谷/code/P5356.cpp,P5356.cpp,cpp,4022,202,1ebd3c66a649fa92e2b9d5db29ec9f32fab1ee3352bc2270e9e9fde3d4da4d8a,true,https://www.luogu.com.cn/problem/P5356,P5356
洛谷/code/P5357_3.cpp,P5357_3.cpp,cpp,1668,93,6fcb3794fde242716ace1f9851b45e92bc53507e53c0e7091503c82fbdc529b4,true,,
洛谷/code/P5363.cpp,P5363.cpp,cpp,2018,89,9ee57d23ff343c4bb8730e6a9f02c02cf1f91167968885142875da7bc9bff7cb,false,https://www.luogu.com.cn/problem/P5363,P5363
洛谷/code/P5377.cpp,P5377.cpp,cpp,497,29,06efda5e39f3634e7328f631677108cdad7c80827c38905127548e38ae522cc7,true,https://www.luogu.com.cn/problem/P5377,P5377
洛谷/code/P5384(2).cpp,P5384(2).cpp,cpp,2044,119,1e307a7d7a940f838659de6e5e66efb4488b1f5d50d21a299145621fbd9c0a70,true,https://www.luogu.com.cn/problem/P5384,P5384
洛谷/code/P5384.cpp,P5384.cpp,cpp,2983,140,c639d42d5f8fb40a5b942d234f6ece0d41e9cb059566633fadff737f541baa5c,true,https://www.luogu.com.cn/problem/P5384,P5384
洛谷/code/P5389.cpp,P5389.cpp,cpp,578,33,545d9bc310a26aace7cd65d9098db6a298a189c56f21a955762fefaf84667596,false,https://www.luogu.com.cn/problem/P5389,P5389
洛谷/code/P5391.cpp,P5391.cpp,cpp,1745,102,08a9c7078f8aeb92fab52f21bb036f2fa2078429f829f7eda43b0639f57337fa,true,https://www.luogu.com.cn/problem/P5391,P5391
洛谷/code/P5424.cpp,P5424.cpp,cpp,1684,75,7de0ba15a7f70e4b0e48bd1925131b33b9ae1d2c20faf58261a5b52ca0e75978,true,https://www.luogu.com.cn/problem/P5424,P5424
洛谷/code/P5446(2).cpp,P5446(2).cpp,cpp,1347,50,cf00fe3ca67e2706d1adac17b6b1eba38af151ad02199dc6294fc5824a669e55,true,https://www.luogu.com.cn/problem/P5446,P5446
洛谷/code/P5446.cpp,P5446.cpp,cpp,1696,67,cba112d8a4a330955042689b441d11b44c306b450ddad6512105caa667c330ff,true,https://www.luogu.com.cn/problem/P5446,P5446
洛谷/code/P5459(2).cpp,P5459(2).cpp,cpp,972,55,f1d922f4f2973989d7f370c85c64783e7833e1eadf755b9f37229cc70c1fc199,true,https://www.luogu.com.cn/problem/P5459,P5459
洛谷/code/P5459.cpp,P5459.cpp,cpp,1972,88,e63f06355d02ff63e56f42ad0078919b29941479b348e49d61b4a0eee808fa82,true,https://www.luogu.com.cn/problem/P5459,P5459
洛谷/code/P5471.cpp,P5471.cpp,cpp,3530,167,a5f8e43ba27b22d82321122edf0d020002da29390751fe82d1dd6ddb33778810,true,https://www.luogu.com.cn/problem/P5471,P5471
洛谷/code/P5482.cpp,P5482.cpp,cpp,1967,97,678a843302ca3c44509bfdf051b65f2aadcda38ab9d1f56f682e0c16aabbe6b7,true,https://www.luogu.com.cn/problem/P5482,P5482
洛谷/code/P5484.cpp,P5484.cpp,cpp,877,46,ff869f85f1c2818738cddd79674db2aadec0eaabbd9ce184be7e1581e5ccb1a7,false,https://www.luogu.com.cn/problem/P5484,P5484
洛谷/code/P5486.cpp,P5486.cpp,cpp,482,28,12da49e2a805d92e48d53b3fc8e7e95538074927e9432eb98305d1237b708497,true,https://www.luogu.com.cn/problem/P5486,P5486
洛谷/code/P5488.cpp,P5488.cpp,cpp,2054,105,65057a387219349319834e862b3fc20320dab1a01be966ae8c6e7043d2cfbc36,false,https://www.luogu.com.cn/problem/P5488,P5488
洛谷/code/P5490.cpp,P5490.cpp,cpp,2308,121,06e9a492b1d286dc74091895511840f7eaa9f6574a63ba4c1c144891364491bd,true,https://www.luogu.com.cn/problem/P5490,P5490
洛谷/code/P5494.cpp,P5494.cpp,cpp,3624,193,95a0863dc889b3639393da99d8b6aa2d861b2e62c875ac4700c2984f4a607b55,true,https://www.luogu.com.cn/problem/P5494,P5494
洛谷/code/P5496.cpp,P5496.cpp,cpp,2124,85,9c902a37d6178631d4001369faa9599ca79b6ea2280786350d17f94009d9b42a,true,https://www.luogu.com.cn/problem/P5496,P5496
洛谷/code/P5501(2).cpp,P5501(2).cpp,cpp,5679,260,7264fa42a615561e429be70cbaf3e1e2adffd56712948e40b41368aba362a05e,true,https://www.luogu.com.cn/problem/P5501,P5501
洛谷/code/P5501.cpp,P5501.cpp,cpp,4446,212,1329ae8458e873df38ff29a484deca0a1d5303a99211fbe6ddffa52ebd1d84fa,true,https://www.luogu.com.cn/problem/P5501,P5501
洛谷/code/P5505.cpp,P5505.cpp,cpp,894,47,797ba45b72ace851111a0c512e5e17db87b959293dcf22234a465e43f6765c66,true,https://www.luogu.com.cn/problem/P5505,P5505
洛谷/code/P5507.cpp,P5507.cpp,cpp,3100,133,346d1295a4aedf2e3b07dc958a38b4c4f9248c516d9ce8dd20e099f1b3c05d89,true,https://www.luogu.com.cn/problem/P5507,P5507
洛谷/code/P5509.cpp,P5509.cpp,cpp,1580,84,cb365303010db39f43db09549e01915c9d9a027ede083acfa1835832917b36ff,false,https://www.luogu.com.cn/problem/P5509,P5509
洛谷/code/P5514.c,P5514.c,c,213,14,9f7ff0a32df74b3bedc854a4976ba8277e30f233eaee6f9e67ab1ded10917034,true,https://www.luogu.com.cn/problem/P5514,P5514
洛谷/code/P5520.c,P5520.c,c,172,13,d03e46f4b9ad791f59379226af106cb72f4ab79ad1dbb55ee1bc34bfb028d0bb,true,https://www.luogu.com.cn/problem/P5520,P5520
洛谷/code/P5521.cpp,P5521.cpp,cpp,1467,81,acad1cf4ac7720541cda76c5f372f2ea7023b845d516a657174c90a117d97b91,true,https://www.luogu.com.cn/problem/P5521,P5521
洛谷/code/P5522.cpp,P5522.cpp,cpp,3071,106,8a78e2b4ef962af704507ceca97082b04443085aa4468f11d4390e503e457bdb,false,https://www.luogu.com.cn/problem/P5522,P5522
洛谷/code/P5536(2).cpp,P5536(2).cpp,cpp,1549,81,2cd940d8f5e4a23721ebe787cd6efa4548de868e256f08bcdd2171f587a290c5,true,https://www.luogu.com.cn/problem/P5536,P5536
洛谷/code/P5536.cpp,P5536.cpp,cpp,1748,90,22ed4a8a0594bfaedcfc7ee62d416ea33a03a77a2975b3376cfa2ef54470d935,true,https://www.luogu.com.cn/problem/P5536,P5536
洛谷/code/P5541.c,P5541.c,c,1037,50,6859e1d1485412c0e19d53b78f495c2d6f3fda8b27b19ae1fb6b3a4875d73b15,true,https://www.luogu.com.cn/problem/P5541,P5541
洛谷/code/P5542.cpp,P5542.cpp,cpp,648,32,790e7beb373965a8fe471701154e0054c629aaf19fb8e143bdc103e6b5ddcff4,true,https://www.luogu.com.cn/problem/P5542,P5542
洛谷/code/P5546.cpp,P5546.cpp,cpp,1712,84,aa46e55af402cf27d0f4ebe5413b2ca8e54c6b688b6499a8396cf1fd71ec9f2c,false,https://www.luogu.com.cn/problem/P5546,P5546
洛谷/code/P5555.cpp,P5555.cpp,cpp,2746,121,5e5ef981ad01ad34bcce376ccb41833a3dfb2e2695f9061ec424ab373eebba84,true,https://www.luogu.com.cn/problem/P5555,P5555
洛谷/code/P5556.cpp,P5556.cpp,cpp,4689,265,f3d8ab4046ef8d6884ac133cee5a9c8852fcfdac44755c8790df99b8f033d17f,true,https://www.luogu.com.cn/problem/P5556,P5556
洛谷/code/P5557.cpp,P5557.cpp,cpp,1532,78,61de3aff0cbef5ccc8d0c0821c5c338cf04fb6078faba2614a9bd379f826a829,false,https://www.luogu.com.cn/problem/P5557,P5557
洛谷/code/P5566.cpp,P5566.cpp,cpp,528,30,39ba9feb616fd44498b5b0efbdfe477020e4a66014bd09b8d1e5bb3e9894c6b9,true,https://www.luogu.com.cn/problem/P5566,P5566
洛谷/code/P5584.cpp,P5584.cpp,cpp,3042,141,345765e95518bc3d6357ceb7d6912317bf6146a27877e8c347a5259583955d9f,true,https://www.luogu.com.cn/problem/P5584,P5584
洛谷/code/P5590.cpp,P5590.cpp,cpp,2698,136,f4cd4f9cd150f6160ad6c87bb547699701d59c2bca594e7d9ed2f431f18b7349,true,https://www.luogu.com.cn/problem/P5590,P5590
洛谷/code/P5602.c,P5602.c,c,602,32,31d0116924875ba638c9a4ca57f882481942b4ce127667e0ca8a3b1bf360c97d,true,https://www.luogu.com.cn/problem/P5602,P5602
洛谷/code/P5603.cpp,P5603.cpp,cpp,2393,106,c74a0dcf2f8215e1d50b0e035cd5674e697048476b8ed2c553876754c0c7277e,true,https://www.luogu.com.cn/problem/P5603,P5603
洛谷/code/P5615.cpp,P5615.cpp,cpp,2021,80,76dfd12149bba7f70787eb8200843f8899232819360ef43320996401e30026b7,false,https://www.luogu.com.cn/problem/P5615,P5615
洛谷/code/P5621.cpp,P5621.cpp,cpp,3808,199,862e41926d6e30ce7e30249899df0f07a1a33474a615158a0bf502d22621b8bb,true,https://www.luogu.com.cn/problem/P5621,P5621
洛谷/code/P5621_2.cpp,P5621_2.cpp,cpp,3639,205,c96cbd887c086ef03160e8798278adaf1edb1510170c710f489e27ecfee5f47f,false,,
洛谷/code/P5628.cpp,P5628.cpp,cpp,1801,88,232cbcb639bdb4594f7026354b64c34d55b929f5cb3b9e39534cbf32e5795f43,true,https://www.luogu.com.cn/problem/P5628,P5628
洛谷/code/P5629.cpp,P5629.cpp,cpp,2469,114,cc16f00bfbad510b6a5013453a50012b388aded84bb679c756c02df92accdd8e,false,https://www.luogu.com.cn/problem/P5629,P5629
洛谷/code/P5633.cpp,P5633.cpp,cpp,2435,126,f052abf4cfa4d60158d5da39fd2a5cbb7c106333ae4556a490abc1659691e875,true,https://www.luogu.com.cn/problem/P5633,P5633
洛谷/code/P5635.cpp,P5635.cpp,cpp,674,38,2989c477b681b01bc906af8214b8f5828c62617b3ea559f6d7faec2af4945195,true,https://www.luogu.com.cn/problem/P5635,P5635
洛谷/code/P5639.c,P5639.c,c,279,17,436fb9f949253a1ba9a96ff58ef4c0ae0c1d0740b858a7c48e96132b3885daf0,true,https://www.luogu.com.cn/problem/P5639,P5639
洛谷/code/P5648.cpp,P5648.cpp,cpp,1421,77,43a32c64d6fd353dcaea24b65a703cf5d0b61b0525411b8bff244327e6d77220,true,https://www.luogu.com.cn/problem/P5648,P5648
洛谷/code/P5650.c,P5650.c,c,448,27,84fe1cc87f6b49f5dc7387da68f51536c7efe3f97aed75c552942b99da29669b,true,https://www.luogu.com.cn/problem/P5650,P5650
洛谷/code/P5651.cpp,P5651.cpp,cpp,1270,56,983270c8763db91c8861fc5bd4b1046e6c2d6faf7241b760c44d9c5b6db97489,true,https://www.luogu.com.cn/problem/P5651,P5651
洛谷/code/P5664.cpp,P5664.cpp,cpp,2002,72,73a7e5946b49a9f8460ec360714d924cc10f16adc3b8e9680f8768b0779507c8,true,https://www.luogu.com.cn/problem/P5664,P5664
洛谷/code/P5666.cpp,P5666.cpp,cpp,3136,173,d529d609a3db83c9962d0002b6cdb5e829d010c97caee7acc16c27dd1a98e4b1,false,https://www.luogu.com.cn/problem/P5666,P5666
洛谷/code/P5670.cpp,P5670.cpp,cpp,2519,128,26e108a97129bf0764f5c70d4d1f690bdb00f51764ac4a88514612e9eb85e0ed,true,https://www.luogu.com.cn/problem/P5670,P5670
洛谷/code/P5673.cpp,P5673.cpp,cpp,1980,98,d968ea6fdd2b408fa7fadcd9c6ea0c9f5e93944b3c308fa2bf77fdf15527301c,true,https://www.luogu.com.cn/problem/P5673,P5673
洛谷/code/P5675.cpp,P5675.cpp,cpp,926,41,1becd53b7fbf6d63fedfd6aee5f897e416807e171b3ae70cab717089e9c6e69f,false,https://www.luogu.com.cn/problem/P5675,P5675
洛谷/code/P5676.cpp,P5676.cpp,cpp,1844,91,2e1a819f9fa76b741344663a55f42dd46ecdc025127cef8fa16f44b9aba4100d,true,https://www.luogu.com.cn/problem/P5676,P5676
洛谷/code/P5677(2).cpp,P5677(2).cpp,cpp,2458,115,7411bd1319a1982e8ffb320478cbf160977fb28755ea1b41fd32b75d5f402f0c,false,https://www.luogu.com.cn/problem/P5677,P5677
洛谷/code/P5677.cpp,P5677.cpp,cpp,2282,109,6ca0a71943660ed903032e060d714c1d6182def6256291c5783e97c374b5cb96,false,https://www.luogu.com.cn/problem/P5677,P5677
洛谷/code/P5680.cpp,P5680.cpp,cpp,5433,281,45746b2fd9eaefb1dc369cca0fb682dc8ab81e39a11f5cb7d37b6e7315f12936,true,https://www.luogu.com.cn/problem/P5680,P5680
洛谷/code/P5685.cpp,P5685.cpp,cpp,2633,117,a0fca5004d847724b43dbed587727ff4b27d9dd659c8172e9bcc999bc0dd1b38,true,https://www.luogu.com.cn/problem/P5685,P5685
洛谷/code/P5691.cpp,P5691.cpp,cpp,1281,67,f27f619f3bf267faf4de802beb40f9c1fd0840d42e9a642cfadd94a623c6746b,true,https://www.luogu.com.cn/problem/P5691,P5691
洛谷/code/P5788.cpp,P5788.cpp,cpp,822,47,a7a65363e3a4ac51d19fb9991753c354178abc8db51f226d1cdff7db83057045,true,https://www.luogu.com.cn/problem/P5788,P5788
洛谷/code/P5789.cpp,P5789.cpp,cpp,1466,61,a85efd7e0f121b326d88afd15bd81df3b47a22b33674b88e11075fab5545f031,true,https://www.luogu.com.cn/problem/P5789,P5789
洛谷/code/P5815(2).c,P5815(2).c,c,1076,50,442d3533ec28faf462e115ebd42370e9da8a68816cf93036429f60fc8c12cb64,true,https://www.luogu.com.cn/problem/P5815,P5815
洛谷/code/P5815.c,P5815.c,c,658,35,5dec3ad35b058f0a2cf1017a538d55ebbb1a4e2ac1a8ec939d03df5826c8474c,true,https://www.luogu.com.cn/problem/P5815,P5815
洛谷/code/P5829.cpp,P5829.cpp,cpp,1955,97,40f733bf1864913b492d31b02c4ea32e06187e439d0ca71ae2bf70c7913071e0,true,https://www.luogu.com.cn/problem/P5829,P5829
洛谷/code/P5836(2).cpp,P5836(2).cpp,cpp,810,49,95da7e41f296ecef625b36048b7158408fdb444982495783c311fd242b4c25c7,true,https://www.luogu.com.cn/problem/P5836,P5836
洛谷/code/P5836.cpp,P5836.cpp,cpp,650,37,84e67e4a0731d4d44e2dff5ff29719d94a0b3272d2bcd28e61d366768888dd1a,true,https://www.luogu.com.cn/problem/P5836,P5836
洛谷/code/P5837.cpp,P5837.cpp,cpp,2,1,7eb70257593da06f682a3ddda54a9d260d4fc514f645237f5ca74b08f8da61a6,false,https://www.luogu.com.cn/problem/P5837,P5837
洛谷/code/P5838(2).cpp,P5838(2).cpp,cpp,3406,173,d56a8ceb6252605d239176492814a278955a3ebf6ed08e552f134760e939c0f6,true,https://www.luogu.com.cn/problem/P5838,P5838
洛谷/code/P5838.cpp,P5838.cpp,cpp,1204,56,4ea3ef84a2af23628b664c5697a75871498955cdeca5b740accbdba9ce685753,true,https://www.luogu.com.cn/problem/P5838,P5838
洛谷/code/P5839.cpp,P5839.cpp,cpp,1188,61,52358c57ff52494fdd31538ab06e1416884e327edf367479c489eb00edb614ff,true,https://www.luogu.com.cn/problem/P5839,P5839
洛谷/code/P5840.cpp,P5840.cpp,cpp,3468,173,93d28da3d093dac8c2fcd15973423fa05c3588a2d11835c23765e2b29ed959dc,true,https://www.luogu.com.cn/problem/P5840,P5840
洛谷/code/P5851.cpp,P5851.cpp,cpp,955,42,ebd95aba944def33a97c2f12900d7bf0b1f36660e85a07068a73222ad6ef2913,true,https://www.luogu.com.cn/problem/P5851,P5851
洛谷/code/P5854_2.cpp,P5854_2.cpp,cpp,833,51,6bc43abfc062d00f3e8ea72343875a9cd4495fde3d651ec0fa6406ddc49dca1c,true,,
洛谷/code/P5881.cpp,P5881.cpp,cpp,3497,179,539224a0bdf50644cbf4810dc4f1bd1980b2af75204f1f9fe851aecace07cd6c,true,https://www.luogu.com.cn/problem/P5881,P5881
洛谷/code/P5889.cpp,P5889.cpp,cpp,82,7,0d9fd213e38e99233251da4f4065c726d5034c982005f5964a3c484dd9092bb0,true,https://www.luogu.com.cn/problem/P5889,P5889
洛谷/code/P5903_2.cpp,P5903_2.cpp,cpp,2564,152,110acd6b8beebf6fc2ed3b79337e401f01b6950c574bf08fdf359f6078ab7c4a,true,,
洛谷/code/P5904.cpp,P5904.cpp,cpp,2808,144,8072534337ae83086b6e6ab4c75f6b934590e58786e6d8e338ec5abc31b2fe43,true,https://www.luogu.com.cn/problem/P5904,P5904
洛谷/code/P5905.cpp,P5905.cpp,cpp,2620,132,d64ba1623f7fc4b4a09bc172268b7075eafa9a54fc22a1db144ae06a06e9c0e2,false,https://www.luogu.com.cn/problem/P5905,P5905
洛谷/code/P5906.cpp,P5906.cpp,cpp,3399,177,9422781a57d0fc7d28e320efd3609708b6f6266b62e8fb2632273bd8644afb18,true,https://www.luogu.com.cn/problem/P5906,P5906
洛谷/code/P5911(2).cpp,P5911(2).cpp,cpp,1326,64,db282445bab94697ef64b16f5bb5e01656be8169896f40844514a1129d7c1336,true,https://www.luogu.com.cn/problem/P5911,P5911
洛谷/code/P5911.cpp,P5911.cpp,cpp,1226,52,ac860ee93fa5a907c3511e7b48df009bb85adbeab731971b9173ef505debec25,false,https://www.luogu.com.cn/problem/P5911,P5911
洛谷/code/P5937.cpp,P5937.cpp,cpp,1216,64,7c5f0936db7ea8656453b8ab8c883943ce0be3b821e331f0621e09b088e5dc27,true,https://www.luogu.com.cn/problem/P5937,P5937
洛谷/code/P5962.cpp,P5962.cpp,cpp,2251,95,88e26cd664eef8b21a0f6d72a43df58eea672074bbd1d90e42bfaae32294ef13,true,https://www.luogu.com.cn/problem/P5962,P5962
洛谷/code/P5963.c,P5963.c,c,732,43,ee60006fcc4122682a0ad8978df92904ce494dbf9c258a56d8ef82937fedcb57,true,https://www.luogu.com.cn/problem/P5963,P5963
洛谷/code/P5979.cpp,P5979.cpp,cpp,6444,322,3823d0bb32258c5f26cccc068d84cce530e044e252ae59cd7a41d0f6e8515450,true,https://www.luogu.com.cn/problem/P5979,P5979
洛谷/code/P6003.cpp,P6003.cpp,cpp,643,40,d6d8b3fedc3662c03b2837d1b526013df66395bc1f4b2bdb05404e3f3961b1d5,false,https://www.luogu.com.cn/problem/P6003,P6003
洛谷/code/P6006.cpp,P6006.cpp,cpp,1161,54,b5b3054713a622a57c44f79a45155371106249bee28078db86a229fc8525300d,true,https://www.luogu.com.cn/problem/P6006,P6006
洛谷/code/P6007.cpp,P6007.cpp,cpp,3168,166,1f36c9007e446b74638d2a9cdca595d62dbbb02c28c29a18c55aebd0dcf3eda7,true,https://www.luogu.com.cn/problem/P6007,P6007
洛谷/code/P6008.cpp,P6008.cpp,cpp,2287,95,0fa556e201e3f96186d6981b5927bcbe338c554d6fd6b3246f56e06daa9e62d3,true,https://www.luogu.com.cn/problem/P6008,P6008
洛谷/code/P6014.c,P6014.c,c,755,33,aae351cfeac06e0cdb496fe729fcbcf24a51a0770ada933cde11701c51d158b9,true,https://www.luogu.com.cn/problem/P6014,P6014
洛谷/code/P6018.cpp,P6018.cpp,cpp,4930,246,c71f2192fa7fdfff86fdd279f874bb7a057357ae8d58daefac450e623929ec99,true,https://www.luogu.com.cn/problem/P6018,P6018
洛谷/code/P6023.c,P6023.c,c,881,26,e442961a8f712604b7707ebed42b2a80434bf4abc0231f3c4e71966deb2aae04,true,https://www.luogu.com.cn/problem/P6023,P6023
洛谷/code/P6035.cpp,P6035.cpp,cpp,2566,108,c9299116f3cedf1f240c3cd2b42172dde2d15df069932dc19f370e5018bc330c,false,https://www.luogu.com.cn/problem/P6035,P6035
洛谷/code/P6040.cpp,P6040.cpp,cpp,1077,52,8cf78912f214acd0bbe80adb0557438a6cfa825466680449ef2d7cdb98e34bf8,false,https://www.luogu.com.cn/problem/P6040,P6040
洛谷/code/P6046.cpp,P6046.cpp,cpp,2030,96,01661a332b25b84d4fe0f829353b70e88c4be6513459ee1280bc26c0088666af,false,https://www.luogu.com.cn/problem/P6046,P6046
洛谷/code/P6064.cpp,P6064.cpp,cpp,1146,47,9b6293c2658d177c085558c40bf9f13e05b731681cead6b9d0f675390218e79e,true,https://www.luogu.com.cn/problem/P6064,P6064
洛谷/code/P6066.cpp,P6066.cpp,cpp,1098,57,e3995d7d0428486b95402d145e2cefc5edc7c4293d5a7b8a0268d0373a8a1cb2,true,https://www.luogu.com.cn/problem/P6066,P6066
洛谷/code/P6069(2).c,P6069(2).c,c,1147,51,ea3303c6efc51e19ca8b2ce04d184284cc857fa05ca95127063f85ca9225030e,true,https://www.luogu.com.cn/problem/P6069,P6069
洛谷/code/P6069.c,P6069.c,c,342,24,1fa9d0a38f5a36fc3277dc105ebdeb6926802e6d3a7ec776298b8f9b8ab5787d,true,https://www.luogu.com.cn/problem/P6069,P6069
洛谷/code/P6070.cpp,P6070.cpp,cpp,1291,60,3f57f8a7ab6aecf79af9d21dce298662a6c41ee25380774cd83f16f9a268692f,false,https://www.luogu.com.cn/problem/P6070,P6070
洛谷/code/P6071.cpp,P6071.cpp,cpp,5591,255,e44722e012163a720291ff86f6f7740a72aa8f7b4a93a1239bb8b1e3592974c0,true,https://www.luogu.com.cn/problem/P6071,P6071
洛谷/code/P6072.cpp,P6072.cpp,cpp,4111,219,1959df7f615a70658fd696ed22729467f9ac8bb1948d5e1647c3a949997d7452,true,https://www.luogu.com.cn/problem/P6072,P6072
洛谷/code/P6076.cpp,P6076.cpp,cpp,1198,45,cf0ced1957be51f84c9d350224b3f024147d22b270e742390026fb55668ea13a,false,https://www.luogu.com.cn/problem/P6076,P6076
洛谷/code/P6086.cpp,P6086.cpp,cpp,2626,106,5fc4804a56b7328e6d9e2d5584e0eb3a4c37150af96e8776e1ef605acec1ac44,true,https://www.luogu.com.cn/problem/P6086,P6086
洛谷/code/P6087.cpp,P6087.cpp,cpp,1991,84,d9875ace9f956519930928ac45d4dcc829c9e5091eb318f89978c2feafa93a92,true,https://www.luogu.com.cn/problem/P6087,P6087
洛谷/code/P6091.cpp,P6091.cpp,cpp,4401,150,58f2fa214764aa01e44d76e679c4fcc6e4789edf7ad91f72658a8ed5b91a123e,true,https://www.luogu.com.cn/problem/P6091,P6091
洛谷/code/P6092.c,P6092.c,c,1190,59,9063586aa3bc0eed134c365646c8c2d41a59a0fa488ad76509b626e48e73e9b0,true,https://www.luogu.com.cn/problem/P6092,P6092
洛谷/code/P6096.cpp,P6096.cpp,cpp,3804,155,0c8c405debb9e66a784cfc5ed8de0b0e3863573f56c507b5945822e79942c6f2,true,https://www.luogu.com.cn/problem/P6096,P6096
洛谷/code/P6098.cpp,P6098.cpp,cpp,3945,200,6a9a68382ae566c9a4c75dfb6e2d7652c81b1085f60025e7f1571029d0dafc88,false,https://www.luogu.com.cn/problem/P6098,P6098
洛谷/code/P6119.cpp,P6119.cpp,cpp,540,29,9bf1bf7e3672c332eea85fd0e4029f140e6d245f45dd52f56ecb401ed1fdf478,true,https://www.luogu.com.cn/problem/P6119,P6119
洛谷/code/P6121(2).cpp,P6121(2).cpp,cpp,1291,68,c0fd7b55112f36fdff1d4694857715bd41a837cdfbd6a0b0d8f527939e2586ec,true,https://www.luogu.com.cn/problem/P6121,P6121
洛谷/code/P6121.cpp,P6121.cpp,cpp,1948,64,c47fc495e81b72255662aa36309ad46cd4961dfe1a85950fa84ec14ffa123973,true,https://www.luogu.com.cn/problem/P6121,P6121
洛谷/code/P6134.cpp,P6134.cpp,cpp,1547,79,04216af4b601e197b82c9f9d45f1e6e133db4c92971a2cf8a0cdbbe531199c51,true,https://www.luogu.com.cn/problem/P6134,P6134
洛谷/code/P6136.cpp,P6136.cpp,cpp,9184,326,f106720d628b1cb1546450a86db2935432f146d00a735e0a3378d404d6665d61,false,https://www.luogu.com.cn/problem/P6136,P6136
洛谷/code/P6139.cpp,P6139.cpp,cpp,2334,90,308be709e9c0039a2f795310bb6dbce212375279aeeb8e7d25970296bf28147e,true,https://www.luogu.com.cn/problem/P6139,P6139
洛谷/code/P6142.cpp,P6142.cpp,cpp,2107,114,a42e53f9cd497ff32dd1cf81e6387c3dd2aa2a55acd17c924047abd8bc4a1935,true,https://www.luogu.com.cn/problem/P6142,P6142
洛谷/code/P6145.cpp,P6145.cpp,cpp,1087,53,f00305ee36f6d64814b77d451d44419a0bb2dacb4a5517a5ab060d8e9cdc91be,true,https://www.luogu.com.cn/problem/P6145,P6145
洛谷/code/P6157.cpp,P6157.cpp,cpp,4327,172,905f75fd9321f5cb3855d1838d41f7c4feba1dc264afe2760991e45ba1095237,true,https://www.luogu.com.cn/problem/P6157,P6157
洛谷/code/P6172.cpp,P6172.cpp,cpp,3096,134,b0b7cc9d2da3dbbc0f90f2463d063c576b3f0f34b4b9a2cd7f23485bc44a20bc,true,https://www.luogu.com.cn/problem/P6172,P6172
洛谷/code/P6177.cpp,P6177.cpp,cpp,3391,185,1b17d3d78a96a43ae18a19ca3783e114b10bc8ddbca5d9cef7425217eba14b6b,true,https://www.luogu.com.cn/problem/P6177,P6177
洛谷/code/P6183.c,P6183.c,c,1195,51,243015e6c40d87b029a292c1f8b768062786a243dc4e8a7a4a1bf29debdbf5d1,true,https://www.luogu.com.cn/problem/P6183,P6183
洛谷/code/P6186.cpp,P6186.cpp,cpp,2234,96,c62b5cbaca50202347f9740829b2aba11b942b285ebfbf4be4f7091619ded2f3,false,https://www.luogu.com.cn/problem/P6186,P6186
洛谷/code/P6189(2).cpp,P6189(2).cpp,cpp,1251,47,5d18ece2f87944f6b3a1380a7b96b9945694b8f1da04bc22efe770bd7d1ec2cc,false,https://www.luogu.com.cn/problem/P6189,P6189
洛谷/code/P6189.cpp,P6189.cpp,cpp,1356,50,19452b9bff4610eb2795c548d268304051f8438e12ec560df767b659156d0d08,false,https://www.luogu.com.cn/problem/P6189,P6189
洛谷/code/P6191.cpp,P6191.cpp,cpp,355,19,34fc5fe05e85d95539f5209cc61513d900be461ce0eaa1ac98e78c4e055004c1,true,https://www.luogu.com.cn/problem/P6191,P6191
洛谷/code/P6192.cpp,P6192.cpp,cpp,2210,100,a7fb1b10518afd7297501dba1087d8aa106b2112475a1d6ff7be88a2155f0930,true,https://www.luogu.com.cn/problem/P6192,P6192
洛谷/code/P6205(2).c,P6205(2).c,c,829,39,cba7c7e403a73b97d3957b2ac735598e3f338af5257bae83fd32574628456013,true,https://www.luogu.com.cn/problem/P6205,P6205
洛谷/code/P6205.c,P6205.c,c,485,29,2efa97e94beee6e0eb36572f7096d5a6e43461dcc6118c927fa752caa384a9fe,true,https://www.luogu.com.cn/problem/P6205,P6205
洛谷/code/P6207.cpp,P6207.cpp,cpp,1122,47,1e0499524a76526b3079699fca16c4556f91d8f489446702629d9ef29e12084e,true,https://www.luogu.com.cn/problem/P6207,P6207
洛谷/code/P6208.c,P6208.c,c,889,47,e6ac6427c14efc3f85d390010ef8e68410fc24587879612d0b191dfe1bcc08c8,true,https://www.luogu.com.cn/problem/P6208,P6208
洛谷/code/P6212.cpp,P6212.cpp,cpp,3051,149,83ef3a0a5787ada616d67cc3ae0adcf7eecb5e2cbb006848baef717375c3e034,false,https://www.luogu.com.cn/problem/P6212,P6212
洛谷/code/P6216.cpp,P6216.cpp,cpp,1883,89,cb4e1732678df3952f0c3165bda43b266a4a37b57aa99582a98d917fd1241be8,true,https://www.luogu.com.cn/problem/P6216,P6216
洛谷/code/P6218.cpp,P6218.cpp,cpp,2757,115,5aa3af71a5b81cb813cf63cd284f211fce8a8d550e29d2524ffde6f61819c8b1,true,https://www.luogu.com.cn/problem/P6218,P6218
洛谷/code/P6225.cpp,P6225.cpp,cpp,970,58,c7798a6b86a19de5866b4cccf051824a8b6c04cbfc3c5ebdaef33842a005f3ab,true,https://www.luogu.com.cn/problem/P6225,P6225
洛谷/code/P6233.cpp,P6233.cpp,cpp,3155,124,6f0488cb2c9e41c41d373ba320f93c8b828ba4464fb08683bf5604cd02ffbebc,true,https://www.luogu.com.cn/problem/P6233,P6233
洛谷/code/P6234.cpp,P6234.cpp,cpp,2250,112,8ef27646c2c4d9d84430ecf98fd6f2129feeeb0edfb7750dc823ba6511a6e139,true,https://www.luogu.com.cn/problem/P6234,P6234
洛谷/code/P6240(2).c,P6240(2).c,c,916,44,2606f07ad182075b3c4d2f5cee4f751915a1abf5e4e97a182a851c90c3e309a6,true,https://www.luogu.com.cn/problem/P6240,P6240
洛谷/code/P6240.c,P6240.c,c,1107,51,9b925b82dcb70d99f548cb77b79a83869cd817e349e12518ccb7ee10393a1611,true,https://www.luogu.com.cn/problem/P6240,P6240
洛谷/code/P6243.cpp,P6243.cpp,cpp,936,52,0a252b1ba2e18890a285dab94117bc53db7e3fededf21fedcc990c7e2a8df694,true,https://www.luogu.com.cn/problem/P6243,P6243
洛谷/code/P6275(2).cpp,P6275(2).cpp,cpp,1201,50,c941f78df0462e74aa2a4a4061ebb6f3e8d8c0d49ae69dbf0aaf4236fe43eb07,false,https://www.luogu.com.cn/problem/P6275,P6275
洛谷/code/P6275.cpp,P6275.cpp,cpp,1039,60,152767e388dcb80c3500810744525676ae9b6cedd8e9a43bf1ee39844989bb68,false,https://www.luogu.com.cn/problem/P6275,P6275
洛谷/code/P6278(2).cpp,P6278(2).cpp,cpp,1021,59,42192767d7209518f09b480b452fe0273254ee1d76c57b716df4f4e0212ff342,false,https://www.luogu.com.cn/problem/P6278,P6278
洛谷/code/P6278.cpp,P6278.cpp,cpp,1275,67,04f8c59734a6bb211d8d786b0954a771cf8f390072024ad1cfaaf0705e3a7677,false,https://www.luogu.com.cn/problem/P6278,P6278
洛谷/code/P6279.cpp,P6279.cpp,cpp,1090,64,5be84c8c0c50bae7112b399733cb4a9837012a25c22f99b1c4d126d4e7528344,true,https://www.luogu.com.cn/problem/P6279,P6279
洛谷/code/P6280.cpp,P6280.cpp,cpp,890,49,cea3d163ac9532939e7bbfeb4ddc59a6c659852cf32b06790f59250118b7d395,false,https://www.luogu.com.cn/problem/P6280,P6280
洛谷/code/P6283.cpp,P6283.cpp,cpp,686,34,03abe751070f1a6e5dfd589359e8bb52698ebf8e5ea75eae4bdfadab2e3ad527,true,https://www.luogu.com.cn/problem/P6283,P6283
洛谷/code/P6286.cpp,P6286.cpp,cpp,2894,125,0f51175519d962cbeb1ae4f4d3021709daf832d55cb719e7d1553b8355391ad4,true,https://www.luogu.com.cn/problem/P6286,P6286
洛谷/code/P6289.cpp,P6289.cpp,cpp,1431,61,89e52d36b2e69cbceea2bea54044adf9c9d9c16acb253c5322e66c50eb98f255,true,https://www.luogu.com.cn/problem/P6289,P6289
洛谷/code/P6306.cpp,P6306.cpp,cpp,421,27,787273bccd0da814b88ee32c035f8465cb567c83bc279344f77ac3aae545b2b2,true,https://www.luogu.com.cn/problem/P6306,P6306
洛谷/code/P6309.cpp,P6309.cpp,cpp,1374,67,0b8f6bee7ad0366e7bfe725cc89f011384ff2f571a38a5eb8a1abaf84153976b,true,https://www.luogu.com.cn/problem/P6309,P6309
洛谷/code/P6310.cpp,P6310.cpp,cpp,3393,190,f41c37450708f021960a6dab4c887f6b97e4b2657e46ca9948c153513e915074,true,https://www.luogu.com.cn/problem/P6310,P6310
洛谷/code/P6323(2).c,P6323(2).c,c,563,29,8293ed82156bdd65b45bea1e4fbd630013106f3362dbdaa017fc903c57d51a34,true,https://www.luogu.com.cn/problem/P6323,P6323
洛谷/code/P6323.c,P6323.c,c,484,28,f8b1ac6d52abac0350d1cae173730b0086c63754a368a8f5c72b2c11d2ae9fe9,true,https://www.luogu.com.cn/problem/P6323,P6323
洛谷/code/P6325.cpp,P6325.cpp,cpp,2985,154,e7276f09a2d006c19c3bea3e894af750b4d3a29593be5e2835bc250a20444904,true,https://www.luogu.com.cn/problem/P6325,P6325
洛谷/code/P6326.cpp,P6326.cpp,cpp,3292,170,0138ee705a4e7d19bfdf28c7e062553ce7d3236cbcb8bfbb82e32b01960f8a3f,true,https://www.luogu.com.cn/problem/P6326,P6326
洛谷/code/P6327.cpp,P6327.cpp,cpp,2199,114,6329bb5e6ac1ef9e37f6682515c02aa2b183df45f3097f2e9ab98d220ec6a3e3,true,https://www.luogu.com.cn/problem/P6327,P6327
洛谷/code/P6329.cpp,P6329.cpp,cpp,4535,230,a7519fa90b2ed7adf4e2ef7abe26f45b482fab32e4ae0d636228ca01e6b6f6d9,true,https://www.luogu.com.cn/problem/P6329,P6329
洛谷/code/P6329_4.cpp,P6329_4.cpp,cpp,4350,225,38560ec96fce4b3c65bcc8ab6b0664a0e53aff98056b780a41bec71c38a5b54f,true,,
洛谷/code/P6345.cpp,P6345.cpp,cpp,1224,49,de595f2a9ebaad48c78f0c642832d65a6438938abd06e70eeedde5ea59a804b4,true,https://www.luogu.com.cn/problem/P6345,P6345
洛谷/code/P6348.cpp,P6348.cpp,cpp,3361,164,5b353c1f1d1f0f83e0326fc256b6e7e7ade7758bc3f78b5a0b6b863e3ec13b72,true,https://www.luogu.com.cn/problem/P6348,P6348
洛谷/code/P6373(2).cpp,P6373(2).cpp,cpp,1978,88,45fb472213754364a979b4578734285bdeb4ab8ce574c93e3bb613103b61ba53,true,https://www.luogu.com.cn/problem/P6373,P6373
洛谷/code/P6373.cpp,P6373.cpp,cpp,2496,110,ef08383c2907fc69275ee2515b345624844a7d5d2ee1f7d5b11ed254fd0b142a,false,https://www.luogu.com.cn/problem/P6373,P6373
洛谷/code/P6374(2).c,P6374(2).c,c,731,32,94d1b27372364d1dc71edcc9b46a74cc7a7d77d892713016a8850494ee1a89c3,true,https://www.luogu.com.cn/problem/P6374,P6374
洛谷/code/P6374.cpp,P6374.cpp,cpp,2721,131,de8f4aba5d2c5290e457109e8670eb2d5490ddc32e7f5ec78ea4f59e985f60ad,true,https://www.luogu.com.cn/problem/P6374,P6374
洛谷/code/P6378.cpp,P6378.cpp,cpp,2270,114,75b368a19c9ec3f1e1d77cadf156a3013323f0c8817e2cda72439ab30670a395,true,https://www.luogu.com.cn/problem/P6378,P6378
洛谷/code/P6397.c,P6397.c,c,869,34,e34b3d6a0bf0f1c213688b85ba49b211a22ae2a81f2d859e5ed9467523b7af28,true,https://www.luogu.com.cn/problem/P6397,P6397
洛谷/code/P6413.cpp,P6413.cpp,cpp,3101,161,e911ddb35c4afa80986e535921b4f3fa0597b34e871db04b7d85503eeb665713,false,https://www.luogu.com.cn/problem/P6413,P6413
洛谷/code/P6433.cpp,P6433.cpp,cpp,856,43,6fed6f395b52bb1dc8665902e08409d295c19930501216885a33be2662d19bee,true,https://www.luogu.com.cn/problem/P6433,P6433
洛谷/code/P6434.cpp,P6434.cpp,cpp,1393,56,e92f3dfa0c0e7279d839bc3d820fa7629f7f145b065f06935c201d8443c594f0,false,https://www.luogu.com.cn/problem/P6434,P6434
洛谷/code/P6435.cpp,P6435.cpp,cpp,1244,53,a2f9527bf32891c5f0e6c384ec8771ac9b002a6845d85862108c1b1aded92253,false,https://www.luogu.com.cn/problem/P6435,P6435
洛谷/code/P6435.py,P6435.py,py,1164,48,51d44982af22a637e5554417893d2644cbc140ad9333b83fd53d11833624ab77,false,https://www.luogu.com.cn/problem/P6435,P6435
洛谷/code/P6473(2).c,P6473(2).c,c,1075,52,c91e928b825db59290ae083ef48ba9e45b729840180727d4de6925e44ae7833b,true,https://www.luogu.com.cn/problem/P6473,P6473
洛谷/code/P6473(3).c,P6473(3).c,c,1222,55,1f632190ae7f3c42935e99fd6b17d6f7415583fd08599fe68eb89a32217b48c6,true,https://www.luogu.com.cn/problem/P6473,P6473
洛谷/code/P6473.c,P6473.c,c,994,49,3c13ac13a2e93e423eb556c5a5a3573aeb74b179b1facbbfa57b69643a5463d6,true,https://www.luogu.com.cn/problem/P6473,P6473
洛谷/code/P6475.cpp,P6475.cpp,cpp,1463,69,1d7c608efc6248d3bbedfa3e5bb4f22a9797b4790a9a6f81e047c7d4ab7f6adc,false,https://www.luogu.com.cn/problem/P6475,P6475
洛谷/code/P6477.cpp,P6477.cpp,cpp,1373,64,ae6ce1963bbcb978ad88d9bc45f6a1300501b28f73d31df9f40af604f819a02a,false,https://www.luogu.com.cn/problem/P6477,P6477
洛谷/code/P6487.c,P6487.c,c,1069,61,ed5e9fe62a3afe62f6d0d1412c4e08646722b87fd7b9e5007db651d83725d596,true,https://www.luogu.com.cn/problem/P6487,P6487
洛谷/code/P6503(2).cpp,P6503(2).cpp,cpp,1444,70,cf31c591a2afa6ee8c80a16a75505fadf9ee13a5fe3ec3507d1e10623e95ad0c,true,https://www.luogu.com.cn/problem/P6503,P6503
洛谷/code/P6503.cpp,P6503.cpp,cpp,1492,70,4be9454eff548df622179e5a08a435d61bad4d2d70ba6b06420a56038ac2b8fd,true,https://www.luogu.com.cn/problem/P6503,P6503
洛谷/code/P6510.cpp,P6510.cpp,cpp,552,23,87c323fca2eaabeec81d0ab2043aee3f47d61a4a860440fa22add628daf5c37d,true,https://www.luogu.com.cn/problem/P6510,P6510
洛谷/code/P6521.cpp,P6521.cpp,cpp,1206,57,29d58dc71c49ba3ea28abddeed98b999b6d8ea588a1c2a4f2fce475fc08b5b0d,false,https://www.luogu.com.cn/problem/P6521,P6521
洛谷/code/P6533.cpp,P6533.cpp,cpp,1633,83,aeb9a2ead0589091bee0e772a7d880793f36168c10046e974e6b482b0f8553ce,true,https://www.luogu.com.cn/problem/P6533,P6533
洛谷/code/P6540.cpp,P6540.cpp,cpp,5049,249,65481dedf5b0dd48aa100d3225ab92f0b76f11624b6c7a3c3603c04861c2f7a4,true,https://www.luogu.com.cn/problem/P6540,P6540
洛谷/code/P6549.c,P6549.c,c,298,19,ac3fd64a17d7f3c0e7c15f0fd95a966886d0fca45bd30bf025091e543a148fe4,true,https://www.luogu.com.cn/problem/P6549,P6549
洛谷/code/P6554.cpp,P6554.cpp,cpp,2017,106,591b093a6567ffe36292025e4c6ab935e2ca865ab5f7346ce8e9270ea98c5988,false,https://www.luogu.com.cn/problem/P6554,P6554
洛谷/code/P6564.cpp,P6564.cpp,cpp,1216,66,d1db3b449ae2807f87f5522c20775c2cc521a02f5f2ce6d1f9305ffe7339a104,true,https://www.luogu.com.cn/problem/P6564,P6564
洛谷/code/P6567(2).c,P6567(2).c,c,1543,66,3417ee841a95def457cc9173b3fdbaa8cac7bc625a8ce3621b334b0a380e9bbb,true,https://www.luogu.com.cn/problem/P6567,P6567
洛谷/code/P6567.c,P6567.c,c,751,41,cde3930f4360dbc12d5f10ad3c43fd294ff1532fa18e2abcc655d9fc717a489f,true,https://www.luogu.com.cn/problem/P6567,P6567
洛谷/code/P6568.c,P6568.c,c,502,25,50271154115b927353858f0163effb5387cc787839cea49293685297e281a37e,true,https://www.luogu.com.cn/problem/P6568,P6568
洛谷/code/P6576.cpp,P6576.cpp,cpp,1984,104,d3a0d037047fff18d2e2b51ef6e5f8bb638eb711f3518db6a994a5102c26fecd,false,https://www.luogu.com.cn/problem/P6576,P6576
洛谷/code/P6587.cpp,P6587.cpp,cpp,2170,113,f6e33eecce2a769ec5ada57cdee28b61c6a5735b26749ccd3072ca185dd46029,true,https://www.luogu.com.cn/problem/P6587,P6587
洛谷/code/P6591.cpp,P6591.cpp,cpp,2062,101,7b2cbc453406ec668cf31f912b4db5fe1d7f4abfce5b555336cf60ee7c529367,true,https://www.luogu.com.cn/problem/P6591,P6591
洛谷/code/P6592.cpp,P6592.cpp,cpp,2592,106,541ce93634132d3658fd7c383fc59c2e4cb532a55a9dba1d67e14309feaccabd,true,https://www.luogu.com.cn/problem/P6592,P6592
洛谷/code/P6594.cpp,P6594.cpp,cpp,3389,175,6c5104ec93f059b4dc306d08dee63a3c105239529346535cc18a868c7cf461f4,true,https://www.luogu.com.cn/problem/P6594,P6594
洛谷/code/P6601.cpp,P6601.cpp,cpp,1285,56,baf5384115d445c698717ef58e61856bda52117d20e4b3cbb740eeca3c1f3592,false,https://www.luogu.com.cn/problem/P6601,P6601
洛谷/code/P6617.cpp,P6617.cpp,cpp,3864,161,4b88c43b11c02bdcfc84fe1ca78adb1869620b0e894d871a68576da96e85e8e9,true,https://www.luogu.com.cn/problem/P6617,P6617
洛谷/code/P6623.cpp,P6623.cpp,cpp,1985,118,a33442d673e789a3f9c7556402daa16bf718595d98a1837cfd39fd569f869815,true,https://www.luogu.com.cn/problem/P6623,P6623
洛谷/code/P6625.c,P6625.c,c,357,21,481bf0e3a120320ef9022ecf9a8bcc9602bbb3100d489c90728222314e2e980e,true,https://www.luogu.com.cn/problem/P6625,P6625
洛谷/code/P6626.cpp,P6626.cpp,cpp,3094,164,786157a2bbc575ce59d5ab10a852305ef970ced0eb5749ffc1144bfa91988365,true,https://www.luogu.com.cn/problem/P6626,P6626
洛谷/code/P6626_2.cpp,P6626_2.cpp,cpp,2742,153,5111c7ed29fbb62b77d07f8fffd2735df1f8e226027c576961d6755540345f00,true,,
洛谷/code/P6626_4.cpp,P6626_4.cpp,cpp,2780,157,327b4a7ba9f213ae6bb9e9ba44f8e1f4776de99d11539d857c7c4861087a934c,true,,
洛谷/code/P6627.cpp,P6627.cpp,cpp,2396,106,de6201463b8a9de5b95649f985c90dd94ce344cfc9252f033c654e7bf5eeaef1,true,https://www.luogu.com.cn/problem/P6627,P6627
洛谷/code/P6628.cpp,P6628.cpp,cpp,2036,101,16176649ad933a07e9aec8d98ade2d3cdcc4e2566efd6bc36ffba11edb1ce62b,true,https://www.luogu.com.cn/problem/P6628,P6628
洛谷/code/P6638.cpp,P6638.cpp,cpp,3666,200,8d0a928721b6aa3714a33841fae684ad202832ced53f94e4027517a0d0f8df68,true,https://www.luogu.com.cn/problem/P6638,P6638
洛谷/code/P6647.cpp,P6647.cpp,cpp,1762,64,183a0f72f5f9807e5a864354cd832da8745bf56cd7b787a84fa4509beb5f90c8,true,https://www.luogu.com.cn/problem/P6647,P6647
洛谷/code/P6649(2).c,P6649(2).c,c,1640,68,4d221aa969e1585c04c430f2edb775768cbee2480d52b36b36feadef1620246c,true,https://www.luogu.com.cn/problem/P6649,P6649
洛谷/code/P6649.c,P6649.c,c,1251,48,2b743501111071bec1293316567a1451ccfcb4148619b71aff681e616274872e,true,https://www.luogu.com.cn/problem/P6649,P6649
洛谷/code/P6655.cpp,P6655.cpp,cpp,1774,64,429575385f317e3d1cf3ae0e362736a809e8aa0973683697dc41cd9df91c9d0f,true,https://www.luogu.com.cn/problem/P6655,P6655
洛谷/code/P6669.cpp,P6669.cpp,cpp,1619,83,778abba994d3a083f118e623b557953395dcf812d4dc616a8b9081e547b0986b,false,https://www.luogu.com.cn/problem/P6669,P6669
洛谷/code/P6688.cpp,P6688.cpp,cpp,3264,135,4dc91cdb73a8ba93c52ac8ac5e6cbd77461e74f657b34570a866ef2097dde107,true,https://www.luogu.com.cn/problem/P6688,P6688
洛谷/code/P6701.cpp,P6701.cpp,cpp,1864,71,271741e1f2a1e8b164cadd5d727cd0f8c24c3d38db0fe2f03cee0b0f1eb4ff04,true,https://www.luogu.com.cn/problem/P6701,P6701
洛谷/code/P6702.c,P6702.c,c,524,30,848dd9943d55c4a838f45fc0c929163742c5eacd45d939c454f69d51312904c4,true,https://www.luogu.com.cn/problem/P6702,P6702
洛谷/code/P6707.cpp,P6707.cpp,cpp,5908,282,e41929ca24779b60713be1deabbcf94e204eb2de245f988a7ada37fc906467ca,false,https://www.luogu.com.cn/problem/P6707,P6707
洛谷/code/P6733.c,P6733.c,c,1505,60,bfd2505d7f4d1cfb4ddc4c8647361229ec57ae1bc700656e8b96740823ccd206,true,https://www.luogu.com.cn/problem/P6733,P6733
洛谷/code/P6739.cpp,P6739.cpp,cpp,922,41,ac3b242a71b4fefba11de132a8d196a21440a9ec0d8af61abf87a1612b4556e8,true,https://www.luogu.com.cn/problem/P6739,P6739
洛谷/code/P6743(2).cpp,P6743(2).cpp,cpp,1321,60,3e14d5d0f034c99d92fffc3621d2d4cec235ea7fb29d1deddb77b0799bd2fd21,true,https://www.luogu.com.cn/problem/P6743,P6743
洛谷/code/P6743.cpp,P6743.cpp,cpp,1443,68,0bdab0c2537cc8b658a35423fd9efbdd1164969fbeda684b53ccb83eb3356aa7,true,https://www.luogu.com.cn/problem/P6743,P6743
洛谷/code/P6746.c,P6746.c,c,369,21,552edf7f7dd50392f19f062ef93b04f7698af35e98d0762ffa4f53e2e4f0ad11,true,https://www.luogu.com.cn/problem/P6746,P6746
洛谷/code/P6753.cpp,P6753.cpp,cpp,3834,187,311037d5d0e5afd4cdfa6ef22cc3a7708cf160cb8804f95880b03fb85bb5ecce,true,https://www.luogu.com.cn/problem/P6753,P6753
洛谷/code/P6754.cpp,P6754.cpp,cpp,854,46,2b0ae3f8bc0ccd332bf97df85068e2e31dd050ad652d7d2771132c95035669e2,false,https://www.luogu.com.cn/problem/P6754,P6754
洛谷/code/P6770.cpp,P6770.cpp,cpp,1601,74,d413393803e10f4e78a45c78408bb397c9e5e5c3f2436bf2f310bd5cf41b6bfc,true,https://www.luogu.com.cn/problem/P6770,P6770
洛谷/code/P6771.c,P6771.c,c,961,48,9cf69252178b325691851413f8ad28d62987d0eb50280ecd91cca60ad451e3e9,true,https://www.luogu.com.cn/problem/P6771,P6771
洛谷/code/P6782.cpp,P6782.cpp,cpp,6747,362,f55348da2d69249385869c9f79de22476575f962a5dda3a5438d961e41ff9637,true,https://www.luogu.com.cn/problem/P6782,P6782
洛谷/code/P6784.c,P6784.c,c,490,26,f809ee917d306f146d2c5fdf7e68577a6bb70792f07e1ebd74eff8f05a100d25,true,https://www.luogu.com.cn/problem/P6784,P6784
洛谷/code/P6786(2).c,P6786(2).c,c,1305,58,865e3d03232586e028af168455336dcb31de9c0d6fdc1b152e0330e92a093e9f,true,https://www.luogu.com.cn/problem/P6786,P6786
洛谷/code/P6786(2).cpp,P6786(2).cpp,cpp,430,25,befb8aec3e89c693876af3746845cfcc96d700acf942af1e39d5db86942b34c8,true,https://www.luogu.com.cn/problem/P6786,P6786
洛谷/code/P6786.c,P6786.c,c,2023,84,579c361328bf70bfaa2deaef16590d70ef0898fcf5a208b030295a33f0232e8d,true,https://www.luogu.com.cn/problem/P6786,P6786
洛谷/code/P6786.cpp,P6786.cpp,cpp,474,28,906af1921b5e0eae2ab65e4f899c72c5d3d9522e990807c924e5fc1c37d17235,true,https://www.luogu.com.cn/problem/P6786,P6786
洛谷/code/P6793(2).cpp,P6793(2).cpp,cpp,4174,193,2eaeedfca1c3afdae5402acc25ed3de1e9072944ce54ff69ef57372c3d601916,true,https://www.luogu.com.cn/problem/P6793,P6793
洛谷/code/P6793.cpp,P6793.cpp,cpp,5204,222,959439399bfae972d806992ba950c60cbc947851de1965178419d8abf5890fe7,true,https://www.luogu.com.cn/problem/P6793,P6793
洛谷/code/P6812(2).cpp,P6812(2).cpp,cpp,2218,117,4f1240a1d2412226d7e9dfd7c130683ed82c9a2e31f6efd74dd5c83d89f58c1a,false,https://www.luogu.com.cn/problem/P6812,P6812
洛谷/code/P6812.cpp,P6812.cpp,cpp,1536,75,4b1930e9ffe75fadbdefefce4ce488bfbd4484e3f802d81410bf0873b9530e4a,true,https://www.luogu.com.cn/problem/P6812,P6812
洛谷/code/P6824(2).cpp,P6824(2).cpp,cpp,1394,67,2145cadd3afe4a019bea6c9ee1eab872db09cca7bd947547f038987324b13d31,true,https://www.luogu.com.cn/problem/P6824,P6824
洛谷/code/P6824(3).cpp,P6824(3).cpp,cpp,1078,57,767a1b7fba6fe08f9d7a6b769d1687ac4088de81fe6cb3c87c7f0cfc89173f5f,true,https://www.luogu.com.cn/problem/P6824,P6824
洛谷/code/P6824(4).cpp,P6824(4).cpp,cpp,1406,67,221848d2418e58b2d0eafb57597f978603c2bc900eecbc306b019704f8f7a566,true,https://www.luogu.com.cn/problem/P6824,P6824
洛谷/code/P6824.cpp,P6824.cpp,cpp,904,49,af7f17f7d25a78f9f64e79e3e9ba4a4647eee0788cd7e6777c82322f75921de6,true,https://www.luogu.com.cn/problem/P6824,P6824
洛谷/code/P6832.c,P6832.c,c,416,22,b32496feba9cec6f7555aac4797cf19d8cb40efd1a1928c9c7ca4cd0f423e16e,true,https://www.luogu.com.cn/problem/P6832,P6832
洛谷/code/P6835.cpp,P6835.cpp,cpp,1098,60,a40e80c93e6569dabea9a5e9213f5a92fde68e0373750883099bbc2df4920e8c,false,https://www.luogu.com.cn/problem/P6835,P6835
洛谷/code/P6869.cpp,P6869.cpp,cpp,2601,124,6bfb7733a171cc73ef904b334293e07c7a30372649b2e0494db4606b3b150f94,false,https://www.luogu.com.cn/problem/P6869,P6869
洛谷/code/P6879.cpp,P6879.cpp,cpp,1834,61,50141ea1fcc81513cce5bcb43a5eee9ab3e47e11efa8253b5a3c1b444055bf7f,false,https://www.luogu.com.cn/problem/P6879,P6879
洛谷/code/P6880.cpp,P6880.cpp,cpp,2546,123,e81a8e49c4df40dd32eae11cfb9efb1d7334ff6ace75a30ccbbde2463204e478,false,https://www.luogu.com.cn/problem/P6880,P6880
洛谷/code/P6883.c,P6883.c,c,1102,42,6bcea05e667525f3f25192a3c52afdec3a83d58a080430e01534633e8ebd1235,true,https://www.luogu.com.cn/problem/P6883,P6883
洛谷/code/P6902.cpp,P6902.cpp,cpp,2853,117,2f1051aa6ea1014dcf8788574861c38ec734cb6069ebc78e6a1ecf26b33572a2,true,https://www.luogu.com.cn/problem/P6902,P6902
洛谷/code/P7072.cpp,P7072.cpp,cpp,401,23,d8b9941a08e02f1543acfcd4884a27ad3952a047af7f39dc784f5018af789b09,true,https://www.luogu.com.cn/problem/P7072,P7072
洛谷/code/P7095(2).cpp,P7095(2).cpp,cpp,1893,85,69520e9f23079795c735e435030bebff49064bc06a478d900163c020b0975faa,true,https://www.luogu.com.cn/problem/P7095,P7095
洛谷/code/P7103(2).cpp,P7103(2).cpp,cpp,2462,137,d1e3dfd7acbac210f848f60de0c3da54bbb0ad1d022620cea50d62e1bcac4dec,true,https://www.luogu.com.cn/problem/P7103,P7103
洛谷/code/P7103.cpp,P7103.cpp,cpp,1872,103,83f7677967e621e32b7272ff9c08dff37acf6636eeb6bc649f07928c4845887e,true,https://www.luogu.com.cn/problem/P7103,P7103
洛谷/code/P7107.c,P7107.c,c,1505,51,ae3856cede8b95cacf9d15ed804b61fc67f780a40b7736d4564b9f43223c69d0,true,https://www.luogu.com.cn/problem/P7107,P7107
洛谷/code/P7118.cpp,P7118.cpp,cpp,1473,75,d06706369bbd668c44f861c7fb66040dfaafd697fa67df7784bec1e8894a3960,true,https://www.luogu.com.cn/problem/P7118,P7118
洛谷/code/P7119.cpp,P7119.cpp,cpp,2011,94,b435152e61ec01078cbf69b385b138c7e2f9f803be9d0730535dff986acca662,false,https://www.luogu.com.cn/problem/P7119,P7119
洛谷/code/P7167.cpp,P7167.cpp,cpp,1523,67,fcc6a65fcc7e501e021dd8baa6bf97ad5fcde199413a2b83e61af66f9c64fedf,true,https://www.luogu.com.cn/problem/P7167,P7167
洛谷/code/P7171.cpp,P7171.cpp,cpp,1443,82,fab253d3c88145c1f4152eb3bb982ecbef71fd8dc1a6ac80f4b148ce4507d887,false,https://www.luogu.com.cn/problem/P7171,P7171
洛谷/code/P7172.cpp,P7172.cpp,cpp,6896,329,76fd84da89819babf4e802d9cab6ff40e4dd10ec019539d41971b04a68ab9455,false,https://www.luogu.com.cn/problem/P7172,P7172
洛谷/code/P7215.cpp,P7215.cpp,cpp,2990,155,a8571b088c6c791daa693023cadadfe08627063c277d7dd0def9551286a14d37,true,https://www.luogu.com.cn/problem/P7215,P7215
洛谷/code/P7215_2.cpp,P7215_2.cpp,cpp,5113,180,98f561838f62c3631713ec7440b76bf6c6fab0af74597c30022c171958fb318d,true,,
洛谷/code/P7219.cpp,P7219.cpp,cpp,3384,128,1e4ed217cd94ab4e35564e2abd820ed68c0a7fa18bf26e143badf2f0944cf90d,true,https://www.luogu.com.cn/problem/P7219,P7219
洛谷/code/P7228(2).cpp,P7228(2).cpp,cpp,908,47,a05360651aaa4fcdc792b8c50d880e2a07e85fc5b46db65e27f16966e22bb8de,true,https://www.luogu.com.cn/problem/P7228,P7228
洛谷/code/P7228(3).cpp,P7228(3).cpp,cpp,789,47,a286a5b72d63bd62ac4970e301c1b815bf3420ef83914daed269c40755da2b3b,true,https://www.luogu.com.cn/problem/P7228,P7228
洛谷/code/P7228.cpp,P7228.cpp,cpp,988,56,c9d1fedfb2378578a14c606a4ccd58be8fb197e24d856d3d707b964574165165,true,https://www.luogu.com.cn/problem/P7228,P7228
洛谷/code/P7230.cpp,P7230.cpp,cpp,3558,146,1f2c3a9cbffb253bf0020e49ae2a018da918393921416b1ede5c40bd301336c2,false,https://www.luogu.com.cn/problem/P7230,P7230
洛谷/code/P7245.cpp,P7245.cpp,cpp,4837,182,bab26c5591519aa25c89890f797ae0deddc5a73fd14385f528d3c3d488591567,true,https://www.luogu.com.cn/problem/P7245,P7245
洛谷/code/P7261.cpp,P7261.cpp,cpp,1411,61,9bf876365e3036db07f37e45d73a91aa42ac5221a059a45753ad688dc21b910e,true,https://www.luogu.com.cn/problem/P7261,P7261
洛谷/code/P7285.c,P7285.c,c,444,26,eb4922dd7f7f011b9360c0f144aa77ac9f93a205ae678223d3f89e726d8d2edd,true,https://www.luogu.com.cn/problem/P7285,P7285
洛谷/code/P7296.cpp,P7296.cpp,cpp,989,46,4df6837d7375d4617724cc6af5bb86965642291bef482a048ea95344ad310563,true,https://www.luogu.com.cn/problem/P7296,P7296
洛谷/code/P7305(2).c,P7305(2).c,c,1428,69,9173e1ff16ab20c9b9fd31576828260d7c9e40e4b21c2e848d6d1234cf7d035e,true,https://www.luogu.com.cn/problem/P7305,P7305
洛谷/code/P7305.c,P7305.c,c,1141,60,fd0cffe077ae9594b0219618149603ad397daeefe4f271084e312d9adcd37838,true,https://www.luogu.com.cn/problem/P7305,P7305
洛谷/code/P7312.cpp,P7312.cpp,cpp,5560,280,404b681d8a9aff2ffd294fa8aa25a87cd120823442dc6f77231350ddab9239ad,true,https://www.luogu.com.cn/problem/P7312,P7312
洛谷/code/P7314.c,P7314.c,c,486,29,ea772d34e9800c84b8ed0e8be11417c2c070fd6a36d83e4ca4b9061d105890e0,true,https://www.luogu.com.cn/problem/P7314,P7314
洛谷/code/P7322.cpp,P7322.cpp,cpp,1032,50,87ea815625ddd79beb19d9ebba6cd0cf7575262725911d93c709cee6c86f6f2b,false,https://www.luogu.com.cn/problem/P7322,P7322
洛谷/code/P7333.cpp,P7333.cpp,cpp,2195,103,2cb7e67ab405457945d527e2ec72850759e6aa22e6c53ed5133851504dcd56b6,true,https://www.luogu.com.cn/problem/P7333,P7333
洛谷/code/P7334.cpp,P7334.cpp,cpp,2517,134,1a679fd5a32b49687a4573161a47b7a3aa1940edb968022c06b7be3af60c2269,false,https://www.luogu.com.cn/problem/P7334,P7334
洛谷/code/P7335.cpp,P7335.cpp,cpp,1440,51,25b34d10e549bed7876f4bc46f89a81d63f2ad92e8c159f5959a24dd441db707,false,https://www.luogu.com.cn/problem/P7335,P7335
洛谷/code/P7381(2).c,P7381(2).c,c,1334,45,af5f80244ba7bd2dfcbfb651e6f279948c974f234f37e20ab29c8ba98f78dcee,true,https://www.luogu.com.cn/problem/P7381,P7381
洛谷/code/P7381.c,P7381.c,c,641,35,bebb8cf38f19651f7b740eb1d6b8fd5c5b8e7c137fb63221580fc3053a6b5895,true,https://www.luogu.com.cn/problem/P7381,P7381
洛谷/code/P7394.cpp,P7394.cpp,cpp,80,7,0b86af26146cee7f958b8da85052a099dc88f5139504bab4ae8e6b27ab05e7dd,true,https://www.luogu.com.cn/problem/P7394,P7394
洛谷/code/P7399(2).cpp,P7399(2).cpp,cpp,664,31,868cd3915476e79391a8740c935351bccce19994d6329a21d18a5b30148fc62e,true,https://www.luogu.com.cn/problem/P7399,P7399
洛谷/code/P7402.cpp,P7402.cpp,cpp,1327,51,4c65d6f8877542f232ffff12f14274bc226d56e29b01fc0c082463870511fbf2,false,https://www.luogu.com.cn/problem/P7402,P7402
洛谷/code/P7404(2).cpp,P7404(2).cpp,cpp,504,24,b630dd1f3eea62600e5ece9bbf4419c00a10e809260784f1834f42a172b79597,true,https://www.luogu.com.cn/problem/P7404,P7404
洛谷/code/P7404.cpp,P7404.cpp,cpp,812,36,77a7767cdf420467007adb944d1a428f04a27c1750684a82c98dbcc851cd5630,true,https://www.luogu.com.cn/problem/P7404,P7404
洛谷/code/P7409(2).cpp,P7409(2).cpp,cpp,5326,259,bb8e8834a4cea9de1f184c2f41737cb6afaab3889e6934df36b7eb82f71d7df0,false,https://www.luogu.com.cn/problem/P7409,P7409
洛谷/code/P7409.cpp,P7409.cpp,cpp,5422,251,8acae777fa19afb46b632b3c0871ffca177697cc708bdcb97711ddfc5e0f3716,false,https://www.luogu.com.cn/problem/P7409,P7409
洛谷/code/P7415.cpp,P7415.cpp,cpp,1745,64,6e494f76028274263235325cfe171e0fcd9c99a19f3951dfb43158ac95faabdf,false,https://www.luogu.com.cn/problem/P7415,P7415
洛谷/code/P7416.cpp,P7416.cpp,cpp,3369,157,15954bc3ca11170953bc1bd98cda275f358c43e293672b7beaa711ccc96e31a3,true,https://www.luogu.com.cn/problem/P7416,P7416
洛谷/code/P7424.cpp,P7424.cpp,cpp,2335,127,ee3640bf6f7bd1d5238d689e689e00082a937a1123276f7f95dea909153f4d3b,true,https://www.luogu.com.cn/problem/P7424,P7424
洛谷/code/P7427.c,P7427.c,c,446,25,2ec6a2d08e44a43bec64abdf4a241ed7bc1969deea76e755e5c0b9b16d914a64,true,https://www.luogu.com.cn/problem/P7427,P7427
洛谷/code/P7453.cpp,P7453.cpp,cpp,3610,141,08b3ee01268ff3b3d61c821c7feb98372854ca46fe1d073368676e03b73a03e6,true,https://www.luogu.com.cn/problem/P7453,P7453
洛谷/code/P7456.cpp,P7456.cpp,cpp,1906,95,4d1b9889091ee2c8091007918588811332f05c7292069356b65dc085d5c5dca7,true,https://www.luogu.com.cn/problem/P7456,P7456
洛谷/code/P7492.cpp,P7492.cpp,cpp,4033,205,de9def2af8f37ed2474a95abd4adf25675d947a4ab8a7aec78dcf8e725c8f4e9,true,https://www.luogu.com.cn/problem/P7492,P7492
洛谷/code/P7527.cpp,P7527.cpp,cpp,1138,68,18f1be13bc74ccfda6b2f87b02f3e3e6d462e2244894f159e9870adbff9408c0,true,https://www.luogu.com.cn/problem/P7527,P7527
洛谷/code/P7530.cpp,P7530.cpp,cpp,2676,130,4192cf4812e00450d642fa8d9f9454fa53b17569d6871ff2119b53ee0a429faa,false,https://www.luogu.com.cn/problem/P7530,P7530
洛谷/code/P7535.cpp,P7535.cpp,cpp,603,31,a844a3e8a71eae228a99b61d8a0e2f77ba48133383471786bea5acf38c9ebbbd,true,https://www.luogu.com.cn/problem/P7535,P7535
洛谷/code/P7537.cpp,P7537.cpp,cpp,1528,70,3810ae2b482e29c2f68c9d086ff97d3154b4fdf0d9864301f3959e93eaf98f7e,true,https://www.luogu.com.cn/problem/P7537,P7537
洛谷/code/P7551.cpp,P7551.cpp,cpp,1122,66,d0b722a9ec2aa05e8d099f23c94cf125dfe0575d80d6e66056d869b9739b67fe,true,https://www.luogu.com.cn/problem/P7551,P7551
洛谷/code/P7581.cpp,P7581.cpp,cpp,330,20,0adb90cfb2a0931f6d4e50d12b1f744b7dab34148046b2baa685b2df1d7a833f,true,https://www.luogu.com.cn/problem/P7581,P7581
洛谷/code/P7584.c,P7584.c,c,776,44,9a296acf486fbacf8f11737d38fbf9a65483b27645dab2d020b8395f73ee38eb,true,https://www.luogu.com.cn/problem/P7584,P7584
洛谷/code/P7588(2).c,P7588(2).c,c,1695,73,4d9b824ce1785d6867e4fc071f536ced735856d52e5893b6bb234ef9cc2d99d9,true,https://www.luogu.com.cn/problem/P7588,P7588
洛谷/code/P7588.c,P7588.c,c,971,49,a45aff6916ada0795c6d8f5602786d146b7fcb60904ffafd552fb4ff980f1662,true,https://www.luogu.com.cn/problem/P7588,P7588
洛谷/code/P7619.cpp,P7619.cpp,cpp,3189,153,7ec4d4c4e6d443d6a3254edd4b9bc7a38da55d4db9c5dbd2e50dd0eb32bc31cb,false,https://www.luogu.com.cn/problem/P7619,P7619
洛谷/code/P7623.c,P7623.c,c,1064,52,465adeacba70e8718c66767da4d4704bb81263639cb75ab392b1b68dac51795a,true,https://www.luogu.com.cn/problem/P7623,P7623
洛谷/code/P7629.cpp,P7629.cpp,cpp,938,52,827b7f3831c38e3a9500d1c075e6a6386ec0bb3401e63f4aa270662a9bca8f74,true,https://www.luogu.com.cn/problem/P7629,P7629
洛谷/code/P7642.c,P7642.c,c,1585,77,ac66bc3531219c892c449ed0acc59c37b1fae2c96a08a8b80cee1eca19fe1cb1,true,https://www.luogu.com.cn/problem/P7642,P7642
洛谷/code/P7666.c,P7666.c,c,508,27,ae36af8f40b0b212978f14d45fb33acb07a2a77fca70e6a5b3a5e5aadc93663a,true,https://www.luogu.com.cn/problem/P7666,P7666
洛谷/code/P7669.cpp,P7669.cpp,cpp,3558,181,3438234adb02213c0c914a2b6365d4bd89c4c2d0816f2927b0862943c533f831,true,https://www.luogu.com.cn/problem/P7669,P7669
洛谷/code/P7687.cpp,P7687.cpp,cpp,1793,91,9c4ae98de1a722aeda460c443795da51b431417940a38c3aeab2864679985197,true,https://www.luogu.com.cn/problem/P7687,P7687
洛谷/code/P7700.c,P7700.c,c,1015,51,e2a3408af491bb09b62edd4f543edabfbd70d45fc9f84ccc144b832c9bce4214,true,https://www.luogu.com.cn/problem/P7700,P7700
洛谷/code/P7708.cpp,P7708.cpp,cpp,5198,149,373b3341e34ea20ab834c4da0828f2923ce979ba14370e80541b19ac5b076dcd,true,https://www.luogu.com.cn/problem/P7708,P7708
洛谷/code/P7716.cpp,P7716.cpp,cpp,1884,75,d66b0c5893ac5cedefeed81cfd670cbf6e2fa421e8d477097583d5f06f736312,true,https://www.luogu.com.cn/problem/P7716,P7716
洛谷/code/P7717.cpp,P7717.cpp,cpp,2670,134,03bc97fd242fadf464c93244817279d38135045d44c5e1a8fcc8061a6ce8c339,true,https://www.luogu.com.cn/problem/P7717,P7717
洛谷/code/P7746.cpp,P7746.cpp,cpp,4324,215,c6889e3fa75bf7f59f2dd29e73ed54dc56c18e7ba1c30856eaed3b44eaffb390,true,https://www.luogu.com.cn/problem/P7746,P7746
洛谷/code/P7764.cpp,P7764.cpp,cpp,1897,87,94c89a7003ac2f13e86ee0458376c8c060e6b9d82e85e0e34ff2d7f60acac1bd,true,https://www.luogu.com.cn/problem/P7764,P7764
洛谷/code/P7768.cpp,P7768.cpp,cpp,2971,143,5afe4550d63f4210fafdfbba3fa37bf63bcd2ab2ebb6b01be36b61a576e54a6b,false,https://www.luogu.com.cn/problem/P7768,P7768
洛谷/code/P7774(2).c,P7774(2).c,c,936,42,e3011bcf9545dd52f43d147ad459575f7b57ecee0f730a57c3b65a01b0e081d6,true,https://www.luogu.com.cn/problem/P7774,P7774
洛谷/code/P7774.c,P7774.c,c,685,36,37b852494037fa86de419a711c719366ef2a23ebe1a60e889791bedf8747b159,true,https://www.luogu.com.cn/problem/P7774,P7774
洛谷/code/P7775.cpp,P7775.cpp,cpp,2272,104,16c2851ef79aee1300360462fdfad3dca1f83978830807ac7ae0e96c215c1970,true,https://www.luogu.com.cn/problem/P7775,P7775
洛谷/code/P7777.c,P7777.c,c,729,42,c760158a0c0bad4b53c8a6b30959489ed115090f901f9ae635f2b6dc8e0a621a,true,https://www.luogu.com.cn/problem/P7777,P7777
洛谷/code/P7793(2).c,P7793(2).c,c,969,43,d9af2973d69f4b97d74c98ea6a4252fc81fb974492e505630bd2cde585f48d1f,true,https://www.luogu.com.cn/problem/P7793,P7793
洛谷/code/P7793.c,P7793.c,c,1176,48,805222c3b028abbf3e5e382347838af54074878417bc68d8ef1fec4adfaa2846,true,https://www.luogu.com.cn/problem/P7793,P7793
洛谷/code/P7795.c,P7795.c,c,738,42,fb8e909c385ea7be278d479e71e677d0c86947690d8b5a461fe075395962d0fb,true,https://www.luogu.com.cn/problem/P7795,P7795
洛谷/code/P7796.cpp,P7796.cpp,cpp,2297,126,70b4b69eaeebe3b67c70c4c25cb702d9bb5ff682d7c7a345e8aff0bcdc4b1568,true,https://www.luogu.com.cn/problem/P7796,P7796
洛谷/code/P7809.cpp,P7809.cpp,cpp,2,1,7eb70257593da06f682a3ddda54a9d260d4fc514f645237f5ca74b08f8da61a6,false,https://www.luogu.com.cn/problem/P7809,P7809
洛谷/code/P7818.cpp,P7818.cpp,cpp,2547,122,323f4bfebe7aa5aa16f3dd6f770222d83409117d2c85a62036281d027386ee76,true,https://www.luogu.com.cn/problem/P7818,P7818
洛谷/code/P7821(2).c,P7821(2).c,c,1593,45,8e21b073cc46f978109bf1e99b4cce04b29065cc720693141ee7d9db976adfa9,true,https://www.luogu.com.cn/problem/P7821,P7821
洛谷/code/P7821.c,P7821.c,c,3342,77,4f14934d82c8195c58e1d758ff678912acd2528666876f705832524df109b890,true,https://www.luogu.com.cn/problem/P7821,P7821
洛谷/code/P7822.c,P7822.c,c,1118,46,31c5882f12ffd8cef8b221eda222506e64b3b16b23c75555d243aba8aa536ae8,true,https://www.luogu.com.cn/problem/P7822,P7822
洛谷/code/P7828.cpp,P7828.cpp,cpp,3385,141,85f27407c1dabca8d2914e3d45d83dd442d568311ceefb130ac01a75889e36c6,true,https://www.luogu.com.cn/problem/P7828,P7828
洛谷/code/P7831.cpp,P7831.cpp,cpp,2144,113,2a4fc9bb4d8d6c326c3a750d475fc104743f83a40f94dfc0e0e7e3c0e7a264e9,true,https://www.luogu.com.cn/problem/P7831,P7831
洛谷/code/P7846.cpp,P7846.cpp,cpp,2382,112,9590422b68f8b4ec6fbbf11ebbb6621fe2b2c08245b2fb37602b81d2db2b99e5,false,https://www.luogu.com.cn/problem/P7846,P7846
洛谷/code/P7859(2).c,P7859(2).c,c,586,26,99f6c710fdd322552af762734f94e2ff90612dbd038850da788dd53d1e4a5f72,true,https://www.luogu.com.cn/problem/P7859,P7859
洛谷/code/P7859.c,P7859.c,c,651,31,ee1536d575a6cd575c829b80a4d888954b1e75389b8290daa2e1bf547941e92c,true,https://www.luogu.com.cn/problem/P7859,P7859
洛谷/code/P7860.cpp,P7860.cpp,cpp,1635,73,ab5f2d621888e6faddedfed1b5e8f56545d2f6352d6e2a7d12e09d2ee13cedb6,true,https://www.luogu.com.cn/problem/P7860,P7860
洛谷/code/P7862.cpp,P7862.cpp,cpp,3029,110,f5bb8bba9ff17e2ad7fe9a137f5b2b99360e78e6811c08f509b1e21a0fd779a7,false,https://www.luogu.com.cn/problem/P7862,P7862
洛谷/code/P7865(2).cpp,P7865(2).cpp,cpp,1034,44,b4ecc3683891b8ad37c7d8ceea75b95cda2ba5694bec07e61af20d4e399db90d,true,https://www.luogu.com.cn/problem/P7865,P7865
洛谷/code/P7865.cpp,P7865.cpp,cpp,1080,47,039fdf5b2ca2649c576ede628018db9d15b6a87d5a54a90de176329821cf0c80,true,https://www.luogu.com.cn/problem/P7865,P7865
洛谷/code/P7866(2).c,P7866(2).c,c,1683,58,99c2dd5da869106944e75a9de5e5b20cd73cc9fea58c7d1a225d87f3e9747df0,true,https://www.luogu.com.cn/problem/P7866,P7866
洛谷/code/P7866.c,P7866.c,c,1445,65,5c2d82fad41a01ad552c305b56a8f4305986fc97e941e622a09f5dd055d44095,true,https://www.luogu.com.cn/problem/P7866,P7866
洛谷/code/P7866.cpp,P7866.cpp,cpp,797,42,984b8480ebf9701d63d2b381135d2ca9c617e13034042a17356f83a4631f5ead,true,https://www.luogu.com.cn/problem/P7866,P7866
洛谷/code/P7871.cpp,P7871.cpp,cpp,1759,78,83d65960985f74a838b954651781985e9a18ecefa25fda4a9104d00e8c50f329,true,https://www.luogu.com.cn/problem/P7871,P7871
洛谷/code/P7883.cpp,P7883.cpp,cpp,1562,76,f37127a200bf7e13291bae94383bd0809bac91aa1fad3591018ed9dfa5c808b2,false,https://www.luogu.com.cn/problem/P7883,P7883
洛谷/code/P7907.cpp,P7907.cpp,cpp,2519,130,427221eae379a58a535756875881ef6bcbbb6d06b9727ca58309ffaaaa1c04f3,true,https://www.luogu.com.cn/problem/P7907,P7907
洛谷/code/P7914.cpp,P7914.cpp,cpp,1609,53,616f84473e92b733ab6f11eeb1e23d007643cf0f893f75a5dd306835038d7882,true,https://www.luogu.com.cn/problem/P7914,P7914
洛谷/code/P7924.cpp,P7924.cpp,cpp,4267,215,0ba6d7478903ea99ea812109e4881353ff0423c78bdd8de2ffd61c7e965acfa4,true,https://www.luogu.com.cn/problem/P7924,P7924
洛谷/code/P7925.cpp,P7925.cpp,cpp,2399,115,b9d432e48a905b42727dc09c63079dc01a18f883eb6bdf2c9cdd72956a5a4e55,false,https://www.luogu.com.cn/problem/P7925,P7925
洛谷/code/P7929.cpp,P7929.cpp,cpp,4831,221,014872e998b2a232712950d096cda4ca5e1839fb7b6ec009416ba7fdc34ae834,true,https://www.luogu.com.cn/problem/P7929,P7929
洛谷/code/P7947.cpp,P7947.cpp,cpp,4886,235,5e255104bf73749984ae278054f2f83fd84c0f3043220136c0237d89dbc553ba,false,https://www.luogu.com.cn/problem/P7947,P7947
洛谷/code/P7961.cpp,P7961.cpp,cpp,1961,82,6e2e5fac7e3da052cd4bc37bc9394028772a5efc9abf2c67464cc32be0da9b93,false,https://www.luogu.com.cn/problem/P7961,P7961
洛谷/code/P7965.cpp,P7965.cpp,cpp,722,45,0f02a3d1f5f0d61b9e8a1f806bbc3761a671169aed89c8cbf3c7ba29dec9e3a5,true,https://www.luogu.com.cn/problem/P7965,P7965
洛谷/code/P7973.cpp,P7973.cpp,cpp,1412,63,f03607d634549ed7442463bdbf008421d5656d474c72017eae3642cc098c0dd2,false,https://www.luogu.com.cn/problem/P7973,P7973
洛谷/code/P7976.cpp,P7976.cpp,cpp,1290,67,7d54c3915e26c4c2f63eaefccdbbc3be479815b27efeb80a0c12d7aa8a98ac5e,false,https://www.luogu.com.cn/problem/P7976,P7976
洛谷/code/P7984.cpp,P7984.cpp,cpp,3410,165,b1b6d79ea055e6dc4da1553cd1455917f336af9c1d440cf00bf3a9445a35d9b8,false,https://www.luogu.com.cn/problem/P7984,P7984
洛谷/code/P7988.cpp,P7988.cpp,cpp,1690,97,4cbf905b6a7419eccb855f77c332d97c37c6f0fb5ab60c918088daa446f73a3d,true,https://www.luogu.com.cn/problem/P7988,P7988
洛谷/code/P8024.cpp,P8024.cpp,cpp,3819,188,8110bda12578448452b8d7925582197e35ef34cc5f112c5e52464e1d32332aec,true,https://www.luogu.com.cn/problem/P8024,P8024
洛谷/code/P8025.cpp,P8025.cpp,cpp,3396,172,8a030a63fb351fb4655efcb686ee3d17ed6296e2597230f40bbe22098f3b6da0,false,https://www.luogu.com.cn/problem/P8025,P8025
洛谷/code/P8026.cpp,P8026.cpp,cpp,1644,80,61456787f12659077a1ce9da141ad2b641f327a83fa9b196b7c259c5de500c5e,true,https://www.luogu.com.cn/problem/P8026,P8026
洛谷/code/P8048(2).cpp,P8048(2).cpp,cpp,2695,140,c4f7e68f3ffbc96ca5cd7127f06cb57b2a5ee9c9c146a7d358e9b461b3b41052,true,https://www.luogu.com.cn/problem/P8048,P8048
洛谷/code/P8048.cpp,P8048.cpp,cpp,3007,137,411fad767c208a6c2d82c93e272a9c68ed0476e68bab896eeb24534e32df974d,true,https://www.luogu.com.cn/problem/P8048,P8048
洛谷/code/P8059.cpp,P8059.cpp,cpp,446,27,7a1af41f4c4a2b3317676fed0b40bc1b63b429f2df78a8b8c739a1bfb1e698e6,true,https://www.luogu.com.cn/problem/P8059,P8059
洛谷/code/P8060.cpp,P8060.cpp,cpp,925,49,5e1a72eecd17eab8e1235fd9b492e6a80f676b5cbad487d94ba63806c13c96ff,false,https://www.luogu.com.cn/problem/P8060,P8060
洛谷/code/P8078_2.cpp,P8078_2.cpp,cpp,2836,154,a95990eb007f321afe631b3b3176a7ae06aef8ad5af60d3c8d45a56830b1ab42,true,,
洛谷/code/P8082.c,P8082.c,c,588,27,685bbf7c6df69440ea325b320e8ac0f4ccb57fa09af3f16f866bb6d94af47e5d,true,https://www.luogu.com.cn/problem/P8082,P8082
洛谷/code/P8085.cpp,P8085.cpp,cpp,2346,73,030c76bded0cb0c6e2ccc613c9e2e2308a506c8e141dc64daaf3f5baef68a505,true,https://www.luogu.com.cn/problem/P8085,P8085
洛谷/code/P8096.cpp,P8096.cpp,cpp,620,37,f9f21cd7061638dbb7653c9277a4acbbc103858011c75ebe1bd606fef2573745,true,https://www.luogu.com.cn/problem/P8096,P8096
洛谷/code/P8102.cpp,P8102.cpp,cpp,1402,67,fc2503133957360ffa6969c6d14a8008e708e2caf324abaaf78b4a4aed4d9de8,true,https://www.luogu.com.cn/problem/P8102,P8102
洛谷/code/P8108.cpp,P8108.cpp,cpp,2893,89,8318f3972ed09d45d3f25c54696c9f29f3c8e22a431b8321d671cd02e754bd08,true,https://www.luogu.com.cn/problem/P8108,P8108
洛谷/code/P8109.c,P8109.c,c,408,24,314b01a51219d170f1c5e1f4fcd17af142debc899eadfdca8cfae1c87d8d94c2,true,https://www.luogu.com.cn/problem/P8109,P8109
洛谷/code/P8113.cpp,P8113.cpp,cpp,1084,47,59ad3bee4ccba54064fbddb7d77dbc5ef038204f6b7c811e43eb0ca0c8565419,true,https://www.luogu.com.cn/problem/P8113,P8113
洛谷/code/P8131.cpp,P8131.cpp,cpp,1223,55,f4748eec6db7bc5fef80ed65853acdfd0fc10421825ce84e1a1a0fde9301fdde,true,https://www.luogu.com.cn/problem/P8131,P8131
洛谷/code/P8144.cpp,P8144.cpp,cpp,435,19,5f302880fd1f040b063c321a571c7cc89ba1362d47b9f5de6aa759245f20c940,true,https://www.luogu.com.cn/problem/P8144,P8144
洛谷/code/P8161(2).c,P8161(2).c,c,1103,45,677bb7e5d7c6f44df0111185b6f2c3de6b3cdc4ed5ba776e7df611f11f761e16,true,https://www.luogu.com.cn/problem/P8161,P8161
洛谷/code/P8161.c,P8161.c,c,1079,53,9dc42e205d80430b6ddb3912354e5d77769b76a8f875da4d41e54a05c9fe3436,true,https://www.luogu.com.cn/problem/P8161,P8161
洛谷/code/P8163.cpp,P8163.cpp,cpp,4331,186,8a67bdce2e4e5f088a4d2f6be4cdf2badb047b3d3c41ee57dcbab157882a31e0,true,https://www.luogu.com.cn/problem/P8163,P8163
洛谷/code/P8187.cpp,P8187.cpp,cpp,1105,47,a3575d62b39438304336203d189de812c60f3b84f9ea2fcc318a79093e560ee6,false,https://www.luogu.com.cn/problem/P8187,P8187
洛谷/code/P8200.cpp,P8200.cpp,cpp,1587,82,29b78836b0c7c679603e40d6077dcf9416e5eacbdc57cad92f6a10d3c4f45a4c,true,https://www.luogu.com.cn/problem/P8200,P8200
洛谷/code/P8201.cpp,P8201.cpp,cpp,3742,193,6fbd1f77cff3bb6a2d782254a9ce1dd2e73abd51ca6ffc28bd73df9b10cc96ed,true,https://www.luogu.com.cn/problem/P8201,P8201
洛谷/code/P8208.cpp,P8208.cpp,cpp,1536,72,6ce5b6937c54fa724ae69106304d190c875c576dab65f07cba05334ca2893bef,false,https://www.luogu.com.cn/problem/P8208,P8208
洛谷/code/P8218.cpp,P8218.cpp,cpp,351,22,487ed9d91ca776f09cb5e8099de35e7f4a2b3c454659517379ee934036dd453e,true,https://www.luogu.com.cn/problem/P8218,P8218
洛谷/code/P8277.cpp,P8277.cpp,cpp,912,54,22cb6b6e5665ac00bada1c96dc8a1efb8f811f7aaea9b8c5585e8d62f450fd9b,true,https://www.luogu.com.cn/problem/P8277,P8277
洛谷/code/P8287.cpp,P8287.cpp,cpp,2003,92,d52817f577e9d58cd7d96d0fa5bfaeb5e9f5b1637c373263c97b882827e785d7,false,https://www.luogu.com.cn/problem/P8287,P8287
洛谷/code/P8288.cpp,P8288.cpp,cpp,3864,217,6eea4b604c126a68ac2e53c2f747f4f240a49b2f13a27df651d3455fca266a03,false,https://www.luogu.com.cn/problem/P8288,P8288
洛谷/code/P8306(2).cpp,P8306(2).cpp,cpp,1173,53,72f630886cc688294acef080174c7cd15ebf0dee48bc0bc944cff21499775632,true,https://www.luogu.com.cn/problem/P8306,P8306
洛谷/code/P8306.cpp,P8306.cpp,cpp,1595,76,bd861b11637e17d37797b9dc0cabea248eb0bd65e44975921ab6c57a11378746,true,https://www.luogu.com.cn/problem/P8306,P8306
洛谷/code/P8310.cpp,P8310.cpp,cpp,3748,171,f16b8f07a73cb575ff6670cebcb4fe2946a0dfcd23a3bcd79f6f4d55a795e7f4,true,https://www.luogu.com.cn/problem/P8310,P8310
洛谷/code/P8311(2).c,P8311(2).c,c,852,32,d36e5d3360ca22721c8709e97807ab19694f9bc690e3bf7ac2b8ea77a79ec48b,true,https://www.luogu.com.cn/problem/P8311,P8311
洛谷/code/P8311.c,P8311.c,c,384,22,ee98a87314f0d0cba7f7da72774554957846cbca775db826ba9f6406ecdba28c,true,https://www.luogu.com.cn/problem/P8311,P8311
洛谷/code/P8312(2).cpp,P8312(2).cpp,cpp,1111,53,94ce92d232e375b1e38f5876f0948e133ff4001c68470246bc69a21ee52051f8,true,https://www.luogu.com.cn/problem/P8312,P8312
洛谷/code/P8312.cpp,P8312.cpp,cpp,1439,55,e71c905df78f4fffe16b0f35411c8c8481bd84fc3586cf508ee9776f1102ee4a,false,https://www.luogu.com.cn/problem/P8312,P8312
洛谷/code/P8316.cpp,P8316.cpp,cpp,2057,93,818bd919f8f6fc2a9201a6030310d051e3d23b971dc270591c5601396e127130,true,https://www.luogu.com.cn/problem/P8316,P8316
洛谷/code/P8344.c,P8344.c,c,339,19,9d038671bfe1e685182e4d2932a1eed99b0bb196b1f77c7e5e45d71acb034844,true,https://www.luogu.com.cn/problem/P8344,P8344
洛谷/code/P8347.cpp,P8347.cpp,cpp,839,45,6b7747f7a69214b95a77a454208932b92c1424d8cc290828923ea54dbce1351e,true,https://www.luogu.com.cn/problem/P8347,P8347
洛谷/code/P8360.cpp,P8360.cpp,cpp,4931,215,eb5dfd8003ec51a7ffb70a3d2190d6e985a4b0ac57092ddfd88e8447512cde25,true,https://www.luogu.com.cn/problem/P8360,P8360
洛谷/code/P8360_2.cpp,P8360_2.cpp,cpp,4596,209,8bf822c068bb6e597192d73f43abc0c97a16cc169c6613b7e361daf6e9d5e7ed,true,,
洛谷/code/P8360_3.cpp,P8360_3.cpp,cpp,4660,211,f8793a7124e3684f00946109c485e139e40c626ad597ef0f2267728beeb58c9e,true,,
洛谷/code/P8395.c,P8395.c,c,196,14,e0eaacd7523a9f065cf51ed6fbeb17dc453d224d41db3eeb7fb02e27e682b30e,true,https://www.luogu.com.cn/problem/P8395,P8395
洛谷/code/P8435_3.cpp,P8435_3.cpp,cpp,1757,93,72b1a44e7a69f0ecf279c53b8b8884e247e343e519f1b91fde3673410424e8ee,true,,
洛谷/code/P8436.cpp,P8436.cpp,cpp,1100,56,2410865611a28728e8d1ab72220c9fa8862505916aae473b45c7ec6148b3d1db,true,https://www.luogu.com.cn/problem/P8436,P8436
洛谷/code/P8439.cpp,P8439.cpp,cpp,5212,273,4fad5a4a9c0eb485fa276dfcd7854d8326a7538a5b7538f76b31e526d8a762d8,true,https://www.luogu.com.cn/problem/P8439,P8439
洛谷/code/P8451.cpp,P8451.cpp,cpp,2919,168,d26baa7947ba1edb042dd3c9b7fabf42b3bbb4dd1f3d448a259d7640d03b8823,true,https://www.luogu.com.cn/problem/P8451,P8451
洛谷/code/P8460.cpp,P8460.cpp,cpp,2894,159,abfd6c98f075d4db1b741661e291d7b2835d86ee8b21455c72591dfa439a8fc3,true,https://www.luogu.com.cn/problem/P8460,P8460
洛谷/code/P8475.cpp,P8475.cpp,cpp,3387,196,c7af7afd00776c8ffdb3f0b0db6c5b735d2f66067b37a62eb6c67f4821f5146d,true,https://www.luogu.com.cn/problem/P8475,P8475
洛谷/code/P8480.c,P8480.c,c,444,23,45db3dee80232bf362d4764eb4b2ab11bd0a408f23262816444cab170aaefa25,true,https://www.luogu.com.cn/problem/P8480,P8480
洛谷/code/P8481.c,P8481.c,c,1772,89,c104e9d7100b400ed4cafc05563cd90e445e9c9c6ac77a4c5d62a53367cd5342,true,https://www.luogu.com.cn/problem/P8481,P8481
洛谷/code/P8488(2).cpp,P8488(2).cpp,cpp,5406,258,b4a3ca4e3ad486d8ceb7281c485985fc0fbe8c3eb281b9e5645040b979d3a4f1,false,https://www.luogu.com.cn/problem/P8488,P8488
洛谷/code/P8488.cpp,P8488.cpp,cpp,1144,45,a9208a687773b6cb4f400313ede1f8e7bae67b951168f1961f8ac7052f0406bd,false,https://www.luogu.com.cn/problem/P8488,P8488
洛谷/code/P8511.cpp,P8511.cpp,cpp,2971,161,fab91088902c3f6a5db77dcc00613de11ce74b318333030a1a48dee95779f14c,true,https://www.luogu.com.cn/problem/P8511,P8511
洛谷/code/P8535.c,P8535.c,c,306,21,7bc1c1774335d13f0d379c296b18f4a214b3e4ef11f1db43f1884dcbc96e37ad,true,https://www.luogu.com.cn/problem/P8535,P8535
洛谷/code/P8537.c,P8537.c,c,424,21,4e7444c23aaef8a943fea0e9002266a65ee597db105cc3dc7369d315869d9060,true,https://www.luogu.com.cn/problem/P8537,P8537
洛谷/code/P8548.c,P8548.c,c,330,21,d4434c1bcf3479ac63a8fd6a70e01609301d02670992c9faf2848273ce2045bc,true,https://www.luogu.com.cn/problem/P8548,P8548
洛谷/code/P8595.cpp,P8595.cpp,cpp,80,7,0b86af26146cee7f958b8da85052a099dc88f5139504bab4ae8e6b27ab05e7dd,true,https://www.luogu.com.cn/problem/P8595,P8595
洛谷/code/P8597.c,P8597.c,c,450,24,03ea23377725a4cbc291ea4286d90a3efe62d601b877323a82a06c465ea8e6df,true,https://www.luogu.com.cn/problem/P8597,P8597
洛谷/code/P8600.cpp,P8600.cpp,cpp,2617,136,681202ca92b486c5949b82dfedd525d32d892b9bc4f97f0db64fa4359fc78923,true,https://www.luogu.com.cn/problem/P8600,P8600
洛谷/code/P8614.c,P8614.c,c,467,24,ede8c2ece83eabb60877b286f49505fb86d2d42dd9e010117621096de14aa20e,true,https://www.luogu.com.cn/problem/P8614,P8614
洛谷/code/P8617.cpp,P8617.cpp,cpp,2722,119,8aaabfd34255966f09ebab1d31e9da4fffc012cd0dd3d4ed7f215ca98f884561,true,https://www.luogu.com.cn/problem/P8617,P8617
洛谷/code/P8625.cpp,P8625.cpp,cpp,874,40,5a0fc985041112afd26fa58b4f78985d8000a09eca459f4652136daa1bf6db25,true,https://www.luogu.com.cn/problem/P8625,P8625
洛谷/code/P8626.cpp,P8626.cpp,cpp,4713,217,e73e5f33e9149d1c23d10e5953774cb3718dd884161bc6b2d4e1add10c2dfad5,true,https://www.luogu.com.cn/problem/P8626,P8626
洛谷/code/P8628.cpp,P8628.cpp,cpp,1357,58,96ec190b180d26bd2cb2dade2468aea0a10c1bd1d87039ef927db0efed2207be,true,https://www.luogu.com.cn/problem/P8628,P8628
洛谷/code/P8637.c,P8637.c,c,1098,65,65a200a3196396da2b5396739a55cd39b028fd096ee6f1d322cf942d0531b2e5,true,https://www.luogu.com.cn/problem/P8637,P8637
洛谷/code/P8643.cpp,P8643.cpp,cpp,1254,58,c38f47ca664d1d3ddded1d948de5d4df616a67534ff5a633e89381ed38c1c40c,true,https://www.luogu.com.cn/problem/P8643,P8643
洛谷/code/P8646(2).c,P8646(2).c,c,1112,56,561e908d2d7ac6a36887616cf467f88b6b12ac375e9b735db53b74a4f28e5597,true,https://www.luogu.com.cn/problem/P8646,P8646
洛谷/code/P8646.c,P8646.c,c,721,40,b766a88616cfeaaf692c46612ddee97b72ad60886cd5e6271ef642f083aae8b8,true,https://www.luogu.com.cn/problem/P8646,P8646
洛谷/code/P8647.c,P8647.c,c,830,47,f2904832f920925dbfc6d8e08a91da71e83ce029ab5dd58f294fd5587a7026d2,true,https://www.luogu.com.cn/problem/P8647,P8647
洛谷/code/P8648.cpp,P8648.cpp,cpp,1425,58,60f0704c8295adbe8e66e825d51c6431d24a5e6ed73b89d96bb9802833c0cf54,true,https://www.luogu.com.cn/problem/P8648,P8648
洛谷/code/P8654.cpp,P8654.cpp,cpp,645,42,5a0e27c49172cc6959d5c021deb7039134c6700e706d08f9205f76e3dee42e9e,true,https://www.luogu.com.cn/problem/P8654,P8654
洛谷/code/P8656.c,P8656.c,c,238,18,35fc36bb74affcd148fc56b0a5177f08a40a1967adc03a53a4a1408656c4c956,true,https://www.luogu.com.cn/problem/P8656,P8656
洛谷/code/P8657.cpp,P8657.cpp,cpp,273,14,a10e66c210cb8119bf2c6624fc3d66dcee666c6d1c3843652551c119e50cba59,true,https://www.luogu.com.cn/problem/P8657,P8657
洛谷/code/P8661.cpp,P8661.cpp,cpp,804,41,bacf005a63fa35fb430b0933c3d26f612dc8eb2cee5ed008662b9a65da688d36,true,https://www.luogu.com.cn/problem/P8661,P8661
洛谷/code/P8662.c,P8662.c,c,1703,68,253c23946af885ae9b07deefda993c5d126095c0813894fcb2e015e00510f54d,true,https://www.luogu.com.cn/problem/P8662,P8662
洛谷/code/P8664.c,P8664.c,c,1005,45,8474be05e5f784b03277c2ec0c519f78f137c92190843d12a30f9ca351c93769,true,https://www.luogu.com.cn/problem/P8664,P8664
洛谷/code/P8666.cpp,P8666.cpp,cpp,1646,71,cb3b1551ef48d1d2cc4ebcab92f19a8fcb42b44938456a870241b7044da24d73,true,https://www.luogu.com.cn/problem/P8666,P8666
洛谷/code/P8669.c,P8669.c,c,1077,55,a57f51568deb280ffe0936453c214da3bab109d6ded908d2fbc58d16356e9048,true,https://www.luogu.com.cn/problem/P8669,P8669
洛谷/code/P8673.cpp,P8673.cpp,cpp,1442,46,163e08c6a28f639df7af96490a69ba163c1c5d722c0fd0dc812677ea71244484,true,https://www.luogu.com.cn/problem/P8673,P8673
洛谷/code/P8674.cpp,P8674.cpp,cpp,1146,58,3770d0497833a6c7188f12474a0c12afe3448fb2dc617c2f1f370676456fa9c3,true,https://www.luogu.com.cn/problem/P8674,P8674
洛谷/code/P8675.c,P8675.c,c,552,33,45ce2d1ed30b30f5551852813d5893b5399c7eee85ac74c155591229b39bbe44,true,https://www.luogu.com.cn/problem/P8675,P8675
洛谷/code/P8675.cpp,P8675.cpp,cpp,1173,57,895264534a5678b9fc054481413486f1f7becaebaab85552cfeee1f4883997e5,true,https://www.luogu.com.cn/problem/P8675,P8675
洛谷/code/P8677(2).cpp,P8677(2).cpp,cpp,456,21,4dbb69b77ed7a42fb2fdd4405aa369f9cfbd57f6281e7849735564b2f21ae0b4,true,https://www.luogu.com.cn/problem/P8677,P8677
洛谷/code/P8677.cpp,P8677.cpp,cpp,866,51,00270d4e941cd002f68c805353a193c8948e96b612a438da5383c3ef34be9106,true,https://www.luogu.com.cn/problem/P8677,P8677
洛谷/code/P8686.c,P8686.c,c,480,30,d1ae77fea8b28dfac3724b921d34ec10304d74b2d66c3e3a69ad70d4e9c35f02,true,https://www.luogu.com.cn/problem/P8686,P8686
洛谷/code/P8687(2).c,P8687(2).c,c,1099,47,a2585397d543e35b52c949e8097a75975b16f1925bde15b171b6417b13ac3c5d,true,https://www.luogu.com.cn/problem/P8687,P8687
洛谷/code/P8687.c,P8687.c,c,1218,61,0ecdd6837f4452937fb11ac44ff27c3ee5c3ad009a0a922278483f0ca815aba4,true,https://www.luogu.com.cn/problem/P8687,P8687
洛谷/code/P8688(2).cpp,P8688(2).cpp,cpp,2854,109,b0a9f4cf64bc08eba7382aad4347be8ecca46e31f9781793fc498f08a5359950,false,https://www.luogu.com.cn/problem/P8688,P8688
洛谷/code/P8688.cpp,P8688.cpp,cpp,3101,109,28814c082c10e8933b551776fc9c21fe741265a37e0abd579724c082e1a4ee23,false,https://www.luogu.com.cn/problem/P8688,P8688
洛谷/code/P8693(2).cpp,P8693(2).cpp,cpp,1392,75,47b63c7748c8def96aaeabb5d0d4b3bfb145cdc5f74e58085d984c780822b8cc,true,https://www.luogu.com.cn/problem/P8693,P8693
洛谷/code/P8693.cpp,P8693.cpp,cpp,1404,75,bf3db64ab6d158f4193d91fe655ee8a356f456e00216422744885d8fed89d11d,true,https://www.luogu.com.cn/problem/P8693,P8693
洛谷/code/P8697.c,P8697.c,c,378,22,846975875e7f9ba70f142daeba94f97a0cb06f49250913f6e7d9fe91e38b247b,true,https://www.luogu.com.cn/problem/P8697,P8697
洛谷/code/P8699(2).c,P8699(2).c,c,729,33,7920f5aa0e16e8a4565dca8b741b74be03d368c9ab33461d0d34ed94f6e4237c,true,https://www.luogu.com.cn/problem/P8699,P8699
洛谷/code/P8699.c,P8699.c,c,297,20,22a00c17a0d200ad090f318e866d23ef466291b38ba302d0cb5d0d820bce36c8,true,https://www.luogu.com.cn/problem/P8699,P8699
洛谷/code/P8701.cpp,P8701.cpp,cpp,1756,63,078db1e8843f0a62122695812fb5cacbd4388090806f9d99633cc5f428911687,true,https://www.luogu.com.cn/problem/P8701,P8701
洛谷/code/P8703.cpp,P8703.cpp,cpp,622,32,66c49ac031322ed955b475732832bff415b8a029ce6d9d98cae4bc65483cfa8a,true,https://www.luogu.com.cn/problem/P8703,P8703
洛谷/code/P8707.c,P8707.c,c,674,33,272ed15e6c28b08c123e690eb32cffdada3a2b6254c6a781bf51517b75e23ae7,true,https://www.luogu.com.cn/problem/P8707,P8707
洛谷/code/P8710.cpp,P8710.cpp,cpp,1101,62,3beb3c364c905823fe434b5acd4dc025378d58b70568e65589f310ec6fbf5015,true,https://www.luogu.com.cn/problem/P8710,P8710
洛谷/code/P8725.c,P8725.c,c,636,34,3055a3a0e69c7954170433aff7b175fc8a928cd815ba291bcf6426a3f155581c,true,https://www.luogu.com.cn/problem/P8725,P8725
洛谷/code/P8732.c,P8732.c,c,644,32,54caa6c3997f79e451c674ce806f2ee3b6580c613e07f5314689ac065ba01fe6,true,https://www.luogu.com.cn/problem/P8732,P8732
洛谷/code/P8733(2).cpp,P8733(2).cpp,cpp,1156,42,2095571d80c8874587fae182c6a9eaa80470614c377c8c899b74165b848ed5f3,true,https://www.luogu.com.cn/problem/P8733,P8733
洛谷/code/P8733.cpp,P8733.cpp,cpp,1758,77,e4a07577dbd7e1edcf2abbf56ae720f39fe25c975a3458b83d14e93d7d3fcd83,true,https://www.luogu.com.cn/problem/P8733,P8733
洛谷/code/P8737.cpp,P8737.cpp,cpp,2421,104,454ec15a1ff482790c8110c34d2df6bf446d107796468bce99d5e6c12803a110,false,https://www.luogu.com.cn/problem/P8737,P8737
洛谷/code/P8739.c,P8739.c,c,692,35,23a74a625fbbe3d599725fb29b45b223eea644df3ed3fb6dab7d9b5eb653a779,true,https://www.luogu.com.cn/problem/P8739,P8739
洛谷/code/P8742.c,P8742.c,c,721,34,4fe2ecd3a3b26406e64d81190c3a87ef68a5d74decf68d4d7d6383e6df4e89e0,true,https://www.luogu.com.cn/problem/P8742,P8742
洛谷/code/P8743.c,P8743.c,c,929,40,decb2edb8feb243eae46fbd4935bce7eefd890153c8f40bf0fdd7185bb33d616,true,https://www.luogu.com.cn/problem/P8743,P8743
洛谷/code/P8749.c,P8749.c,c,828,39,88276eb30928f17d65f9524c0a2980116fb2a4f4525925c98d03bfe7777af160,true,https://www.luogu.com.cn/problem/P8749,P8749
洛谷/code/P8756.cpp,P8756.cpp,cpp,1282,60,3e99fb546d528ff4157d10ad1c97377ec898fd7a1eb8e921dcf17cc2d09f7a94,true,https://www.luogu.com.cn/problem/P8756,P8756
洛谷/code/P8757.cpp,P8757.cpp,cpp,1909,115,994a5cd3d58d25ab8d5e5ccec4ae7fedd2a82f60d11f761aa9b0f06b90317200,false,https://www.luogu.com.cn/problem/P8757,P8757
洛谷/code/P8764(2).c,P8764(2).c,c,894,43,99fbc6914ec6365b899e1e51ef1bcbe3274c72fb4b70ea46db7ae3ed346d34b0,true,https://www.luogu.com.cn/problem/P8764,P8764
洛谷/code/P8764.c,P8764.c,c,952,56,944236f8183629935dd46655b5e3b0ea96b4417bd68c6191fb1d32796519b32e,true,https://www.luogu.com.cn/problem/P8764,P8764
洛谷/code/P8765.cpp,P8765.cpp,cpp,5324,257,bb7b87599fe10cb6f9780571b5ebb0756dc93d047185deffefb68dc3fd6acbb4,true,https://www.luogu.com.cn/problem/P8765,P8765
洛谷/code/P8766.cpp,P8766.cpp,cpp,1242,62,31c92e8d231a2ed2eea6acfe872282e9b46d26dd50d2a0541caa4890dc26b5a7,false,https://www.luogu.com.cn/problem/P8766,P8766
洛谷/code/P8774.c,P8774.c,c,825,36,dfbcb942afc930001a716cff2b4fbdb0ad77414d4de0efe7bdf513480819b106,true,https://www.luogu.com.cn/problem/P8774,P8774
洛谷/code/P8779(2).cpp,P8779(2).cpp,cpp,1684,84,88d2b4f3a6fa5e2769d2c2bbb79ba5c807d8f1fb7e57f9afe7d596537bdcfc8d,true,https://www.luogu.com.cn/problem/P8779,P8779
洛谷/code/P8779.cpp,P8779.cpp,cpp,845,39,611cc1f667f8560a13c43b5cf0d6da3ab348eb5fdbee4f290ca316c7af61efc6,false,https://www.luogu.com.cn/problem/P8779,P8779
洛谷/code/P8779_2.cpp,P8779_2.cpp,cpp,1224,73,450aa114da5fda4dbee54caaef5d5aa988c3da3e57c140080d564c12fdc88341,true,,
洛谷/code/P8782.c,P8782.c,c,1148,49,5fee9ab144fd83f032ef2f5a07796e802dd4545acecdd87b4da33a822170c229,true,https://www.luogu.com.cn/problem/P8782,P8782
洛谷/code/P8784(2).c,P8784(2).c,c,662,34,625d7866037f76da89f7ae168d4b078def19f6b4d50c74cac0a7b6ff46b195de,true,https://www.luogu.com.cn/problem/P8784,P8784
洛谷/code/P8784.c,P8784.c,c,371,21,b5ed039b0f472963727cf4af88f6b81c8ab4218c116404855dd65c315f241efb,true,https://www.luogu.com.cn/problem/P8784,P8784
洛谷/code/P8786(2).c,P8786(2).c,c,728,29,c11b2b672b4908011b8190a3af9025dddb88210bf2a3d63569f2106e9bc8a8ab,true,https://www.luogu.com.cn/problem/P8786,P8786
洛谷/code/P8786.c,P8786.c,c,879,38,3bae6f93fc529db9a496f39dbe57aabcc6474a91a52b316989bbab96d8eeb5fa,true,https://www.luogu.com.cn/problem/P8786,P8786
洛谷/code/P8787.c,P8787.c,c,1195,44,4342e47d405232a31f5bb1a13a56c28203e80f02590cd43f01df45ac435c9a92,true,https://www.luogu.com.cn/problem/P8787,P8787
洛谷/code/P8788.cpp,P8788.cpp,cpp,1344,71,60209a88071ecdfa77932957ba156ad7d54177fb74eef701744171314500ac1e,true,https://www.luogu.com.cn/problem/P8788,P8788
洛谷/code/P8800.c,P8800.c,c,1064,55,e68b7f8e8a3eb81379e679eed60be5a5fe5e810ed5b33847787d103adb7ccc91,true,https://www.luogu.com.cn/problem/P8800,P8800
洛谷/code/P8801(2).c,P8801(2).c,c,1461,62,e1742a7702167983b20618a2b42e6bbeb26495a78867b92998344e2472edac7e,true,https://www.luogu.com.cn/problem/P8801,P8801
洛谷/code/P8801.c,P8801.c,c,1511,57,47b568f3dea65b7230c57bd0912eb558bcf4eb8128cb63a0f91fe419c30d3688,true,https://www.luogu.com.cn/problem/P8801,P8801
洛谷/code/P8802.cpp,P8802.cpp,cpp,1400,62,c4e812a01f879ba2f4fd521e42532b5012b86638b66e1de44d1b409bd3ee55fd,true,https://www.luogu.com.cn/problem/P8802,P8802
洛谷/code/P8803.cpp,P8803.cpp,cpp,1046,50,833ba694dba506802cbb0d185e6b068b94e4c65c8c45cce9d891ad359784a632,true,https://www.luogu.com.cn/problem/P8803,P8803
洛谷/code/P8805.cpp,P8805.cpp,cpp,1843,85,c4f479c63e9435dda147c9587700065c3dac65856a2cbc536d3226a53adeabdd,false,https://www.luogu.com.cn/problem/P8805,P8805
洛谷/code/P8806.cpp,P8806.cpp,cpp,570,31,17f8e45c0e68823a36744fb6bb6a62c9f5db3d9305a96ba011910ae192418b9c,true,https://www.luogu.com.cn/problem/P8806,P8806
洛谷/code/P8817.cpp,P8817.cpp,cpp,2227,107,07bae4930635bdf14028a959f0a00930c4f92dc055d7627149430086a3b508c5,false,https://www.luogu.com.cn/problem/P8817,P8817
洛谷/code/P8818.cpp,P8818.cpp,cpp,2735,89,6c7c0e9ab18b70912203e51951d8b5f18c276982a6996bc42d38cc7575f0930c,false,https://www.luogu.com.cn/problem/P8818,P8818
洛谷/code/P8819.cpp,P8819.cpp,cpp,1292,71,d2d3421c32f81233d3efb3452ffb096e03e76b385219743d37d51b9e1b8410e4,false,https://www.luogu.com.cn/problem/P8819,P8819
洛谷/code/P8827.cpp,P8827.cpp,cpp,2266,112,87dd8498762d3fbc5333739451631040e6fad7bd045cf62aef319c7425fec5f7,true,https://www.luogu.com.cn/problem/P8827,P8827
洛谷/code/P8837.c,P8837.c,c,633,34,a7db2c0a892025feaf84097d2c066ce8b0e7193c1e49e312ff9c8de9a926511c,true,https://www.luogu.com.cn/problem/P8837,P8837
洛谷/code/P8848.cpp,P8848.cpp,cpp,866,46,0cbd73b8cc5e0a8731681b2a3fc7b424e1293731260c1ca315d3ea2619d7de12,false,https://www.luogu.com.cn/problem/P8848,P8848
洛谷/code/P8854.cpp,P8854.cpp,cpp,1694,71,8b210dab29ead119d110c8daa2395ffa2963099cfb53fa812efcd69a4d348473,false,https://www.luogu.com.cn/problem/P8854,P8854
洛谷/code/P8855.cpp,P8855.cpp,cpp,1795,88,cd8423a3b4e71dc04c07e220c0c2b166acbc81d00c9808dcb13fdc14dec4031d,true,https://www.luogu.com.cn/problem/P8855,P8855
洛谷/code/P8856(2).cpp,P8856(2).cpp,cpp,1862,89,0545a0d6a2099d70222c02faf60d7de18e3ceb3d0a0e1b7f6e1c252d703c631e,true,https://www.luogu.com.cn/problem/P8856,P8856
洛谷/code/P8856.cpp,P8856.cpp,cpp,1962,92,9cc350fa389b138b7610c2f176de7d8893ba268d0cef1425be5a6c6322f01588,true,https://www.luogu.com.cn/problem/P8856,P8856
洛谷/code/P8860.cpp,P8860.cpp,cpp,3170,89,c98b49729f7f577ba701141fe36d2e947edf5792c183cc6e7d438b1ad7dc0e55,true,https://www.luogu.com.cn/problem/P8860,P8860
洛谷/code/P8867.cpp,P8867.cpp,cpp,4586,176,e783b500fe8351170eb470e797e99db4989d548c424076545e6aba7240509449,false,https://www.luogu.com.cn/problem/P8867,P8867
洛谷/code/P8872.c,P8872.c,c,647,36,d86ab653b454e8032c59c6cf221c18f9112dafd73a9d49268afd685463e8fab9,true,https://www.luogu.com.cn/problem/P8872,P8872
洛谷/code/P8875.cpp,P8875.cpp,cpp,1835,52,812aea9c49100709ca665c75380f21e231d4855644f169484e4a7b5ff7c82a68,true,https://www.luogu.com.cn/problem/P8875,P8875
洛谷/code/P8883.cpp,P8883.cpp,cpp,301,16,bdf0bd54bbe7d23b4374495f02a0009f57d22cfce3cb6b9d3c7301a7c53a4a2f,false,https://www.luogu.com.cn/problem/P8883,P8883
洛谷/code/P8889.c,P8889.c,c,1047,43,aa1d2f9158bd90438480d4306f02488cfe80494d7643ed56522cdc4543197d55,true,https://www.luogu.com.cn/problem/P8889,P8889
洛谷/code/P8893(2).cpp,P8893(2).cpp,cpp,1104,51,884344d43c5a1118f3dcbb84f642462c8d5913e733efbc2b10fe48a7bd36c4d5,true,https://www.luogu.com.cn/problem/P8893,P8893
洛谷/code/P8893.cpp,P8893.cpp,cpp,1268,66,908c742d01c2b4cd3d95716155fffa98e652e0c0334e2d2ea9349b02038aef18,true,https://www.luogu.com.cn/problem/P8893,P8893
洛谷/code/P8901.c,P8901.c,c,1094,49,c850fa06ff26f4404f9a93c7f3e13ca7775085abc475bcbf9cf9a2e6b36b2334,true,https://www.luogu.com.cn/problem/P8901,P8901
洛谷/code/P8904.cpp,P8904.cpp,cpp,1180,58,02368d6277632694f960ffbf683ddf752638a60305ded79e7ee9c6da2bb8dab6,true,https://www.luogu.com.cn/problem/P8904,P8904
洛谷/code/P8905.cpp,P8905.cpp,cpp,2465,107,f99da115a169a4eb0f608ab75c17a7d98199ac435e7cfd1569a8557000242472,true,https://www.luogu.com.cn/problem/P8905,P8905
洛谷/code/P8906.cpp,P8906.cpp,cpp,3324,105,c673e2ef81b25375f7504d876d57d2d3c858db16003a9659f992db7bcc8bc97e,true,https://www.luogu.com.cn/problem/P8906,P8906
洛谷/code/P8930.cpp,P8930.cpp,cpp,5008,242,13b3b56939021453b313993d4d490dc70aded965712a6fe175b590995b9449fe,true,https://www.luogu.com.cn/problem/P8930,P8930
洛谷/code/P8955.cpp,P8955.cpp,cpp,1793,94,e02306069ee80faba91bb5b30314553c344103373c00e78072755403f38e7c16,true,https://www.luogu.com.cn/problem/P8955,P8955
洛谷/code/P8961.cpp,P8961.cpp,cpp,1974,95,a5418320ed75f37ba7204de945c744030a4d698150c2a0a363b04dcf4deb23a0,true,https://www.luogu.com.cn/problem/P8961,P8961
洛谷/code/P8976.c,P8976.c,c,1302,52,69e69e3e89171bf9934064a258a17d5e80533bf05a858dc42d20233c93e5a345,true,https://www.luogu.com.cn/problem/P8976,P8976
洛谷/code/P8996.cpp,P8996.cpp,cpp,2391,127,a47bc69e1f5fd1d7f7b3efc6770708ab594aef7737a3e324db167ac6563c1720,true,https://www.luogu.com.cn/problem/P8996,P8996
洛谷/code/P9017.cpp,P9017.cpp,cpp,1179,43,57950bc34dfbab42044418fcbb21d242ed68f6a59fdaebf0da8aa5f8436b30bb,true,https://www.luogu.com.cn/problem/P9017,P9017
洛谷/code/P9018.cpp,P9018.cpp,cpp,1093,61,b3d231797afb61c04d2625bfa44b8ddc911d07cd40a10ddb08b95c7f1416b68b,false,https://www.luogu.com.cn/problem/P9018,P9018
洛谷/code/P9019.cpp,P9019.cpp,cpp,1936,95,3aa68d8287500c0895e0a456c1f2faff2768af732e8011d7439977a55b1ecfec,true,https://www.luogu.com.cn/problem/P9019,P9019
洛谷/code/P9035.cpp,P9035.cpp,cpp,1022,56,901f45f2bf3c54c0f5eb981fba49e8b0f37728300daa2d0f6a2cb037592007c5,false,https://www.luogu.com.cn/problem/P9035,P9035
洛谷/code/P9044.c,P9044.c,c,480,27,a5fda8ca913691eb08ff1830043f20f07aaa009d0bbb7432d8cfac99295f7fcd,true,https://www.luogu.com.cn/problem/P9044,P9044
洛谷/code/P9045.c,P9045.c,c,648,25,69bd578c1e83ecdeef882d6c1723b10373762a4b602f6fd3691508ce708c0d3c,true,https://www.luogu.com.cn/problem/P9045,P9045
洛谷/code/P9048(2).c,P9048(2).c,c,1088,36,b8335130760aa85d1904b45859917ebc840febc2bfbdad87bf68be4ccee8c914,true,https://www.luogu.com.cn/problem/P9048,P9048
洛谷/code/P9048.c,P9048.c,c,598,33,05184f6394db34f18301fc101c3b285d882878d6749771a6666d313a54fe9651,true,https://www.luogu.com.cn/problem/P9048,P9048
洛谷/code/P9050.c,P9050.c,c,1564,73,9f493e7a82b2d0fa541b2b93c44387bd1305f63f3e59c7bd716fa74bd569c379,true,https://www.luogu.com.cn/problem/P9050,P9050
洛谷/code/P9102.c,P9102.c,c,784,39,463fecd6ee5a0c8edfa22e96c4b899bceb1f1e10e1fc740ca9d2b424bc6001fd,true,https://www.luogu.com.cn/problem/P9102,P9102
洛谷/code/P9102.cpp,P9102.cpp,cpp,600,30,b4c29b01790f3f26975aae9b89bfef8e6c71abe0248a75987e60155137abe648,false,https://www.luogu.com.cn/problem/P9102,P9102
洛谷/code/P9106.cpp,P9106.cpp,cpp,1171,61,0293315536e1b4c55d618cebdfc4fe20141ab9574c885a488fc636f0f6c5a3c0,true,https://www.luogu.com.cn/problem/P9106,P9106
洛谷/code/P9107(2).cpp,P9107(2).cpp,cpp,1157,65,e9d432095c0fd181b50229e590cd70008dcb3032622f29551f231c16892dcd0f,true,https://www.luogu.com.cn/problem/P9107,P9107
洛谷/code/P9107.cpp,P9107.cpp,cpp,1324,58,e8db65cb6776f5e58207f4f11ac818496d3e17157fe4e692cf8584c807b2f9e6,true,https://www.luogu.com.cn/problem/P9107,P9107
洛谷/code/P9120.cpp,P9120.cpp,cpp,4773,225,1d8c625582576aaed4bf5d735cfbdd65471b238e1beed188885d26fa4a169b61,true,https://www.luogu.com.cn/problem/P9120,P9120
洛谷/code/P9121.c,P9121.c,c,909,34,710be5b014167caa6528f2ed8b2ccd12e84c6dda2581ffaa833cf5802b7b07cd,true,https://www.luogu.com.cn/problem/P9121,P9121
洛谷/code/P9129.cpp,P9129.cpp,cpp,2523,97,d768e6e00a5afb2767708307a2ae271380edd4e84b64d7c7dd176f532500a70f,false,https://www.luogu.com.cn/problem/P9129,P9129
洛谷/code/P9130.cpp,P9130.cpp,cpp,2758,128,2a96e3b1803b34b6a43b2a8d63c0d09c00a5ced08ff1c225e8463730daf016e2,false,https://www.luogu.com.cn/problem/P9130,P9130
洛谷/code/P9143(2).c,P9143(2).c,c,1145,36,daddcb14c15ee58c3d74374818400bcce81ef6beea100b51f822534853cf5b32,true,https://www.luogu.com.cn/problem/P9143,P9143
洛谷/code/P9143.c,P9143.c,c,696,38,1fa25f937f5a3fcb518fa96f952366c99a7bcf7e7797f6e39729901bb4081511,true,https://www.luogu.com.cn/problem/P9143,P9143
洛谷/code/P9147(2).c,P9147(2).c,c,806,44,0e95c912e44414ed78fed8d5b4d908ea3a3aa30905d5c8379b07d7818184f0eb,true,https://www.luogu.com.cn/problem/P9147,P9147
洛谷/code/P9147.c,P9147.c,c,1226,45,4bc9bb5799ab5df0bc4d602a53b3313b7ff06dc97eb778abc919705235a96d15,true,https://www.luogu.com.cn/problem/P9147,P9147
洛谷/code/P9149.cpp,P9149.cpp,cpp,3527,162,8526f6ec70dbfea7a3ba7b513123f5392e16375477796565807ad647e2134ad0,false,https://www.luogu.com.cn/problem/P9149,P9149
洛谷/code/P9161.cpp,P9161.cpp,cpp,907,35,98dab8438001347008456fa9a1955a279e181a1ff0f7dbf85cf99bc75d226282,false,https://www.luogu.com.cn/problem/P9161,P9161
洛谷/code/P9173(2).c,P9173(2).c,c,1137,55,8b1c677e52e36e79bcf61664397a7655535ed7075431e6c41b3793d35bfef48a,true,https://www.luogu.com.cn/problem/P9173,P9173
洛谷/code/P9173(3).c,P9173(3).c,c,1317,45,6a8904694125c65937e9f1c3f31ba185319174b189558c1f85e744ae444eb391,true,https://www.luogu.com.cn/problem/P9173,P9173
洛谷/code/P9173.c,P9173.c,c,1263,49,ed1d602cba6d688631795e6c97f9d8a12e95885bf8dfc59eef195a2420f909bb,true,https://www.luogu.com.cn/problem/P9173,P9173
洛谷/code/P9175.cpp,P9175.cpp,cpp,6142,303,d562cd51b336ff9736fb901dbe5cc01c73377a6fc0d72f59fa9463cb6d618641,true,https://www.luogu.com.cn/problem/P9175,P9175
洛谷/code/P9176(2).cpp,P9176(2).cpp,cpp,941,46,faeb8ef2b95aa3e53d134708440cd56fe552e25aa6d7652c63a2c4920ac94c72,false,https://www.luogu.com.cn/problem/P9176,P9176
洛谷/code/P9176.cpp,P9176.cpp,cpp,1476,79,e7b106101de0f9e584453199642468c593c41655bc904b7bdd19d77c9f1dbaca,true,https://www.luogu.com.cn/problem/P9176,P9176
洛谷/code/P9196.cpp,P9196.cpp,cpp,1595,77,00027db16dde61b7018ff540a4e1820f0927b21c40cdf49538110b1691354863,false,https://www.luogu.com.cn/problem/P9196,P9196
洛谷/code/P9200.cpp,P9200.cpp,cpp,6045,191,fc2d800eb6108785fceb1bdb276d85a10e0f412ca06e51bbb42b10d9e0ec9a2e,true,https://www.luogu.com.cn/problem/P9200,P9200
洛谷/code/P9207.c,P9207.c,c,975,43,d4d5c8cf4b68e9e9712e5d9893e03f039d51964c638a42b3b0005d199a1b28a5,true,https://www.luogu.com.cn/problem/P9207,P9207
洛谷/code/P9220.cpp,P9220.cpp,cpp,4161,219,ef8f8434b5bba5f4a0d5460aa22346daa91986290e6a56b5bcbcc41a41c63240,true,https://www.luogu.com.cn/problem/P9220,P9220
洛谷/code/P9228.c,P9228.c,c,1101,52,241379b6914e9bb698b33a479d554c4a07a80c0a8e2f0b977b1ae791e0ba2f8a,true,https://www.luogu.com.cn/problem/P9228,P9228
洛谷/code/P9234.cpp,P9234.cpp,cpp,1504,70,9e184a394496b07b4613816404e2608dca40d9a4dac1979142caa8bd2d315882,true,https://www.luogu.com.cn/problem/P9234,P9234
洛谷/code/P9235.cpp,P9235.cpp,cpp,2446,132,9a41ddb8032b73cbe45fbe1e8a59683afd614204d9579eccf97c95eaf83c426c,true,https://www.luogu.com.cn/problem/P9235,P9235
洛谷/code/P9236.cpp,P9236.cpp,cpp,583,30,2b6ac08bc7e1d7e4830a186bae94689ab85b36b97fb16e7bcebd35b194878cf2,false,https://www.luogu.com.cn/problem/P9236,P9236
洛谷/code/P9237.cpp,P9237.cpp,cpp,1946,114,297a837eb147bce4c1d8141490c864e98097dbcdacd5a7edd120fd981db1df94,true,https://www.luogu.com.cn/problem/P9237,P9237
洛谷/code/P9290.cpp,P9290.cpp,cpp,1244,66,bbd860939d38b0b3268e85d31da51145a7c479064db7b281a41d8fb1fa99acec,true,https://www.luogu.com.cn/problem/P9290,P9290
洛谷/code/P9325.c,P9325.c,c,765,42,1b31f73de9fd39239d8464a6a92e8241d82147dd83d4169f409653616eb75f02,true,https://www.luogu.com.cn/problem/P9325,P9325
洛谷/code/P9325.cpp,P9325.cpp,cpp,3329,152,af8d5aee7cabd0a049e5f76008890c6af36106005abd0206414f533308f42cba,true,https://www.luogu.com.cn/problem/P9325,P9325
洛谷/code/P9331.cpp,P9331.cpp,cpp,3175,158,1e4b730b0f38146aef462cdf9ea01662ffd22b3c801cd550a863e86fbba86f40,true,https://www.luogu.com.cn/problem/P9331,P9331
洛谷/code/P9344.c,P9344.c,c,696,31,2a760490f2031d1baa32b54b3a0cbfdf24f74db5ba073e2afd5120b3479bae7f,true,https://www.luogu.com.cn/problem/P9344,P9344
洛谷/code/P9349.cpp,P9349.cpp,cpp,409,24,33361a15d56d540bf91135e69bf21e489398aa0b51471cf7e10d78877373c9c3,true,https://www.luogu.com.cn/problem/P9349,P9349
洛谷/code/P9352.cpp,P9352.cpp,cpp,2773,121,4e8f6a4a43cb3c82e5e3230344e6ab7fcaa6a23bdd2e54acf495e19f92aef218,true,https://www.luogu.com.cn/problem/P9352,P9352
洛谷/code/P9386.cpp,P9386.cpp,cpp,2143,105,9c7f71df56209ae44fd0853272869ff5a42b9afd7cb58d60eedab7c445a57ad5,true,https://www.luogu.com.cn/problem/P9386,P9386
洛谷/code/P9406.cpp,P9406.cpp,cpp,1662,92,73e12cf909da0c6a83ed9dff76fcde11c66a5ea744d91b0440c0276efcb4a680,true,https://www.luogu.com.cn/problem/P9406,P9406
洛谷/code/P9410.cpp,P9410.cpp,cpp,2994,127,18104285379371f8e0d61d4171a71c90ff9d8af21ebe834e611254bc5cf87ca2,true,https://www.luogu.com.cn/problem/P9410,P9410
洛谷/code/P9412.c,P9412.c,c,519,20,5f07961ed7189ac4c48ab2f2bd9632a28e5a9b457bfdf1cb36e4ab6a13788716,true,https://www.luogu.com.cn/problem/P9412,P9412
洛谷/code/P9424.cpp,P9424.cpp,cpp,2888,145,0f35d0c59c0573ce5afd952a88cf9a47a2fb7396f5df466c7cca1a0c6820690f,true,https://www.luogu.com.cn/problem/P9424,P9424
洛谷/code/P9431.cpp,P9431.cpp,cpp,3247,153,ad2f8749d1384843d96d054b7b0b0f3b602a24f7856ec5f0e7154106ca119ede,true,https://www.luogu.com.cn/problem/P9431,P9431
洛谷/code/P9432.cpp,P9432.cpp,cpp,5316,244,4a63400641e733b9f5d837c4f3623437a97a03212cabd8419351c1cba015e741,true,https://www.luogu.com.cn/problem/P9432,P9432
洛谷/code/P9433.cpp,P9433.cpp,cpp,1828,91,8d2820f965500327e4039f0d61f647b68acaa644e78de0356b423016ee34faa4,false,https://www.luogu.com.cn/problem/P9433,P9433
洛谷/code/P9460(2).c,P9460(2).c,c,1237,55,142830afe0e778c6d5b8d59424bd14070efb2ceabf7f69933418f30cf7d5cc09,true,https://www.luogu.com.cn/problem/P9460,P9460
洛谷/code/P9460.c,P9460.c,c,668,39,813fb6d5a630d090c8400b8603ad8f24dc0736e9956623476fa983552fdd31c2,true,https://www.luogu.com.cn/problem/P9460,P9460
洛谷/code/P9484.cpp,P9484.cpp,cpp,356,26,0568f8172058072387c3a39bde75b6454016263e37d6ac408b99330faaef0c5d,true,https://www.luogu.com.cn/problem/P9484,P9484
洛谷/code/P9487.cpp,P9487.cpp,cpp,6311,252,dca86071d726f7a7fa8dc46c1399483aaeaf61c4e6b71a4fdca797651a1b450a,true,https://www.luogu.com.cn/problem/P9487,P9487
洛谷/code/P9493.cpp,P9493.cpp,cpp,1179,45,789dc3d5e12b3ba1467a224677aeada07ac080c7ca2be7df6d24eb89936a3bf0,true,https://www.luogu.com.cn/problem/P9493,P9493
洛谷/code/P9497(2).c,P9497(2).c,c,1047,55,d87227b3557ba84d36f53dbe5cac9df615f016395c5085d2a043a4dbc3f9c8aa,true,https://www.luogu.com.cn/problem/P9497,P9497
洛谷/code/P9497.c,P9497.c,c,946,45,2f2e7c3549597ba35d39c587bcc7e4dbf8fb17a2026bfca379b199d90538758f,true,https://www.luogu.com.cn/problem/P9497,P9497
洛谷/code/P9515.c,P9515.c,c,287,17,bb3853f2b0e70bc955464dd4afebec880c233b46581034a2fe008899c25af932,true,https://www.luogu.com.cn/problem/P9515,P9515
洛谷/code/P9517.c,P9517.c,c,542,34,9575095889766ae5b099c92ad5cac0c71af1286b7fb77832fcaa4c6a0d187aea,true,https://www.luogu.com.cn/problem/P9517,P9517
洛谷/code/P9519(2).c,P9519(2).c,c,1684,84,645e8cbc40af748e87792bc941a57bb52a14112a495468735c4314460e0da8ef,true,https://www.luogu.com.cn/problem/P9519,P9519
洛谷/code/P9519.c,P9519.c,c,967,55,ce48ce25dda844cfad068a0baf37fd82e3296015d7cd2b76bcd202d0c28b8db0,true,https://www.luogu.com.cn/problem/P9519,P9519
洛谷/code/P9520.cpp,P9520.cpp,cpp,5448,213,6b805a17a65806ec16eddd6457fc8127dc10d38e18618d7fed779a205ae70b2f,true,https://www.luogu.com.cn/problem/P9520,P9520
洛谷/code/P9532.c,P9532.c,c,621,32,9962221b233dd72d1921ed894a35959d4c52dd5a58700f8549379fda2043f301,true,https://www.luogu.com.cn/problem/P9532,P9532
洛谷/code/P9533.cpp,P9533.cpp,cpp,370,23,eb5a08226cd6578cad263a7e85a56ef96addda73a67032136592c0de0a201eff,true,https://www.luogu.com.cn/problem/P9533,P9533
洛谷/code/P9539(2).c,P9539(2).c,c,1368,64,9c7addfb464580541288a48a31e2612850650665c37bea311e591e28d67d4e53,true,https://www.luogu.com.cn/problem/P9539,P9539
洛谷/code/P9539.c,P9539.c,c,1147,59,7a62940bd04743955f2be2262bbf28d345d7b9bbfbd3671baf1b1a6caf620bd8,true,https://www.luogu.com.cn/problem/P9539,P9539
洛谷/code/P9559.c,P9559.c,c,1431,66,1dacdeb502302565a3ad83ee641e0d6e0d8be7abbabbfff20c8d456f23942274,true,https://www.luogu.com.cn/problem/P9559,P9559
洛谷/code/P9573.c,P9573.c,c,772,43,040e2a6c5266768757f25c59c0f21d493587f414307a0af2fd8ec305d3f8d82e,true,https://www.luogu.com.cn/problem/P9573,P9573
洛谷/code/P9576.cpp,P9576.cpp,cpp,3603,186,3a0ddbb4295d0f0638bfd49d8c181a8b0a7eb96778a52108c9009936bcb9d3b8,false,https://www.luogu.com.cn/problem/P9576,P9576
洛谷/code/P9579(2).cpp,P9579(2).cpp,cpp,958,41,191847abc9fc363ed1689c5628e4495bb97561de95e9d091e137648ff00d9255,false,https://www.luogu.com.cn/problem/P9579,P9579
洛谷/code/P9579.cpp,P9579.cpp,cpp,630,24,e02234e3257e5707a5333438aad6c87cce0e81a2da69ccc32987f06154992676,true,https://www.luogu.com.cn/problem/P9579,P9579
洛谷/code/P9583.cpp,P9583.cpp,cpp,537,32,ac2d1d8e4012e2bb9842e2c62f16356fb75b64b7369519ddb232ff8323a72428,true,https://www.luogu.com.cn/problem/P9583,P9583
洛谷/code/P9584.cpp,P9584.cpp,cpp,1775,94,52f158d1726c47adc38b3dbad9670bb44e7b7ad29face354ff606a1ae94e4d91,false,https://www.luogu.com.cn/problem/P9584,P9584
洛谷/code/P9586.c,P9586.c,c,369,18,4a2e3dcd8feb379e6f73993d03dfb32ce1d61a6b47bda0cc5fa385d9dc10e76c,true,https://www.luogu.com.cn/problem/P9586,P9586
洛谷/code/P9587(2).c,P9587(2).c,c,1235,50,af14cdd80da50d16ecb98c90b831ccd5ab31d51b91db8295b999edd5ed51997b,true,https://www.luogu.com.cn/problem/P9587,P9587
洛谷/code/P9587.c,P9587.c,c,630,30,d1c76e91c096e41c594010e7b87b4be58bcea51845bb8f7a000dbdd8f7d21ab4,true,https://www.luogu.com.cn/problem/P9587,P9587
洛谷/code/P9588.cpp,P9588.cpp,cpp,992,52,d69c5adc5a35436b226a4595a93527228f469a3023bfa89843ce8ecacb4f838d,false,https://www.luogu.com.cn/problem/P9588,P9588
洛谷/code/P9589.cpp,P9589.cpp,cpp,2,1,7eb70257593da06f682a3ddda54a9d260d4fc514f645237f5ca74b08f8da61a6,false,https://www.luogu.com.cn/problem/P9589,P9589
洛谷/code/P9606.cpp,P9606.cpp,cpp,1345,54,43bb4aef15b382d0162ce534ad43b4c95c24d0095c5e009f725325629c0bb9ce,true,https://www.luogu.com.cn/problem/P9606,P9606
洛谷/code/P9607.cpp,P9607.cpp,cpp,3556,126,584bc57aada3e2230d04774032f0a2584981fcc6972617492e3800f6ff381f31,true,https://www.luogu.com.cn/problem/P9607,P9607
洛谷/code/P9611.cpp,P9611.cpp,cpp,398,26,c7b5e18d32fa3193007fdeb68ee43d85e2924818b41e64312b7cbd9a6f30c87a,false,https://www.luogu.com.cn/problem/P9611,P9611
洛谷/code/P9641(2).cpp,P9641(2).cpp,cpp,1069,62,6f2e917c5c248abd9e126f222d8629dd3bb0a82c4ff42040387022ffd27ca03d,true,https://www.luogu.com.cn/problem/P9641,P9641
洛谷/code/P9641.cpp,P9641.cpp,cpp,1665,76,628ca41a949cc912fdaafe1ac338b9eed8be0e016f6193e09cce45e0b2a80aea,true,https://www.luogu.com.cn/problem/P9641,P9641
洛谷/code/P9644(2).c,P9644(2).c,c,987,44,70d54e0f0cc8ed167eb2e1806d21ea7d972c04cbfa8c817c36de2baef8e49e43,true,https://www.luogu.com.cn/problem/P9644,P9644
洛谷/code/P9644.c,P9644.c,c,809,41,f7559bafa66848a06866dabb4572f53cb38f4af38572e90e262f01a7ff2b0160,true,https://www.luogu.com.cn/problem/P9644,P9644
洛谷/code/P9648.cpp,P9648.cpp,cpp,2804,120,7872a0a9d7152a00e7d31d6b5db29069cecb156db1026ff27202026a332fe3ce,false,https://www.luogu.com.cn/problem/P9648,P9648
洛谷/code/P9649(2).c,P9649(2).c,c,1227,61,a0a32bf1cc8127396afb7f26b767f7d6e39c2281d0d76b29742cd7eff7bd4629,true,https://www.luogu.com.cn/problem/P9649,P9649
洛谷/code/P9655.cpp,P9655.cpp,cpp,3014,174,a12f9c821276c9596849ed8e5084f3ff6614a378921875544c9a25a936b1df95,true,https://www.luogu.com.cn/problem/P9655,P9655
洛谷/code/P9678.cpp,P9678.cpp,cpp,4415,224,1676b527cb358a6abfecb924b1a31e58ae1c42b3267d0b708364d825eeeb32c1,true,https://www.luogu.com.cn/problem/P9678,P9678
洛谷/code/P9687.c,P9687.c,c,675,36,afbedcd2f1587013f01cee8c0c66ae1a7b85acfdbd53b79bee3bdbec7867e713,true,https://www.luogu.com.cn/problem/P9687,P9687
洛谷/code/P9691.cpp,P9691.cpp,cpp,904,44,9f90f3bd1df5d7e304ed9b17580aa660ffbce35a0d6d2181f371e5d120da2c6e,true,https://www.luogu.com.cn/problem/P9691,P9691
洛谷/code/P9694.cpp,P9694.cpp,cpp,2122,82,21068f08b89fd8ec281a8417f6ad8f8808ac4b5bc2b29fba952750ffa3c5d5fa,true,https://www.luogu.com.cn/problem/P9694,P9694
洛谷/code/P9697.cpp,P9697.cpp,cpp,3466,175,66879b5a8a01660a0d15dab80973865be6c75c7c6a856f39ee30b3986ecd2361,true,https://www.luogu.com.cn/problem/P9697,P9697
洛谷/code/P9724.cpp,P9724.cpp,cpp,3406,145,25bb4c3a4f5ae52a2bf3125222b7e92636065b3cbc2d2457a836cd8adcb4cd0d,false,https://www.luogu.com.cn/problem/P9724,P9724
洛谷/code/P9725.cpp,P9725.cpp,cpp,1348,48,fc8cf884f1ad5d82c8b3c30f8d0f49ca8cdbece1ee4965d7b3db3fc532253f2c,true,https://www.luogu.com.cn/problem/P9725,P9725
洛谷/code/P9728.c,P9728.c,c,859,40,14444ec7e2ab90e66a0816e20331ff8e8d9f58f5da9cd2655293b890caaf26f6,true,https://www.luogu.com.cn/problem/P9728,P9728
洛谷/code/P9745.cpp,P9745.cpp,cpp,1339,71,14042753fdab2f0e650e593bc2a9541b2876be5e3c5e552162867cdba67fedcc,false,https://www.luogu.com.cn/problem/P9745,P9745
洛谷/code/P9752.cpp,P9752.cpp,cpp,1166,55,8415d0eea7eff44647dacda80a5c6cc61e6de2bacb4831cdf29029a99b692f34,true,https://www.luogu.com.cn/problem/P9752,P9752
洛谷/code/P9752.py,P9752.py,py,818,31,407785ad6d277ed5847df436d8c676557323528166c7601dfa5b85ef93e2be9c,false,https://www.luogu.com.cn/problem/P9752,P9752
洛谷/code/P9753.cpp,P9753.cpp,cpp,860,46,949c203088284629679f6699d3dd417711ef90be32251af474c30567dd10cff4,true,https://www.luogu.com.cn/problem/P9753,P9753
洛谷/code/P9777.cpp,P9777.cpp,cpp,1488,55,68ffc4f77b7e369a6e0c9e2e2582b39de540ab374972508d8b388004eaf142b2,false,https://www.luogu.com.cn/problem/P9777,P9777
洛谷/code/P9823.cpp,P9823.cpp,cpp,1065,61,40296233ab0c8a138c70347cd88be7f9edd9b1a0eb479c34d4d7bd280c726171,false,https://www.luogu.com.cn/problem/P9823,P9823
洛谷/code/P9869.cpp,P9869.cpp,cpp,1495,58,98971d8545aea5fafdd945199eeb8bc38e16be0ad8f4551e5850e56f59afbdb3,true,https://www.luogu.com.cn/problem/P9869,P9869
洛谷/code/P9872.cpp,P9872.cpp,cpp,1401,73,8ee40fe8a917c8cfde79eaf4775bccaa2cb14422867aa6965bc13a58579f6e3a,true,https://www.luogu.com.cn/problem/P9872,P9872
洛谷/code/P9889(2).c,P9889(2).c,c,1078,51,d8bddea1f3bc3cb061bba94afad768250394ff9fe630e3247ea809511c391146,true,https://www.luogu.com.cn/problem/P9889,P9889
洛谷/code/P9889.c,P9889.c,c,994,50,d635c48938c04afc87c213e6bac09dff33491dec1d67311e256a2807264c90e3,true,https://www.luogu.com.cn/problem/P9889,P9889
洛谷/code/P9937.c,P9937.c,c,861,45,48d6c2ab02bf97df77ebdc79e057e4a92a4c753a69d9e006345f3432c0b245d6,true,https://www.luogu.com.cn/problem/P9937,P9937
洛谷/code/P9975(2).c,P9975(2).c,c,1486,68,eb9c40bddb1537f3797bd180f7d13d8b8e3cef52027f62216c7b871bf3f64577,true,https://www.luogu.com.cn/problem/P9975,P9975
洛谷/code/P9975.c,P9975.c,c,411,30,537d6669988b775fc1ba9ee8f7984827c7e15235cceab0b73a534ea37da017a1,true,https://www.luogu.com.cn/problem/P9975,P9975
洛谷/code/P9982.cpp,P9982.cpp,cpp,460,29,b07707b459863e7d41634b1620effb06c913def6a344987f7b60962f2e4192cf,true,https://www.luogu.com.cn/problem/P9982,P9982
洛谷/code/P9984.cpp,P9984.cpp,cpp,1375,75,f9751ef2108fb1d69d0d85d6f203ca3e6a4f5e325f3aed18967988d47c6757ba,false,https://www.luogu.com.cn/problem/P9984,P9984
洛谷/code/P9991.cpp,P9991.cpp,cpp,6301,318,3da7dec8ec2294df8a9bee623043cb1941999341e2ecda02f5a56aede848a9ca,true,https://www.luogu.com.cn/problem/P9991,P9991
洛谷/code/SP10707.cpp,SP10707.cpp,cpp,3890,216,82c7e305aca8d9f4efc8b30bae4380ff1dc8e045f1abc677cda004291d29bbdd,true,,SP10707
洛谷/code/SP10707_2.cpp,SP10707_2.cpp,cpp,3838,231,e4b6001d8b7e22e02166c236b984e4b0ca3c06b0babe674f6eba0c49644f94db,true,,
洛谷/code/SP11470_2.cpp,SP11470_2.cpp,cpp,2511,136,79a56d82fbcf787617a3e0c86ef889e2bfeee2c5d96f7b0d59763fc271113146,false,,
洛谷/code/SP116.cpp,SP116.cpp,cpp,1789,92,868bf3e3be6b9bfc1bf5c5b5ced2ff233abe5f6a08c50b666af7520bac75f3ad,true,,SP116
洛谷/code/SP1716.cpp,SP1716.cpp,cpp,2190,100,29743890bb1392724b434994485302cfd75fa6fac0bc640ef0778286d84d72d0,true,,SP1716
洛谷/code/SP18185.cpp,SP18185.cpp,cpp,2227,120,3bd7844a9f2eaf342f702bdf2a72b27bd9d7d49f041f68438f27264ee5743438,true,,SP18185
洛谷/code/SP18185_2.cpp,SP18185_2.cpp,cpp,2025,112,c93b44adc9fcdaba6d3d2a7b3081458ecb5fc00704cee884f38e805052ab2c63,true,,
洛谷/code/SP20644.cpp,SP20644.cpp,cpp,3583,186,872577f6f51c586bee3f5622a679550c657d5588c34ddcfb546400569c205af3,true,,SP20644
洛谷/code/SP2713.cpp,SP2713.cpp,cpp,2098,104,f74a181846f42467592b50ebf1a1be0137651aad8d56a05078597c0cf91ebdac,false,,SP2713
洛谷/code/SP2878.cpp,SP2878.cpp,cpp,3002,155,db0c1369c58e76d64d92c0bd8b8c8a89000400eea5dc4793c9a4e6b452920bad,true,,SP2878
洛谷/code/SP30906.cpp,SP30906.cpp,cpp,2635,143,0bdb9350ef04639c9574ce2dce31dec4f57371956f1976f5bcba026ff9384df8,true,,SP30906
洛谷/code/SP3267_2.cpp,SP3267_2.cpp,cpp,1598,102,c8621b809e97dc655469c0f39c774eb54dd65b7da354f126d5a9933f65da9815,true,,
洛谷/code/SP8791.cpp,SP8791.cpp,cpp,2637,121,717187e99e0b512c011a6c859caab9e887f0119148e76e8058d30d869f307d99,true,,SP8791
洛谷/code/SP8791_2.cpp,SP8791_2.cpp,cpp,1823,110,c6c218a2606d802ff734b864e292425aa7ee938fed7629cffc8d2a288a9e0d50,true,,
洛谷/code/T3.cpp,T3.cpp,cpp,3968,157,86716276b0d587f62b89534aed14f03c47ada1bd893c53f7ae950f4cded4620e,false,,
洛谷/code/t5.cpp,t5.cpp,cpp,1354,87,4660bca5e55ace2e96d24e9b5109084d1d506e7a4cc49cfd1bbebc1d52211e1e,true,,
洛谷/code/t6.cpp,t6.cpp,cpp,1303,83,8910246b81266559074cddc19dab91398311095128e34fc74163993b3658a606,true,,
洛谷/code/t9.cpp,t9.cpp,cpp,3943,175,e05b4a4c07c98ff9f953970d187fc96e78743d80f4d8b07b17bad63a7ac0547f,true,,
洛谷/code/tarjan——求环模版.cpp,tarjan——求环模版.cpp,cpp,1983,73,aa7044c0993792fb8bae8a7e2a8b369228b37f5dc16f91283b8cd35fe2b8564e,true,,
洛谷/code/test6(1).cpp,test6(1).cpp,cpp,6723,182,9ef733f5b7ebae1064231b9399c98ea80c2ca9b7b4f93c03688da984fd363af9,true,,
洛谷/code/test6(2).cpp,test6(2).cpp,cpp,4880,172,152b6a11309c14910aeb98e496b122402fd2a0d71baaaf5141299ff779969c66,true,,
洛谷/code/U41492_2.cpp,U41492_2.cpp,cpp,1998,123,32f9b700a339f9e155a1fc02c852310e9833df9d56c080fc59c35ff267acc0c9,true,,
洛谷/code/UVA11526.cpp,UVA11526.cpp,cpp,439,30,8527dc5b970b35fcdeadf405971737a76cd6844c92c920d065911aea6f69004c,false,,UVA11526
洛谷/code/UVA1391.cpp,UVA1391.cpp,cpp,2494,128,d2fcd13e0ad2bc3ad14e708776a8921355e8e0b92300371482697caab38d1f7b,true,,UVA1391
洛谷/code/UVA1464.cpp,UVA1464.cpp,cpp,3814,195,116ecaf7977862a779ced771f199f0ea20bcb20493d51dacddd053dd9f57ad81,true,,UVA1464
洛谷/code/前缀树——类实现.cpp,前缀树——类实现.cpp,cpp,3429,114,c5f9d24aba13759f72d5f312d6bc530efa99be675c48044ab34b98cb50700e67,true,,
洛谷/code/前缀树——类实现（哈希表）.cpp,前缀树——类实现（哈希表）.cpp,cpp,3784,118,808bf664d8097f269737a78171897f3916af2e619345a122b737a3d372c36fc4,true,,
洛谷/code/哈希——算法展示.cpp,哈希——算法展示.cpp,cpp,4347,124,653f6209b6af8c444c6658451d9e8c4da4eef9af995597be29f5fa1697b115fb,true,,
洛谷/code/左偏树——模板2.cpp,左偏树——模板2.cpp,cpp,2690,101,e3acdd427ebd39628cdb51601ff32b010f0e493725899a31e8de8324604e0300,true,,
洛谷/code/拓扑排序——入度删除法2.cpp,拓扑排序——入度删除法2.cpp,cpp,830,39,95967af06cbb95c42f7f6944a2e7ba025b7cf924c7065c38b05f182960ed8f48,true,,
洛谷/code/拓扑排序——存在大小优先级的入度删除.cpp,拓扑排序——存在大小优先级的入度删除.cpp,cpp,936,44,2ea515ce10bfc96ef345885a7b923de4371027e55b2cc06926cc16e0a79a6cfd,true,,
洛谷/code/拓扑排序——富裕.cpp,拓扑排序——富裕.cpp,cpp,2084,75,9ede980cba2c6ff361c9a0831e7666ac78c1a9b3908b83f7ba3d649716fbd272,true,,
洛谷/code/拓扑排序——并行课程.cpp,拓扑排序——并行课程.cpp,cpp,1982,70,b871547b7e82ce69a01b7dbdec2aafcff1f3deaeba3026f93bf233a1482f8deb,true,,
洛谷/code/数位dp——不断变化的mod.cpp,数位dp——不断变化的mod.cpp,cpp,1984,62,7432505cba815baaddd289334a83efd9a4e926210356ea3cf9416fa3b61c702c,true,,
洛谷/code/有序表——AVL树模板.cpp,有序表——AVL树模板.cpp,cpp,6881,249,94fec3d194d7712f5cee6332e3aaef32b8f41e5d4d49862307053451f9840548,true,,
洛谷/code/有序表——笛卡尔树最大面积.cpp,有序表——笛卡尔树最大面积.cpp,cpp,1641,75,b235bf6b7e37e270856777fbc2569f93cf04eef49a7983924908c3ff695b3669,true,,
洛谷/code/第六章1.cpp,第六章1.cpp,cpp,1820,82,8af7256f3693b9b85c0b78f6b1ae66192342b9eb6acc5c3e5bfcf4c5dd636988,true,,
洛谷/code/线段树——综合应用2.cpp,线段树——综合应用2.cpp,cpp,2304,101,33d67d40cb73bb69a40f0d49dc14dc7e290282f9aa80b580b3a344e9afca7053,true,,
洛谷/code/静态点分治——容斥.cpp,静态点分治——容斥.cpp,cpp,3556,152,69e64f3f2e57677685cac6c72095d8cffc15e3d64caeedcb47d109a3b49d0544,true,,
洛谷/count_all.bat,count_all.bat,bat,416,19,840df2483e2e2c0d3949964966479e002b42099159144eb0311d3373488f5eae,,,
洛谷/temp.cpp,temp.cpp,cpp,3714,145,235ef094ca24a93e368c80fa0c62c9c1cee224fe0d3756170f5f7afc33366645,true,,
洛谷/练习赛/20250620/t1.cpp,t1.cpp,cpp,80,7,0b86af26146cee7f958b8da85052a099dc88f5139504bab4ae8e6b27ab05e7dd,true,,
洛谷/练习赛/20250620/t10.cpp,t10.cpp,cpp,1105,60,193c44ec8d1b1d56718b722ff8c5ec0da998358aa342b16c0ec5063e5957267d,true,,
洛谷/练习赛/20250620/t11.cpp,t11.cpp,cpp,4117,196,6ae7a604421bc3b50bd3185b48d4e944f3ec7740d7c73145060b60d9d6026848,false,,
洛谷/练习赛/20250620/t2.cpp,t2.cpp,cpp,80,7,0b86af26146cee7f958b8da85052a099dc88f5139504bab4ae8e6b27ab05e7dd,true,,
洛谷/练习赛/20250620/t3.cpp,t3.cpp,cpp,80,7,0b86af26146cee7f958b8da85052a099dc88f5139504bab4ae8e6b27ab05e7dd,true,,
洛谷/练习赛/20250620/t4.cpp,t4.cpp,cpp,80,7,0b86af26146cee7f958b8da85052a099dc88f5139504bab4ae8e6b27ab05e7dd,true,,
洛谷/练习赛/20250620/t5.cpp,t5.cpp,cpp,80,7,0b86af26146cee7f958b8da85052a099dc88f5139504bab4ae8e6b27ab05e7dd,true,,
洛谷/练习赛/20250620/t6.cpp,t6.cpp,cpp,80,7,0b86af26146cee7f958b8da85052a099dc88f5139504bab4ae8e6b27ab05e7dd,true,,
洛谷/练习赛/20250622/t1.cpp,t1.cpp,cpp,313,19,ecd7d1b67b7e5a442f389ab008aeee8dbc6f205f28b76ae58291172d44fd826a,true,,
洛谷/练习赛/20250622/t10.cpp,t10.cpp,cpp,407,25,cf7c3d6a12737399f520f4a18e0a1a34415320bb0da09ea0d27a88f6a908ac10,true,,
洛谷/练习赛/20250622/t12.cpp,t12.cpp,cpp,1486,74,4372b930f116739c33d4df33015b871d90f26c5d5364f2ca156a7942026e85e7,false,,
洛谷/练习赛/20250622/t2.cpp,t2.cpp,cpp,1340,70,4d814eb528e77dec9f6a6132f48d5e38d25c46612547ab89f775a374fa65519a,true,,
洛谷/练习赛/20250622/t3.cpp,t3.cpp,cpp,1466,77,9865f9f70a8af6cbcb0427bebb6ef885ec03d55283e2812b991763dedbecc74e,true,,
洛谷/练习赛/20250622/t32.cpp,t32.cpp,cpp,1538,73,c65a65dc3f7cac39a2a54bb2f82b30e1c9169c33365365f2b9ea6cec23ce359e,true,,
洛谷/练习赛/20250622/t4.cpp,t4.cpp,cpp,760,42,de68824551ccdda2579d2b215646ea425d0b5c9457ecbcbd0c49143d34d6e7b8,false,,
洛谷/练习赛/20250622/t9.cpp,t9.cpp,cpp,600,31,de8246bac990b8bf4a8c474c4eb8113e210531aae23ae9a2a6a88beab60f47e4,true,,
洛谷/练习赛/20250628/output/t1.exe,t1.exe,exe,210164,0,50461336cab6dfe0e6f1e6d886ee66558c15e2a91be99204f58cb630bb653754,,,
洛谷/练习赛/20250628/output/t3.exe,t3.exe,exe,248342,0,cd7492bdb2047d9014510f46598fa5948f119c2f7df2489cfd780daa2f220aa7,,,
洛谷/练习赛/20250628/output/t4.exe,t4.exe,exe,214653,0,4501687a2c2c3046097356f5f37deb54615788a38b79756733acfaa6b68b2a94,,,
洛谷/练习赛/20250628/output/t5.exe,t5.exe,exe,247555,0,5e954096e2f906c7eb57080d58d4a8ba23c225267b886e6b19bc28e4b673b236,,,
洛谷/练习赛/20250628/output/t7.exe,t7.exe,exe,424572,0,73750774536ad4186c7bbc52f8deae87cd5913a91bcbfd2db685d0abbe4ed1e4,,,
洛谷/练习赛/20250628/t1.cpp,t1.cpp,cpp,1189,57,55184b38a6fcd2ccf6a078cbc5f149f0923abaf40e238a244cf9ca62084da54b,false,,
洛谷/练习赛/20250628/t2cpp,t2cpp,,668,0,4e7f9aad4982c9a94541901b5a0f28dd94f3948876ca9ffaa319e1b7a660e500,,,
洛谷/练习赛/20250628/t3.cpp,t3.cpp,cpp,741,38,976639c0c7e8a14c4a8d0c93774784954c4415fdcee5a2636f436181bc98e2fa,true,,
洛谷/练习赛/20250628/t4.cpp,t4.cpp,cpp,2179,108,8ec40f6fedaeaaffbf8733f7e8aaf30e24ce9ea2b177810ef4edd4a039cf272d,false,,
洛谷/练习赛/20250628/t5.cpp,t5.cpp,cpp,893,42,c3d416925a7f99737e84ef604bf79b005e81fce4c2877930848a7a32c326d019,true,,
洛谷/练习赛/20250628/t6.cpp,t6.cpp,cpp,80,7,0b86af26146cee7f958b8da85052a099dc88f5139504bab4ae8e6b27ab05e7dd,true,,
洛谷/练习赛/20250628/t7.cpp,t7.cpp,cpp,2357,103,1936a59341cdfe8b163b009cd73d7e9e24e1be30a1b72d840c54b589f8505556,false,,
洛谷/练习赛/20250707/t1.cpp,t1.cpp,cpp,995,56,301051153f4c860cc0b0fc887c558c5ada6619758f88cb3e0f308a1b7864b2fb,false,,
洛谷/练习赛/20250707/t10.cpp,t10.cpp,cpp,1244,63,4eb5c8c9750396e25f41ca592d6f136b00462e9c76b034e4a8626cf7660a4d58,false,,
洛谷/练习赛/20250707/t12.cpp,t12.cpp,cpp,1921,76,26650e89cef6a18bf4602a3dd8219bdb8da82a8ff1c19f6fee568edc1a3f07c6,true,,
洛谷/练习赛/20250707/t2.cpp,t2.cpp,cpp,667,35,192fb06f131960b5f1d0a742167207ba1e400634e0bbaccda71b142989dd1dc2,true,,
洛谷/练习赛/20250707/t3.cpp,t3.cpp,cpp,1405,82,cc11b10fa163f11de5938c8622dfdb282770555e839b3dfc4a009c2064c31eb2,false,,
洛谷/练习赛/20250707/t4.cpp,t4.cpp,cpp,145,12,8fc8960a45047277a22cc7c34ad09e0aef1074cea9a78e93c41b483dd37e11c9,false,,
洛谷/练习赛/20250707/t5.cpp,t5.cpp,cpp,1349,72,b2eae3ee1536b8bdbb5dfc82da6a5508a3600d42325a6c9a7b574b54149595c5,false,,
洛谷/练习赛/20250707/t6.cpp,t6.cpp,cpp,1136,49,2505989f16d6a366d4fa9d0ccbc95cf0dc842b9e6b0870cbbfb2f1b7d2a33612,true,,
洛谷/练习赛/20250707/t7.cpp,t7.cpp,cpp,80,7,0b86af26146cee7f958b8da85052a099dc88f5139504bab4ae8e6b27ab05e7dd,true,,
洛谷/练习赛/20250707/t9.cpp,t9.cpp,cpp,904,48,0109a3504d267eaa0ddfce63becd75d233adebccd9e5871f998d92fab621822e,true,,
洛谷/练习赛/20250708/t1.cpp,t1.cpp,cpp,2222,111,1d3f8f73415bc7ee087b4bd83a593fffa3c0f579a2622d02a0ef466ecc04d0be,false,,
洛谷/练习赛/20250708/t10.cpp,t10.cpp,cpp,1523,86,336af4d0beff14222d51f02b5897d787e0ead85547ae344e37cbd15648337da5,true,,
洛谷/练习赛/20250708/t2.cpp,t2.cpp,cpp,2707,134,718bffde4dbd79b5e6dadbfd4acb53a76a578f5a50c8a6e4cd4dcc302ad9f885,false,,
洛谷/练习赛/20250708/t3.cpp,t3.cpp,cpp,2409,83,d1482acc8f6b7035cd8f4f2e6e9633c0b916d3d96f9a39a32ec4c56601b0e6aa,true,,
洛谷/练习赛/20250708/t4.cpp,t4.cpp,cpp,1941,105,ae8937aa1ca95ce535b2720673c5ce7070719916df108a0b8879c71d1cc02c02,false,,
洛谷/练习赛/20250708/t5.cpp,t5.cpp,cpp,1630,79,73bf22db829ea32c188e509773a1de865df7b9bb166db220be8149e4ea87f279,false,,
洛谷/练习赛/20250708/t6.cpp,t6.cpp,cpp,2565,104,c442c91ec3fd06b7f925c35269148aa065460b4a14a1457bd6fe8cac3e73852e,true,,
洛谷/练习赛/20250708/t7.cpp,t7.cpp,cpp,855,49,7aa598642d1a12a1ba27c3aa7d23bae5e3ed8f3b4c75d424ffc481b1d2c26905,true,,
洛谷/练习赛/20250708/t9.cpp,t9.cpp,cpp,1592,63,8b7b3d1c4007f45c32132516a8f8edba13692e42cb83067badec7b38c7048a1a,true,,
洛谷/练习赛/20250710/t1.cpp,t1.cpp,cpp,1488,91,fb262d03474066e0fbc6b840551bf83a888af769f4b0d05107e383e0617ef971,false,,
洛谷/练习赛/20250710/t2.cpp,t2.cpp,cpp,808,43,ecade356a73719ffcbc416a753425166781fb02cfc2809c305116a5718fc492c,false,,
洛谷/练习赛/20250710/t3.cpp,t3.cpp,cpp,574,35,be5cb4b2f452ee0f3bffe5719e501ca8d69346607e5c7520a31398b7d1daa4a4,false,,
洛谷/练习赛/20250710/t4.cpp,t4.cpp,cpp,1017,50,0308771efb3a9cd8e978015393c582426bdcbe4b493b932fad11d67bdcc615cf,true,,
洛谷/练习赛/20250710/t5.cpp,t5.cpp,cpp,1748,86,ca3eca9b4b409df8eb5ea041b65d0b92564354e859b5c0633348df4ed7c0a1d3,true,,
洛谷/练习赛/20250710/t6.cpp,t6.cpp,cpp,1040,43,95c9f0c0c169b2a988059a9528aa2b663828c8147b7bb9a3862cc6b61fe44e34,true,,
洛谷/练习赛/20250710/t7.cpp,t7.cpp,cpp,1917,110,9bbd0e0ce90f1e07170c0867e2e1bb9a86c3a9fa937a8b672c4de1849c4d53e0,true,,
洛谷/练习赛/20250710/t8.cpp,t8.cpp,cpp,1301,74,202e0af3b8ffad03bd7c4e26ffd2183937b37d94eaf32f3c1cb40663815b1442,true,,
洛谷/练习赛/20250712/t1.cpp,t1.cpp,cpp,813,42,c171d15f996e0d2a27d3ce05dc2d714ca592ad38d5cde6236412ca5273a56a6c,false,,
洛谷/练习赛/20250712/t10.cpp,t10.cpp,cpp,1322,79,31449fa46492b50ea341bce3643852594d3fafa1b9d49f6f478459222ae16aa0,false,,
洛谷/练习赛/20250712/t3.cpp,t3.cpp,cpp,1450,67,2ddeb14ec7a1348a0f49172272427436e5bce2ae3c83494ba84363431f95243e,true,,
洛谷/练习赛/20250712/t5.cpp,t5.cpp,cpp,2478,136,f363c094e551326f090b7a88448592e8ce81f0c9ba66f1fddc2780e068f60579,false,,
洛谷/练习赛/20250712/t6.cpp,t6.cpp,cpp,540,27,42c22dbe9b4361d03345755ba47fbf7ac621d6e4ee4e37c83b8e78107e893b1c,false,,
洛谷/练习赛/20250712/temp.cpp,temp.cpp,cpp,5221,197,0fb54ce6c65412f4f835a72ca67b227237f27d81842a83bd656dddebe4a67a7d,true,,
洛谷/练习赛/20250715/L.cpp,L.cpp,cpp,2907,140,914a442708fcb25c0daf6362812a019fd136762cd6ba824ef734f0b9064f079a,false,,
洛谷/练习赛/20250715/temp.cpp,temp.cpp,cpp,2551,99,61edec19303d010fa7df2bf9c8ed0767681fab7b0205207f27876ae120b4151a,true,,
洛谷/练习赛/20250717/A.cpp,A.cpp,cpp,1715,83,0e3935b24ff73761a809d6380396b3272e7fb5b4dde572a3f6efcd88ec45c650,false,,
洛谷/练习赛/20250717/B.cpp,B.cpp,cpp,2126,98,b94265480366db73edc56c6674c7abab739a45fcbef2833cca6c8f3cb6a236a2,false,,
洛谷/练习赛/20250717/F.cpp,F.cpp,cpp,965,48,c9440536b314d9b5452fd07fb121665617704daef2e2177c315a9fba0a18d448,true,,
洛谷/练习赛/20250717/H.cpp,H.cpp,cpp,330,20,0adb90cfb2a0931f6d4e50d12b1f744b7dab34148046b2baa685b2df1d7a833f,true,,
洛谷/练习赛/20250717/L.cpp,L.cpp,cpp,2458,122,c667d0924b707fe52ad52d5f9fd814b625132c72df1c9eddac585001f32992b4,false,,
洛谷/练习赛/20250717/t5.cpp,t5.cpp,cpp,330,20,0adb90cfb2a0931f6d4e50d12b1f744b7dab34148046b2baa685b2df1d7a833f,true,,
洛谷/练习赛/20250717/temp.cpp,temp.cpp,cpp,1018,49,a91dad4e995128d5a8ccffc1392812678f0ed83f9c0905d11ebfca1d99c9cbb6,false,,
洛谷/练习赛/20250719/J.cpp,J.cpp,cpp,1420,71,70efb5ce2adfe98192f3faf3125a2900e775715a51abfad55fcccf653dcbf870,true,,
洛谷/练习赛/20250719/K.cpp,K.cpp,cpp,1437,74,bd1b1fcbcd3b05db8a3711a7bed21d0f65d1352faa9112b69f48dcc2b1141386,true,,
洛谷/练习赛/20250722/A.cpp,A.cpp,cpp,1746,77,d6398b4bda1928eeae67ea5d9322487c00c8b2ef025235e28f60d9b60657277d,true,,
洛谷/练习赛/20250722/B.cpp,B.cpp,cpp,1546,76,e2216a4c8c381852d0b77f070a74875926b15112bf3f659fa5d78f1b2d8d6297,false,,
洛谷/练习赛/20250722/E.cpp,E.cpp,cpp,3174,145,59465b96a988b2f72f2bb8f423c2a584cc2763cfd36060839ef7b8964ef16424,true,,
洛谷/练习赛/20250722/H.cpp,H.cpp,cpp,2426,123,80093a7dc7a5238f074355d195fa27b8728cf7b3a44c18795ba936eb3f247161,true,,
洛谷/练习赛/20250722/J.cpp,J.cpp,cpp,529,32,a03364caf09340fc7d12cf98edb446a50d16c419d0ec31bb693fb5cfa73b56d3,false,,
洛谷/练习赛/20250722/temp.cpp,temp.cpp,cpp,2510,119,26bf18baa465f1515664f2d03a9baecf4328496b8aad24f24e51f394ce8cb97a,true,,
洛谷/练习赛/20250724/A.cpp,A.cpp,cpp,1920,98,4a59279e8efec1154f0449057c2d7ffb38016bf9ed3279e799392fd98a799520,false,,
洛谷/练习赛/20250724/B.cpp,B.cpp,cpp,3616,146,d286173324c267a9e43ce16779f71c17db3d7f6ac738513f1b2c9a3992a9940a,true,,
洛谷/练习赛/20250724/F.cpp,F.cpp,cpp,1029,52,c6093f7a9b5d22f77b47de7d80f088745c3c88fde9371da413f88ef5243a4c6b,false,,
洛谷/练习赛/20250724/L.cpp,L.cpp,cpp,5037,202,782504a75a781617a76a6bebb9684bc3b2d386718c9eea48b095beec3898d783,true,,
洛谷/练习赛/20250724/LL.cpp,LL.cpp,cpp,1973,99,5ffda1eab564b2ecc7a32ad4c966478ec55f056783497807935be58f6e3c0ef6,false,,
洛谷/练习赛/20250724/temp.cpp,temp.cpp,cpp,3598,147,4a5ace7655e6729de9af683fb6876aa6d2b4849153c0f321e5c6c7a910e136d9,true,,
洛谷/练习赛/20250726/A.cpp,A.cpp,cpp,145,10,9b3b1d2299dedc73dbe0758b806046e781b3a49f61044610ed2afdcb738b0cdd,true,,
洛谷/练习赛/20250726/C.cpp,C.cpp,cpp,2867,144,067218e2f6bfd0c6f81bcc5f6609c9313478a9dedcc55170f78d35e6e796c537,false,,
洛谷/练习赛/20250726/D.cpp,D.cpp,cpp,2502,91,cca879875946595f1e9a84202c11458b735ab87ba77df76105df2aba5f3a72eb,true,,
洛谷/练习赛/20250726/E.cpp,E.cpp,cpp,447,26,617c1ca1163a458d2f73beb8b936ae9236c3fb38a4f73dd6c33de20c8741b2de,false,,
洛谷/练习赛/20250726/F.cpp,F.cpp,cpp,767,39,d85fcf7e7783673a09634e2c68d866f58aeb8ef1244632cccca8a2b386966c99,true,,
洛谷/练习赛/20250726/G.cpp,G.cpp,cpp,939,54,95ecf1ec9d52d56a16da89ac01dba2cccc5f478742bd3a60b91752a87d1e5808,false,,
洛谷/练习赛/20250726/J.cpp,J.cpp,cpp,4026,146,2d54969f94529b0cef79f4050e35892249a51bb961522158fa76d8f2af01ccac,true,,
洛谷/练习赛/20250726/temp.cpp,temp.cpp,cpp,330,20,0adb90cfb2a0931f6d4e50d12b1f744b7dab34148046b2baa685b2df1d7a833f,true,,
洛谷/练习赛/20250729/A.cpp,A.cpp,cpp,469,28,f23b5fbbb237cec5957b80372eef204b81b4bd7e8b0077be04b092604b575e7c,false,,
洛谷/练习赛/20250729/C.cpp,C.cpp,cpp,3101,136,7498f9205dcd3e5385fdb16389b8c0310c870e4b14c57589984598f2cbe5ea87,false,,
洛谷/练习赛/20250729/E.cpp,E.cpp,cpp,2264,102,0f5161fde1417c7a027b7441438f28a2c537a4d0523d17351fd2db02bec5324d,true,,
洛谷/练习赛/20250729/K.cpp,K.cpp,cpp,2155,114,9238726ecc26592859df7a1bf781a0e4dce39fa37d6d3a7286d951b5bc23b219,true,,
洛谷/练习赛/20250729/temp.cpp,temp.cpp,cpp,1865,58,269e4550490f8431fcab4ee7472674008ae66278a459e5fe62f1714d2eb0c79b,true,,
洛谷/练习赛/20250731/C.cpp,C.cpp,cpp,876,44,478309d901a13ebbb63e849e469f287c8a5460b3faacb261fa64a18dfecc199d,false,,
洛谷/练习赛/20250731/D.cpp,D.cpp,cpp,330,20,0adb90cfb2a0931f6d4e50d12b1f744b7dab34148046b2baa685b2df1d7a833f,true,,
洛谷/练习赛/20250731/K.cpp,K.cpp,cpp,2548,133,096823e9e90bc390adb41fa2691b44fbf31e71448983443f021a4f6418ad3f5d,true,,
洛谷/练习赛/20250731/L.cpp,L.cpp,cpp,3042,130,7eb1b6507968e1993ab0d103e4012cb60ff18fb3544e368970a29b7363accd22,true,,
洛谷/练习赛/20250731/M.cpp,M.cpp,cpp,3883,164,b2361d691b92480d0213d309ab776bdfeefc2fb9af12919f299960b38c56b897,false,,
洛谷/练习赛/20250731/temp.cpp,temp.cpp,cpp,2676,120,48829bdee4d91d426724dfd2626153e6452b255c7aead94f6e1b4bdc53a32327,true,,
洛谷/练习赛/20250805/D.cpp,D.cpp,cpp,940,49,4839391619d9cfd37b267cee015e70998628775f09de0302ef6024f3b5cc0902,false,,
洛谷/练习赛/20250805/F.cpp,F.cpp,cpp,664,39,7b79b6c8fd40cc2afbf8f74fbbaefc490aa1b90d38dbede64b8a72a87f12871c,false,,
洛谷/练习赛/20250805/G.cpp,G.cpp,cpp,1267,65,79061c8261148b3cf5e44092c5a6b19bf0635debeaab6eddcd2725526fd163b4,true,,
洛谷/练习赛/20250805/J.cpp,J.cpp,cpp,3891,172,cc9df0f13679e7621188bc5df453c6567a166a7b393828c5ba0853862a009504,false,,
洛谷/练习赛/20250805/temp.cpp,temp.cpp,cpp,4663,194,47dee40e46df9feb82315f7fbde66def85605a2b6e37e72447a96aa2cbd719a9,false,,
洛谷/练习赛/20250807/A.cpp,A.cpp,cpp,1803,89,736fe9c1b64f3724d393e66c9f66734a35758bb659726628ec80ffca0a936d13,false,,
洛谷/练习赛/20250807/F.cpp,F.cpp,cpp,1420,60,b4d7e8b2c348076ac2d585b3bae87c1368140636ba50f999eadd0dd265d1a9f2,true,,
洛谷/练习赛/20250807/G.cpp,G.cpp,cpp,4752,238,e65789e15b5cfa46c2c4982219c7e4ddda69aa84d6385939c1b437d3d21a3cd4,true,,
洛谷/练习赛/20250812/A.cpp,A.cpp,cpp,2158,99,5c402b252b09497cb5cc5d81ecfe161817c0f6e11df8007e7cfb26445bf75cc3,false,,
洛谷/练习赛/20250812/F.cpp,F.cpp,cpp,1518,67,870e213c2623480ef79b28d762e1fafc18e1be71fa5249b50c030e92400bf401,false,,
洛谷/练习赛/20250812/G.cpp,G.cpp,cpp,2012,110,09809c4f253d624bf168a0ef18eaf1e8b364f39b1a9178dc528202582b0b2ec5,false,,
洛谷/练习赛/20250812/M.cpp,M.cpp,cpp,517,31,aae1d62694a6c2ffbd6a1278bc5878a10f68fbb48de4084400b371056815284c,true,,
洛谷/练习赛/20250812/temp.cpp,temp.cpp,cpp,7893,237,0e33b877609c708df360b2ff3a68c89d6f8085a9db44ae6ca53fa5dedc1a8f55,true,,
洛谷/练习赛/20250814/A.cpp,A.cpp,cpp,1172,47,3224b8362c12d13f1ae723a688fca87f070804bfde48aab928f6337a1cae44cb,true,,
洛谷/练习赛/20250814/D.cpp,D.cpp,cpp,1795,68,ac1dc28b01f5f77f13d48edd762cf5e9527e14c1a5520825c0be6e07b3e1fa5e,false,,
洛谷/练习赛/20250814/I.cpp,I.cpp,cpp,1019,49,cb78dbf94c408962ce91e0b716060dfee63b9ea063321dc51b16c4ae13715042,true,,
洛谷/练习赛/20250814/K.cpp,K.cpp,cpp,2420,130,62ad6f846b68d4ee079a9c15ceb5a85e2fe81352e6891f0214c4b35f6c501a35,true,,
洛谷/练习赛/20250814/tmp.cpp,tmp.cpp,cpp,4501,192,67b0ad7f42f8475c6e29718517a008bfd51dbb08f27d78c6014c44671972de1f,true,,
洛谷/练习赛/20250820/A.cpp,A.cpp,cpp,1436,81,5217d51de558a93612beb3e4aba3390bac78162f2e2298b66d8a73ef8c7dff81,false,,
洛谷/练习赛/20250820/B.cpp,B.cpp,cpp,1149,59,dcb8d1e7ca94aacd58deaa680a0975e9fa8e52f62f48e0e2246ccb06e3d81750,true,,
洛谷/练习赛/20250820/C.cpp,C.cpp,cpp,901,45,51d4f6d04add6164023d4abc7515be3e9517a16d007a5db3a7316cc25405b39f,false,,
洛谷/练习赛/20250820/D.cpp,D.cpp,cpp,1337,76,3084f09422a8e2963a7a386dcb6fa222ff051f880969d8fd317f1e7fcc201309,true,,
洛谷/练习赛/20250820/E.cpp,E.cpp,cpp,330,20,0adb90cfb2a0931f6d4e50d12b1f744b7dab34148046b2baa685b2df1d7a833f,true,,
洛谷/练习赛/20250820/F.cpp,F.cpp,cpp,412,26,fa303b1bb7aecc643e96c7fb55c2ed3f417bd464f94705a115036823fa35f22a,true,,
洛谷/练习赛/20250820/G.cpp,G.cpp,cpp,1312,66,30edf285debe8119ce235ee05f23f1894879613048f01d98bb0609a46ee3b50b,false,,
洛谷/练习赛/20250820/H.cpp,H.cpp,cpp,1061,56,ecb10f9e660381f1c5cc4c806c7fc4f569839d328ca297b9fbcf6ccb791e6885,true,,
洛谷/练习赛/20250820/I.cpp,I.cpp,cpp,1436,75,9b60919166dc78e1ea37e5546a64ed846be597753296ac7689326c1df063746a,true,,
洛谷/练习赛/20250822/A.cpp,A.cpp,cpp,433,28,878ddaa31ba828203bcb80b43bce4326556910d44e3c1abb0b3c1bcf0ee3aa26,true,,
洛谷/练习赛/20250822/B.cpp,B.cpp,cpp,1360,72,98839fdc2fc3b7960d2bafbbc90a47f76ae112dedf274150f8dde97bfa365b64,true,,
洛谷/练习赛/20250822/C.cpp,C.cpp,cpp,767,43,c0dbfa57b43396298e4e5f5d40a8e333c3961aecac3a4fff1222e6cc31ec2c3c,false,,
洛谷/练习赛/20250822/D.cpp,D.cpp,cpp,1163,55,dbd935062f9641811558b695331ee6a8b96f5cac21f712fa692ce1a0e674f3bf,false,,
洛谷/练习赛/20250822/F.cpp,F.cpp,cpp,742,40,213daf8b826a2ab57d5077b5ac1e85776159e4a6b57f8cdc6961bbde4168893c,false,,
洛谷/练习赛/20250822/G.cpp,G.cpp,cpp,2518,127,caf588c326685f9fe07f10eac3b12514fa9aacd2dcf6620f4273e5b1747849f6,false,,
洛谷/练习赛/20250822/H.cpp,H.cpp,cpp,1810,86,63e0eaef1c8320372b26747c9336f82f0fca100cf5cbeceb95c21e262fe29bf2,false,,
洛谷/练习赛/20250822/I.cpp,I.cpp,cpp,2002,93,f27d2c78f144e8eed36bb193a390080dca8a5c5dcda4baacf60ad09f7f5b8925,true,,
洛谷/练习赛/20250822/J.cpp,J.cpp,cpp,1173,67,8eae6b89e7b9a9a5eacd5398ed0a06342bb24d8a7dcbc0ce12280108135cc897,false,,
洛谷/练习赛/20250905/t1.cpp,t1.cpp,cpp,339,20,d72222c07c9fea6aa657bf7c9820b43bcf15a58e0c68fe78052bdbacd475e3df,true,,
洛谷/练习赛/20250905/t2.cpp,t2.cpp,cpp,796,40,e0053e8e2e380b345a4640ec0f643dce1385f4c469ef4648ae1de23495335443,true,,
洛谷/练习赛/20250905/t3.cpp,t3.cpp,cpp,1264,66,c01f911c1aa728c79a25f430bf02c1eeb4f7d90ef9dbe70868fcce6ef8037e8a,true,,
洛谷/练习赛/20250905/t5.cpp,t5.cpp,cpp,2061,88,7340ac13cde6aaf5a8b040df713ec79d9b7e8b37287cebf018cbb67c6ab9bfd5,true,,
洛谷/练习赛/20251012/t1.cpp,t1.cpp,cpp,1800,86,f712eef0dcdf5a7b3c87ee9911fb0db5835a99f4f73f0cb342f82a1658213aae,false,,
洛谷/练习赛/20251012/t2.cpp,t2.cpp,cpp,1858,103,c858718ff4a42dbea4b0fc347cb1888f9322768278af47433a95976132a4f63b,true,,
洛谷/练习赛/20251012/t3.cpp,t3.cpp,cpp,3035,147,4cb4a0f2dcd91dd7b9b1c07369bfd39906c3a6c6cbdc4b83d9509cb330465a5a,true,,
洛谷/练习赛/20251012/t4.cpp,t4.cpp,cpp,1619,84,2132593b03fda7807edf171bcf42a0b2d3bac610f333ca70000d1f4ae17ebb25,true,,
洛谷/练习赛/20251012/t5.cpp,t5.cpp,cpp,2769,142,80aa2b1cda3e0679b967161b0732aee828df41d4f3668ca98f7a1fd5fae5e616,true,,
洛谷/练习赛/20251012/temp.cpp,temp.cpp,cpp,1583,64,9671dc7568b82eac83282c2d73e85bfc788426d20a8fcd5223f39055e98710ba,true,,
洛谷/练习赛/20251019/t1.cpp,t1.cpp,cpp,1381,65,3a8cf5780b432bf77af6575afc6745e48b8b6c818c36427c879f3afc1749437c,true,,
洛谷/练习赛/20251019/t2.cpp,t2.cpp,cpp,1270,63,a6c0c9d9d54514e4f6c234af4ec9cd3ed2db7f3f3148aee63b96822a261969f2,true,,
洛谷/练习赛/20251019/t3.cpp,t3.cpp,cpp,1357,72,3c74b7ee6eb7b9a4ee10527c41c73ceae8e751cdb083f8f27f8fd2c90204beff,true,,
洛谷/练习赛/20251019/t4.cpp,t4.cpp,cpp,2575,133,b2fcc8ef1c219fdda3ba6974b29c8a91840f9579e10cf63debadd17179448ae1,true,,
洛谷/练习赛/20251019/t5.cpp,t5.cpp,cpp,1792,90,59854d9e947f1b9e235e476a11160bde486b810d861c4d48c83820bbacf3e722,true,,
洛谷/练习赛/20251019/temp.cpp,temp.cpp,cpp,2511,130,dd25af8d8ea6e79457a82270eef06e71574fe6a47b3aee8812bd28b76195504e,true,,
洛谷/练习赛/2025南京/G.cpp,G.cpp,cpp,1637,93,e83fdd33a451f09bb8b885dea04d4872d608e34d7a58cae7abdbc7c515a3b61e,false,,
洛谷/练习赛/2025南京/g1.cpp,g1.cpp,cpp,1727,94,55840d5f3597a5fd5b6a62a53fc24ca2e749bdbae3b8349581463a261ae2356d,false,,
洛谷/练习赛/2025南京/temp.cpp,temp.cpp,cpp,2411,74,94b32ffc4317aa5b88c4138e3ac32456ca2c5482d46eb11cf8bb16efe41da333,true,,
洛谷/练习赛/2025成都/B.cpp,B.cpp,cpp,2492,111,d0927a2141e227d10fdd3f6cf89da3850155c681943a08dc8de2bf92ffc143fe,false,,
洛谷/练习赛/2025成都/temp.cpp,temp.cpp,cpp,2347,83,8c70dae705e4bd9d969b0c268157dbac88c71dee9f8523a79047eec34b23f691,true,,
洛谷/练习赛/2025牛客暑期/2025_牛客暑期多校训练营5题解.pdf,2025_牛客暑期多校训练营5题解.pdf,pdf,4951473,0,620dd5752dd365e0e4d87596e95641d66868f6fa189f04a0b2cc4b839276575f,,,
洛谷/练习赛/2025牛客暑期/2025_牛客暑期多校训练营6_std.zip,2025_牛客暑期多校训练营6_std.zip,zip,15344,0,901767b3c154643a68a4c25c4c61f534be37bf839b8877b5c520a87cf75c2ab2,,,
洛谷/练习赛/2025牛客暑期/2025_牛客暑期多校训练营6题解.pdf,2025_牛客暑期多校训练营6题解.pdf,pdf,6015263,0,224bb15c7319352810561ab31f40d9ce15ce28d692561f43db6e91941be4136c,,,
洛谷/练习赛/2025牛客暑期/2025_牛客暑期多校训练营7_std.zip,2025_牛客暑期多校训练营7_std.zip,zip,7957,0,e5d20741bf834e8fbaa3b3c6d9161302d48a7cad3eb55d961b93a0130151ba2c,,,
洛谷/练习赛/2025牛客暑期/2025_牛客暑期多校训练营8_std.zip,2025_牛客暑期多校训练营8_std.zip,zip,15227,0,bbf7ec126cb2b7a2e60c94ea3432196db2b82a1ab53cfc63a0c0dea21e792444,,,
洛谷/练习赛/2025牛客暑期/2025_牛客暑期多校训练营8题解.pdf,2025_牛客暑期多校训练营8题解.pdf,pdf,6034386,0,3be6900b85ba9293754709211bcb6df821378b71d2e85ae7c0de9990131e7de6,,,
洛谷/练习赛/2025牛客暑期/2025_牛客暑期多校训练营91.pdf,2025_牛客暑期多校训练营91.pdf,pdf,6038092,0,1075101b13ef5a1186efd503bde156dc0ad14a6a988d56d94107a72bcd437927,,,
洛谷/练习赛/2025牛客暑期/2025牛客多校5_zh.pdf,2025牛客多校5_zh.pdf,pdf,849149,0,8df6699b94d3fea9394f5182da01f9dc031b02b23fc3c1fdce695b6c4aabc280,,,
洛谷/练习赛/2025牛客暑期/2025牛客多校6_zh.pdf.pdf,2025牛客多校6_zh.pdf.pdf,pdf,1316483,0,160da01974bce6be959c75f720ad2ec56d5549bd5f7fc1f1554bca1af58c3eb8,,,
洛谷/练习赛/2025牛客暑期/2025牛客多校7_zh.pdf,2025牛客多校7_zh.pdf,pdf,1334771,0,4242a6d045f3f83c6977af2312365f33d567d7fe13b402dc600a91e2145d7f67,,,
洛谷/练习赛/2025牛客暑期/2025牛客多校第九场_zh.pdf,2025牛客多校第九场_zh.pdf,pdf,3259950,0,fb4d563d82e84cb2e85b634a0ed6fcf98fa572283f72ff0bc8f05efa9bea074d,,,
洛谷/练习赛/2025牛客暑期/2025牛客多校训练4中文题面.pdf,2025牛客多校训练4中文题面.pdf,pdf,3540549,0,8d5786a1c3eb9c77a345c772839387839f2599a877aadd820524c9e66d367e2e,,,
洛谷/练习赛/2025牛客暑期/2025牛客多校训练4题解.pdf,2025牛客多校训练4题解.pdf,pdf,6092969,0,f3cd714d22f3142566b63ccdd9bbc00025492d27a10e8b023c96e7a3f2fef62d,,,
洛谷/练习赛/2025牛客暑期/2025牛客暑期多校训练营8.pdf,2025牛客暑期多校训练营8.pdf,pdf,1525477,0,8c543252626a460ba821ab782c5f3ff86c771a371ff5c81be5fc3cedca261ca5,,,
洛谷/练习赛/2025牛客暑期/contest10solution.pdf,contest10solution.pdf,pdf,5656169,0,efb1e814e294530ff0a602808e56c4a5c89d8dd677ec416386ebd06d3195e1d1,,,
洛谷/练习赛/2025牛客暑期/contest10zh最最终稿.pdf,contest10zh最最终稿.pdf,pdf,1704802,0,1ecffc2b9e532b5fffa3a2d703e41c7571be27f473a355c57ae9a76b5a1effd3,,,
洛谷/练习赛/2025牛客暑期/solution (2).pdf,solution (2).pdf,pdf,5675952,0,ed57d0637e8315ba9037167fb7a255e03765c66588486c993359822f8fee6657,,,
洛谷/练习赛/2025牛客暑期/中文题面_第二场.pdf,中文题面_第二场.pdf,pdf,1685007,0,ab05672193d6788293c63e6594cc5077a3fc0f8efd033a8834d575e2c20cfef9,,,
洛谷/练习赛/2025百度之星/t3.cpp,t3.cpp,cpp,2289,109,9fcf37b79f3c0001b9838c4c8a9e034b8914ed54e31159a0d25f607d0e51ce85,true,,
洛谷/练习赛/2025百度之星/t8.cpp,t8.cpp,cpp,4458,235,4ce01045c5a60eb2a26fac8fc882938e34aca788c8f48da5ba93e0d6523fbd9e,false,,
洛谷/练习赛/2025西安/F.cpp,F.cpp,cpp,2120,102,b81c93859731faa65de5fee0854b110aa5c0340144a50a561c083c80e0c3b635,true,,
洛谷/练习赛/2025西安/G.cpp,G.cpp,cpp,621,38,a3294cdd380e27396e207cba099f978b57522b6690dbb9547412370369341f1d,true,,
洛谷/练习赛/2025西安/I.cpp,I.cpp,cpp,1422,62,94ed33065a66c6bd5708ceb394ac2629abfa0c617da824115cd15b9f42b62e5b,true,,
洛谷/练习赛/2025西安/J.cpp,J.cpp,cpp,3499,178,d920f4bd9a1c523f86a45057c88e28ddc2b598a5f4e86e0d3035ff41053eb0dc,false,,
洛谷/练习赛/2025西安/L.cpp,L.cpp,cpp,1513,71,2e3d6bbe24da398ed9a986b8d60688e6a686035c8dc2f849f84f754e93955edc,false,,
洛谷/练习赛/2025西安/temp.cpp,temp.cpp,cpp,1379,51,8195d68503c7e2619dd192a6cdc12a286f44f8beb94b7d71f9f37b05914bfae4,true,,
洛谷/练习赛/23沈阳/E.cpp,E.cpp,cpp,1614,70,774a3ba86034aef8518bfb63edb12ad9024d5180eebfaf9f4c7f7ab02059c4af,true,,
洛谷/练习赛/23沈阳/K.cpp,K.cpp,cpp,3037,154,53ac487c177e71b687863655845e1e054fcaa0d1b14ff39a05c5cad318cdd819,false,,
洛谷/练习赛/23济南/A.cpp,A.cpp,cpp,967,50,8470465b99043f4cb1485fc66996319af9b923d40fefe69493031b922fb1577b,true,,
洛谷/练习赛/23济南/D.cpp,D.cpp,cpp,611,35,4d87ddce64fe775a840c2caf56261307b1be0344c373144d5c6beea54781a834,true,,
洛谷/练习赛/23济南/G.cpp,G.cpp,cpp,2991,129,c7ccc0c1fa7e0a4313c74b4b33647c09eedcc36e49f0a5d2c10d4b2ec44becdf,false,,
洛谷/练习赛/23济南/I.cpp,I.cpp,cpp,780,35,74148c9e4aa5a5c3b0677dff3e0d2a8bfab4dfaa361d8e729142f760538d9a05,true,,
洛谷/练习赛/23济南/temp.cpp,temp.cpp,cpp,745,39,61990d638ba1969868cf8d6f2479186904c902fd2692eb54f5b293638da303bd,true,,
洛谷/练习赛/24昆明/C.cpp,C.cpp,cpp,1670,101,e6838e69915291373e5e9aa01d66d5e421920a85b66e7b0a861f2fb2e34eff2c,false,,
洛谷/练习赛/24昆明/G.cpp,G.cpp,cpp,985,54,34044e77d84ca4ed8079021ae656f7ee12fa2f924acf6b177185c929fd21a122,false,,
洛谷/练习赛/24昆明/J.cpp,J.cpp,cpp,901,47,389b9fbabd44941eed7366ac60740526f302a84e5bacaff91e4b6c8911107d7e,true,,
洛谷/练习赛/24昆明/L.cpp,L.cpp,cpp,2010,106,f9c423523616babfe951e9a5f437cc39a7d1c400ae1bb1cfc94c40fefc855638,true,,
洛谷/练习赛/24昆明/temp.cpp,temp.cpp,cpp,766,45,180f7f84cf9b1e87140d20ae3ba7498b2fcbc03e0bae0ed175b2fdfbd0ba38c6,false,,
洛谷/练习赛/25武汉/E.cpp,E.cpp,cpp,1394,69,2dbb003acc69c12431159c984da6d919d20add715f694f9d8c812af68cddb968,true,,
洛谷/练习赛/25武汉/F.cpp,F.cpp,cpp,716,40,979f01a08aa291a70909c5ae767dcd4878b208789fe3996d6c8d751fb98068f6,true,,
洛谷/练习赛/25武汉/H.cpp,H.cpp,cpp,1484,79,cfa8a8481b2151571bcfc534895c0f058ed4856ed248fb7ba8e5b0908e9dad77,true,,
洛谷/练习赛/25武汉/K.cpp,K.cpp,cpp,2791,112,94d30b72fa4f790b4a49ed5cd6e2d641369d836ff2f20e0be7aee574c338eb78,false,,
洛谷/练习赛/25武汉/M.cpp,M.cpp,cpp,578,24,9b0633fd340d1a74f55ce3ac55007ace4bc691464bd696f04cbe5e7bcd68abac,false,,
洛谷/练习赛/26天梯杯/A.cpp,A.cpp,cpp,185,10,190566ac6bc17c2a114ef82ac53466e3b2deb1371b5491fab13310ba48b90473,true,,
洛谷/练习赛/26天梯杯/B.cpp,B.cpp,cpp,134,10,cd9c125e7da8fad960e1512983e6e1c48262fea8f90e68cda3412e24df922873,true,,
洛谷/练习赛/26天梯杯/C.cpp,C.cpp,cpp,288,19,fb955fc2bfa052834548f06fec572f0a99e0f6b8cee556e85ca5cdbc1c5c4fbe,true,,
洛谷/练习赛/26天梯杯/D.cpp,D.cpp,cpp,325,18,ceb3f43e5708065e0f6281ea3c83aa36bd1aa7a899105e0b2f8c6fbac9751f9d,true,,
洛谷/练习赛/26天梯杯/E.cpp,E.cpp,cpp,615,34,2ed4e459d94a9187281a863c860ba67d6315249d48aa4fd37724bf0a3e8b7309,true,,
洛谷/练习赛/26天梯杯/F.cpp,F.cpp,cpp,575,43,e933251aa7349364f37f4df4c4a967fe4502d665c6796b8070beb0ec83e10f85,true,,
洛谷/练习赛/26天梯杯/G.cpp,G.cpp,cpp,863,36,b565b0259de161a6cc8639ec0349cbeb17e075d9f7cf6cb836273ec7bf6ac70c,true,,
洛谷/练习赛/26天梯杯/H.cpp,H.cpp,cpp,1335,60,1ab119feaeb8ce2e42e38f7661b6a15b7a6c06709887aab545680e2f9e97eddf,true,,
洛谷/练习赛/26天梯杯/I.cpp,I.cpp,cpp,100,8,bde2aa93f33054f4fe7cbd3684a804bc94568faf6a34e8e0ed522b37bbbc37c0,true,,
洛谷/练习赛/26天梯杯/J.cpp,J.cpp,cpp,1069,54,ab453e15ff2d4c20e892d34aa69de51274abd4901cd58d7afb28cdf0148c85e0,true,,
洛谷/练习赛/26天梯杯/K.cpp,K.cpp,cpp,715,41,ac6c4e5f110dcaffeb8b878a618d0edb61c471b2d95ef2cd104211da69be3c4e,true,,
洛谷/练习赛/26天梯杯/L.cpp,L.cpp,cpp,1045,58,94aaac10514daae57ad808acf23d03969a42c9e4cbdf1679c7dcd32fa71a7731,true,,
洛谷/练习赛/26天梯杯/M.cpp,M.cpp,cpp,1094,67,29e4aafaf71224d6a8f2e639169388aa43ae2c3ae51ac965a9d2417414800f26,true,,
洛谷/练习赛/26天梯杯/N.cpp,N.cpp,cpp,1004,58,758e4d16a6b7d739b1cabc0fc631f6d6b698b89ae58e298280a061d4b0af5564,true,,
洛谷/练习赛/26天梯杯/O.cpp,O.cpp,cpp,2186,108,5ef5b032c2d8845cba274b7816a800ea8b1f54af2c3ca37964bcf29c00ad7e03,false,,
洛谷/练习赛/LGR-229-Div.2/t1.cpp,t1.cpp,cpp,510,33,93f53753d7ed8cdf119faf4e01fb7336ecdb0c4235de40f865fd65eb20e37ea6,true,,
洛谷/练习赛/LGR-229-Div.2/t2.cpp,t2.cpp,cpp,1051,57,f3016fa67938652a164558850f371ce964e175936d680f47bab7858adc3cfe5a,false,,
洛谷/练习赛/network/received_files/TCP_Server_File.py,TCP_Server_File.py,py,5712,132,3316942134d436f5787bbcdbfab137798e435315a946220867804a64f11c02da,false,,
洛谷/练习赛/network/received_files/text.txt,text.txt,txt,52,3,dd02e37d7d0a0f8204c88afe31f6129ac703a7c117bee16fe869335a99670586,,,
洛谷/练习赛/network/TCP_client.py,TCP_client.py,py,674,26,dbeb23fef71058742a569b828f2bf5da827c1d6ef3c026a31f9b3fa215310098,false,,
洛谷/练习赛/network/TCP_Client_Auth.py,TCP_Client_Auth.py,py,1935,58,0b79271cccf1c1b74b037efc05d517c8a4ef4c4ad6d569568866072d779a4802,false,,
洛谷/练习赛/network/TCP_Client_File.py,TCP_Client_File.py,py,4560,123,c90cf4d57aebfa428bdf5cce83d36976bb556af0b29b623e53f4105529cbe234,false,,
洛谷/练习赛/network/TCP_server.py,TCP_server.py,py,1155,41,106fd89a6530a5696eed463b4c838f144d5a808947fdb5ccbd7ccb41d76db0e1,false,,
洛谷/练习赛/network/TCP_Server_Auth.py,TCP_Server_Auth.py,py,2816,77,e038c1ba2809417f294f849ea330ad087d34026ba9ec0bf7d515065e47a51cfe,false,,
洛谷/练习赛/network/TCP_Server_File.py,TCP_Server_File.py,py,5712,132,3316942134d436f5787bbcdbfab137798e435315a946220867804a64f11c02da,false,,
洛谷/练习赛/network/text.txt,text.txt,txt,52,3,dd02e37d7d0a0f8204c88afe31f6129ac703a7c117bee16fe869335a99670586,,,
洛谷/练习赛/南京发票/出发发票.ofd,出发发票.ofd,ofd,19145,0,096008f05c0c8d7ae76b7c8893254b685e9e5ca2662bb81c37a554a32d54e406,,,
洛谷/练习赛/南京发票/出发发票.pdf,出发发票.pdf,pdf,27948,0,1cc98ceeed3f2f23420718be1291c246f28120b485022bcd5f00c159cb6c6f6f,,,
洛谷/练习赛/南京发票/出发平台凭证.jpg,出发平台凭证.jpg,jpg,584980,0,7986a4b6d6d78f5366f35201c4fcd7b4fad2f3b3f1800e72deaeee27668625e7,,,
洛谷/练习赛/南京发票/出发支付凭证.jpg,出发支付凭证.jpg,jpg,302422,0,910595f41523294c46b5fd74f584df4cb8f361894e3598f0dc5ad541a25b49fd,,,
洛谷/练习赛/南京发票/吴宇辉——南京站总结.docx,吴宇辉——南京站总结.docx,docx,14921,0,66075afdb68e1a0d94e5f912feec47eb0389da54b92bf8af2acdb4a74e436ed0,,,
洛谷/练习赛/南京发票/回来发票.ofd,回来发票.ofd,ofd,20145,0,33d98caf73e1b50b0c360c1e5e3f5e2a7cdf66d0cb23250b8e014e92504876e2,,,
洛谷/练习赛/南京发票/回程发票.pdf,回程发票.pdf,pdf,62444,0,c41bc210b4c9edfe421fb876978c0da5f77da41341370ba732113fe6392eb6ff,,,
洛谷/练习赛/南京发票/回程平台凭证.jpg,回程平台凭证.jpg,jpg,679296,0,771aaebe165bb6799c60de37f15e04befff41e9e1dca65649c70b0624a23b344,,,
洛谷/练习赛/南京发票/回程支付凭证.jpg,回程支付凭证.jpg,jpg,302362,0,a0e543e5bd9a51046cafe196e3870a62d1f0d469d4321a63459ff1f83271a8b1,,,
洛谷/练习赛/天梯赛0418/t1.cpp,t1.cpp,cpp,134,8,eb8f17e25d951f062ed1bcab40d41bcecc84ab8807b0a4572ddb1f8f0eafcdee,true,,
洛谷/练习赛/天梯赛0418/t10.cpp,t10.cpp,cpp,1325,70,acad95476b178c7c974f5682a3720026bcd38811d9c50ec123de40dfbae522a0,true,,
洛谷/练习赛/天梯赛0418/t11.cpp,t11.cpp,cpp,1059,50,6cfb3776d166e503e453ce576df6133ce34a1f001cef149a4cbf531945dd6b2a,true,,
洛谷/练习赛/天梯赛0418/t12.cpp,t12.cpp,cpp,763,43,637e4ed9d359692bbab4f6f35cd45dcb61afe758098864969722115ad8c0a810,true,,
洛谷/练习赛/天梯赛0418/t13.cpp,t13.cpp,cpp,2551,118,f7f866c6f37eb2c1634c78c1668581c896eb0c0f4def2ea0145aba97d7e382a1,false,,
洛谷/练习赛/天梯赛0418/t14.cpp,t14.cpp,cpp,1795,85,94fc3e62d4aee969a18b8eb787d492bb50f938135af2a918ba24abcc12a04dee,true,,
洛谷/练习赛/天梯赛0418/t2.cpp,t2.cpp,cpp,141,10,d13f0f305910d7336acad6ebbb90e522821b98f3591df4f82009e65846a8888b,true,,
洛谷/练习赛/天梯赛0418/t3.cpp,t3.cpp,cpp,398,20,0ef42700a4e3c80a3430c1a9168bf806a732f9b5e887b6068b2788e101bb6e85,true,,
洛谷/练习赛/天梯赛0418/t4.cpp,t4.cpp,cpp,267,16,bddf4a6f5f9c8644923c5ea55d22c98fe30caf9708e87e5f061403090da2fadf,true,,
洛谷/练习赛/天梯赛0418/t5.cpp,t5.cpp,cpp,392,25,7060766aa5b42c4299819064d61c65df13f8819e409aa347ec5dcfd95137257a,true,,
洛谷/练习赛/天梯赛0418/t6.cpp,t6.cpp,cpp,534,29,31af96c03d3f96d7f3548c5ae9511dd6c97d003d453c6b9a80cba4ce072f062a,true,,
洛谷/练习赛/天梯赛0418/t7.cpp,t7.cpp,cpp,629,35,11e41f83c276b1efed6549a8a3d47260092a6e316c234013e49f2cde9e2de006,true,,
洛谷/练习赛/天梯赛0418/t8.cpp,t8.cpp,cpp,435,27,4bc09dbec9d90fb2ff72d3d3ca983c7aaac93f10dceb2fa225d7950405f04b64,true,,
洛谷/练习赛/天梯赛0418/t9.cpp,t9.cpp,cpp,816,39,c9617f5434dad1d2189194305c1a9c91834e6045892ec375de51d8fc5a0df1b6,true,,
洛谷/练习赛/天梯赛练习/t1.cpp,t1.cpp,cpp,120,8,6ba81f839e46a37c1c8dfa096d9976afb97b94ea6142a485828c8bdfd55021b8,true,,
洛谷/练习赛/天梯赛练习/t10.cpp,t10.cpp,cpp,679,35,f9271799ad93da4ea6b1b931ff828537ec1bfdcddb98a14e9ac5e0960cc8b24a,true,,
洛谷/练习赛/天梯赛练习/t11.cpp,t11.cpp,cpp,1387,55,3d39ad04d77250c475027143547566c0c7a2afa4840de1751320881a3722a70a,true,,
洛谷/练习赛/天梯赛练习/t12.cpp,t12.cpp,cpp,1855,96,30f810825fa551a444fba324cfb4d66c7a259c391315c51fa511fa333da0e1f5,true,,
洛谷/练习赛/天梯赛练习/t13.cpp,t13.cpp,cpp,455,32,a2d2fad933f9757d17a0ac678ed0b91876bca893a005de7029a4096e2e88ed98,true,,
洛谷/练习赛/天梯赛练习/t14.cpp,t14.cpp,cpp,1038,60,19f34a739abfe22442ce411753b1f5a7407c52327dee410a148b797f5c99f832,true,,
洛谷/练习赛/天梯赛练习/t2.cpp,t2.cpp,cpp,172,12,5c7472408bfe3e1ee9362cfcab28c8d1f2aff5258080bd6ca03b262627895fc1,true,,
洛谷/练习赛/天梯赛练习/t3.cpp,t3.cpp,cpp,358,23,3a82d6b48a42d79303cb2eec774f1373ec92d648d52b4b904fdca3f0c0a34d1f,true,,
洛谷/练习赛/天梯赛练习/t4.cpp,t4.cpp,cpp,252,17,2f190a8a54a4fca846c46d394ac828bb0bb3b29531afe83ab4894b96b6a17e61,true,,
洛谷/练习赛/天梯赛练习/t5.cpp,t5.cpp,cpp,499,27,5d0cb6b13dba85bf17f5681b725f64eee250c5db53fb89413bd98331d1f14d20,true,,
洛谷/练习赛/天梯赛练习/t6.cpp,t6.cpp,cpp,451,28,157d7be5d33dd4bc2001f1ae03791a6643b45d6a26df4225486c283f8f18cf7b,true,,
洛谷/练习赛/天梯赛练习/t7.cpp,t7.cpp,cpp,467,27,973427b36834a66be40e0123da8d0e8846d4907ce6013e51ef2950b2343bea5e,true,,
洛谷/练习赛/天梯赛练习/t8.cpp,t8.cpp,cpp,2152,93,0f9dabdc273db9dc93d303f827105b12332c6a93b30861bd79e1ce4776da4ba8,true,,
洛谷/练习赛/天梯赛练习/t9.cpp,t9.cpp,cpp,816,39,c9617f5434dad1d2189194305c1a9c91834e6045892ec375de51d8fc5a0df1b6,true,,
洛谷/练习赛/天梯赛练习0415/t1.cpp,t1.cpp,cpp,130,8,b176e2df04e384d44105daa711817c789d91ad6b04c65cd257f7c6656e9af425,true,,
洛谷/练习赛/天梯赛练习0415/t10.cpp,t10.cpp,cpp,1008,48,1fe62f210facfec8cc80110c57fbdbee4640f2604790d84b58d8a8952644c85b,true,,
洛谷/练习赛/天梯赛练习0415/t11.cpp,t11.cpp,cpp,952,53,5d78cc0977f38aa7fa07074fc4d2f6940d1153db4e0ce99cf5c54476c5d4ed23,true,,
洛谷/练习赛/天梯赛练习0415/t12.cpp,t12.cpp,cpp,1532,73,1f10064d629d2516c93b83b6b6f660cac737723353fb0eaf77d51b5c26d95006,true,,
洛谷/练习赛/天梯赛练习0415/t13.cpp,t13.cpp,cpp,1278,61,c6c8d56469def3229e3c8113bda332e47b871e16fad7c428c7a3855c36db7ee6,true,,
洛谷/练习赛/天梯赛练习0415/t2.cpp,t2.cpp,cpp,134,10,b6052be7470424e03cc26d1f1b8a31f80776e3493a3b672dfa3e2ffc44459a1d,true,,
洛谷/练习赛/天梯赛练习0415/t3.cpp,t3.cpp,cpp,485,27,70b9848b067b5cdca251991bc11a7b60967a0209c6f405ee26a9d71f90a431f3,true,,
洛谷/练习赛/天梯赛练习0415/t4.cpp,t4.cpp,cpp,270,17,08db99933b5957bb287925855e1fd121e30c4efccaf2505498e9f7f64ae1f710,true,,
洛谷/练习赛/天梯赛练习0415/t5.cpp,t5.cpp,cpp,568,32,dd2c7ff8b5fa9cbad6f6ef3b101d8b8627938110b6bcbe2dc04a2f5e19203819,true,,
洛谷/练习赛/天梯赛练习0415/t6.cpp,t6.cpp,cpp,495,30,0de4c685b3715274cc28852f47a173e0483333f0b1e177e905b85ca21e99858b,true,,
洛谷/练习赛/天梯赛练习0415/t7.cpp,t7.cpp,cpp,793,47,4d66745500bffacf3de299e1339359868d972be31d1b473419f84af59290cca1,true,,
洛谷/练习赛/天梯赛练习0415/t8.cpp,t8.cpp,cpp,1052,54,33537dc42a4a95fb72b5c9a65a91c5b12531cb29bd5080147ae1cc12488f74d5,true,,
洛谷/练习赛/天梯赛练习0415/t9.cpp,t9.cpp,cpp,1111,57,72b7d9808266aef32b118521ebc12612e2c02157bee22dd85b4f6c5db59087e2,true,,
洛谷/练习赛/天梯赛练习0417/t1.cpp,t1.cpp,cpp,147,9,9f8e4379a9712c0437ae878a58820c6d10b73768566d771e505fd85785a991fe,true,,
洛谷/练习赛/天梯赛练习0417/t10.cpp,t10.cpp,cpp,2660,121,dd5d6088e6ce3e40e03c300bcc5b980d387cd937e1d63300a728d3963320c8a2,true,,
洛谷/练习赛/天梯赛练习0417/t11.cpp,t11.cpp,cpp,934,57,de9bf84330c3f3b502a8e3620b9cafef575b0408d1704a11a02d8c52845b63db,true,,
洛谷/练习赛/天梯赛练习0417/t12.cpp,t12.cpp,cpp,2393,127,7df83ddd78e1f64eedc588f1672a1c2ba3a0258327d1d181f79ba44165efbad1,true,,
洛谷/练习赛/天梯赛练习0417/t2.cpp,t2.cpp,cpp,128,10,12af391c0e405b03d88251cba3b160952db8982c9816c1f3007c2fd5f791b137,true,,
洛谷/练习赛/天梯赛练习0417/t3.cpp,t3.cpp,cpp,996,43,1b00cb6ccbaf57a378246bdafc739ceafa2fdf327d1d4095a2262e7c13578286,true,,
洛谷/练习赛/天梯赛练习0417/t4.cpp,t4.cpp,cpp,230,15,e4472f584a3a8c25b01ce400fe50ba4e966ace0af41f5fd949cba5a2a1bffdd7,false,,
洛谷/练习赛/天梯赛练习0417/t5.cpp,t5.cpp,cpp,386,26,098bb0e6112019a2612484c62335bfcdbab16e5ce1b9362831695b332cd635a7,true,,
洛谷/练习赛/天梯赛练习0417/t6.cpp,t6.cpp,cpp,515,32,7888757b888c32e8cc0e69bbfcae8fab9c9d8267cba71cdd643be3aafbe69709,true,,
洛谷/练习赛/天梯赛练习0417/t7.cpp,t7.cpp,cpp,484,28,5b3b5310db32507b452930d3df47f01fc682ec3256765f9f39a47c4e814fb146,true,,
洛谷/练习赛/天梯赛练习0417/t8.cpp,t8.cpp,cpp,589,35,20c144c7647a65d5982037ba536ab3c1d6cd2192176f60f70a1f8d9590ff2ebd,true,,
洛谷/练习赛/天梯赛练习0417/t9.cpp,t9.cpp,cpp,1272,66,0723fe6d37649f1d94728dfca66735c29ba1a51637fe77d6c6db4184a046fd88,true,,
洛谷/练习赛/济南发票/去程app.jpg,去程app.jpg,jpg,665930,0,6bfac95b77de06bce8de796406a1cc6e61d3a665d702a600dca82094a7f3b095,,,
洛谷/练习赛/济南发票/去程发票.pdf,去程发票.pdf,pdf,27962,0,3a668485323e998d0c263ca90e0c9c6aa646f46d63524563e45700251a4e566d,,,
洛谷/练习赛/济南发票/去程支付.jpg,去程支付.jpg,jpg,316070,0,8763af656f3a2d63294aae9376390afdca70c2367f1001a7e6b27823a3971687,,,
洛谷/练习赛/济南发票/回程app.jpg,回程app.jpg,jpg,680645,0,5f4a616ff56dbf18ed06d57cceedaaf042a1d28e11d8507cb2f3fe1a98888045,,,
洛谷/练习赛/济南发票/回程发票.pdf,回程发票.pdf,pdf,28016,0,0c2e05c82b008dc7144629d71e27197e3d02c7725116f5766c467c71eb2ec4ac,,,
洛谷/练习赛/济南发票/回程支付.jpg,回程支付.jpg,jpg,312814,0,855a1201ed8511ae76a493651a2c806c42ebc40be195268c84dccd9ca1098aa5,,,
洛谷/练习赛/百度之星/t1.cpp,t1.cpp,cpp,1514,87,b046d8e8f66860d848002447c576387ecbfab053bef82159b3b0d9adedd1aace,false,,
洛谷/练习赛/百度之星/t2.cpp,t2.cpp,cpp,4476,217,240bdf30572786370869e435c45f84fab16ffe88e9b27a780384cecfb11dfb64,true,,
洛谷/练习赛/百度之星/t3.cpp,t3.cpp,cpp,949,43,1f4b5990c3230aa11497f111a4909110d36c8b75d09a4e74b888945ae82edc6c,false,,
洛谷/练习赛/百度之星/t4.cpp,t4.cpp,cpp,479,29,93374c8df46998e3f7fea236387838ff56d4a63efa78e47afdc6c42e31637f52,true,,
洛谷/练习赛/百度之星/t5.cpp,t5.cpp,cpp,599,38,e0dd96ea6be743f92313910323ab6925afaaf33a4941b6e4f8020dbbe2c2c7b9,false,,
洛谷/练习赛/百度之星/t8.cpp,t8.cpp,cpp,1710,78,5405fe166171aa7eba4009bb7577093d91b7ba99eb0f05dafb0e7de8e9e86eec,false,,
洛谷/练习赛/百度之星/temp.cpp,temp.cpp,cpp,4328,228,d4f22c47136551323e681b0e4f773acacdc66b31f7ee828c0fb11d199a1395d3,false,,
洛谷/练习赛/百度之星/tmp.cpp,tmp.cpp,cpp,2788,142,c8ba7274444dd3a8d9cad402dd11c41f9dc8b5c223cbac0d5a6de187118b40fa,true,,
洛谷/练习赛/百度之星2024/01.cpp,01.cpp,cpp,1011,53,2569f62b286513a79dff60e2772c08658439383b7c4643a003e23460bf33e088,false,,
洛谷/练习赛/百度之星2024/02.cpp,02.cpp,cpp,1110,59,a4953719b5c1bc72708abb46f5153c4b43f3828273dcb2f9155a3a0f386e57a0,false,,
洛谷/练习赛/百度之星2024/04.cpp,04.cpp,cpp,1450,48,37068b6f7beb456c413f1692bc1e0affe70da38ea7864f45afdb357183494504,true,,
洛谷/练习赛/竞赛题练习/2025西安.pdf,2025西安.pdf,pdf,1079597,0,af685f01909e6b52a1d4fc0902f57f4a8fb22334b87db3183fe03f4d42730996,,,
洛谷/练习赛/竞赛题练习/23沈阳.pdf,23沈阳.pdf,pdf,607600,0,31e172652e5ea4a948b247a46cc6774c074343810e1500b878b26c27f73232de,,,
洛谷/练习赛/第三章/t1.cpp,t1.cpp,cpp,946,45,f215e2507ab2fa7ab1603cc9e3c3eff9e47a4142670d53d918d94424a8e6b3a5,true,,
洛谷/练习赛/第三章/t2.cpp,t2.cpp,cpp,1020,51,d903e4a577742eb8f5cf44a8da4428bbfac403ae0939fbc0fe9d6560344d3100,true,,
洛谷/练习赛/第三章/t3_1.cpp,t3_1.cpp,cpp,1030,55,304e5547ddd1cf97276e2dd7db3a51adcf5a5b791686dc4e1685265b723d0824,true,,
洛谷/练习赛/第三章/t3_13.cpp,t3_13.cpp,cpp,628,33,36095e294a9a2ec1181a72cfbe79880e9fd573dd1cafe8744f432be2b7d9ae25,false,,
洛谷/练习赛/第三章/t3_3.cpp,t3_3.cpp,cpp,1106,50,1d39af28348c82987cda152190fe7f0d05b13fb2002b9fa8f7c3e249fe26447c,true,,
洛谷/练习赛/第三章/t3_6.cpp,t3_6.cpp,cpp,565,35,1962bd113e55d32eebdab080fad2e4da218b99294a02a10c35efe62d0f947d1d,true,,
洛谷/练习赛/第三章/t3_7.cpp,t3_7.cpp,cpp,2429,107,8f920b9d496ee9484392f91ec4f798f65118354f8ba113bc77f664ee7aa1ac0d,true,,
洛谷/练习赛/莫队/莫队算法——修改加时间戳.cpp,莫队算法——修改加时间戳.cpp,cpp,2085,77,11f810e871be6b546327b1d8a690a829d41875da78c1b9269fa7cdf2dc6cbe2a,true,,
洛谷/练习赛/莫队/莫队算法——修改加时间戳2.cpp,莫队算法——修改加时间戳2.cpp,cpp,1996,86,d7703f4fca17e708e198ac6793fc4ca432e5c04949027e44173712e35f871115,true,,
洛谷/练习赛/莫队/莫队算法——多区间.cpp,莫队算法——多区间.cpp,cpp,2809,100,548f3ec86515a3655d7f5ef8104c540052dcd3d2ad5ea941259f8e8c85eaa730,false,,
洛谷/练习赛/莫队/莫队算法——奇偶性排序优化.cpp,莫队算法——奇偶性排序优化.cpp,cpp,1732,70,e153cab9cc4a29b394cc07e683ed29330a3ebaa7dea7dea7bbe7bbabb4c9ca0a,true,,
洛谷/练习赛/莫队/莫队算法——异或.cpp,莫队算法——异或.cpp,cpp,1630,78,550bd162e596a0ad0fb6ec75ba7c3a5b7120957df2adcd75d859f3c65f41fced,true,,
洛谷/练习赛/莫队/莫队算法——树上莫队.cpp,莫队算法——树上莫队.cpp,cpp,2884,120,03da9152128e1040de05bbaf30f6b414a1540ccef705713be06bcdc9a2f0bbfd,true,,
洛谷/练习赛/莫队/莫队算法——模板.cpp,莫队算法——模板.cpp,cpp,2469,94,eda1dead74681d77b5ee9cb676ceae38896ac516b2f1d2ae2e1823f206e06667,false,,
洛谷/练习赛/莫队/莫队算法——种类模板.cpp,莫队算法——种类模板.cpp,cpp,2136,88,a05ca43e4b04bb929444e1f697aaea0cb4c05ece2845528edfab5bfca53771bb,true,,
洛谷/练习赛/蓝桥杯11/t1.cpp,t1.cpp,cpp,311,23,f736412b22eb3b8887967e16e03b86d13d57abad2ad048932cbc0bec3ae1d65d,true,,
洛谷/练习赛/蓝桥杯11/t2.cpp,t2.cpp,cpp,328,21,2eb361effb5bd1e6ce0b51c5d2f9b9d555d49ba0b524d4925d4c3c15ada667a3,true,,
洛谷/练习赛/蓝桥杯11/t4.cpp,t4.cpp,cpp,1392,87,5d09a11fe986b7abbb87f9b6812211a0f28239f41b47ba1d4c98b75103f3caa8,true,,
洛谷/练习赛/蓝桥杯11/t5.cpp,t5.cpp,cpp,338,18,97e280445f6c5761cfd0b54e9e4e98afccc8569a4ad23b522bdb75812fc1f11b,true,,
洛谷/练习赛/蓝桥杯14/t1.cpp,t1.cpp,cpp,708,43,06e0479bf9c4735cc128b05b22ec3eb25dca07f18bcb2be0ef923718b5fc4fd3,true,,
洛谷/练习赛/蓝桥杯14/t2.cpp,t2.cpp,cpp,545,35,73966bc0b320e7f4396f494fab77fbd36c6b071b60be844c06a367c1e295a2bb,true,,
洛谷/练习赛/蓝桥杯14/t3.cpp,t3.cpp,cpp,3264,133,a32c4f5c7d6fa3636faa8d436b8afb21ae3d19394e9531d9a25f6e968be42db8,true,,
洛谷/练习赛/蓝桥杯14/t5.cpp,t5.cpp,cpp,2482,115,27f03cfb2f88aea5a14ac6f39ac4d920f2083e33fcbe1cdf6a14ef02748cf072,true,,
洛谷/练习赛/蓝桥杯14/t8.cpp,t8.cpp,cpp,583,30,2b6ac08bc7e1d7e4830a186bae94689ab85b36b97fb16e7bcebd35b194878cf2,false,,
洛谷/练习赛/蓝桥杯15/t1.cpp,t1.cpp,cpp,1391,78,cb964a0b270cbf020eea4eb02bd56f38192379c97a5b025de729bd49471b9d6b,true,,
洛谷/练习赛/蓝桥杯15/t2.cpp,t2.cpp,cpp,843,45,a089a1a6da98e6e9151b38443df78cfae6d9c6d5327ab33b6c754697b0151cfe,false,,
洛谷/练习赛/蓝桥杯15/t3.cpp,t3.cpp,cpp,1363,71,d23e68db5e8c2bfbcef7134c286925b6e35813b8bd66e52726608f95e8258482,true,,
洛谷/练习赛/蓝桥杯15/t4.cpp,t4.cpp,cpp,988,52,dbca731ef66f805fdd063b6a856d377ea0944515f47f37ba44f84f831ac8ce2f,false,,
洛谷/练习赛/蓝桥杯15/t5.cpp,t5.cpp,cpp,1217,53,af83f30dd122f5ef51e84dce93a598464706180ede6310c7e11f66e6ecbb0ccd,false,,
洛谷/练习赛/蓝桥杯15/t6.cpp,t6.cpp,cpp,1988,105,da13cde1b4328980620d9b27eab2e3e623fbdef33c97725ca7c6a02cc4d66983,true,,
洛谷/练习赛/蓝桥杯15/t7.cpp,t7.cpp,cpp,3289,148,145d2de0ef58d1813953cb41da571b94f4de2579b626ebd7c0d8b8eef6b28919,true,,
洛谷/练习赛/马蹄杯/A.cpp,A.cpp,cpp,650,36,e4dec084a72786aee76b53b02a61fde22adae1fd4a1c0f2a151caa06aa53b5d4,true,,
洛谷/练习赛/马蹄杯/B.cpp,B.cpp,cpp,2007,94,ce10a300b10139673b855beba6bac2cc4350393d6a3767ed0e8a42d0c7bbe08f,false,,
洛谷/练习赛/马蹄杯/C.cpp,C.cpp,cpp,754,38,1e6df64c97cc149801f51e20479b1753f0a878c76c02a4fcdc7b8b43f8a24580,true,,
洛谷/练习赛/马蹄杯/D.cpp,D.cpp,cpp,489,28,d9ccb92e3337506429bb024e88bd999175785168eb0921514cf1a8b2784c90e4,false,,
洛谷/练习赛/马蹄杯/E.cpp,E.cpp,cpp,5224,241,4da562bf2ef16eb29e78c7a254226f58b976fffeeed263120a9bdabeec7e4a9d,false,,
洛谷/练习赛/马蹄杯/F.cpp,F.cpp,cpp,974,46,fd7f54128bbfab4c4602d9dfe13552cb5a7eb06538224b89babdb62baccb82ee,false,,
洛谷/练习赛/马蹄杯/G.cpp,G.cpp,cpp,1645,92,f3ba80f9133ada1c8ae6a911affbdfa09cae461225d2ebb71cdf0f8a19f7c363,false,,
洛谷/练习赛/马蹄杯/H.cpp,H.cpp,cpp,996,53,e0b053de90eb56bda09fcfb3570c48dcc6bf52fee6625e7d231d1d9e05394c8b,false,,
洛谷/练习赛/马蹄杯决赛/t1.cpp,t1.cpp,cpp,523,31,1d6e5212d02a5ecbb64d59c916fa61aa61da9388a9ef5e02d353120024127530,true,,
洛谷/练习赛/马蹄杯决赛/t11.cpp,t11.cpp,cpp,1306,64,749df5f2b83995cade0485d7d5319984f6ff19bd9768f167796db947352f0401,false,,
洛谷/练习赛/马蹄杯决赛/t12.cpp,t12.cpp,cpp,1759,77,0edc9a3cc530fc2ec0ab1da46d8b27fbe6e7da08ac8d5c0a67cf6a1ef35c4fd1,true,,
洛谷/练习赛/马蹄杯决赛/t2.cpp,t2.cpp,cpp,453,28,74ae003734196e10c8b56e091f912ba83527242a831f730364b2d61c2d0095cc,true,,
洛谷/练习赛/马蹄杯决赛/t3.cpp,t3.cpp,cpp,745,43,a58a31cc69eb1e745abaa4eb8bf57f74cfd4c784ea5be75724e2738aa38dc2d6,false,,
洛谷/练习赛/马蹄杯决赛/t5.cpp,t5.cpp,cpp,2189,110,48ce50670b7543b875f224518ce759c5359a84d595f0ac4f7cd5d339b8209394,true,,
洛谷/练习赛/马蹄杯决赛/t6.cpp,t6.cpp,cpp,745,38,b01fd3287bb737c3c3e2eb00304d20bc8c7dec6dbc32bea4a0f62584329ad7b0,true,,
洛谷/练习赛/马蹄杯决赛/t8.cpp,t8.cpp,cpp,1296,71,b961f74150e53d9d26ebb7f8f6416de6347ac497ffb891fbeb89f7bf1814d426,false,,
洛谷/练习赛/马蹄杯决赛/t9.cpp,t9.cpp,cpp,2604,149,a39190249387f36852ecf0260b903bb9b5b9687f30ef8f9c840ce85a9656461c,false,,
