original_path,final_path,problem_id,extension,original_version,final_version,sha256,operation,reason,status
abc302.cpp,ABC302.cpp,ABC302,.cpp,,main,f1e8231e6ae8b462ccc5d10d685569b10bd24ce1aac1dd8696e261e698bb91e2,keep,Main version (already correct),done
ATabc308.cpp,ATABC308.cpp,ATABC308,.cpp,,main,a91291dc25d2a855ad8cad476c92f21b199223eaa4663626082031fe86ea3437,keep,Main version (already correct),done
B1649.cpp,B1649.cpp,B1649,.cpp,,main,1c64a7264710932699163c08625b7d9af6292d749e27c2f077b529e4524b4ffa,keep,Main version (already correct),done
B3367.cpp,B3367.cpp,B3367,.cpp,,main,cd0ebd512d41f7cd3420b76f38d2127d476dbac40d659fa1e6af6c2b4fc68a04,keep,Main version (already correct),done
B3367(2).cpp,B3367_v2.cpp,B3367,.cpp,2,v2,9523a5f51a5788105ba81b95c63fe3d2c3f2dc34663df206ca033680acc6a44a,rename,Standard rename,done
B3609_3.cpp,B3609.cpp,B3609,.cpp,3,main,f104b5ec7505db5e65a2c4142c5791b9e28bb2030917bfab82b6579baae5ad05,rename_to_main,Promoted to main (was version 3),done
B3611.cpp,B3611.cpp,B3611,.cpp,,main,5cdf763cf2c51ea6666bd44cbc65b8c97626bde4d0df51fe81b7afb347b95ef5,keep,Main version (already correct),done
B3624.cpp,B3624.cpp,B3624,.cpp,,main,c7f3e4d708326cceaa9f85cd8584e3244853405a391cca043a82ed3eb647c81d,keep,Main version (already correct),done
B3626.cpp,B3626.cpp,B3626,.cpp,,main,96992925151f50467d6d9de37bdf49918710b971ddd0dae3d218796ab72c6787,keep,Main version (already correct),done
B3629.c,B3629.c,B3629,.c,,main,9d9ac456839f8c6240bead2b5650481da2778d1de9424ce3f4ab4d7219b70aae,keep,Main version (already correct),done
B3637.c,B3637.c,B3637,.c,,main,6f254566b8fd80dddb7b6b1907e570c997bd4d093ac75d0b719e1ea912750f6a,keep,Main version (already correct),done
B3644.cpp,B3644.cpp,B3644,.cpp,,main,875c607266c89e5e4d9d64f6c6fd88ad3ab33e011f88015c65afb4b144216a29,keep,Main version (already correct),done
B3647.cpp,B3647.cpp,B3647,.cpp,,main,3b7c98881bc2c8a09964120ec347d654a898dc301d4910a5295433d6958ea7e9,keep,Main version (already correct),done
B3666.cpp,B3666.cpp,B3666,.cpp,,main,43749edd518509e336ab17f8c84239cb263446f1e9f7602cdbab173ad9a6abb0,keep,Main version (already correct),done
B3666(2).cpp,B3666_v2.cpp,B3666,.cpp,2,v2,168378ac10cc36882d101b7b8ea783420e3c810aca08faf840227f2ba518b27e,rename,Standard rename,done
B3737.c,B3737.c,B3737,.c,,main,ecce63ec6a65a9e8d829e50ec73a818f44ced0ae036761e42555b6364437c02a,keep,Main version (already correct),done
B3828.c,B3828.c,B3828,.c,,main,fb4b6312499acafca097cbf3f2f496261b8799be7dcac1191e29840468124bac,keep,Main version (already correct),done
B3874.c,B3874.c,B3874,.c,,main,5cccf87ea61bbf97bf28dc3e58099a4b081bf2f883bb86042699dbf3887cd231,keep,Main version (already correct),done
B3874.cpp,B3874.cpp,B3874,.cpp,,main,74729631d828e736510741aa8552b659fe9eeb9145d4b49c829dec546596bd57,keep,Main version (already correct),done
B3883(2).c,B3883.c,B3883,.c,2,main,9e9d28e2ee68941d960d6739741fb32074fa00a9871392e9b84ee0c4ae76a2aa,rename_to_main,Promoted to main (was version 2),done
B3883.cpp,B3883.cpp,B3883,.cpp,,main,90e9d7ff247368dce4f79d0e1c9b3241032352a96e5cce1f211cbb90778d61cd,keep,Main version (already correct),done
B3903.cpp,B3903.cpp,B3903,.cpp,,main,a9c607e1f6579d68cf2b6ee0eed529b8d960f8c3bfea43810646d7668eaa7247,keep,Main version (already correct),done
B3929.c,B3929.c,B3929,.c,,main,afa24c04a899372f160a9300badfe854ce5c8ea507f441a5d3fc82bdcf557314,keep,Main version (already correct),done
B3929(2).c,B3929_v2.c,B3929,.c,2,v2,7eb70257593da06f682a3ddda54a9d260d4fc514f645237f5ca74b08f8da61a6,rename,Standard rename,done
B3930.c,B3930.c,B3930,.c,,main,20af7e000adbd4acb61b963794741ef2cc4646f09f75ea35836081f29acc4663,keep,Main version (already correct),done
B3959.c,B3959.c,B3959,.c,,main,9e5c05f4cac80a0c33e5aa90bf586062d311d80a9bf3a622797f58cec9030073,keep,Main version (already correct),done
B3999.c,B3999.c,B3999,.c,,main,738a2e5d428169f4be4950a1eba2bdd09c31e6b0f83d16c6de3083d769023e11,keep,Main version (already correct),done
B4016.cpp,B4016.cpp,B4016,.cpp,,main,22bfa8d6f96ace6f4f656c0de21a641b4f1e55a8991050e4ce0e839e3fbea9aa,keep,Main version (already correct),done
B4156.cpp,B4156.cpp,B4156,.cpp,,main,0a252b1ba2e18890a285dab94117bc53db7e3fededf21fedcc990c7e2a8df694,keep,Main version (already correct),done
hdu1521.cpp,HDU1521.cpp,HDU1521,.cpp,,main,2ac5679dbbd4e174c3a2a72f245557585d62de2e9c326363c7bf27887446a561,keep,Main version (already correct),done
hdu1823.cpp,HDU1823.cpp,HDU1823,.cpp,,main,7d5b93862922911fc003ba901085c39b724a32eb2c59167f91ea257089853eaf,keep,Main version (already correct),done
hdu2063.cpp,HDU2063.cpp,HDU2063,.cpp,,main,ce80204c3990e798c87171b9ac9e05860d3fd66cdcd3dd85d9f90c1918a94893,keep,Main version (already correct),done
hdu3549.cpp,HDU3549.cpp,HDU3549,.cpp,,main,6cbe6bd716c43dbab7bf43ba0b2b26d1ddec2f525d0a8f70aeaad1a34ca09425,keep,Main version (already correct),done
LOJ101.cpp,LOJ101.cpp,LOJ101,.cpp,,main,429d19023ac1fddb53ebab08082b6ed91bc51f09d93a3bd4be5890e63764118c,keep,Main version (already correct),done
LOJ115.cpp,LOJ115.cpp,LOJ115,.cpp,,main,898ea5828ee894622fe8120103bd9c4681d0cbc4c82a1889067512b984c1f059,keep,Main version (already correct),done
LOJ116.cpp,LOJ116.cpp,LOJ116,.cpp,,main,20c43f61954484aa4a6420f485b8368b6284a77d19db57f65d559a4e6f83b976,keep,Main version (already correct),done
LOJ117.cpp,LOJ117.cpp,LOJ117,.cpp,,main,8bd9228c31cba0ab7fc6fc946a6c4a38b1caa710c63a4361dd551d9e781a778b,keep,Main version (already correct),done
P225.c,P225.c,P225,.c,,main,fc2c2e8f00042717d42b62cafb35c0cb639ddbae7f434d3281f7e8be0cd7c97b,keep,Main version (already correct),done
P1002.c,P1002.c,P1002,.c,,main,6c95183206b0ab71e5b70d9ca79d652459fbba60f57e7e2a7e3598d91077aafc,keep,Main version (already correct),done
P1002(2).c,P1002_v2.c,P1002,.c,2,v2,6615eb89435a1c623586a1504847d001f3a1221e364319d8676beb6a77b4a60c,rename,Standard rename,done
P1002(3).c,P1002_v3.c,P1002,.c,3,v3,75f8e40f2fdb14ee3da0c5c382141a514994659df0765731641415bf8bb0edbf,rename,Standard rename,done
P1004.c,P1004.c,P1004,.c,,main,a775a2563b2203e1953c6ab2e996c7e85f0a8a0dc8782a9581a816d8f0af4033,keep,Main version (already correct),done
P1004(2).c,P1004_v2.c,P1004,.c,2,v2,35e0789ee2071e1d9f1d38277b1b1566166cd24ddd684b4ed471f309d4f72d24,rename,Standard rename,done
P1004(3).c,P1004_v3.c,P1004,.c,3,v3,775d9530c3323ddb97a382c95fdae5a98b54b563d6ca5de3dc4e679fd8e1ac8c,rename,Standard rename,done
P1005.c,P1005.c,P1005,.c,,main,1574a6b714422272fa198b26a7d3c2984ff7bb7e1d50049248502b1b942d1865,keep,Main version (already correct),done
P1005.cpp,P1005.cpp,P1005,.cpp,,main,2cd84115068c4094cdd0892aa47b764c95bc21edd5935a1851de2210edcf786b,keep,Main version (already correct),done
P1006.c,P1006.c,P1006,.c,,main,52962d35af8d388738c8da24f352031997d56ec8e45b8eed36193a128c22c57c,keep,Main version (already correct),done
P1006(2).c,P1006_v2.c,P1006,.c,2,v2,5d51f8bd605f085716452c4bfff5ef5d645cfee6bd9f0293cef9b5d75eec70e7,rename,Standard rename,done
P1007.c,P1007.c,P1007,.c,,main,d7650f787172158b4359654332f314a8721241bff4e028fda7aaab5a3342212a,keep,Main version (already correct),done
P1013.cpp,P1013.cpp,P1013,.cpp,,main,7eb70257593da06f682a3ddda54a9d260d4fc514f645237f5ca74b08f8da61a6,keep,Main version (already correct),done
P1016.cpp,P1016.cpp,P1016,.cpp,,main,e38fad9f63345b46882757462eeb6bcbabfde23a669ff808d9aace165fb57755,keep,Main version (already correct),done
P1016(2).cpp,P1016_v2.cpp,P1016,.cpp,2,v2,b5b61cb9f88f85ec997cab058e52ea3d69b3ff19394940fcca82b35126f282ff,rename,Standard rename,done
P1018.c,P1018.c,P1018,.c,,main,06932bc06d10caaddcc0ef7411e1c6cf2b07c60cf441e520600a63c93d06d021,keep,Main version (already correct),done
P1018.cpp,P1018.cpp,P1018,.cpp,,main,4c9ac1db302524da473f59f923ce3bd2282b3f87a66d336ea98e815740e0a4be,keep,Main version (already correct),done
P1020.c,P1020.c,P1020,.c,,main,313df6e04fa1d09d454390b09351cee8038b5617145208592fc769666847ef27,keep,Main version (already correct),done
P1020(2).c,P1020_v2.c,P1020,.c,2,v2,72ecab0887452c1711c47c931aeae29859b0e061330e8cebd18f656f4b49a923,rename,Standard rename,done
P1021.cpp,P1021.cpp,P1021,.cpp,,main,718ae353bf0e418b10ebcfaa512d0efe4b65c518eb3a2322c1cf3dd9b5f707ec,keep,Main version (already correct),done
P1024.c,P1024.c,P1024,.c,,main,64a6f2c81db73a532a147e2ea82482a4a761e92516e2efaf5cc7f9038f2fa22d,keep,Main version (already correct),done
P1030.cpp,P1030.cpp,P1030,.cpp,,main,ea98b289162bb89abaefb12dd356da76d0c3b1459d76141b6b7c3c4388ff48d9,keep,Main version (already correct),done
P1031.c,P1031.c,P1031,.c,,main,81a5888ca0d33b33b7d417405f2b0b24849aefe61e23a890f0481a33b1dc3ed3,keep,Main version (already correct),done
P1032.cpp,P1032.cpp,P1032,.cpp,,main,94032190ee8a342bc70192b1da51f611931c077790dfff6e9b2e27d176702caf,keep,Main version (already correct),done
P1036.c,P1036.c,P1036,.c,,main,67b7d64696136285c36f3920e8bc9a347f278f119b52031d8e938205368715ec,keep,Main version (already correct),done
P1037.cpp,P1037.cpp,P1037,.cpp,,main,cff76116bd01cbbd69f47dc7505e0212c127e1e7b8ddccbeffd251f31b8ee546,keep,Main version (already correct),done
P1038.cpp,P1038.cpp,P1038,.cpp,,main,e20f05ce75290601491cf75c7f4a366317c081dce3e955282c795c59b4e0d24a,keep,Main version (already correct),done
P1039.cpp,P1039.cpp,P1039,.cpp,,main,fd13d23ce6468a3d762558f98a4220b679c14c252a36f12e28e17b70e8d1a3bf,keep,Main version (already correct),done
P1042.c,P1042.c,P1042,.c,,main,0db004d4f4f55d6207b4e681c73439e3011b75596d3cda5001d086b0ae55f4d7,keep,Main version (already correct),done
P1044.c,P1044.c,P1044,.c,,main,854783b47a6a94f7e6c8f572e26cf5b17140f487ba61f15630c9bc63798fc47d,keep,Main version (already correct),done
P1049.c,P1049.c,P1049,.c,,main,3703be461dcc39a5c71089ce1ef062b7d34ebefef1950f28bc594dadfb803e98,keep,Main version (already correct),done
P1050.cpp,P1050.cpp,P1050,.cpp,,main,e37533b2d90ef8bb7d0a60deb38b634e88c40b33760abf84b7f57d8f369273e9,keep,Main version (already correct),done
P1052.c,P1052.c,P1052,.c,,main,dff6fcee1c28b9418d6b26b1431de901153ba04c94b5e659fea45ffb38573a34,keep,Main version (already correct),done
P1053.cpp,P1053.cpp,P1053,.cpp,,main,f84181c0a094d383f55d298a1b38749f503e423b0f152f2ea6103c505b35e04a,keep,Main version (already correct),done
P1057.c,P1057.c,P1057,.c,,main,69a2294e9ec33b409c4195ee06a3c36a6d6ed0c045cad12ccef49683f1d66be9,keep,Main version (already correct),done
P1060.c,P1060.c,P1060,.c,,main,594096739d00f0e853f9f0e68a1bc6c012dbf6611f24d84f173b8b1195e05e78,keep,Main version (already correct),done
P1063(3).c,P1063.c,P1063,.c,3,main,864a09ce02b873d258e5b7b045f55fe377457bd16f1b2fd84008a28ab87c1b8f,rename_to_main,Promoted to main (was version 3),done
P1063.cpp,P1063.cpp,P1063,.cpp,,main,139f6ebba5e255203b08079371e1b84e64f52c5e5ae55777d2cf08678da2e6ce,keep,Main version (already correct),done
P1064.c,P1064.c,P1064,.c,,main,2169937da291378caf6efe781d1b24960e9d5f1baebdc055af93e6d561063793,keep,Main version (already correct),done
P1064.cpp,P1064.cpp,P1064,.cpp,,main,dbb72fb373b04872a0f403f576b549e9e61084ed13fe5fb84714a5a6653cb786,keep,Main version (already correct),done
P1066.cpp,P1066.cpp,P1066,.cpp,,main,bb24071f3dd911f8a519cb89bf4d04c016f84e513857e73b34d9e15674749d20,keep,Main version (already correct),done
P1066.py,P1066.py,P1066,.py,,main,b9ff63f220b86dd60005481216ca46aaa6c9c245f5ceba40a75da75f1ca89eea,keep,Main version (already correct),done
P1069.cpp,P1069.cpp,P1069,.cpp,,main,15d7fdaec1545cf84bfdbff63e19495e921a6b1b93d46a4e5bbf5a6ef6768fc6,keep,Main version (already correct),done
P1070.cpp,P1070.cpp,P1070,.cpp,,main,4f7cef90af3ec91880ec85885ea1e8469517ba2ea3ba8ef8c13c397ee7308c0f,keep,Main version (already correct),done
P1073.cpp,P1073.cpp,P1073,.cpp,,main,a1a1dfbfeef79d3c0f3651de2ce4cd22dfccf10ec235a237ebbccb0f65efaaba,keep,Main version (already correct),done
P1080.cpp,P1080.cpp,P1080,.cpp,,main,9e3286a55a451bc38c35a44d0a830ab405752408d1696d8a657f48b7a4b04bbd,keep,Main version (already correct),done
P1081.cpp,P1081.cpp,P1081,.cpp,,main,472621c2bc93efd60f5fd7c5ada6dfc6c62c9f2734589cebbc380db126f8e33e,keep,Main version (already correct),done
P1083.c,P1083.c,P1083,.c,,main,5bbc368863b1e027d9a503d760dd32e8f1193c268481e1b0bd3f31a1d1c4d87c,keep,Main version (already correct),done
P1084.cpp,P1084.cpp,P1084,.cpp,,main,0ab349765821109bae448dea40960502a67fd7ad92ae7c67305f80c1c059e2c6,keep,Main version (already correct),done
P1088.cpp,P1088.cpp,P1088,.cpp,,main,c47e2f6ac6a3ef64670593136a6641d5eafb064e4e1311c50f7eb8256b54ac5a,keep,Main version (already correct),done
P1090.c,P1090.c,P1090,.c,,main,1439b561b52b6fea903a7a628def3031b632a46397bc20d264587bcd36678722,keep,Main version (already correct),done
P1090(2).c,P1090_v2.c,P1090,.c,2,v2,1ff02211f92ed6286954299b1101a17ec2566b5562f4c7d2690ee9a4d94c6de9,rename,Standard rename,done
P1091.c,P1091.c,P1091,.c,,main,70c815186bae2a6be021148b84f0a8879add6165d12bb34ae89f154d04874efa,keep,Main version (already correct),done
P1092.cpp,P1092.cpp,P1092,.cpp,,main,4e59029ec6dd20412f89ec7ffc77441a4eae479a77b9367b2dc6c4c6ba25408a,keep,Main version (already correct),done
P1094.c,P1094.c,P1094,.c,,main,c69ad22e7d17266fa1a9850bcbc48d38cccc50a21362e9143ee6907459626c61,keep,Main version (already correct),done
P1095.c,P1095.c,P1095,.c,,main,c200016910aa5e84e12d26d9f9843afd52b341d15429dd7cd9f26838e2bab3ef,keep,Main version (already correct),done
P1099.cpp,P1099.cpp,P1099,.cpp,,main,126a2a5659bd61b99a17611c4b0dfdc7158892118da155a5317637e54f3e3a3f,keep,Main version (already correct),done
P1102.cpp,P1102.cpp,P1102,.cpp,,main,207dd33af2e8475b8e8c98a39e3b104761a54175adbc30c775a25a9e61d3426b,keep,Main version (already correct),done
P1102(2).cpp,P1102_v2.cpp,P1102,.cpp,2,v2,82ab7d77d26638f8e7b62309e583229e1bb48321f38d973819efcc5a5d912c2a,rename,Standard rename,done
P1103.c,P1103.c,P1103,.c,,main,ce4bfcda3f56cb2d4c416f675af5e007e6cac059eec1930d1b8795ba273ccfa1,keep,Main version (already correct),done
P1103(2).c,P1103_v2.c,P1103,.c,2,v2,48fe4dab8147791d8526c5b14ad0687ae98c1670f58916c76d5bf1f31ca41e7c,rename,Standard rename,done
P1106.c,P1106.c,P1106,.c,,main,7bf3cbe6f2ae1a3f6b846cd2a0b357aa4ad956e976cbc2336da7fb222b1b7e8a,keep,Main version (already correct),done
P1107.cpp,P1107.cpp,P1107,.cpp,,main,97b74344df7593676c3b3317644c3361954fd07389b4f549e8f35e9a627d4d05,keep,Main version (already correct),done
P1109.c,P1109.c,P1109,.c,,main,dbe2aa744a4ad30f2ba2d792706a3f22321b8990e2a657a57bd054adaef890cb,keep,Main version (already correct),done
P1111.cpp,P1111.cpp,P1111,.cpp,,main,f9fdc38ebb563f01697c01d18ae36145b823b34c52b449eec801edf4ebb1cdf2,keep,Main version (already correct),done
P1111(2).cpp,P1111_v2.cpp,P1111,.cpp,2,v2,9fb47e50e9d4232f4c24a6caec4104694bf501c590d0236832322175e184178b,rename,Standard rename,done
P1114.cpp,P1114.cpp,P1114,.cpp,,main,d9318a22ede0a840cecdf149fc6b2561be91d7686a0859c20c1b72d2d58e0c3b,keep,Main version (already correct),done
P1115.c,P1115.c,P1115,.c,,main,c845befa5f000799309702ca13eafbb9db71cc84f030456aa806616b8e3ccf9a,keep,Main version (already correct),done
P1117.cpp,P1117.cpp,P1117,.cpp,,main,acc325584c5b1f9bc2295d27b1124248791ffe2b0839edb63c4091d527f6f9d3,keep,Main version (already correct),done
P1118.cpp,P1118.cpp,P1118,.cpp,,main,fd407555ead3ea6adbc96c092dc991afdc16bba22e88038d7cb2c49f70114b22,keep,Main version (already correct),done
P1118(2).cpp,P1118_v2.cpp,P1118,.cpp,2,v2,9180077cde7556e582571c850a51f209395ee7bd15716f38431eb615274e9155,rename,Standard rename,done
P1120.cpp,P1120.cpp,P1120,.cpp,,main,2bded6e44767383b2d1462af0f2a990b524e77eadf1dcf5b0872cddd1a1ff85a,keep,Main version (already correct),done
P1120(2).cpp,P1120_v2.cpp,P1120,.cpp,2,v2,6492d3852656862407ee77c76b9861417cc70d1de060c9b8906faff93c7cac60,rename,Standard rename,done
P1121.cpp,P1121.cpp,P1121,.cpp,,main,668005b7f2321f69580dd6292fda19b666d9d50fe4a705a245d0249efc8bb3d3,keep,Main version (already correct),done
P1126.cpp,P1126.cpp,P1126,.cpp,,main,5627940338834184d0d7ad26026613de6a27ca4c147b70ef0bbafe826cc3384a,keep,Main version (already correct),done
P1130.c,P1130.c,P1130,.c,,main,d2d146857cd393b9bdd99c95e3216eaeec38ea8e8c717eba265ef5fbdcd3abe2,keep,Main version (already correct),done
P1130(2).c,P1130_v2.c,P1130,.c,2,v2,9e6578ebfd0d8568324198055b7ecb12879dbebbdb17632c3d3b2ee05e3715ad,rename,Standard rename,done
P1130(3).c,P1130_v3.c,P1130,.c,3,v3,6dad34028b7760c76697ef074a0892e5635c6a09b73dc3ccafe53904d0e11dff,rename,Standard rename,done
P1131.cpp,P1131.cpp,P1131,.cpp,,main,dd58bf1f5ae68b08209d1d5441ff88bcd4b71ac4ce999dc02be64bbfc52fd5b6,keep,Main version (already correct),done
P1133.c,P1133.c,P1133,.c,,main,63c31d630671cd6386a49b719c9aae299482716cce606e1e34afba47c22ba299,keep,Main version (already correct),done
P1133(2).c,P1133_v2.c,P1133,.c,2,v2,514f592ec4d0502d8b28fa9a795e95d1d511e44ea6c880aab66026f59aa2c9b9,rename,Standard rename,done
P1135.cpp,P1135.cpp,P1135,.cpp,,main,6339f8b4b026b58c765b0b925c709536f5aa3eaef4633662d3eb52f22a7bb5d4,keep,Main version (already correct),done
P1136.cpp,P1136.cpp,P1136,.cpp,,main,d8034e7f17e23ff1a015e53883167449dfdf9ad984bf777588ee59d9f9d4bccb,keep,Main version (already correct),done
P1137.cpp,P1137.cpp,P1137,.cpp,,main,b07496361d249f212430f0c164b8a78fe4a2809a1e743bdb1212cc80eef3510e,keep,Main version (already correct),done
P1139.cpp,P1139.cpp,P1139,.cpp,,main,ee35043b35685bb16a5307ccea662e35605d7b88e6f49e8338321fbe8831f743,keep,Main version (already correct),done
P1140.c,P1140.c,P1140,.c,,main,e3b9baa79f91bad314a88b3adb5b33d85c79d52a9e96b696d6ecb72ce20ae9c7,keep,Main version (already correct),done
P1141.cpp,P1141.cpp,P1141,.cpp,,main,9f85c2f61647c249e89f15177b96dabc7ff5b1823d8ebe98e1d293e5284ca6d8,keep,Main version (already correct),done
P1144.cpp,P1144.cpp,P1144,.cpp,,main,91e047c315e3018b8846034e83678e6d331a01c29459213e08a0c369072d51d6,keep,Main version (already correct),done
P1156.c,P1156.c,P1156,.c,,main,d7b4a20428091918524f80bcdb3075a92c65a4ad093627ba259d09ff4885f328,keep,Main version (already correct),done
P1157.c,P1157.c,P1157,.c,,main,635f5825cbe4a87231a0c209f84f219596fbfdaabd48ca26eb4fa14ba60626b4,keep,Main version (already correct),done
P1162.c,P1162.c,P1162,.c,,main,188f966b174978e0e877b53c26ba0705f19a4ae5959117c3cb553745e6a893b0,keep,Main version (already correct),done
P1164.c,P1164.c,P1164,.c,,main,f970eb22fbb3136de3fbb715de2434c27848de3756b811f2afff9d294c0cfe0f,keep,Main version (already correct),done
P1168.cpp,P1168.cpp,P1168,.cpp,,main,a693acc18d1bf0b4845953a6eb3df77c9fd8fe1d1f1583e38cb49fe201422819,keep,Main version (already correct),done
P1174.cpp,P1174.cpp,P1174,.cpp,,main,3c7026149b542b91ebdd51c9c7024885bfbb59e103f0b72692483df9c6b69979,keep,Main version (already correct),done
P1177.cpp,P1177.cpp,P1177,.cpp,,main,af8ac055d8f14180db8363a5112055edcbb126a296075c0195f65181bdae9dc4,keep,Main version (already correct),done
P1180.c,P1180.c,P1180,.c,,main,91d7dd71f3a6ef7c680be6a61228560e737a739dffe6b7a9607ec8ab193f5de6,keep,Main version (already correct),done
P1180.cpp,P1180.cpp,P1180,.cpp,,main,9c939b769e206ad89577bdf0d7a19ba1716dd0d3495cf6fbebf6a2392cd921ff,keep,Main version (already correct),done
P1181.c,P1181.c,P1181,.c,,main,df7bb51d9c7a30083b6ea9b4d8bc94376a75bc288480103fc49f49b2553acd0a,keep,Main version (already correct),done
P1182.c,P1182.c,P1182,.c,,main,c1cf627795ed933ed7bc0a51cd22d79d9764888e104db63dbf7568ce56643e25,keep,Main version (already correct),done
P1186.cpp,P1186.cpp,P1186,.cpp,,main,342fb1a9e11db9762b3786416fbe922f3a489f646bfed87ba52b20c74c76b822,keep,Main version (already correct),done
P1189.cpp,P1189.cpp,P1189,.cpp,,main,f580e04585bee0f28ae825d9485802a1e17813ce83d5b27dfff080803b8b344a,keep,Main version (already correct),done
P1190.c,P1190.c,P1190,.c,,main,f797823f3d4f03abf2fcf6987a07971c587393e242cd92dd0f8bd6dc281ab685,keep,Main version (already correct),done
P1190(2).c,P1190_v2.c,P1190,.c,2,v2,c891920b8ad0066973fd8008c9e6bc0362aa5ee872ae68a60ff409350d49b5d5,rename,Standard rename,done
P1195.cpp,P1195.cpp,P1195,.cpp,,main,baeefe743093f48283595d38c1f2fb2257e52fa8e277717ea21ef18485dbec7e,keep,Main version (already correct),done
P1196.c,P1196.c,P1196,.c,,main,6248a295462c832db0d79d27f536e1c15c45f224622d0209e9ea09ac51b69889,keep,Main version (already correct),done
P1196.cpp,P1196.cpp,P1196,.cpp,,main,e9de10898c0b4f5821aa377b1f54a80c4626963d1a500e06dffdc73d55b08422,keep,Main version (already correct),done
P1197.cpp,P1197.cpp,P1197,.cpp,,main,9fc9a394fa67891a43f6119c447ad7e96f9a9c1b856e3cc582f6cb03fb4bcc2c,keep,Main version (already correct),done
P1198.cpp,P1198.cpp,P1198,.cpp,,main,0f06a7f31436fbb109f5feaf817268669ac68ea3a9a87ef7ece2d2ddd747d206,keep,Main version (already correct),done
P1203.c,P1203.c,P1203,.c,,main,23928fa8657874c9b4a21f265b62cdade98b9d94eefd6f799daf62b24a8814a5,keep,Main version (already correct),done
P1203(2).c,P1203_v2.c,P1203,.c,2,v2,78679e5a49cab49ef6e6f085b27fa5dbb845718284f091f328b7c07e8050449b,rename,Standard rename,done
P1203(3).c,P1203_v3.c,P1203,.c,3,v3,80f8ca945b61e68db0f6439f7e78493d90a51648aaacc13b7ce1526ede64c64d,rename,Standard rename,done
P1204.cpp,P1204.cpp,P1204,.cpp,,main,583fd578f1ce551d03bf6629e2ba5640144e1007f4de2483ee6a786075cf251b,keep,Main version (already correct),done
P1208.c,P1208.c,P1208,.c,,main,36d4abf9fb039a60d00ccaa97ad7889eb868916d5fbe87afc06d951a29190b98,keep,Main version (already correct),done
P1209.c,P1209.c,P1209,.c,,main,09ebcbf17e3f84774fc3a7b045fbb3a6f30318f887bee55241f2efaa62e91995,keep,Main version (already correct),done
P1209(2).c,P1209_v2.c,P1209,.c,2,v2,96ac53905b8850d0fe02e150cedc705214cca4c8ea93f4134c3c83ea9aa0d5b7,rename,Standard rename,done
P1216.c,P1216.c,P1216,.c,,main,00aa648fed0353533c43747d077ea9b07b5962f23e29690775cd2b7d5d04f27f,keep,Main version (already correct),done
P1220.c,P1220.c,P1220,.c,,main,d292ac1f3bac136bf9c4184ed7ffc1d0aedfe46ba2aab1a691b82f7428cb5ee6,keep,Main version (already correct),done
P1223.c,P1223.c,P1223,.c,,main,b84795c90c8083f52acfbe73f52a89e108b6869c4f636478e9792964dc94e9fd,keep,Main version (already correct),done
P1225.cpp,P1225.cpp,P1225,.cpp,,main,8602c3f1bc1b732c1356b264390a836bc1d833f26d1488c2261190af3fd64940,keep,Main version (already correct),done
P1226.c,P1226.c,P1226,.c,,main,e3b5d743fba35a9bfde9091eb28531880a5e6def5baacabea9cd99c8b02b410a,keep,Main version (already correct),done
P1229.c,P1229.c,P1229,.c,,main,9f13ab6b2921a77452d5e5bd244a75fa464d04b0485f64af99c746da6c3d8cb2,keep,Main version (already correct),done
P1230.c,P1230.c,P1230,.c,,main,7ee6272116ee4b3622a0665478866b1041e86bb1e8dcc040053a1a931e438840,keep,Main version (already correct),done
P1230(2).c,P1230_v2.c,P1230,.c,2,v2,4d53f05deddf5e312ea9e8f3a8ea65cce7869371b395102ba8273d6591692f49,rename,Standard rename,done
P1231.cpp,P1231.cpp,P1231,.cpp,,main,590ec57b169263651e85790e6c12ff0cd692ec233cc84d34cd90b6871b8c9be5,keep,Main version (already correct),done
P1232.cpp,P1232.cpp,P1232,.cpp,,main,0ce9bdb4ee085e80163a47c4b97e90925fd7f05b08edc1ca1ef6d467db05eb09,keep,Main version (already correct),done
P1233.c,P1233.c,P1233,.c,,main,c8f9e3bbea1b7fc046a2620d1bb2d86e5eae8bb27526b4a45cf96d58d2097957,keep,Main version (already correct),done
P1247.c,P1247.c,P1247,.c,,main,d7ff940266e4a21b01edcb35f239eb23122b26d13420c4851b30c2402902f90b,keep,Main version (already correct),done
P1248.cpp,P1248.cpp,P1248,.cpp,,main,09fabb467cc8df91ea0e0d94cb9d69f80fe5b9960c6561310625ddaa51813ac9,keep,Main version (already correct),done
P1250.c,P1250.c,P1250,.c,,main,e1b56928088736d75a9372c7e09949d17745936a8a9de3cdddc6c54d4090a9ba,keep,Main version (already correct),done
P1251.cpp,P1251.cpp,P1251,.cpp,,main,9f95daf594b03a99cc97ae55cceabd8c5f7cb066c4baee53f5ec17ca7e9c81e3,keep,Main version (already correct),done
P1252.c,P1252.c,P1252,.c,,main,dae6e78356e920157d41930d5ab6b8e599f53af0cf2fab53ec34591ba55f4788,keep,Main version (already correct),done
P1252.cpp,P1252.cpp,P1252,.cpp,,main,d3991003fd2417a1c7d4efa740aa09a2fb72812df8b16183b869ea9ee8222d09,keep,Main version (already correct),done
P1256.cpp,P1256.cpp,P1256,.cpp,,main,367f46bdce77763c05436483308d6ed5c8876a1fb3aabbfffcd3131591d051b0,keep,Main version (already correct),done
P1258.c,P1258.c,P1258,.c,,main,9b70cf2e70bb73217c89e63618dfa2a2cc05f1be8a1e01cd944f71318806210a,keep,Main version (already correct),done
P1260.cpp,P1260.cpp,P1260,.cpp,,main,c1f1f9ede3be4fb1e0aa10c096796ef97c452f3ba5f5c93315985628b1dc208a,keep,Main version (already correct),done
P1261.cpp,P1261.cpp,P1261,.cpp,,main,ae7e9f19abcaa02341a788cd8318c53f5007109e3e5df2f7713246640e5bd69e,keep,Main version (already correct),done
P1262.cpp,P1262.cpp,P1262,.cpp,,main,ca64fc1527e24d194551272d8c1ddc7a7659b8937c42c87e43db3bdf60edb35b,keep,Main version (already correct),done
P1263.cpp,P1263.cpp,P1263,.cpp,,main,628e0296ccb8cb4b246da364540eef69be9584ab82ca2af1db2d24579de479fd,keep,Main version (already correct),done
P1264.cpp,P1264.cpp,P1264,.cpp,,main,b1c5c84ea55b1e30724f672231b8d6882266e6b02f17ef3719f4e2002490fe9b,keep,Main version (already correct),done
P1266.cpp,P1266.cpp,P1266,.cpp,,main,125ae041fa8fd22a15105c151c55e86655a9bdb5b41fd3458f3ba6250faa5582,keep,Main version (already correct),done
P1269.cpp,P1269.cpp,P1269,.cpp,,main,bdbe92cb477e5d8858219bdabd398bc9c3b3fdf2f4ff1048d3f9423baf659ce9,keep,Main version (already correct),done
P1270.cpp,P1270.cpp,P1270,.cpp,,main,e33de7530971c130f19a20c45a80991b6dd191f771ff9d2cfffb0a4e65a71bca,keep,Main version (already correct),done
P1273.cpp,P1273.cpp,P1273,.cpp,,main,1282a953fc1e7b284d8af6cf8b87ca257dcd479219e5755837badc175026f9fa,keep,Main version (already correct),done
P1276.cpp,P1276.cpp,P1276,.cpp,,main,e5802411a4ef4c2a9da713475f808b108e7fb6f162e3a91491f4fcb9255c23fa,keep,Main version (already correct),done
P1276(2).cpp,P1276_v2.cpp,P1276,.cpp,2,v2,d59a52bc7cfa38206c90307719588db145f7d0444933719c32ff6dd0a498a215,rename,Standard rename,done
P1277.cpp,P1277.cpp,P1277,.cpp,,main,15e1369c37229500a5e784ba52ea34fae8f9fa60e95e77750d1d2cc540c31d20,keep,Main version (already correct),done
P1277_2.cpp,P1277_v2.cpp,P1277,.cpp,2,v2,63f1de6ce22cff7f020bfb16be6361b2a91ee70e471f956267ca20e446095cae,rename,Standard rename,done
P1279.cpp,P1279.cpp,P1279,.cpp,,main,25a84fb18f651fea872da5fc11531e0bec1f0dc2ab9652b1ecd80999f4dc0fcb,keep,Main version (already correct),done
P1280.c,P1280.c,P1280,.c,,main,f865fb52334371185e557b69d40d2cac12c9023d499f01552f0fbf5550596774,keep,Main version (already correct),done
P1281.c,P1281.c,P1281,.c,,main,f7a7b96050741fae219b22a9ea9ed9a2f0a1875be04e0ad356205de4c413a853,keep,Main version (already correct),done
P1281(2).c,P1281_v2.c,P1281,.c,2,v2,594974d3ef4a9975b11b214e5b6c5f61ad39e49702bf133f84d6c93d647a5b74,rename,Standard rename,done
P1284.c,P1284.c,P1284,.c,,main,38a2d7c8217c5b1fd862e04aad941d5ef1e53f72ae3919c463087081c6458ecc,keep,Main version (already correct),done
P1284(2).c,P1284_v2.c,P1284,.c,2,v2,c27e34c289eae0b21039627e068c3f264d0d4e998619775b592db247cbd0c69a,rename,Standard rename,done
P1285.cpp,P1285.cpp,P1285,.cpp,,main,f4d90af1b1725363d3b881b30d525119d615051052a58e2a42e8eb943e255316,keep,Main version (already correct),done
P1286.cpp,P1286.cpp,P1286,.cpp,,main,75958794d91465007ff3e907232cd4ba48592c687c9af250107ea6dc446c625c,keep,Main version (already correct),done
P1288.c,P1288.c,P1288,.c,,main,a4697ccb6a007e8ff8df11ca48b695b5c2d0c53b16d0f486488f6db52865e93d,keep,Main version (already correct),done
P1288(2).c,P1288_v2.c,P1288,.c,2,v2,c2cacc48fa691cff2d6f8ece6b6783236f1f45e8b83ab2b272b3b4e25023dbbb,rename,Standard rename,done
P1290.c,P1290.c,P1290,.c,,main,673da22858ddf06708cb7b0c1af846367b8875f62bb30eb3446ba9b1f61a0563,keep,Main version (already correct),done
P1295.cpp,P1295.cpp,P1295,.cpp,,main,6a86662d56d91afa1c021b2c4b0943bbea7a20aa04642cab73af3edba67677c2,keep,Main version (already correct),done
P1298.cpp,P1298.cpp,P1298,.cpp,,main,560351699b6a03a52015ef0938ff62f4cc95d8770191bf34657d3a34146b6aab,keep,Main version (already correct),done
P1300.cpp,P1300.cpp,P1300,.cpp,,main,085dfc9d882f4f753fbbfa1b5ba7960ed18f7848a2e5b88a3ccece3e0cef06a1,keep,Main version (already correct),done
P1305.cpp,P1305.cpp,P1305,.cpp,,main,7bed41b0d4a21595ce8a48b3cde9e491ea075ae2a7806a446a978c3fe7bb11af,keep,Main version (already correct),done
P1305(2).cpp,P1305_v2.cpp,P1305,.cpp,2,v2,09b3966e71edbc9e5adf2c19226a9961b4cd7a5bec5a71dd3b257264dbe48b57,rename,Standard rename,done
P1306.cpp,P1306.cpp,P1306,.cpp,,main,b12daca90fbf271b8c245f4316f52b29ab1737e91f4b31fa28ccd3d8d801e60a,keep,Main version (already correct),done
P1314.cpp,P1314.cpp,P1314,.cpp,,main,b8b976e55d9c20a0289811c756a1ccce300197e7894658530af12fed948b6a2d,keep,Main version (already correct),done
P1315.cpp,P1315.cpp,P1315,.cpp,,main,e8e26c71d5976004ae4a814865083a7859d724ea41d433cd7e884727d0a09471,keep,Main version (already correct),done
P1324.c,P1324.c,P1324,.c,,main,451871c99b9e4a92c98623769545a600f78373e7ea09007acacf5cab62d56b37,keep,Main version (already correct),done
P1330.cpp,P1330.cpp,P1330,.cpp,,main,b24ca6b6251e5dd3fd4b1c82e8d377064bbcba72057ca1a797fa5c72a486658b,keep,Main version (already correct),done
P1330(2).cpp,P1330_v2.cpp,P1330,.cpp,2,v2,9e95fa3e8099d095ab601113bfe9116fb89133ea074c78865cedd29eef2e5ad5,rename,Standard rename,done
P1332.cpp,P1332.cpp,P1332,.cpp,,main,0a8be66fdbd40d68759adc62da0e1af68bcc8bb5fb8d291f14f28bc694918afb,keep,Main version (already correct),done
P1333.cpp,P1333.cpp,P1333,.cpp,,main,14c1309671536ea57a26e27ea38f20e6a74f01302cb089a85a4321eb5865a74e,keep,Main version (already correct),done
P1336.c,P1336.c,P1336,.c,,main,ca8a52f6951414e219534182d30832e62e2a17f240985d1b1e19d2b61ad0abbf,keep,Main version (already correct),done
P1338.cpp,P1338.cpp,P1338,.cpp,,main,93f0443ab84452c3583f35233d3f4bf1db99cb6a071d3174fecc0ff6a4a92842,keep,Main version (already correct),done
P1338(2).cpp,P1338_v2.cpp,P1338,.cpp,2,v2,d4aac71f0052b0eefd71f4f2ff0df42c037da5ad8f505a9483be37acbc0cc70d,rename,Standard rename,done
P1340.cpp,P1340.cpp,P1340,.cpp,,main,ea7c573b28649048e29bfd84da69a0c55847a4bc520074887e4e397b86abad6a,keep,Main version (already correct),done
P1341.cpp,P1341.cpp,P1341,.cpp,,main,4b0254587338351b2df5b0b33c21e161113e30491b6631b96a3e48f162c92a33,keep,Main version (already correct),done
P1342.cpp,P1342.cpp,P1342,.cpp,,main,8cba87d2dc7634fae56c37e1be772cd01e0faeb547d2327c8bb6398e042e435c,keep,Main version (already correct),done
P1342(2).cpp,P1342_v2.cpp,P1342,.cpp,2,v2,f8045cdc903180c389074a9df9c7779925b83483f8d72b48c32ff4220f192201,rename,Standard rename,done
P1343.cpp,P1343.cpp,P1343,.cpp,,main,bba667b881288f22e52df7ce8f15219dac0e0d6e6a2aee1476ef938eef67cfcf,keep,Main version (already correct),done
P1344.cpp,P1344.cpp,P1344,.cpp,,main,fddd0422eba54d4925c775bbd83acf3cddf1e1068e8688426da322385d2ad761,keep,Main version (already correct),done
P1345.cpp,P1345.cpp,P1345,.cpp,,main,766a071bb976bc2e4a35a4fdd371886d044f4fac1802dc8879dece21732006c8,keep,Main version (already correct),done
P1347.cpp,P1347.cpp,P1347,.cpp,,main,0e8d638bb95e4963de11c709216763264774da6c1dc102347953de0f17615b80,keep,Main version (already correct),done
P1347(2).cpp,P1347_v2.cpp,P1347,.cpp,2,v2,fe88e275f28da23ca75cb737853a36ba7264056317813873bc743bf8d91fc4bb,rename,Standard rename,done
P1351.cpp,P1351.cpp,P1351,.cpp,,main,4873d718d044f87842214f5a3e0db3037b711bfdd1d4e3db8a34a2ea34214966,keep,Main version (already correct),done
P1353.cpp,P1353.cpp,P1353,.cpp,,main,4ab02e60f0991c0025c82fd4fa453ffd8b9bead29546abebce3765e923fefa95,keep,Main version (already correct),done
P1356.cpp,P1356.cpp,P1356,.cpp,,main,55112c538f27cac196a925afd675bf3ae91f6bae8a27bbfdef8e8f6308c5c31f,keep,Main version (already correct),done
P1357.cpp,P1357.cpp,P1357,.cpp,,main,d4896b499e865872c00992a166dcf41c95dc92457114ccaf52abbbc24937d3d4,keep,Main version (already correct),done
P1358.c,P1358.c,P1358,.c,,main,183807c75326dd04f86fb242d6d189b0a8794693d49648d681cefda76bf54c48,keep,Main version (already correct),done
P1359.c,P1359.c,P1359,.c,,main,67a7a79f2ac95c695706d7afb75b599e9fa42c36e13e86ea35b60649d5ccc6e0,keep,Main version (already correct),done
P1359(2).c,P1359_v2.c,P1359,.c,2,v2,735642b7fe5549ff6ccab9953fcf8fc902996ffff33ae4d599ec2ba3d7f753b1,rename,Standard rename,done
P1361.cpp,P1361.cpp,P1361,.cpp,,main,315d8446601eecfbc79a836a559a9e1cfd75bd36adf75986e529d5b52c440d1a,keep,Main version (already correct),done
P1363.cpp,P1363.cpp,P1363,.cpp,,main,80d528d7c618d0244ae2b19da3ef17a55871d638bbdaa25f98fa495527273f49,keep,Main version (already correct),done
P1364.cpp,P1364.cpp,P1364,.cpp,,main,e25a610b788ac73b85c947aefea09b31d5fcc52df1de296bcceeb5f1c67928f3,keep,Main version (already correct),done
P1365.cpp,P1365.cpp,P1365,.cpp,,main,42b75a1ad6e838e123e0d0d8646b6574a605ad22c04a37407916ae8e98a23a7c,keep,Main version (already correct),done
P1369.c,P1369.c,P1369,.c,,main,a6b3a2abd64aeea091b0f78529af94dfa16532101edd59f7894cdc6fa37a15da,keep,Main version (already correct),done
P1370.cpp,P1370.cpp,P1370,.cpp,,main,788bcfb9726cbba729d9d8e4b697aab48dcaf74f01dc61b2eaffa680507e8e5d,keep,Main version (already correct),done
P1375.cpp,P1375.cpp,P1375,.cpp,,main,033568d164bff9c993af874dbd379353abdf1924ecd24c0cd546a082cfea141d,keep,Main version (already correct),done
P1376.c,P1376.c,P1376,.c,,main,6e1e21d82351d8718b1c5407674e452b4af6228261f4b1b18c8dac36371f8d69,keep,Main version (already correct),done
P1378.cpp,P1378.cpp,P1378,.cpp,,main,1c5baaab6d0e543de9c70e1f89ad709dbb369849f44589fd97bac25cbd88a8aa,keep,Main version (already correct),done
P1379.cpp,P1379.cpp,P1379,.cpp,,main,d8b6d3474188fe94026c1b42c70d797d1e3fb7c829172f5051d0ecc723a0a1b5,keep,Main version (already correct),done
P1381.cpp,P1381.cpp,P1381,.cpp,,main,b4288c7c6510ee93facfb59b2fbd50bc8ef8da820cf31e26cde44d174bddb132,keep,Main version (already correct),done
P1382.cpp,P1382.cpp,P1382,.cpp,,main,17f9109b8555de6f2db7dd06de2dbc563910259a214d96a355b6d92b05534c0f,keep,Main version (already correct),done
P1383.cpp,P1383.cpp,P1383,.cpp,,main,7b7057c41a4da924683009f2f165b1ac35cb64c56dd8476c2c84b3f147588479,keep,Main version (already correct),done
P1383(2).cpp,P1383_v2.cpp,P1383,.cpp,2,v2,aa9ddff91354949893daec54abf4f94bd40ec2edd77c589ad4f38209fb724bc1,rename,Standard rename,done
P1385.cpp,P1385.cpp,P1385,.cpp,,main,e3b5137e76faef7cf6e6f9c7f423409ecb80fc00520a2b23f9902c220b92a8ba,keep,Main version (already correct),done
P1387.c,P1387.c,P1387,.c,,main,e48677310785fb78c4d59a3c498a900e5918ba37d9cd4ca600dc4ef67b9a5f87,keep,Main version (already correct),done
P1390.cpp,P1390.cpp,P1390,.cpp,,main,74aca9cb7c1ebd4521becfaee3058a1f83667289fc81cba9a252f0e6aa9bd0ee,keep,Main version (already correct),done
P1396.cpp,P1396.cpp,P1396,.cpp,,main,d213474aa504b3e866c67704b70c4f1bda672a18370aff5b5bb20a2893f4607b,keep,Main version (already correct),done
P1396(2).cpp,P1396_v2.cpp,P1396,.cpp,2,v2,1d2f25f4bb1679749e48c8201eccc01d7997662804020aa68dc583406e989c46,rename,Standard rename,done
P1402.cpp,P1402.cpp,P1402,.cpp,,main,f5e8af4b7d97aabd3ef76ed13edfb7da04c53b76b45f9577a8d092307877164d,keep,Main version (already correct),done
P1405.cpp,P1405.cpp,P1405,.cpp,,main,8f18bf55922f8cee35eb0bdeb6832347c65950cd9669278d85c21c214168cec1,keep,Main version (already correct),done
P1406.cpp,P1406.cpp,P1406,.cpp,,main,fea8b79ca852fc4aa8f2fce12876a185a3163483e64c4a07c048d6ce5d348f7a,keep,Main version (already correct),done
P1407.cpp,P1407.cpp,P1407,.cpp,,main,fab2d5228625c21e276c03aaafc1d7c961b48fb2520a58840e05042b69c52e3c,keep,Main version (already correct),done
P1409.cpp,P1409.cpp,P1409,.cpp,,main,615b8c00b9851cb5f58e966f6ebbe887ae01d7b7be6c67bdcc17778dd12750f0,keep,Main version (already correct),done
P1410.cpp,P1410.cpp,P1410,.cpp,,main,7d169b3c99fed16374fbe7e254ec9c371eda59fdbde410f96d1c625671993b59,keep,Main version (already correct),done
P1411.cpp,P1411.cpp,P1411,.cpp,,main,4fcc9049e0805754d29ab3bc63e15172353b157f7c3a18dd2eb1c0880c5a0de2,keep,Main version (already correct),done
P1411.py,P1411.py,P1411,.py,,main,787131709bd4afc850b479b594afe1f34e393f2edf340dc0028d4bba42d570f6,keep,Main version (already correct),done
P1412.cpp,P1412.cpp,P1412,.cpp,,main,dfe28be859f003086eb8d0e7cb36bac27b8c7470ef879af42939b6611c1d6601,keep,Main version (already correct),done
P1413.c,P1413.c,P1413,.c,,main,7eff5135c0ec580d18542ca8fa97fc2cd2ea0170bef9f536ce75488b94c53bfa,keep,Main version (already correct),done
P1417.c,P1417.c,P1417,.c,,main,fd48305a05063b9f4cd34764c102bdd4af6105cc9f7f2930c38e260b3bfdb336,keep,Main version (already correct),done
P1417(2).c,P1417_v2.c,P1417,.c,2,v2,2d7867207af3bc0811594b4c9aa8f1f67e5ceb95c793548537a4a7c721f731e9,rename,Standard rename,done
P1419.cpp,P1419.cpp,P1419,.cpp,,main,91ed6c51ea6a5b901ec7ce5729d1b40ecd3fa619b5dbb6e73e19145083a67cb6,keep,Main version (already correct),done
P1429.cpp,P1429.cpp,P1429,.cpp,,main,c85c672c3d7c7ea180bc60e6e320d4a6c85a3faa29683de3e6d03e0d435b2afe,keep,Main version (already correct),done
P1429(2).cpp,P1429_v2.cpp,P1429,.cpp,2,v2,b6ff7c81b48b6aeb62fc1b0ddf301cb2808bfbeb7771b781b7c440638897538d,rename,Standard rename,done
P1430.cpp,P1430.cpp,P1430,.cpp,,main,8041aad04bf2cbc261ac33809fc6d2115d6c1f99b576d67bd62f51d84d05a3d0,keep,Main version (already correct),done
P1431.cpp,P1431.cpp,P1431,.cpp,,main,537c0652ae408d6caaa5b899a8ff5170d40fbcb3d2049b5165dd50f930278ee4,keep,Main version (already correct),done
P1433.cpp,P1433.cpp,P1433,.cpp,,main,92dba6bb95fcb3cce6853136406b1e50035c739a6686205cc75b475553f818d7,keep,Main version (already correct),done
P1433(2).cpp,P1433_v2.cpp,P1433,.cpp,2,v2,1619fc1c848ee22eb0fb9ea57c81f13fefeb3626c1e0b8649fa3bcb92adc24e6,rename,Standard rename,done
P1434.c,P1434.c,P1434,.c,,main,41bb606430135929ccd6a9416a57d4555f91a7006bd0deb9e8d62bbc9bfbd321,keep,Main version (already correct),done
P1434(2).c,P1434_v2.c,P1434,.c,2,v2,4dfcfc489093cb5abce37c0f25ca3d682f9cdd8194e73df270471b3a8aca8c02,rename,Standard rename,done
P1435.c,P1435.c,P1435,.c,,main,8bc9d9262b6002055fe7ff18fc520978f99a36193fea977191bfeda52809d25b,keep,Main version (already correct),done
P1435(2).c,P1435_v2.c,P1435,.c,2,v2,53bdbb6aaf2ce0b988b5aef103ffbd6096f5bff6708bdf15739d1e8919eef790,rename,Standard rename,done
P1439.c,P1439.c,P1439,.c,,main,01ff4991401a5dff99700872d86305ccf73019a7e768c4756bd4689ce42a9c38,keep,Main version (already correct),done
P1439(2).c,P1439_v2.c,P1439,.c,2,v2,778bf40868f5b38f9689a4250e6913c06684673bc31ab51e72236bc3cba310eb,rename,Standard rename,done
P1440.cpp,P1440.cpp,P1440,.cpp,,main,ec0f070ddbf0bb07edffa4cc0141799faee66c00044e295eda65fa00da2016ed,keep,Main version (already correct),done
P1443.cpp,P1443.cpp,P1443,.cpp,,main,3deea8900cbbdce79dbd4b2beb79223a6e5a4c1efd037bd963acf3c0ea01d77b,keep,Main version (already correct),done
P1445.cpp,P1445.cpp,P1445,.cpp,,main,2e00d1a8d64f8b5492557252ee3ca8c9c104219dcbfab7e656f93f8bed6b2073,keep,Main version (already correct),done
P1450.cpp,P1450.cpp,P1450,.cpp,,main,6adb1e723bdf7157523e332e8d23a126130f0d63a5b1161b160a72ab93cd9bea,keep,Main version (already correct),done
P1451.cpp,P1451.cpp,P1451,.cpp,,main,a247a4cb350f8653f7b3042ee5e07001e74df105c16eb88dea35f5b7f30b6b35,keep,Main version (already correct),done
P1453.cpp,P1453.cpp,P1453,.cpp,,main,cf7ea761e686119b043e79e607e9be3b4b621d4bac797998abd96b49012262bf,keep,Main version (already correct),done
P1453_2.cpp,P1453_v2.cpp,P1453,.cpp,2,v2,db60ffacb05890616da3ece890cf643c82d122ddd0539d133e8489b0999127cf,rename,Standard rename,done
P1454.cpp,P1454.cpp,P1454,.cpp,,main,0de0fedd2502a9c787c861027be000e6d01f5e64c4e39d4afc3c39a44332795f,keep,Main version (already correct),done
P1455.c,P1455.c,P1455,.c,,main,c1b9f09fd300a700382f8230818b2bbcd005f58ea45a0b6315babfbc5bd877fc,keep,Main version (already correct),done
P1457.cpp,P1457.cpp,P1457,.cpp,,main,54d4a62ecab439970de7d461c424a2775cc2483ca00f6203338e623621ffffaf,keep,Main version (already correct),done
P1459.c,P1459.c,P1459,.c,,main,76cf38de289a59bf36775d8210ee78f966969b60eebcfa22864eb161182779fe,keep,Main version (already correct),done
P1460.c,P1460.c,P1460,.c,,main,efa9e926aebec45d2a68f8496a3d1a14962f1e748737984ba8101e79d2ee1d6b,keep,Main version (already correct),done
P1460(2).c,P1460_v2.c,P1460,.c,2,v2,96d907c263240c181add2ee8a3424e14eb0333ff39f4e380b49f0f9c57bdefce,rename,Standard rename,done
P1460(3).c,P1460_v3.c,P1460,.c,3,v3,3d1a276e1023a3ec4e8a929050ea0be238ad5faf11e04de7d8c89f15413f013f,rename,Standard rename,done
P1460.cpp,P1460.cpp,P1460,.cpp,,main,5b59fbf5c2a8d2e81afe092c5115b2202da058ab39305f7d1df75100539e1b67,keep,Main version (already correct),done
P1462.cpp,P1462.cpp,P1462,.cpp,,main,34e5ca8eced02aa251113d600b0d8640ffd3063b61eaf790de81979e001e63ab,keep,Main version (already correct),done
P1466.c,P1466.c,P1466,.c,,main,8e98317ed9af95810161b78320985540195b20a805e82edc0925942a26035114,keep,Main version (already correct),done
P1470.cpp,P1470.cpp,P1470,.cpp,,main,6c96eae7f77c7698d6d79ae7cc0a1b04ec8228419d2d3580e7b429e33b6b21f1,keep,Main version (already correct),done
P1471.cpp,P1471.cpp,P1471,.cpp,,main,8c635e30d147c33bb89a34033d6352a0b7d3f2c55a621516eeaea87d859f8393,keep,Main version (already correct),done
P1472.cpp,P1472.cpp,P1472,.cpp,,main,20dfab025604c66f8f31908fde5b313b7348e6298b025a18e165c62c31e7946b,keep,Main version (already correct),done
P1474.c,P1474.c,P1474,.c,,main,0e752da4372765cc262417c296bb8fdf164cee2c074c546b6766e9e092a4d67d,keep,Main version (already correct),done
P1475.c,P1475.c,P1475,.c,,main,e0f4c4111e0b7151331f700f05d36f342b812bb20decbd7f567bea42522b027c,keep,Main version (already correct),done
P1478.c,P1478.c,P1478,.c,,main,1632625903d60663de80d21076ed527464dd7d26059140eeeb4f8ed49432f8a9,keep,Main version (already correct),done
P1481.cpp,P1481.cpp,P1481,.cpp,,main,35d6b43198cb587deda821ba9ece567b3ebbb6ff966be2947aabb56d1eda6a6a,keep,Main version (already correct),done
P1486.cpp,P1486.cpp,P1486,.cpp,,main,82e401171e58475da95bb94997f54f087216844de474c165bb3f72e766e52dfb,keep,Main version (already correct),done
P1487.cpp,P1487.cpp,P1487,.cpp,,main,afcaeb4c69596bb0293f9493b9cae794c7d9d16663e24ffa0975138a24fdecbc,keep,Main version (already correct),done
P1487.py,P1487.py,P1487,.py,,main,5c5acf80e5f8161b0c1403d9d87b0e3e7e61a66f175661ee1edb25bd9581e794,keep,Main version (already correct),done
P1488.c,P1488.c,P1488,.c,,main,703a8f0d9b3352ce95c49eecb554dfff976d6f9da1ba014deb9d0533223bdad0,keep,Main version (already correct),done
P1489.c,P1489.c,P1489,.c,,main,af7a43a14469ce8f422d5a0ffe947ccfc1dd5f338b05e8dd183614d32e611c78,keep,Main version (already correct),done
P1489(2).c,P1489_v2.c,P1489,.c,2,v2,843faf268d94d67bdc61e07327bb519c8e9f4c5cd387c4e25228b9233bd90bc4,rename,Standard rename,done
P1489(3).c,P1489_v3.c,P1489,.c,3,v3,6b4d23d55b74ce75b0d232e68d57aefa752156ed8a4e0f803bbba39eb89bb5ca,rename,Standard rename,done
P1492.cpp,P1492.cpp,P1492,.cpp,,main,d6de346ff5326651ffbcc16dc1e6ec38d1f305976b67fd84b488b175d05defbe,keep,Main version (already correct),done
P1492.py,P1492.py,P1492,.py,,main,46b2929106c43b7fa79c70a67e2bb6c65ef8c225cf31ac24031dfa331d243192,keep,Main version (already correct),done
P1496.cpp,P1496.cpp,P1496,.cpp,,main,21d00cd43aab7a9510c15b68a3954ba92ad29aaf1f2880efa795a0812cfb682f,keep,Main version (already correct),done
P1500.cpp,P1500.cpp,P1500,.cpp,,main,b6bc0266c06fd33e778b0c2604380ca24e12a4fe446cbd8c286c12d981725731,keep,Main version (already correct),done
P1500_2.cpp,P1500_v2.cpp,P1500,.cpp,2,v2,9a45dcda12b54d204f4c85b076aa802bd081fa5a113c0aac0aa3a25a7479edce,rename,Standard rename,done
P1501.cpp,P1501.cpp,P1501,.cpp,,main,d92738f6f79fbb8c8ee92cbbb0d331a0c4ca5931c9d82b9f46a7a4860267201c,keep,Main version (already correct),done
P1504.c,P1504.c,P1504,.c,,main,7f248ebcf869e3f7302b3068bbd8fa9773b663c605bdb092a1b4f41d904da2ec,keep,Main version (already correct),done
P1505.cpp,P1505.cpp,P1505,.cpp,,main,a8439226d7ee1e47ceb5fe401a0e07140ccdecdae32fb0e3b27167d81b303872,keep,Main version (already correct),done
P1507.c,P1507.c,P1507,.c,,main,b4dbbc5820b09503c72d72639164a74ffcc1fa5aa82904c2d5867d06d55a8401,keep,Main version (already correct),done
P1508.c,P1508.c,P1508,.c,,main,06feed99a78da1c037de592ab1dde390c37b3328cb5fae444b58d117fb1fe8a9,keep,Main version (already correct),done
P1509.c,P1509.c,P1509,.c,,main,d7b407cefe32f9a1474743f584869b94c74944f15911cfbd6723ac6d9640f937,keep,Main version (already correct),done
P1510.c,P1510.c,P1510,.c,,main,4a59cdc53b42676639d5db2b9c35a9c98356c6dd59182e02a95eec49bff2f189,keep,Main version (already correct),done
P1510(2).c,P1510_v2.c,P1510,.c,2,v2,09cec993e66daee3101f8c848c79ae159093ff5ee863dfcd1b3d757887e093af,rename,Standard rename,done
P1512.cpp,P1512.cpp,P1512,.cpp,,main,be09dd738ece78fad25172ec024e3562550377b3880e25093ec7d61b06ea6b34,keep,Main version (already correct),done
P1514.cpp,P1514.cpp,P1514,.cpp,,main,f361f6772b68ba5c9180532cfef1a1c067a5b1266b027018518b544d51ddb063,keep,Main version (already correct),done
P1521.c,P1521.c,P1521,.c,,main,36d884026b2d814b16d01044c053e314b8903c2454a654e5af9fcca5844cd7e9,keep,Main version (already correct),done
P1525.cpp,P1525.cpp,P1525,.cpp,,main,9aba6ef51a403199a6039f266cf79a35edc66af8a7caa0d1a0de3bba4141169f,keep,Main version (already correct),done
P1527.cpp,P1527.cpp,P1527,.cpp,,main,eef61a2d52416abe8e51e28b794840cc07887991fe84431662315eace9a4a539,keep,Main version (already correct),done
P1528.cpp,P1528.cpp,P1528,.cpp,,main,e83fc9584c3dab1d7bd033f0af6676e4376bbaa7ed3916b95de64c665004e99f,keep,Main version (already correct),done
P1529.cpp,P1529.cpp,P1529,.cpp,,main,ff64e58f2431783e2d3275a72f1f4311262c34d77a51d653000913341d03eabf,keep,Main version (already correct),done
P1531.cpp,P1531.cpp,P1531,.cpp,,main,5477e3c8e00bfe0082561720a8d159883693aca000b6a28e0cf2ec9302d28b97,keep,Main version (already correct),done
P1533.cpp,P1533.cpp,P1533,.cpp,,main,ad5bba9cea072785d2f0ebd2f3270fc2568bbf1d0c71f00cb674d7c7488c22e9,keep,Main version (already correct),done
P1535.cpp,P1535.cpp,P1535,.cpp,,main,593456629f8ea28f60a1c0c19827d8950d35b2080f531a71f5eef847f91238ae,keep,Main version (already correct),done
P1535(2).cpp,P1535_v2.cpp,P1535,.cpp,2,v2,27b2c235a98bde510428f98a052ccce090585448de1fcfb9c6ac21b542e39815,rename,Standard rename,done
P1535(3).cpp,P1535_v3.cpp,P1535,.cpp,3,v3,af9729ff7f8bc24d9b05fb9326821d7edc192f25c2c56f3531478361d723368c,rename,Standard rename,done
P1536.cpp,P1536.cpp,P1536,.cpp,,main,426f7f7ec043d55d0a489fa1e2ce56c831f5c2cd0a01f9d14dd14a3819eafa62,keep,Main version (already correct),done
P1537.c,P1537.c,P1537,.c,,main,d1e306cea1a76c487586631455f05feafe77272918b444670c3a3ef034d889e0,keep,Main version (already correct),done
P1537(2).c,P1537_v2.c,P1537,.c,2,v2,4811848070f56f7310d0f71e80dfb3a1732e3b6a21c72b82ecfbabad44dbe4cb,rename,Standard rename,done
P1537(3).c,P1537_v3.c,P1537,.c,3,v3,0d302baca5a3cdd3ccf2ee49bba6b5770d219622c153390a2166ff1761042606,rename,Standard rename,done
P1540.cpp,P1540.cpp,P1540,.cpp,,main,24ca323680c13326b69c57c3a103d3d5058af2e3c65af80adbbede4f39c97bf6,keep,Main version (already correct),done
P1541.cpp,P1541.cpp,P1541,.cpp,,main,ad52c88aa2136596ac391e102f56b4ba425a76169c952225ef0351b47f380cc3,keep,Main version (already correct),done
P1542.c,P1542.c,P1542,.c,,main,2d6f9287edeca5d32b826450c65dd1fdad30d5ba700d69b0693e60d46da7ba56,keep,Main version (already correct),done
P1543.cpp,P1543.cpp,P1543,.cpp,,main,94a34bdef6fe4b1e76bcc2b6d0daf2e0308125bc412b589bf26c7581525ea293,keep,Main version (already correct),done
P1546.cpp,P1546.cpp,P1546,.cpp,,main,6d6c94e0270b98f47019ebbb44fe01bc8732e37d3693275917436eb20f98dd6e,keep,Main version (already correct),done
P1547.cpp,P1547.cpp,P1547,.cpp,,main,68c98ae124175176140622a112caa511f7b187352e140c575aabff156800a105,keep,Main version (already correct),done
P1551.cpp,P1551.cpp,P1551,.cpp,,main,eddedc03c9d188bf6ec58d835f26b0df29d1a46ac8ac8f6763c18bd99b1560da,keep,Main version (already correct),done
P1558.cpp,P1558.cpp,P1558,.cpp,,main,334dfe9858112b78c0ac59a1310c0aa08161d74ad549eec4ea21d705c4954114,keep,Main version (already correct),done
P1561.cpp,P1561.cpp,P1561,.cpp,,main,0a252b1ba2e18890a285dab94117bc53db7e3fededf21fedcc990c7e2a8df694,keep,Main version (already correct),done
P1562.cpp,P1562.cpp,P1562,.cpp,,main,23ea9e437cea78496cc2af877acbcf21a97a474157ff6dd8333892ac20592830,keep,Main version (already correct),done
P1562(2).cpp,P1562_v2.cpp,P1562,.cpp,2,v2,d0c8c5beb08fe566b3c5167fb09df78619f39b320dc3334091eacd38ce2bfcbb,rename,Standard rename,done
P1564.c,P1564.c,P1564,.c,,main,babc01b6f16a7c368b0b8c331ff31dfa93d73356188a381e89d962149b663655,keep,Main version (already correct),done
P1566.c,P1566.c,P1566,.c,,main,799301b7bc9138623b32984b16f945e88bef45b21aefbfcc4f7c2d36c02e2f3b,keep,Main version (already correct),done
P1566(2).c,P1566_v2.c,P1566,.c,2,v2,50d2d64ff5a6fbcaced28064768cccf50c1a44e93561b5d5a3958c1522e102c8,rename,Standard rename,done
P1569.c,P1569.c,P1569,.c,,main,aff1de1216d9d6f9ef88e64cab634337dd36260b93e093728c69ee59fcbb0715,keep,Main version (already correct),done
P1570.c,P1570.c,P1570,.c,,main,bdac4658ec4a5a6e0de573242ccd4aca7fedf1eea74a3d898529726cac9de61c,keep,Main version (already correct),done
P1571.c,P1571.c,P1571,.c,,main,3db149e476949b114be7966fd8e47583cc4ed3ecff080a3f8fc4245a66640d3a,keep,Main version (already correct),done
P1571(2).c,P1571_v2.c,P1571,.c,2,v2,fbd76bb0919ccc056f34de4abe40cbc2e74d93d2426a1c5da171ae113f20d330,rename,Standard rename,done
P1576.cpp,P1576.cpp,P1576,.cpp,,main,55060bbb9136deef6db8ae7dc4b146b623ed2b65a43d0ee7688cb7bb935fa9d1,keep,Main version (already correct),done
P1577.c,P1577.c,P1577,.c,,main,2b5915f9e871ff3be69e9554c8597becc23a1eeb560c71da8336e65477b2df40,keep,Main version (already correct),done
P1577(2).c,P1577_v2.c,P1577,.c,2,v2,6f92a9b2fb6e482e5c27ddeecba12e34c1489dee5240a65f868e67ed24d6e05b,rename,Standard rename,done
P1586.c,P1586.c,P1586,.c,,main,c7d69e31be8e6c1d47f3c9ce19c2e654d9c45fcfae66ec8da043791e42a6360b,keep,Main version (already correct),done
P1589.c,P1589.c,P1589,.c,,main,be7da156f71e752f7605e12e5e84a585ba0cf381cca7eb8134dcac41643241a3,keep,Main version (already correct),done
P1591.cpp,P1591.cpp,P1591,.cpp,,main,654fe250082013003badabd3ff3f8d374096eba971fdff4980fc22684c254942,keep,Main version (already correct),done
P1594.c,P1594.c,P1594,.c,,main,aed91e6ae064dad086f195f8d0a8cc28ecf279886144e4fd6b6e390fba2950a8,keep,Main version (already correct),done
P1596.c,P1596.c,P1596,.c,,main,d72b37d63aa48c0b8e7d4a2fe260b7a0eb314a6e2e31019c41dc5646c5cb1926,keep,Main version (already correct),done
P1600.cpp,P1600.cpp,P1600,.cpp,,main,eb202f02fafa886fa4c05e5f91a39673a5c02e7724e8301d8a5307ffbcc6b37f,keep,Main version (already correct),done
P1600(2).cpp,P1600_v2.cpp,P1600,.cpp,2,v2,9f53f3531d5bcd49cfa979b3a718aa333beb5dc88d776bf7411230686ce58f41,rename,Standard rename,done
P1600(3).cpp,P1600_v3.cpp,P1600,.cpp,3,v3,072fb05971961f2e66ac298abed9d87a7550bb3c444bc75f9348759e1f948139,rename,Standard rename,done
P1606.cpp,P1606.cpp,P1606,.cpp,,main,dc0489cc490d14c92727ecd6564fa729ad4a068e397e5302513b985a59ab5b59,keep,Main version (already correct),done
P1607.cpp,P1607.cpp,P1607,.cpp,,main,d531ffd2cfdeea734d18f7adfb701c0c39e64d11ee0a08e4258b6f6e27b48167,keep,Main version (already correct),done
P1608.cpp,P1608.cpp,P1608,.cpp,,main,0035303b29acbe41f6c3ba027e80a716cf39c1690a0fc014b882375eed89ab00,keep,Main version (already correct),done
P1608(2).cpp,P1608_v2.cpp,P1608,.cpp,2,v2,4b65a813ec4d5965556191f26a13d9d4c3a0a49b2bc50224616bdb2def10dbcd,rename,Standard rename,done
P1610.c,P1610.c,P1610,.c,,main,1aa77dd62fa7bceee3393819e1abebe8ec11477160fa55c8ad3531017483592e,keep,Main version (already correct),done
P1611.c,P1611.c,P1611,.c,,main,c43d70eda77db12f4437d1ede6fdf04c197dac30718c58af53119bfb46c71428,keep,Main version (already correct),done
P1614.c,P1614.c,P1614,.c,,main,034d73e91a740ac50a91bb99da6caab7a822c4b83b2470a7818f30fd565f0a5a,keep,Main version (already correct),done
P1616.c,P1616.c,P1616,.c,,main,a32128c5448352034322f21b419cf953b2e4b8877323ce30ed5159e73f354432,keep,Main version (already correct),done
P1616(2).c,P1616_v2.c,P1616,.c,2,v2,bd9d23773b9421cefa7d91a411d14ceae9ac537587efdf1b1d890b7c10da05f0,rename,Standard rename,done
P1618.c,P1618.c,P1618,.c,,main,7f579528c2991fa5e47db60f5974acc2c21cbeca8723881183101d4354bba2fc,keep,Main version (already correct),done
P1621.cpp,P1621.cpp,P1621,.cpp,,main,9eaf42e549d4f1ad968f8266950a072f25587cd13ce78bf3bc84ae0463e5d00d,keep,Main version (already correct),done
P1622.cpp,P1622.cpp,P1622,.cpp,,main,64b035f9f8353eaaa2d135878183d3bb78a65201d64c62571eaaae726ddb4dc6,keep,Main version (already correct),done
P1624.cpp,P1624.cpp,P1624,.cpp,,main,0ff58ef1cb427eb5b037c69f0d07be8ce764f43730879893934d08260b58c001,keep,Main version (already correct),done
P1625.cpp,P1625.cpp,P1625,.cpp,,main,bdeac93f26227099cb1bd2a68e87e03244b0b3ee6fa3cc7ed63141fed36243e0,keep,Main version (already correct),done
P1625.py,P1625.py,P1625,.py,,main,62261721963ebca240d14d2de70df0c76647856608d1205521feb6c5d477f241,keep,Main version (already correct),done
P1629.cpp,P1629.cpp,P1629,.cpp,,main,8cba87d2dc7634fae56c37e1be772cd01e0faeb547d2327c8bb6398e042e435c,keep,Main version (already correct),done
P1632.c,P1632.c,P1632,.c,,main,84128d024f0d56506b0a9bd8ec75803528e708d249dd1d4aa383d973a69664ce,keep,Main version (already correct),done
P1637.cpp,P1637.cpp,P1637,.cpp,,main,667018f927cd0c824b9f3832b3b7cb99792de0a37a99d6b18da8b4de466c716b,keep,Main version (already correct),done
P1638.cpp,P1638.cpp,P1638,.cpp,,main,07e8418ea98e9175c19ccd42cd76f9184fd73fff8d2c412c3f945c453a1c9e5c,keep,Main version (already correct),done
P1639.c,P1639.c,P1639,.c,,main,209b7392eb7c57df76b5c6b353a83f8a8e587c3917fe7c754676bdbbe30f42e5,keep,Main version (already correct),done
P1640.cpp,P1640.cpp,P1640,.cpp,,main,246a4030efd3899ea0f914d2598624cdad6022adeb345af6530e761c86466e99,keep,Main version (already correct),done
P1643.cpp,P1643.cpp,P1643,.cpp,,main,efb15a1e5ec8acfe8b2aafd6f87acb743e7bad5d45b563aa266927010f7f1d0c,keep,Main version (already correct),done
P1645.c,P1645.c,P1645,.c,,main,72cc4ce51463b6f90b6099ecf6179372ad95ca7dcb1cd299df3f96199cea755a,keep,Main version (already correct),done
P1646.cpp,P1646.cpp,P1646,.cpp,,main,6021a25e355abffecddfc6ec0d81560bd4e06534ae595deba63fffbf58d0c784,keep,Main version (already correct),done
P1650.c,P1650.c,P1650,.c,,main,39f43a1284245f7c02fa44e1ca605ce5aade4e93a0ab0f92bd8ed3ecb3014819,keep,Main version (already correct),done
P1650(2).c,P1650_v2.c,P1650,.c,2,v2,4fddd6cd498b159398e809ddfe01a9c29d34a0a3f1fab95d5180d0db3d8e147e,rename,Standard rename,done
P1651.c,P1651.c,P1651,.c,,main,8e3ba2194680ccb577c2731ab02d0532bea124de2a96856e569ed7069ecda7d1,keep,Main version (already correct),done
P1653.cpp,P1653.cpp,P1653,.cpp,,main,87ddf243640ddb16bb4f995b91f4a9e4581a7bf9dbe381b484a47a9c2bd0c230,keep,Main version (already correct),done
P1655.cpp,P1655.cpp,P1655,.cpp,,main,cf1da4fcee2ae821967705ed2e6682b0eb621424bedc52c34cb113bc2e189c0d,keep,Main version (already correct),done
P1656.cpp,P1656.cpp,P1656,.cpp,,main,1a60ac64b391898b925e815defd0f77d0384288f1f9e49955b4302105538e0ca,keep,Main version (already correct),done
P1657.cpp,P1657.cpp,P1657,.cpp,,main,947a71293225a388ee0b6ade786a94295b500d7ced1e72a12cb8799bfa8acd19,keep,Main version (already correct),done
P1658.c,P1658.c,P1658,.c,,main,4c93ff1d5d087444260c0b2d3c47fc4592e54516f758e0d65598fb717d74e96d,keep,Main version (already correct),done
P1663.cpp,P1663.cpp,P1663,.cpp,,main,1b95b73ddf6eafa1df0eb2612e0582d5dd39fd8f0f3e368699c99365f7b0f568,keep,Main version (already correct),done
P1665.c,P1665.c,P1665,.c,,main,f529e3918d90f6aa369f35c55781c88f18742b93b1b5af968f1a4400bec9f6d3,keep,Main version (already correct),done
P1668.cpp,P1668.cpp,P1668,.cpp,,main,2cda7f4baf7e490e2c106c21a99a69fa85f4edc5984b78433a6e70c405085d76,keep,Main version (already correct),done
P1672.cpp,P1672.cpp,P1672,.cpp,,main,5d1c6312ba03897634cfb2acbc477dd7025723bbef67a42a122ba2e3942b2b30,keep,Main version (already correct),done
P1672(2).cpp,P1672_v2.cpp,P1672,.cpp,2,v2,60b275f99da3c052525e7699c7b78112cc45d0a505592c761c45d8401a3250d8,rename,Standard rename,done
P1673.cpp,P1673.cpp,P1673,.cpp,,main,3f77ec84d341fac67bfd66091574343ce1ac6705d7c5e7448e9275f249a054bd,keep,Main version (already correct),done
P1674.cpp,P1674.cpp,P1674,.cpp,,main,888a097313076a1f81f46e0755a06263c7ba2907da46d5f30ef09b339de3634a,keep,Main version (already correct),done
P1676.c,P1676.c,P1676,.c,,main,e32621d9a4412f309aaf658add94e53aba09eccfd50b481d26b8ee45a0780086,keep,Main version (already correct),done
P1677.c,P1677.c,P1677,.c,,main,875883be1158e2c0fc3d370520fe0aa76696cb4112d9fa631fcf3f38523b336e,keep,Main version (already correct),done
P1677.cpp,P1677.cpp,P1677,.cpp,,main,e36b3754958df95d07b2b6aa610cbe6b581feb167b3d3b17163214427a648752,keep,Main version (already correct),done
P1678.c,P1678.c,P1678,.c,,main,a6791436240e4ed7ef966355878e0d8875b0fe14500204dc508ac5755c95a8af,keep,Main version (already correct),done
P1679.c,P1679.c,P1679,.c,,main,18b8ca37a7b917f96d19bf72d6795c43725021a21da457a803485218f5c11cf6,keep,Main version (already correct),done
P1679(2).c,P1679_v2.c,P1679,.c,2,v2,80aff26f50142cd7b983b136f10693ca787569bb01e3574a1085228199318f59,rename,Standard rename,done
P1680.c,P1680.c,P1680,.c,,main,c9b3ee71d7e854fecc2ec8a31d14634feca4c9c3162895619e52cd0b378bb3ef,keep,Main version (already correct),done
P1680(2).c,P1680_v2.c,P1680,.c,2,v2,431e68cee2bd711b3a9da607ba86d00bcca5d3477f0c9e22cad11a93660fee1c,rename,Standard rename,done
P1681.c,P1681.c,P1681,.c,,main,a017d390f0e5997b73545956462b4af3b2acacc08f243d3aff406785505d5290,keep,Main version (already correct),done
P1682.cpp,P1682.cpp,P1682,.cpp,,main,47c7daa92dda53d4a2cbb4ae31093d3c4aa211819cb0ba581d0f0cc717ae2ae6,keep,Main version (already correct),done
P1683(2).cpp,P1683.cpp,P1683,.cpp,2,main,e2d44960f8a464504fce5346640d275aaf973e45ce1f00ce657f9e0f48bc1708,rename_to_main,Promoted to main (was version 2),done
P1685.cpp,P1685.cpp,P1685,.cpp,,main,19d9aa79eeb4309cf7b8b852a36f0e69da4ce4a4ca82b874a10dc88b50346c5f,keep,Main version (already correct),done
P1685(2).cpp,P1685_v2.cpp,P1685,.cpp,2,v2,b17e35ed7d2e68abdfa165d49abf7a80452a070400681ec5352638423eb8403e,rename,Standard rename,done
P1687.cpp,P1687.cpp,P1687,.cpp,,main,33a51494c1f6aece2916d981d2765e15e7d66238bf50acb4410afa69cad323a0,keep,Main version (already correct),done
P1690.cpp,P1690.cpp,P1690,.cpp,,main,24b21d76a65dc9c132ea79d281df2793f30fef30633cb7c2ccb3f27027897400,keep,Main version (already correct),done
P1694.c,P1694.c,P1694,.c,,main,c6a01559c754aaaa4dfe432656b9c142b75315562be05583ed8f12970f127e20,keep,Main version (already correct),done
P1699.cpp,P1699.cpp,P1699,.cpp,,main,a83171f84f7542278391540dfb8b3c4c0c8cbf547709e0d05273bf46ec12665c,keep,Main version (already correct),done
P1704.cpp,P1704.cpp,P1704,.cpp,,main,9ad5abbdb72c00257424e1331d0e302422afbdafcd8025336f1d08930cb4109d,keep,Main version (already correct),done
P1706.cpp,P1706.cpp,P1706,.cpp,,main,b6cb1f8a17ff374ad2457a7722f702a09dac73745810a524f69952aed5d05bc3,keep,Main version (already correct),done
P1712.cpp,P1712.cpp,P1712,.cpp,,main,4288fa4cdeb383d733b69ef8ae37310eed1f6e23b3b802415d8d6bffa26f36fa,keep,Main version (already correct),done
P1714.cpp,P1714.cpp,P1714,.cpp,,main,cbf6d7511c7c9db7264b0ed3287aa712e9dbb32f3472a451894fe2ab45a666e9,keep,Main version (already correct),done
P1717.cpp,P1717.cpp,P1717,.cpp,,main,5aaff0639e0781909b82422874a793610deae719c19cee1204e5b725a61b99ec,keep,Main version (already correct),done
P1717(2).cpp,P1717_v2.cpp,P1717,.cpp,2,v2,92235c67c306b7256e90e169b8a186a9d6905646fb0dd31cdc5556bbcc1eed5c,rename,Standard rename,done
P1719.cpp,P1719.cpp,P1719,.cpp,,main,3a2f206fc60deaaa89c780083c6f8ea38cd159d6f667f182091f31f18bb2cbc4,keep,Main version (already correct),done
P1723.cpp,P1723.cpp,P1723,.cpp,,main,0d788e9c5204c7bb4b2e13f26e399efc015a44a4cf0036a7c9c774cc2eacba7c,keep,Main version (already correct),done
P1725.cpp,P1725.cpp,P1725,.cpp,,main,666b3a9fed34994ba26d72eba84aedc9597b5f5412bfcfb85b7816388da7a7b2,keep,Main version (already correct),done
P1725(2).cpp,P1725_v2.cpp,P1725,.cpp,2,v2,ab96114d343c59148163ea1c32515e6fc0efc43e38b08479be3f44bcbe7813f5,rename,Standard rename,done
P1725(3).cpp,P1725_v3.cpp,P1725,.cpp,3,v3,75f9b1e995aad7b10122bf4c68e13c8ea7bd6d1769046e6c83446d1efeca8122,rename,Standard rename,done
P1726.cpp,P1726.cpp,P1726,.cpp,,main,053085da3cd3d2766a10543ae21243358ff682289f147d5f5304d5efd8c3986b,keep,Main version (already correct),done
P1727.cpp,P1727.cpp,P1727,.cpp,,main,0250724ff416d2dd15dbaf622803dbd5da4cd1275d415540a1680e80299e6407,keep,Main version (already correct),done
P1727.py,P1727.py,P1727,.py,,main,285e4f0c0a8419f48e7ecaa39ba3c02e2d7528bd53f05fa2f1a6aae8c1f9310d,keep,Main version (already correct),done
P1729.cpp,P1729.cpp,P1729,.cpp,,main,d05ff5c9d86293fb7ac0d8ac0e6c0a4c5612f48735607997b9f812a0f5233e81,keep,Main version (already correct),done
P1729.py,P1729.py,P1729,.py,,main,66ecf4cf7f7fb59479bdb05f61d012d492689746267dce4373dc22e61d9e8b34,keep,Main version (already correct),done
P1730.cpp,P1730.cpp,P1730,.cpp,,main,d3d8dc50bc287d53badab8c175654eb95af1997e604499b27421d8dc3772e183,keep,Main version (already correct),done
P1730(2).cpp,P1730_v2.cpp,P1730,.cpp,2,v2,77efe3440c9094529b54e17041518b8177ce9882bacc626d6d05c8c707f4a193,rename,Standard rename,done
P1732.cpp,P1732.cpp,P1732,.cpp,,main,f997dc06cd6bbff53b9818fd23dd512d92372e9c2f8d95ef24832a4c5d0ab379,keep,Main version (already correct),done
P1734.c,P1734.c,P1734,.c,,main,81a3c9619a954dba5d326b1c05ff36fb476a18c336ca56cbfc7a8f6c866b7548,keep,Main version (already correct),done
P1736.cpp,P1736.cpp,P1736,.cpp,,main,35fadc4948d671af939769f137a79c62d762d1e60575da43c20bb65ba9d199a0,keep,Main version (already correct),done
P1744.cpp,P1744.cpp,P1744,.cpp,,main,b30e206438944edf89389619d84a2eb4d4a6d46f1174e86e1ebc25d0d94f490a,keep,Main version (already correct),done
P1746.cpp,P1746.cpp,P1746,.cpp,,main,427299cdab965d711e0f08fac3088256882866ca27b7218330b0e386f8950c69,keep,Main version (already correct),done
P1746(2).cpp,P1746_v2.cpp,P1746,.cpp,2,v2,5e590db7aa2a410cb24bcbcc9a803dde7dcfcecdfd84b6bf03846f963577fd66,rename,Standard rename,done
P1747.cpp,P1747.cpp,P1747,.cpp,,main,431037abe64aad118ff4c5795cd3ad0f85167d6aca77c8d6d997544f4b7c9921,keep,Main version (already correct),done
P1750.c,P1750.c,P1750,.c,,main,7f88e7f731e3a78dc4577900e83f8cfacf90d95cc43afea419891f105ade2547,keep,Main version (already correct),done
P1751.cpp,P1751.cpp,P1751,.cpp,,main,3aa7bf82c3b9c46165200fbc38fcf73ee75d707b27c02be2c9a2eccefbcafbb7,keep,Main version (already correct),done
P1754.c,P1754.c,P1754,.c,,main,a77da2f81cbd4ee3571623dc979cc4ea554f6f823891fe2b8317dc12d20c03cc,keep,Main version (already correct),done
P1759.c,P1759.c,P1759,.c,,main,996a98867274aec81203c7d20342daea0eeeccc1655f1cf12acb5bf87df6dad3,keep,Main version (already correct),done
P1767.cpp,P1767.cpp,P1767,.cpp,,main,ca8a72a8c426a89c2f8c65bca0ffdaf570a50934e64aa61a56972e7fcdbced22,keep,Main version (already correct),done
P1767(2).cpp,P1767_v2.cpp,P1767,.cpp,2,v2,7eb70257593da06f682a3ddda54a9d260d4fc514f645237f5ca74b08f8da61a6,rename,Standard rename,done
P1768.cpp,P1768.cpp,P1768,.cpp,,main,e9d1874b76c5267646e8bdd4854aa1735eb9cc495110d6338dcda0e9a7a23a7e,keep,Main version (already correct),done
P1771.cpp,P1771.cpp,P1771,.cpp,,main,04e4d7b93ed97f7cd13184a076c5ed635d13a0e081244595cf56def548b214e9,keep,Main version (already correct),done
P1772.cpp,P1772.cpp,P1772,.cpp,,main,94afb4fa87ad9b7ed79d6da1951282462ef84c1f5605af47003c2b76a8b6311e,keep,Main version (already correct),done
P1774.cpp,P1774.cpp,P1774,.cpp,,main,5c2510804f2d3fe82ef320635826f932a1301b3eedc141b3deb0f235058a6071,keep,Main version (already correct),done
P1775.c,P1775.c,P1775,.c,,main,080eca7586394000f06fc30b77e54ec765d9f069692153a46e0870f708b5daa2,keep,Main version (already correct),done
P1775(2).c,P1775_v2.c,P1775,.c,2,v2,b2a9c2f31c345ceb7c746356007323fab44220a1a3e1e71273018872720b73c1,rename,Standard rename,done
P1778.cpp,P1778.cpp,P1778,.cpp,,main,1998b88656e2542f9f1cb1b53b8681518c74a31c2557f4e64a94455fbae962d0,keep,Main version (already correct),done
P1778(2).cpp,P1778_v2.cpp,P1778,.cpp,2,v2,6cded537a0a41b6944a00ddf4dc42de312c7ade58a280c16d20ca5c6cdbaf26e,rename,Standard rename,done
P1782.cpp,P1782.cpp,P1782,.cpp,,main,f39420aece7fe4844d61a516ae9bb7513f65f6407037e5a30b2b3de8c35db5f1,keep,Main version (already correct),done
P1783.cpp,P1783.cpp,P1783,.cpp,,main,276b7e722729ce34c2fb13eb37c6ff39b7268fd5fa4d1d8a2edb133a85c87e74,keep,Main version (already correct),done
P1790.cpp,P1790.cpp,P1790,.cpp,,main,8db52d82722ca3345e4b06f33b663a42b0a472e6dcc70d1baaab92106691823b,keep,Main version (already correct),done
P1791.cpp,P1791.cpp,P1791,.cpp,,main,a67313fa966eb532f2f1f213459971a1d9bf4285f3caefde4d1e5769240319dd,keep,Main version (already correct),done
P1794.c,P1794.c,P1794,.c,,main,f0c11268bb6c7d1f560e6855797e6660af45d2975aac83e7e5862ce62a414144,keep,Main version (already correct),done
P1799.cpp,P1799.cpp,P1799,.cpp,,main,cb267a7b66e11a75c58c4e23b2ec1cef0e8a659d12c276cbee7e2e8a906cb749,keep,Main version (already correct),done
P1800.cpp,P1800.cpp,P1800,.cpp,,main,714d6f6aa538e929b839e3edddf30996a08deb7a4b2e9bd6b5a633a2408b7bf7,keep,Main version (already correct),done
P1802.c,P1802.c,P1802,.c,,main,bd71c2356678637904b1563be55fed08046d67d0b4bfe989cb963841545df361,keep,Main version (already correct),done
P1803.c,P1803.c,P1803,.c,,main,296bae87f2c52ced7e9698320bd5f2244debd4daddf0a13ecf99c3fc59dc5b55,keep,Main version (already correct),done
P1806.c,P1806.c,P1806,.c,,main,b38e2418fbd3193e6cddb39eee63abb436bb88cec88cb65e2366e8c50374fbd6,keep,Main version (already correct),done
P1806(2).c,P1806_v2.c,P1806,.c,2,v2,6cec127ea392c07ef2514daec700e79ea246fad4a9e3631493276afbbef3d515,rename,Standard rename,done
P1806(3).c,P1806_v3.c,P1806,.c,3,v3,adb46d9dc9752d05b7d986edfbbb8fc9f75c6855a6df45d6c9f32fc375101b3e,rename,Standard rename,done
P1807.cpp,P1807.cpp,P1807,.cpp,,main,e5350e0b7e17fc70f6390c7227aeab88122bf58e74d37c1407646960bbcb8261,keep,Main version (already correct),done
P1816.c,P1816.c,P1816,.c,,main,62741c136ba3871cb29e86b685a380bc545cff959843df82e25a3d4b8eb687c0,keep,Main version (already correct),done
P1816(2).c,P1816_v2.c,P1816,.c,2,v2,2ca1890d6b290c8718b3f4cd4ffe4a0b9f6cb588b5328471cc3b6214a4c6ccc1,rename,Standard rename,done
P1816(3).c,P1816_v3.c,P1816,.c,3,v3,666e6a9782ab2dcfa0a3eac08825451fa27e8813aa509c9ff9cec45552454bda,rename,Standard rename,done
P1816.cpp,P1816.cpp,P1816,.cpp,,main,79d48d02e15b8c85dda693e1f08e44a71eff07db426ae385cca369bb8a6b0506,keep,Main version (already correct),done
P1821.cpp,P1821.cpp,P1821,.cpp,,main,f91bda822472fb025bfd7281c4f23f366a65e2db216685be0ec778b4e5ac47d8,keep,Main version (already correct),done
P1824.c,P1824.c,P1824,.c,,main,ffbdfaad1adf2b94188a8f313f0187c84923cfd07be1fae4199c16e29a3965c2,keep,Main version (already correct),done
P1825.cpp,P1825.cpp,P1825,.cpp,,main,429153f3f3c5e1d092721482782caf2abcda030a3b0bb13b6b9e13b0f24036cb,keep,Main version (already correct),done
P1827.cpp,P1827.cpp,P1827,.cpp,,main,2cb23d01ca873d1b1bd8e3a6a0a7247877736047baf243285d35b5bccef1d4f4,keep,Main version (already correct),done
P1829.cpp,P1829.cpp,P1829,.cpp,,main,2ab1689142f1e299f5c5fd835855043740671844c49dd916b79137ca9518c7e1,keep,Main version (already correct),done
P1831.cpp,P1831.cpp,P1831,.cpp,,main,686e592b33d7980bdf14951a41db8710465a3a5ae449541ba3331bd2d62d1e63,keep,Main version (already correct),done
P1832.c,P1832.c,P1832,.c,,main,0259a3f81506d947312b3a09cef1f4d743949ed87aad449c2d50d57ee38688f8,keep,Main version (already correct),done
P1833.c,P1833.c,P1833,.c,,main,733aaf38a5120d79555f7307c8ff70fe3d0efd25a5dbc02aefd1c8a6e7f43f4e,keep,Main version (already correct),done
P1840.c,P1840.c,P1840,.c,,main,5a1703db1ae49685886d5a2d18ba70181dfadeba604e7861adb20f0e8de4115f,keep,Main version (already correct),done
P1840(2).c,P1840_v2.c,P1840,.c,2,v2,f5c6643759653b26af605c4cd9f7dd46f86d18dd5ce1f5dce2729249b307d2c7,rename,Standard rename,done
P1840.cpp,P1840.cpp,P1840,.cpp,,main,b28d5ca1c75295015215561cb7a3856b4ce1b8d997cf36c8052040e5695f34e9,keep,Main version (already correct),done
P1840(2).cpp,P1840_v2.cpp,P1840,.cpp,2,v2,c95c33de3f57fd9115e6d4551b5ed9d71efa6400f3a955ff9d2f8685b2b1475a,rename,Standard rename,done
P1841.cpp,P1841.cpp,P1841,.cpp,,main,34216e24ad115d25b9b50f8a014a808263946b87505e73badb938f00c2d55d2a,keep,Main version (already correct),done
P1842.c,P1842.c,P1842,.c,,main,ecb4c48f1ba0608c4032dccbe0bf666afb0c1c0a1190dbb3a3816eecfebcb03e,keep,Main version (already correct),done
P1843.c,P1843.c,P1843,.c,,main,f17a57aa1d28806038c2c0c51d049ef16b2d75ee2efd15127deffa8400fa1d4d,keep,Main version (already correct),done
P1848.cpp,P1848.cpp,P1848,.cpp,,main,a05a772b65e2da4139991c1229c86b4810a842f0dd789613acda63a70138bc62,keep,Main version (already correct),done
P1850.cpp,P1850.cpp,P1850,.cpp,,main,8e09dbed538b19bbebae3ed0a158c2746216fdec23bb3384a78dc6a54f4e01ad,keep,Main version (already correct),done
P1852.cpp,P1852.cpp,P1852,.cpp,,main,572dc34584eb52fe521e8ac7b3c5cb1cc66c57b403c637532c86e577f82debd7,keep,Main version (already correct),done
P1853.c,P1853.c,P1853,.c,,main,c51cb9172af3797d6baefe887d8ec73cf495b8e33bc49b25e7b729b2ef3a28ee,keep,Main version (already correct),done
P1853(2).c,P1853_v2.c,P1853,.c,2,v2,443d12a3e418f6b1fa1e47a151a961c47b6231b88d5df4ada0f7ab29e0c97801,rename,Standard rename,done
P1855.c,P1855.c,P1855,.c,,main,30b37b6658f128c89058c3fce95d7b6f4c2d8457d017350361d73b199406e62b,keep,Main version (already correct),done
P1856.cpp,P1856.cpp,P1856,.cpp,,main,ec1b29f51ae7ae980d3dd4c8edb70e0a12a200ccd7109cf5deadaca8f753bd9a,keep,Main version (already correct),done
P1857.cpp,P1857.cpp,P1857,.cpp,,main,c7fb05e9a7a020059f49a31831089ca092d2e406808c481c4af3ad07f75e0903,keep,Main version (already correct),done
P1858.cpp,P1858.cpp,P1858,.cpp,,main,6c526e7615cc01fdb5936880cfbf8198f24c35c1b325a2f96f072466a42d957b,keep,Main version (already correct),done
P1860.cpp,P1860.cpp,P1860,.cpp,,main,07a562fd6502c346c262adea256867e64e1db7bc38c8736312dc51c5474a345c,keep,Main version (already correct),done
P1864.cpp,P1864.cpp,P1864,.cpp,,main,22c233ce2fd84100a8c1f1a27210bb48f65709f5453baff4feff3466114950cc,keep,Main version (already correct),done
P1865.cpp,P1865.cpp,P1865,.cpp,,main,a97ebd3281fb66c54f0abe9a867a742a9e92a17e1752df24ad0cdeae568c3c5f,keep,Main version (already correct),done
P1868.cpp,P1868.cpp,P1868,.cpp,,main,8ac2b38b523822874af2b8662c0339bd12b50c3d082a73799d3c8098a647180a,keep,Main version (already correct),done
P1873.c,P1873.c,P1873,.c,,main,02cda0ac441e3b5e077964c9688fc4160c6904a3d2b0fe462918462ccfb11c98,keep,Main version (already correct),done
P1875.cpp,P1875.cpp,P1875,.cpp,,main,1f31c27ac002ffe92d374cabfdc321185382bc25c477b43c42d91ad10a5d47c6,keep,Main version (already correct),done
P1877.c,P1877.c,P1877,.c,,main,b63ea6199ea4837f42ef864642ba308930f05fd204d1a03977b165e66e87d0a2,keep,Main version (already correct),done
P1877(2).c,P1877_v2.c,P1877,.c,2,v2,e96d1bbfb622f1d94a12e9c6b95ce70081e2399ee6f4833f9eb0c30ea5d270fa,rename,Standard rename,done
P1879.cpp,P1879.cpp,P1879,.cpp,,main,66f09b9c81311825111ef01457f56c1b1a6002e87c81e1d2cab06ec9f73e43a9,keep,Main version (already correct),done
P1880.c,P1880.c,P1880,.c,,main,565f490aa04493e7886f2bfb58dcd6c1a62ad8e8b2b090127ded43be91447e82,keep,Main version (already correct),done
P1884.cpp,P1884.cpp,P1884,.cpp,,main,ae93934ba102913267a755d3f5381b6aba596d672c2d5e7ea88809a9d554cfd2,keep,Main version (already correct),done
P1886.cpp,P1886.cpp,P1886,.cpp,,main,bfe50a7685f483c14a987a3cc4d77cfcf4a3bbccd8a4c16b7175ee38eb8790f0,keep,Main version (already correct),done
P1892.cpp,P1892.cpp,P1892,.cpp,,main,dcf3c93e2d43af4ef9d02aa93abe1011f7a0552f46b421684821bebe69bd8682,keep,Main version (already correct),done
P1899.cpp,P1899.cpp,P1899,.cpp,,main,a207ce398b801cc71f0b584f973f9be1e5285b8311f8b5a42f1935d220c43a0a,keep,Main version (already correct),done
P1901.cpp,P1901.cpp,P1901,.cpp,,main,67dc03ef292a098dfeb60bba45b68c5eff791f24f479fc61ffdab5721d40b0f1,keep,Main version (already correct),done
P1901(2).cpp,P1901_v2.cpp,P1901,.cpp,2,v2,b628bbbf231d114bb8e9ab776d2667677983b62ee558753c627140335b357588,rename,Standard rename,done
P1902.cpp,P1902.cpp,P1902,.cpp,,main,c633b72675c0b787558d0334cbdc2f9ca5e2c0de66c86d5b4da19f77e9dcb3e9,keep,Main version (already correct),done
P1903_2.cpp,P1903.cpp,P1903,.cpp,2,main,59ba4be68d3c4becaee424b62b9d7ae49d434761013d849333a7881e63268d78,rename_to_main,Promoted to main (was version 2),done
P1904.cpp,P1904.cpp,P1904,.cpp,,main,25b4a47e05ace823526f3857d208e2be99de6ba587f526749e037a9bfaf324ce,keep,Main version (already correct),done
P1910.c,P1910.c,P1910,.c,,main,f269665e8ee255ed8da06e1f292629de606f1b71bda03c680d3b8986f23c931c,keep,Main version (already correct),done
P1910(2).c,P1910_v2.c,P1910,.c,2,v2,8516fce04ee2dc25c8026771b73921cdf1b85c51954a3fded222acd148ae350c,rename,Standard rename,done
P1913.cpp,P1913.cpp,P1913,.cpp,,main,48d9f8a3d3bfd4853b38f21f63f5bcf4689f5f1884b00db63bdc3b50a95cfc56,keep,Main version (already correct),done
P1918.cpp,P1918.cpp,P1918,.cpp,,main,940181c52e23741fac366f5d3a505eeba633f7b0d527b3eaec6f186a31e8df49,keep,Main version (already correct),done
P1919.cpp,P1919.cpp,P1919,.cpp,,main,e28de03987f6b82c6fe9086b01706114c20e89e93114d947609d106db529c954,keep,Main version (already correct),done
P1919(2).cpp,P1919_v2.cpp,P1919,.cpp,2,v2,22fba158f3794cdd0d9adbe7f944eee9cb59fff81e61ecf0bc505eeb75f0fc8c,rename,Standard rename,done
P1926.c,P1926.c,P1926,.c,,main,9d730bf96b35153a2e8eae99d2a0a1c60fc556b3a225463c89a98994517848d4,keep,Main version (already correct),done
P1929.c,P1929.c,P1929,.c,,main,9dc3c64719938c104b8f9acb51eb5aea84395e58402f6af47c84da538ef6f9a0,keep,Main version (already correct),done
P1929(2).c,P1929_v2.c,P1929,.c,2,v2,b0b1cc1ce1beb4594c6cff4b41cd9e11426ebdc2c15de1dd88716b98b478659e,rename,Standard rename,done
P1931.cpp,P1931.cpp,P1931,.cpp,,main,3498fa91caec5a09995827aed2dc4f951e2ac3391e943914ca8466a1b6a5c45e,keep,Main version (already correct),done
P1934.c,P1934.c,P1934,.c,,main,77be8648b029cf79e027acd0f549f6d60f0f387542b33ea833aa8aa4d737d289,keep,Main version (already correct),done
P1934(2).c,P1934_v2.c,P1934,.c,2,v2,762c8cb666bd33a3d71490160ddc9e16c6cc4422e9f175b4927f867063cdfcab,rename,Standard rename,done
P1937.cpp,P1937.cpp,P1937,.cpp,,main,eda1d8746a1a0316e038bcc8bfc9fb2be5e281994ba44d81c58a3adfdd13e41a,keep,Main version (already correct),done
P1938.cpp,P1938.cpp,P1938,.cpp,,main,fee9683e7200a20a65ff5174539966034a0835ee25c794349b68e759e3b97f2f,keep,Main version (already correct),done
P1939.cpp,P1939.cpp,P1939,.cpp,,main,09cac0d90205530605948b465b3621802dfddc432c9cd06f23902ea11eef93e2,keep,Main version (already correct),done
P1940.cpp,P1940.cpp,P1940,.cpp,,main,0b86af26146cee7f958b8da85052a099dc88f5139504bab4ae8e6b27ab05e7dd,keep,Main version (already correct),done
P1941.cpp,P1941.cpp,P1941,.cpp,,main,576c2a94a56a9a60c46dc6e31bb1d6b28e356d3693fc390b95482ee760d8528f,keep,Main version (already correct),done
P1944.c,P1944.c,P1944,.c,,main,bbb8072b09068872df91b4e474dd72a44f1872153ba2c14d02b4763dc32a57c5,keep,Main version (already correct),done
P1944(2).c,P1944_v2.c,P1944,.c,2,v2,d94ea41b9703331210abb3f5e03b44c56215d673a89a40d1e275a72718031346,rename,Standard rename,done
P1948.cpp,P1948.cpp,P1948,.cpp,,main,e003ec1eeddd30b48e16f7bf0c2e8b7a27209a9b70ba4730aec85f1504027c57,keep,Main version (already correct),done
P1949.cpp,P1949.cpp,P1949,.cpp,,main,8fa1fca7f29390fee395710f11e9501c1b72ecc4d1f102221456074fdba5743a,keep,Main version (already correct),done
P1950.cpp,P1950.cpp,P1950,.cpp,,main,68f8fd485fdf06f8b56daf86475437eeee446f15416bea4b1bc32c0e41fc9028,keep,Main version (already correct),done
P1950(2).cpp,P1950_v2.cpp,P1950,.cpp,2,v2,e7b9d8f2aa9aafd65163c49edff6f19d505b7d78161c66ba63ed78dae0cf4c4f,rename,Standard rename,done
P1954.cpp,P1954.cpp,P1954,.cpp,,main,72e9387193f20183df18e833f81bddb380756ca3de310116e4a824a97333062b,keep,Main version (already correct),done
P1955.cpp,P1955.cpp,P1955,.cpp,,main,ce5fb2c52feb39b5d6e261d811dcf3fd8dfe5cb9bdb48c6bfe2d32662f06b83f,keep,Main version (already correct),done
P1955(2).cpp,P1955_v2.cpp,P1955,.cpp,2,v2,ae26d42ad9ce16c051f932c0ff6278348d0ea214c52a9724dd186de8dd0a9817,rename,Standard rename,done
P1962.cpp,P1962.cpp,P1962,.cpp,,main,c156529e21554e915e51d7540b99dd8259451716bbd2e49aca8c05e501f4705b,keep,Main version (already correct),done
P1966.cpp,P1966.cpp,P1966,.cpp,,main,045ec50724e89dc66ba2b457014bd8c1bb8c2f22583680c4992c8c6ed3aa371a,keep,Main version (already correct),done
P1966(2).cpp,P1966_v2.cpp,P1966,.cpp,2,v2,5c142a4c7a74c02f6318735a7aab5c8f10b747d1f90dff9e229f1ea85e0dbf23,rename,Standard rename,done
P1968.c,P1968.c,P1968,.c,,main,4aa176bb8030a09a1469a3ea62af6292a33becb00feada5a35b02bd95957eb05,keep,Main version (already correct),done
P1968(2).c,P1968_v2.c,P1968,.c,2,v2,f7d79d8f9ab38d6d99efb9a642d05bff4d2762884e8b8e247cf0362d8e60354c,rename,Standard rename,done
P1969.c,P1969.c,P1969,.c,,main,b559113be73273ae673719c6c059d4c98665159f1938edc2c9225017c563582c,keep,Main version (already correct),done
P1970.c,P1970.c,P1970,.c,,main,910afaebc8b36917e16596c4e0409b594231f529ec80027e9ce23a75a763b80a,keep,Main version (already correct),done
P1970(2).c,P1970_v2.c,P1970,.c,2,v2,a089d39037fab3697b87da39a920c82ddabe7643fc131360bad9bfb81976c007,rename,Standard rename,done
P1972.cpp,P1972.cpp,P1972,.cpp,,main,b0ad8deb3892a59aa29bda10b2ba42b7c1cc2a4b4a56e64ee219df78ac855a80,keep,Main version (already correct),done
P1977.c,P1977.c,P1977,.c,,main,de000b5785cb47ac92713c0de1caac204898872fd0fa6aeec0c6a2da60af6f0f,keep,Main version (already correct),done
P1982.cpp,P1982.cpp,P1982,.cpp,,main,36cfff723c68250dbd3388195f926b5f1e2b7d0f0b6fd6f825d294da3bd187e5,keep,Main version (already correct),done
P1983.cpp,P1983.cpp,P1983,.cpp,,main,a5428e4cc7d0d36cbbf39656b50c759ef66eade40a44ccd8c1d50a5c4d36af8d,keep,Main version (already correct),done
P1986.cpp,P1986.cpp,P1986,.cpp,,main,4d8f974d7e3203c9836381460f928be37e27e1f158fc561b48ab25fbdfeeb3d5,keep,Main version (already correct),done
P1987.cpp,P1987.cpp,P1987,.cpp,,main,8651ae05f5c333c0db1755aa751261f87596ab65e168167d96012b11a913f465,keep,Main version (already correct),done
P1988.c,P1988.c,P1988,.c,,main,a160d98c08b4f7d2239f3b9af7d86c09b165160deef19dd82ebc79b76efb4078,keep,Main version (already correct),done
P1996.cpp,P1996.cpp,P1996,.cpp,,main,78ff3f605eeeac32fc75a7bdc01a0f3e43eebddbb1d217c9e76c1a67ee62f484,keep,Main version (already correct),done
P1999.cpp,P1999.cpp,P1999,.cpp,,main,0fb05286491296f0addd8814b34c94966f11b1e1c8f88f9b72fb2b7b41bac507,keep,Main version (already correct),done
P2000.cpp,P2000.cpp,P2000,.cpp,,main,1c241eed70ca61990b86eab5e9087c82e9b7d0663988796814540db6448377f9,keep,Main version (already correct),done
P2002.cpp,P2002.cpp,P2002,.cpp,,main,4d9e5b946f438fbf7e97cc8b79113a2cf93045969b41bf5431f499fac06d9316,keep,Main version (already correct),done
P2003.cpp,P2003.cpp,P2003,.cpp,,main,c7d3d9c02f7551478d418f27fd72f1cf7c4472b1eb3f214113e81d49a2a6058f,keep,Main version (already correct),done
P2004.cpp,P2004.cpp,P2004,.cpp,,main,f5367d73d2b1e165305765a4f7f158ed26f2b1603f3700e265916d5b5ea598d5,keep,Main version (already correct),done
P2015.cpp,P2015.cpp,P2015,.cpp,,main,ace77fee808667644cfbea5d3049bde32079f6f97cdf7858a82f38cd9c067494,keep,Main version (already correct),done
P2018.cpp,P2018.cpp,P2018,.cpp,,main,a5cc8d2c07550f830f73ab736a8b4b4185d9c47adf9f4eb67912503281945e95,keep,Main version (already correct),done
P2023.cpp,P2023.cpp,P2023,.cpp,,main,23fc0f31134d212668b6fe1da1e306839b385bfe20efb4d2ac8493ce7888a9ae,keep,Main version (already correct),done
P2023(2).cpp,P2023_v2.cpp,P2023,.cpp,2,v2,631d1882eb046f75231cbeed0d70679a3b78dd9ed6a6ad90abac8dcc24cfbb3c,rename,Standard rename,done
P2028.c,P2028.c,P2028,.c,,main,6fe10cb703d2e0fccb30890b6fa142c53f3e86f2e172ebf1c19d0a19bcbaaf8c,keep,Main version (already correct),done
P2028(2).c,P2028_v2.c,P2028,.c,2,v2,298e4ef280742f78fe5378c0a3d55a9ea2895a28630667b387a144328fc8840d,rename,Standard rename,done
P2030.cpp,P2030.cpp,P2030,.cpp,,main,4a2293728d37f02918a6a845e4e0252b996edf2345773c3da587a8009534d622,keep,Main version (already correct),done
P2030.py,P2030.py,P2030,.py,,main,00046f6cf2ecb441a76e90a8799a8df6ac48e09095abe7081351cae6944ec1ab,keep,Main version (already correct),done
P2032.cpp,P2032.cpp,P2032,.cpp,,main,8a35b7b406b070eefa9a00acba2462a1256d12f87b73e58883cea3fe023d5528,keep,Main version (already correct),done
P2034.cpp,P2034.cpp,P2034,.cpp,,main,72f283faf687c88e993f2c55861047e1c70243284f478a0314a6d070af91cb28,keep,Main version (already correct),done
P2036.c,P2036.c,P2036,.c,,main,7999ab918aecc112d7461d7761566d68e6f4bf8202423a83bca75f4dc84554db,keep,Main version (already correct),done
P2045.cpp,P2045.cpp,P2045,.cpp,,main,177d6565862f920db27d7f3f128358f048d45f98e92f114ce7bb7fd1dd147e0b,keep,Main version (already correct),done
P2045(2).cpp,P2045_v2.cpp,P2045,.cpp,2,v2,bc1dd2533894ccd6ccc0eed448af38c69a5f72f0cbc535f972f0fea98e8bf841,rename,Standard rename,done
P2046.cpp,P2046.cpp,P2046,.cpp,,main,06797f6d316e110d907b7ab8c02fd19936e5ed70c6b738ae9a70853d87d280b2,keep,Main version (already correct),done
P2047(2).cpp,P2047.cpp,P2047,.cpp,2,main,5536917a72d9a26308f92308ba2a5a7bab983f449499a0bb2b2ba275ce3ab77f,rename_to_main,Promoted to main (was version 2),done
P2048.cpp,P2048.cpp,P2048,.cpp,,main,03a234b28273aef2447ccbba93fea8119ce55812a2c7a799fc2008b7c0373c75,keep,Main version (already correct),done
P2049.c,P2049.c,P2049,.c,,main,ce6fb775307797fad06abc68766527746ef6471a5ff6f44dfe86e5b8cb5aa125,keep,Main version (already correct),done
P2051.cpp,P2051.cpp,P2051,.cpp,,main,991cd71f33e1677ca2eaaee212e9ad1fe1f4f35db28c2d4d73ebe98245e218f0,keep,Main version (already correct),done
P2052.cpp,P2052.cpp,P2052,.cpp,,main,fc44269fc49359c63dc01a6ae0a983efbf3b873b8b7ec8619c0dbf22810fd405,keep,Main version (already correct),done
P2053.cpp,P2053.cpp,P2053,.cpp,,main,0557af255a22eb1de38c8a1b744b12be0dab636f994db9dc3d7f137afaf0ecb0,keep,Main version (already correct),done
P2056.cpp,P2056.cpp,P2056,.cpp,,main,a30d1c1585e96ab27bd93dc1f76b6f33cbd301d273a0fd537f681c62a5a9b08e,keep,Main version (already correct),done
P2056(2).cpp,P2056_v2.cpp,P2056,.cpp,2,v2,3c2b2eceb0f73d92d1739499874103e708a252b06643ccd99dd45b2040bc417c,rename,Standard rename,done
P2056(3).cpp,P2056_v3.cpp,P2056,.cpp,3,v3,7dd721e4312473df901dadbc7ad49868066139adcdb823f2de8810d09c958da6,rename,Standard rename,done
P2057.cpp,P2057.cpp,P2057,.cpp,,main,4851feb7022ea8b5a672b6eeacae9c71bccac5ab9bd3e36a9710cc6da6a53748,keep,Main version (already correct),done
P2059.cpp,P2059.cpp,P2059,.cpp,,main,17b12eb49c0a9f10c026a0a92f5b38567e2fe9944695a6733966d131a50592f1,keep,Main version (already correct),done
P2060.cpp,P2060.cpp,P2060,.cpp,,main,64322fc8084841ed6158225da5cc442ce386de0b995796ebdcdeecdf3dc0ba5f,keep,Main version (already correct),done
P2061.cpp,P2061.cpp,P2061,.cpp,,main,2c098c3c529fbdcd8b09436404feb5c63d513bce517075f71182042cfcc0dd2b,keep,Main version (already correct),done
P2064.c,P2064.c,P2064,.c,,main,eb38f03a3c5a115f23e770f0591164337327ff5dac4d4dad3fbdc23274c4b8ab,keep,Main version (already correct),done
P2064.cpp,P2064.cpp,P2064,.cpp,,main,7d233fd6acc8c0e5b8ac36e9447374fc287761cfb26abf69b2598ec8656cfa1d,keep,Main version (already correct),done
P2066.c,P2066.c,P2066,.c,,main,cc61c94265d7d98a7914258718f230709163aa2e0eceb922288753022c09665a,keep,Main version (already correct),done
P2066(2).c,P2066_v2.c,P2066,.c,2,v2,14069963ca1f34c6efae67fa9355b758104436222a683606df4fb8daee0324c9,rename,Standard rename,done
P2068.cpp,P2068.cpp,P2068,.cpp,,main,758760cbe486071b700beb2be81e6fa008b7126e4905227d1c2ee21de0ca43aa,keep,Main version (already correct),done
P2073.cpp,P2073.cpp,P2073,.cpp,,main,c09240b5ac1f6c21161a5caaced0d44f6ddf74c01ce3c56c98217f19e7ed909a,keep,Main version (already correct),done
P2078.cpp,P2078.cpp,P2078,.cpp,,main,49377ecddd86f978d07958d7f05ed00fb9b9b415456faa1a582c5c9406ff9a0e,keep,Main version (already correct),done
P2079.cpp,P2079.cpp,P2079,.cpp,,main,df1fc8000ce850afd86ae5db54010d1980693e3781ea485cd575bc988bbd08b0,keep,Main version (already correct),done
P2080.c,P2080.c,P2080,.c,,main,c63b4ef3e831834e62fbca7cb128f1f5aedce663832feb98f44305832b75a6f7,keep,Main version (already correct),done
P2081.cpp,P2081.cpp,P2081,.cpp,,main,ca305a0bd8129ca9a9f0d0315cb40b22b5d022a15174d579b9b963d6228b1fdd,keep,Main version (already correct),done
P2084.c,P2084.c,P2084,.c,,main,fce239d4845dc29fa49beaa06eaf0ff4151bb2e65b02b5f12fc3071cc9171456,keep,Main version (already correct),done
P2084(2).c,P2084_v2.c,P2084,.c,2,v2,68e730bd00f8441d8de075cd5e23b04d5f0f3c1ae19abf920d7c61c5d9171f58,rename,Standard rename,done
P2087.cpp,P2087.cpp,P2087,.cpp,,main,f2c935bfcb30da5df07c23615bbc66915aeaa1d06dd025c01c0fb55672f86883,keep,Main version (already correct),done
P2089.c,P2089.c,P2089,.c,,main,91baf5617d49a75d24e9a94201598d938d16782e43abf71f2d4879cb39e6b474,keep,Main version (already correct),done
P2092.cpp,P2092.cpp,P2092,.cpp,,main,40b80f50845ccdfbf163bf1919566660ce0a39bcb6b33c0f8d2c24d6c4c094e3,keep,Main version (already correct),done
P2095.c,P2095.c,P2095,.c,,main,b960345af3b334ba0795e08865f75351a9791d2ce5fc2849d656bf7f1f3941a8,keep,Main version (already correct),done
P2096.c,P2096.c,P2096,.c,,main,e5fd7dc4d0932b31d06c2799355c7b662f2e455bb0904dcf65d6f3d8d53b5c61,keep,Main version (already correct),done
P2100.cpp,P2100.cpp,P2100,.cpp,,main,b9a2cfcbf02c98dd314af551219cd74315cf8a14bdbb1c4d8bc159d693d9c7ce,keep,Main version (already correct),done
P2100.py,P2100.py,P2100,.py,,main,7017b28284a7b5ce634070a773874d1110869ca13056827985f2e05fa900d793,keep,Main version (already correct),done
P2105.c,P2105.c,P2105,.c,,main,f66021fa4ad156bf4adac5cc250a7376f5101a927a3a5ca7ab719af61f5ffcd9,keep,Main version (already correct),done
P2105(2).c,P2105_v2.c,P2105,.c,2,v2,6809983904a38453985ad77a9008f506b9e321ec8a9a94f1660178cf546d0a20,rename,Standard rename,done
P2106.cpp,P2106.cpp,P2106,.cpp,,main,a394b6f47622e981479472fb24f56c26e9d3043099d6adc5da41fc0258f24219,keep,Main version (already correct),done
P2110.cpp,P2110.cpp,P2110,.cpp,,main,c54a62c7ed5bb90980b1bd04907b94e2f7851e876687f97cab673eb2bc40eb25,keep,Main version (already correct),done
P2112.c,P2112.c,P2112,.c,,main,3db84b44604585498c89be6fb4bc1b4bfd3cdd349d47a22184cf2ca6c67be98c,keep,Main version (already correct),done
P2113.c,P2113.c,P2113,.c,,main,3ce7b49a80e34fb4453a4b5d8242f9bd335714cd61603ee2f2120a6364b9a413,keep,Main version (already correct),done
P2114.cpp,P2114.cpp,P2114,.cpp,,main,32be8ceaf00a8f26dd79347d5373573a89bdaa6ced6e17733126fafdcf9c1a8b,keep,Main version (already correct),done
P2115.cpp,P2115.cpp,P2115,.cpp,,main,df729415c66bc7eb4fc17a16f352cccc6589b3ccd9e5803129e0a4f7f4d00551,keep,Main version (already correct),done
P2120.cpp,P2120.cpp,P2120,.cpp,,main,679a2ac178d7c3c4894fd9539d174252b2f48956f5f9b11a9611049cb4261ff3,keep,Main version (already correct),done
P2122.cpp,P2122.cpp,P2122,.cpp,,main,7701a5c02a6f6636f4d926327e9ae27b7354d9529c7843197847fb856f600070,keep,Main version (already correct),done
P2123.cpp,P2123.cpp,P2123,.cpp,,main,2f7672122737d30cf74b32af4ecba8e0edb9e242e83630e48c31b1754e8c92ef,keep,Main version (already correct),done
P2128.cpp,P2128.cpp,P2128,.cpp,,main,f41926db9ea82be30b497e03fa2df45ad2b3fd48110353f173f2365d098989ab,keep,Main version (already correct),done
P2132.c,P2132.c,P2132,.c,,main,f1a90c10986f9d1e1258b0c3404dcc89bbdd671bf073f5690a6d7819dc5cb0d5,keep,Main version (already correct),done
P2132.cpp,P2132.cpp,P2132,.cpp,,main,32711bc89dc6fef723866e625fb6067d873b377b06569b3227a0da837eb50ce8,keep,Main version (already correct),done
P2134.cpp,P2134.cpp,P2134,.cpp,,main,12a7a863022fe898a669c0c1e05d3d50833c3f67fb8009677a2dcead985a21e5,keep,Main version (already correct),done
P2140.cpp,P2140.cpp,P2140,.cpp,,main,bd78eb6d832492848842163d489c3ef4850ae196f304ed93cc8ea4cce4a69546,keep,Main version (already correct),done
P2146.cpp,P2146.cpp,P2146,.cpp,,main,a1b184e983a4dd708131c37d400594c07a326a15ad32ecaa9ff461743f024e35,keep,Main version (already correct),done
P2147.cpp,P2147.cpp,P2147,.cpp,,main,759a8660a7788c0e83e3217a11fc0e9fdb532965b4642a85f6fad2a6a9e98f7a,keep,Main version (already correct),done
P2147_2.cpp,P2147_v2.cpp,P2147,.cpp,2,v2,b869b47feaf35552482b519ce6c0625de22a4512d35891e77d84664d2ce8bd2d,rename,Standard rename,done
P2149.cpp,P2149.cpp,P2149,.cpp,,main,0b8c0a6fa15cd4c438b69b497f6692d831f0c404f215532c56ec2eb3eb1d82f5,keep,Main version (already correct),done
P2151.cpp,P2151.cpp,P2151,.cpp,,main,36ba937305a55ef517d1fc1bc0162091eaeb0d9b2ff9745b6a33e2e36cfde736,keep,Main version (already correct),done
P2152.cpp,P2152.cpp,P2152,.cpp,,main,684b7f9b3bff43f8e031fb4ba3fd0eaab30db13b288198e4055786cab3b8948e,keep,Main version (already correct),done
P2152.py,P2152.py,P2152,.py,,main,1cbcca07a7f483614cb893d5ffe111f94fd5b3f9031c8c05416bd32a2587e164,keep,Main version (already correct),done
P2153.cpp,P2153.cpp,P2153,.cpp,,main,66b3524cbec3a26a5013f9e55dcf7257c087674cd1414dbc26120745b9c405a8,keep,Main version (already correct),done
P2154.cpp,P2154.cpp,P2154,.cpp,,main,c9c6cee5175a8b2a5139bab0e2954f5cfc296b376690b765dd1e2a629a3a1b6e,keep,Main version (already correct),done
P2155.cpp,P2155.cpp,P2155,.cpp,,main,d3bf9054040a3a9b41f156a84793ef956ebe7225964c75f36be8adbae3071a1a,keep,Main version (already correct),done
P2155.py,P2155.py,P2155,.py,,main,f6daa92fbc864e0da665a52e4b354bf3efcbd430290985e6390bb4ce1a060c9a,keep,Main version (already correct),done
P2158.cpp,P2158.cpp,P2158,.cpp,,main,9c8384be403c24c1cd5cd85cae0f191d7bbed34e46fa316a55865f8a3421d72a,keep,Main version (already correct),done
P2161.cpp,P2161.cpp,P2161,.cpp,,main,7c387b5f87b20826646da330b624bcacb703918bcb0f7d8d42c72963e41db707,keep,Main version (already correct),done
P2163.cpp,P2163.cpp,P2163,.cpp,,main,6edc8c714f85ecedd74b9741dfe9e8a95e55e326ee17ad964a696d5edcfcafdb,keep,Main version (already correct),done
P2167.cpp,P2167.cpp,P2167,.cpp,,main,cf98bcfe8d94f62ca1769b6da7e61df5ba885450964c410b19b338a099478d34,keep,Main version (already correct),done
P2169.cpp,P2169.cpp,P2169,.cpp,,main,ac77969c98a54199b3ae087d7aa54e88413cdf9aba0d79f2d563d3cba54ee7ae,keep,Main version (already correct),done
P2170.cpp,P2170.cpp,P2170,.cpp,,main,58b6de52555c2b8d22af9e260d64b5cb329819a7ecb0bb50421a31f8bed1c850,keep,Main version (already correct),done
P2173.cpp,P2173.cpp,P2173,.cpp,,main,8d69958a49bb8971dd5b77b2ab11b112c7e8fb42cb73bb6d35f1b1ae46035345,keep,Main version (already correct),done
P2173_2.cpp,P2173_v2.cpp,P2173,.cpp,2,v2,31621564e0177b9d0aa6b47f58584bbc58e991b404d9ba58fcdc26cdcc223306,rename,Standard rename,done
P2178.cpp,P2178.cpp,P2178,.cpp,,main,65eeeeccd4ace03f1bd9aba711d1e7014717669fe982807b02f929cc6d755851,keep,Main version (already correct),done
P2182.cpp,P2182.cpp,P2182,.cpp,,main,b1e9b01443acab91305ca3ef5fa716da1621ae839d50f4c70f8847a31cda7e9a,keep,Main version (already correct),done
P2185.cpp,P2185.cpp,P2185,.cpp,,main,8498eab00fecdfe29d23f0c454b42255575d5d327c855dcb8c9d0413decedb48,keep,Main version (already correct),done
P2193.c,P2193.c,P2193,.c,,main,36d32214e738375dda053bae3b5e489b6d7835b8b8a74894290af3d6e6803299,keep,Main version (already correct),done
P2193.cpp,P2193.cpp,P2193,.cpp,,main,7eb70257593da06f682a3ddda54a9d260d4fc514f645237f5ca74b08f8da61a6,keep,Main version (already correct),done
P2194.cpp,P2194.cpp,P2194,.cpp,,main,64f360d3b9c72cc80675bf04ba03e871e3715c2471a6a37cd592f54f5fd55a55,keep,Main version (already correct),done
P2196.cpp,P2196.cpp,P2196,.cpp,,main,0663e073d925a5f1ad95b1dd530977425bf92205d2e0220904da6130d93808bb,keep,Main version (already correct),done
P2199.cpp,P2199.cpp,P2199,.cpp,,main,4e7c5345ab245b8362a2d19a7d3a452ea20d5680d7748b45956c9c0f3b9e5386,keep,Main version (already correct),done
P2202.cpp,P2202.cpp,P2202,.cpp,,main,3c76762a0a11ab9ad8fa0ab28f7ffabd7c034d5a5c1ce5f44ead5e3a4125cda0,keep,Main version (already correct),done
P2205.cpp,P2205.cpp,P2205,.cpp,,main,74b8a0b9adbe7f8f6da0342dcb7136d0ae4256dc3fde5d86d1c9fd49d8101658,keep,Main version (already correct),done
P2205(2).cpp,P2205_v2.cpp,P2205,.cpp,2,v2,7b8d34aaa4aa6cd029ea7b56822eb3ed38e6049ae57116615e0dc8e1e959332f,rename,Standard rename,done
P2208.cpp,P2208.cpp,P2208,.cpp,,main,b3a433997976eda1984421dccaa04e22077742a0ae854f8249dfdc0754690d85,keep,Main version (already correct),done
P2213.cpp,P2213.cpp,P2213,.cpp,,main,d6a22b1b4b7c653b00798a8b8e5ae83a3b933fb12449dc9c980e590bc4376f7f,keep,Main version (already correct),done
P2214.c,P2214.c,P2214,.c,,main,afc50a42e51cd02f6550cc1b5c6a6edb3f943f9ddcf24a6f7c01e7757b8e2e95,keep,Main version (already correct),done
P2214(2).c,P2214_v2.c,P2214,.c,2,v2,e725f7249f58a15cda3d6441b602de9b2dd5863879733c21904aadd929a4f7b1,rename,Standard rename,done
P2215.cpp,P2215.cpp,P2215,.cpp,,main,1614a10e2c1fb0bfa95107535adb21ca2d55d9f06f0f525f73eeeac3872dfcd1,keep,Main version (already correct),done
P2216.cpp,P2216.cpp,P2216,.cpp,,main,9d68f0b934fbac1e57752d9094bd588cc10557e74f03016a1b2df10b986960a8,keep,Main version (already correct),done
P2218.cpp,P2218.cpp,P2218,.cpp,,main,5100fb5d537070a6717c0984bb74988aca00a5edd88c9ee76c5d7e7d7d704c81,keep,Main version (already correct),done
P2221.cpp,P2221.cpp,P2221,.cpp,,main,b2bcc829da5243bbe5012d2434b17fc85475f9babed3d0fe7d6a7f6361cff077,keep,Main version (already correct),done
P2233.cpp,P2233.cpp,P2233,.cpp,,main,396d807209a1a73be19264445f512dc0b73397cf91cdb5c6ab5b964ee1415bc5,keep,Main version (already correct),done
P2234.cpp,P2234.cpp,P2234,.cpp,,main,93e95e52baac365954486190529eff015727294926ce702ac53ae68c237814d6,keep,Main version (already correct),done
P2238.cpp,P2238.cpp,P2238,.cpp,,main,1fc827febe723ccdae7b47a6c79ab8b0d64ad8c849d681e59547872fb4deef66,keep,Main version (already correct),done
P2240.c,P2240.c,P2240,.c,,main,4308a8f8483b8d4cb22c2af9aaddb5c8777f31715c9fdcb1afbbe8bc5f3d3966,keep,Main version (already correct),done
P2241.c,P2241.c,P2241,.c,,main,15ed4d7dbbd207158ae443561b1de489f66696b210ea54718bdf90b11fd45ba9,keep,Main version (already correct),done
P2242.c,P2242.c,P2242,.c,,main,da4f01c33094b9c331ad4f351b8594fba87e2f5fdf3374fde19fa51b7e2aabf0,keep,Main version (already correct),done
P2245_2.cpp,P2245.cpp,P2245,.cpp,2,main,366451009fa4bcf7a8b7d6847059b402b523fcdb7b9c7c80ee4515ad154ca08b,rename_to_main,Promoted to main (was version 2),done
P2249.c,P2249.c,P2249,.c,,main,c676cf9ebad6d031c2618854e765739e2fc7007523a84bb4fa761520cfabc9a1,keep,Main version (already correct),done
P2251.cpp,P2251.cpp,P2251,.cpp,,main,6a28fccaa86634f8c5f40e83b1db522bcb9601e24905cb66fe4727227832f29d,keep,Main version (already correct),done
P2254.cpp,P2254.cpp,P2254,.cpp,,main,2a2eeff3c70af55f029f0cc8fa2ee98446f0c4e07662432c1463b4df93f25879,keep,Main version (already correct),done
P2255(2).c,P2255.c,P2255,.c,2,main,c6f74a0f855a7816da77b08fa4ab233e1a59e19f1d06c20c2b6f5d7e7234325c,rename_to_main,Promoted to main (was version 2),done
P2256.cpp,P2256.cpp,P2256,.cpp,,main,517b185b9dbdae439c4a9ff84e556f0b86c19dd754b6b730f2ad3ddcceca2557,keep,Main version (already correct),done
P2257.cpp,P2257.cpp,P2257,.cpp,,main,6f1847fac05ed4508aa5ae150554f09d7e304235de4312e85cb580c8cff22cee,keep,Main version (already correct),done
P2260.cpp,P2260.cpp,P2260,.cpp,,main,44dda805d76276bd9ac21f6ca6a6fd8d6215649fd1a115040cf5c06503111877,keep,Main version (already correct),done
P2261.cpp,P2261.cpp,P2261,.cpp,,main,18d0acaeff870eb41763b41130ce2d0626eadc6ff0b34359f99154b778d10601,keep,Main version (already correct),done
P2272.cpp,P2272.cpp,P2272,.cpp,,main,8295e8b7d2a7a8fbea65ba6ef4062aff5c8e7e0fbf2bba7e23eae5d9fdd2a3ce,keep,Main version (already correct),done
P2279.cpp,P2279.cpp,P2279,.cpp,,main,0b98a7d897830c91793b8a1abe21d79ce2071d77df3027183488e087b51cc512,keep,Main version (already correct),done
P2285.cpp,P2285.cpp,P2285,.cpp,,main,7a790a4cbaca22dc7b577ebad71950fd0230a6688ccd76891e5fa9cecb7d4d3d,keep,Main version (already correct),done
P2286.cpp,P2286.cpp,P2286,.cpp,,main,d6d3434aac54035ccf132d2f2a8465a7c68748621903317d4acaaeba5044bf63,keep,Main version (already correct),done
P2290.py,P2290.py,P2290,.py,,main,7217852deb9dc6e818333875b7c8ec0d3ceb734e54789c84ec7b1c9ae28a6a67,keep,Main version (already correct),done
P2292.cpp,P2292.cpp,P2292,.cpp,,main,fb122d26505c8674afb36347c4df4947449c8eff56155538d5b2a3d18f4e8a41,keep,Main version (already correct),done
P2294.cpp,P2294.cpp,P2294,.cpp,,main,b4a0a64a0076e5eff18969bf478084a0bfa969039fa325350c57a4d7bf50e1dd,keep,Main version (already correct),done
P2294(2).cpp,P2294_v2.cpp,P2294,.cpp,2,v2,0c360f396ce05208bb974066d6d948d669d73ced2d903fb9d2407b82d667259d,rename,Standard rename,done
P2295.cpp,P2295.cpp,P2295,.cpp,,main,d1bb14fc1cdcb1ddbe8f868feeb3cd55caa5252d9c957376a35ac50ac74cd527,keep,Main version (already correct),done
P2296.cpp,P2296.cpp,P2296,.cpp,,main,d9ceb653afd4f1fa5456731f68be4cf7a3a81e9f9a22be34eeae75b351f85f7a,keep,Main version (already correct),done
P2298.cpp,P2298.cpp,P2298,.cpp,,main,5117e773f00b7b43ef81ec8746f252dff22d26f2828d17946426f29e912c8e3f,keep,Main version (already correct),done
P2299.cpp,P2299.cpp,P2299,.cpp,,main,b7964d3b21cd982147e5346a79dad03aad97a4adefe08ec5e89260f1455f5567,keep,Main version (already correct),done
P2300.cpp,P2300.cpp,P2300,.cpp,,main,15b9dd2dee7b85675707a4245d7c4bd2458445d9b4de82d3ce77f81dc28dc926,keep,Main version (already correct),done
P2303.cpp,P2303.cpp,P2303,.cpp,,main,ad12f2895075d9a8c31267fe1ec49719deca5abe32aa1faca3a424981d1e5d1a,keep,Main version (already correct),done
P2307.cpp,P2307.cpp,P2307,.cpp,,main,3bd26ca97c824173365a4f7ae34d2fbedc56653c86b8680e4a45080dce968e11,keep,Main version (already correct),done
P2312.cpp,P2312.cpp,P2312,.cpp,,main,2346a79eaab2550135a81511713537d01e3ce8584a0912d9b907d9d2db52b7ad,keep,Main version (already correct),done
P2318.cpp,P2318.cpp,P2318,.cpp,,main,c88d1858f13af2b45d06d6b115baf6a42feb05d4d751e72b708c0607d9bb2d92,keep,Main version (already correct),done
P2322.cpp,P2322.cpp,P2322,.cpp,,main,e59831b0e7283dfdc771d712b31b392e85f9e25ce4a3b08069936c273fcc4e2c,keep,Main version (already correct),done
P2322(2).cpp,P2322_v2.cpp,P2322,.cpp,2,v2,cd31d4ac4da53a0061eedb005b2cc7d809af41b073166bc02b5e682e98f7a6fc,rename,Standard rename,done
P2323.cpp,P2323.cpp,P2323,.cpp,,main,8df782e86a75441dbbac080fb7e673af7177ff6424d77af111e5270747f65bda,keep,Main version (already correct),done
P2324.cpp,P2324.cpp,P2324,.cpp,,main,953bb266986be5b2aed686f240c95e7353bfd7c962afb23782535eb2190bd8b7,keep,Main version (already correct),done
P2325.cpp,P2325.cpp,P2325,.cpp,,main,1c499bada71eb7005e245e56856b229a57876e6cadaeab3a7b647eb24a60d321,keep,Main version (already correct),done
P2326.c,P2326.c,P2326,.c,,main,7cf848581237df4d2d48b822dd24709d052c66332bd278e436b03798d56e2fad,keep,Main version (already correct),done
P2326(2).c,P2326_v2.c,P2326,.c,2,v2,6a55ab9e456f44c7ba45c0e05d422a2374920a76a73b754e7d8d43cb24b09873,rename,Standard rename,done
P2326.cpp,P2326.cpp,P2326,.cpp,,main,cfb0c6dd12c0cf3711831f2583939c139908c6b65f47f9d6c61df141cd361a8a,keep,Main version (already correct),done
P2327.c,P2327.c,P2327,.c,,main,4cca12fbc3d23526f03f327e8b000a52a1e35a43580417e8c89af385594110db,keep,Main version (already correct),done
P2327(2).c,P2327_v2.c,P2327,.c,2,v2,bba9a6245a6a6e1ef4eb6fcaefb8fe3a94117d82258ff3d8947ea01516f53d61,rename,Standard rename,done
P2336.cpp,P2336.cpp,P2336,.cpp,,main,4f80d53870e2e2db702b5306d419e361ea334881c906c4bce1057d34f5809e90,keep,Main version (already correct),done
P2338.c,P2338.c,P2338,.c,,main,4fbc5e2890ed1028e42c91f0dcfdff748cece1e6bd569c18b26158cd689b0af6,keep,Main version (already correct),done
P2341.cpp,P2341.cpp,P2341,.cpp,,main,882efee6d396f08b70403d651eda42607c3332a1ee41df2e8ebb6130f0a8c22c,keep,Main version (already correct),done
P2343.cpp,P2343.cpp,P2343,.cpp,,main,2dc98ed83f8ad6003e723e49cfde98c46c54e43d430c3f1ced21894c676a64ef,keep,Main version (already correct),done
P2344.cpp,P2344.cpp,P2344,.cpp,,main,5dd3a53840575a11825c6a5864110160c04c558468683fd69649c4f010b3941e,keep,Main version (already correct),done
P2345.cpp,P2345.cpp,P2345,.cpp,,main,a851fd470a7f38173370c405452f67ebedfe9220e2242e6aad4fc31a17e50199,keep,Main version (already correct),done
P2345(2).cpp,P2345_v2.cpp,P2345,.cpp,2,v2,f906d41b0d0c6d2dc93f8a89f32e5133c8a3b2358ddd0bd75c0347ce3413dce4,rename,Standard rename,done
P2346.cpp,P2346.cpp,P2346,.cpp,,main,66b1f75bcfe6a23b9ca14255eb30f80b62153af057c4a313adcd900b5aabbfad,keep,Main version (already correct),done
P2347.c,P2347.c,P2347,.c,,main,7f78b7531df5a2d743305507e432d5c43b827b887a08b0eea6951384370cabeb,keep,Main version (already correct),done
P2350.cpp,P2350.cpp,P2350,.cpp,,main,8c103b3d675041855b996d50a9dda60f8910971430f5cbac775935a6d85afc02,keep,Main version (already correct),done
P2356.c,P2356.c,P2356,.c,,main,748ba2933f72fa8e18e34d665a5b210653bdfbb5e065fa21b80c71a63ccbbeec,keep,Main version (already correct),done
P2356(2).c,P2356_v2.c,P2356,.c,2,v2,3fb1810f22bb2d6af41f17d68c9c8f77fc5784ba194c3192e2375a66733ea094,rename,Standard rename,done
P2357.cpp,P2357.cpp,P2357,.cpp,,main,1117e80cab54346eb6e366fb7c5c29b5ce3549c137622965571a45c3ba34c967,keep,Main version (already correct),done
P2359.cpp,P2359.cpp,P2359,.cpp,,main,053f0f0470f98953146cd7277cf0b7a4922480086ff36e66e544ffe447cdad39,keep,Main version (already correct),done
P2362.c,P2362.c,P2362,.c,,main,2370c2081293723e21eadb4027f956f35bc41f0337d81fc3ac2f8ad1c78be639,keep,Main version (already correct),done
P2364.c,P2364.c,P2364,.c,,main,d267d465ab91c74025be729edc89df2bf4f6f914bc5c504ffff928ca730b8100,keep,Main version (already correct),done
P2367.cpp,P2367.cpp,P2367,.cpp,,main,f9973a14f2f94ac3cdcac41082927491e6a4f4e897e3b269165e265a2e571be1,keep,Main version (already correct),done
P2370.c,P2370.c,P2370,.c,,main,3e6941194e22d1e24635d5f2d07d2370a7550220c2aa6235c014d02866a38871,keep,Main version (already correct),done
P2375.cpp,P2375.cpp,P2375,.cpp,,main,2bbce54b7223977936343e07cbd1745e778c863e7b0bff78a7a5da462846e2ed,keep,Main version (already correct),done
P2376.c,P2376.c,P2376,.c,,main,8b9710191bafd75c069234864f8af1dfb359787f08b4873c936234432371304d,keep,Main version (already correct),done
P2380.cpp,P2380.cpp,P2380,.cpp,,main,7f7284ba295c42b1e8983bd312895992857974db5f8abec6a1b0a27ebfa087f0,keep,Main version (already correct),done
P2383.c,P2383.c,P2383,.c,,main,5abc879b10481d045744946ca0d2dbcea1dbe65a3af346c4cd86ae4b88f476a1,keep,Main version (already correct),done
P2387.cpp,P2387.cpp,P2387,.cpp,,main,7998a06ad8732758b1fbc8802067000eeb8b753e37ea0ad6149264ec6114551a,keep,Main version (already correct),done
P2389.cpp,P2389.cpp,P2389,.cpp,,main,2937fe5195e393f8613c7fc9b776bf9a7579395a2578982520d6719b76d22ee3,keep,Main version (already correct),done
P2391.cpp,P2391.cpp,P2391,.cpp,,main,0a0e17b196b38c7d531977d1500744ab04aed9c4fe6b4e71274366332eaa878b,keep,Main version (already correct),done
P2392.c,P2392.c,P2392,.c,,main,485965d87698472785ae5acfe9a5a87524a6cb48263df71d94a517dbed2c1b95,keep,Main version (already correct),done
P2396.cpp,P2396.cpp,P2396,.cpp,,main,29dfca2f0d3d193fb963c58b2dd7028aa7f8d36fd460bb0ef7170a72e95fee77,keep,Main version (already correct),done
P2398.cpp,P2398.cpp,P2398,.cpp,,main,1d40bc635bc0913b1512a0076bc77784af38a5e2fbb9ac3850e6d9a3532d914c,keep,Main version (already correct),done
P2401.c,P2401.c,P2401,.c,,main,26ed8dbf1fd4a9f679801fc6f8ec7317dbecc9b808c594f7dd0f38293eeeada6,keep,Main version (already correct),done
P2403.cpp,P2403.cpp,P2403,.cpp,,main,62f4325065e9bb0494491c56d2d760692ea15664ab9f38db01df3ed7296ca349,keep,Main version (already correct),done
P2404.c,P2404.c,P2404,.c,,main,01a0c4b7193cc6752ae442359d015c76eef547ae5d059e36740fd9db42db99dd,keep,Main version (already correct),done
P2408.cpp,P2408.cpp,P2408,.cpp,,main,948f56f5e2bc339edfdd0362ea58ab057dd9a75be65f957acba3d05a65d7c9fe,keep,Main version (already correct),done
P2412.cpp,P2412.cpp,P2412,.cpp,,main,f810942daa1c4033ddc3739b36e20a2aedca7eeb1c3cdc1f2f6ded5e0f47d0e3,keep,Main version (already correct),done
P2414.cpp,P2414.cpp,P2414,.cpp,,main,fd37d1169437edc89d4a1a9e6b472de5350410239a509b7092301dc9f5765cbd,keep,Main version (already correct),done
P2417.cpp,P2417.cpp,P2417,.cpp,,main,f7a5f354c7e04fc7671a9931f01ee27c3e9e3c4e7cbb41c9278c7977667b0b52,keep,Main version (already correct),done
P2419.cpp,P2419.cpp,P2419,.cpp,,main,4c087549a05b027511b027e6af7cfc88dae19afe72f17f7a81e21850e3be407b,keep,Main version (already correct),done
P2420.cpp,P2420.cpp,P2420,.cpp,,main,55c1914ac0626340a717e0c5c2c82a7f1049aaee4e79836ef869acc6d91e137f,keep,Main version (already correct),done
P2422.cpp,P2422.cpp,P2422,.cpp,,main,fbeba981e5f6d17e20bdfb4b98686be9298fa9ffeff59ac791ab32f59eea2642,keep,Main version (already correct),done
P2422(2).cpp,P2422_v2.cpp,P2422,.cpp,2,v2,c626e277db32daddc91053d2daa4f88a748b5b6d8fd5b99685e275d714111ca7,rename,Standard rename,done
P2424(2).cpp,P2424.cpp,P2424,.cpp,2,main,72f36e145cba5cddd244b4702200bf2bf081dfc80a6f1cfd97cc8e01dea91763,rename_to_main,Promoted to main (was version 2),done
P2426.c,P2426.c,P2426,.c,,main,9bfc6b019a65c1fb389bc2a48ac8795dbd7d9635e549e8e6117ff4025a9d1003,keep,Main version (already correct),done
P2426(2).c,P2426_v2.c,P2426,.c,2,v2,fc5e007ab6fc18f83e79bf5ad9516c2466e5fb1e36a85af92501e546ca5cc842,rename,Standard rename,done
P2428.cpp,P2428.cpp,P2428,.cpp,,main,e244a0a58e11ef7a9de15d8ae6a8ad3d7c12b70cbaffb3dca8cd49daecb07977,keep,Main version (already correct),done
P2430.c,P2430.c,P2430,.c,,main,0fe46585b52739e120538c6a82128879aa80e33a24455029fe3eb199a7c44447,keep,Main version (already correct),done
P2432.cpp,P2432.cpp,P2432,.cpp,,main,964849f28ce52574e434a04483e272fcbf6705d5d57458eed4ff306c14bc13ad,keep,Main version (already correct),done
P2434.cpp,P2434.cpp,P2434,.cpp,,main,1973a794339682e4f8b71ff1cfa90354d3779adfd31911c97a3f61a9f39d5653,keep,Main version (already correct),done
P2436.c,P2436.c,P2436,.c,,main,380c2dfbf64e2b6bac4c43f3f1398b3a66da3022152b13cb13b5aa0dacda7a49,keep,Main version (already correct),done
P2436.cpp,P2436.cpp,P2436,.cpp,,main,3af4c55df7c4aca5e7d9f41e114dd2bd2dad4875ea0c226246892a7ddcd5df7d,keep,Main version (already correct),done
P2440.c,P2440.c,P2440,.c,,main,b639980f23cbe54a7e151e29aa616d4b44c24ff5c0cf59c31c64c8ee00afe3c7,keep,Main version (already correct),done
P2441.cpp,P2441.cpp,P2441,.cpp,,main,07a417449c7b3cb0498818e1be06ebaa0a50f26fffb8387770804a460cab3d9a,keep,Main version (already correct),done
P2442.cpp,P2442.cpp,P2442,.cpp,,main,cad3db8188227fe07cfe4e3d74be73cf25ac99bcb7cb9bd91032cd4fd4878928,keep,Main version (already correct),done
P2444.cpp,P2444.cpp,P2444,.cpp,,main,db6143dc11f1c9297d6dc8c23b4c6d81de8824835b8e08dd37c063d1a100cae9,keep,Main version (already correct),done
P2446.cpp,P2446.cpp,P2446,.cpp,,main,235468f92d258cdbed562fbffaf15ce35267b5996017624b67871c6198c3ce5b,keep,Main version (already correct),done
P2448.cpp,P2448.cpp,P2448,.cpp,,main,79ed3fba52ab4c836d722b6a96d226789b10ac78ddbcd6d7169dafa8205cd205,keep,Main version (already correct),done
P2461.cpp,P2461.cpp,P2461,.cpp,,main,cbd4a1f69544022d06add94d9d4d35e609383d65a83ae6327a9011d2b3176868,keep,Main version (already correct),done
P2462.cpp,P2462.cpp,P2462,.cpp,,main,959a0ba76b0a1670ddf6f677e81e9bbc0db112e64ba26ea645bd3ceb9753c6e4,keep,Main version (already correct),done
P2463(1).cpp,P2463.cpp,P2463,.cpp,1,main,a1a8c194c66b62092864a00393ed13aa47ce71b39b23f9388b311944f654cdb6,rename_to_main,Promoted to main (was version 1),done
P2463(2).cpp,P2463_v2.cpp,P2463,.cpp,2,v2,b093365b22153244c586a0497167665bba4c32ed12e4024239daca5d940d4aa6,rename,Renumber from 2 to v2 (main promoted),done
P2464.cpp,P2464.cpp,P2464,.cpp,,main,38859ff2bb99bea12731be9474d1a8a9cd4c61c552fc597bf562de90b9279ee0,keep,Main version (already correct),done
P2464(2).cpp,P2464_v2.cpp,P2464,.cpp,2,v2,7ca56cfa36e22d769924fa007e7c3a3051a86ddeb66b6f036314097dc5c45821,rename,Standard rename,done
P2465.cpp,P2465.cpp,P2465,.cpp,,main,aa0b9ac29639d1a21b66f4b3408138990b083c6c24011cf6cecc8c25360f8c6e,keep,Main version (already correct),done
P2468.cpp,P2468.cpp,P2468,.cpp,,main,1abc8a1c9cf59cad5c14a26f207e73dd316ebb3c0830950a04838237dfd595ea,keep,Main version (already correct),done
P2469.cpp,P2469.cpp,P2469,.cpp,,main,5cac8dbc3e371198cc8b51dba936641982096f761f307c6ed52902e56f94f75b,keep,Main version (already correct),done
P2470.cpp,P2470.cpp,P2470,.cpp,,main,cc27398bcb06b317f3b6e8f0b6f26b1ede2fa6b1a6814baa86a47cddaf7df659,keep,Main version (already correct),done
P2471.cpp,P2471.cpp,P2471,.cpp,,main,53eb1e4eb1b871f02fe3f962187072fef8fe7dc1dfea04bad5c6b87d9f3b4fc9,keep,Main version (already correct),done
P2472.cpp,P2472.cpp,P2472,.cpp,,main,6f873c6625a58927a04137156cb90cb0aecba8c4c16d18e861ede66608a1de4c,keep,Main version (already correct),done
P2473.cpp,P2473.cpp,P2473,.cpp,,main,39d4662c10f6c44e73b7a26373ced090f74f78e2ad418f4fdb8278ee911591f8,keep,Main version (already correct),done
P2479.cpp,P2479.cpp,P2479,.cpp,,main,3ef082de6e8ab493cf6873503293b9bcfc7d181f9d4731cfce2b02bd926befbe,keep,Main version (already correct),done
P2480.cpp,P2480.cpp,P2480,.cpp,,main,eba7e64ea4130e1cdedd4a01040ac2b886cedd9b27628fa48d9c7ca75e8f6bfe,keep,Main version (already correct),done
P2481.cpp,P2481.cpp,P2481,.cpp,,main,0bcf200feb1faf6631056c8bc37f09a79e4779e0b31e20b2749dc403639cd0e6,keep,Main version (already correct),done
P2485.cpp,P2485.cpp,P2485,.cpp,,main,de752407180ab184976a33978ce44505fbefb2711ef1572da238f962f440961a,keep,Main version (already correct),done
P2487.cpp,P2487.cpp,P2487,.cpp,,main,dc154127016b9258387fba901823d58af56fd7df68f92ab2c9235d01f651d560,keep,Main version (already correct),done
P2488.cpp,P2488.cpp,P2488,.cpp,,main,ae4d402c89e7337d513391f7735a6d00db0f49cc2836b7ba197b849eedc35abe,keep,Main version (already correct),done
P2490.cpp,P2490.cpp,P2490,.cpp,,main,e89f1d8c989f329b8dc8422849cff1e4923df826d431ac2cdc1dfaef9e443885,keep,Main version (already correct),done
P2495.cpp,P2495.cpp,P2495,.cpp,,main,00c257fb349f48de0c5fdaa6664d2e456f159ec5f99fe767c9fb792a92cf8c76,keep,Main version (already correct),done
P2495_2.cpp,P2495_v2.cpp,P2495,.cpp,2,v2,1691ee484d19de6e77938479fd82619d619b0c6ff3d1dea66a7aa275cfbae0a6,rename,Standard rename,done
P2500.cpp,P2500.cpp,P2500,.cpp,,main,a55cf20123a4834b514368f8933e420574b89d59cc6f64e2d2acd1274edd3184,keep,Main version (already correct),done
P2501.cpp,P2501.cpp,P2501,.cpp,,main,c7bdeebad8b18498bce81db3c823c727630a72fa9e8ee75e4e7a8ac38093ec69,keep,Main version (already correct),done
P2502.cpp,P2502.cpp,P2502,.cpp,,main,07bac71de85e3f4359e1d3e8d7d70a118d78dae246945dcc0bdd0c87b0744712,keep,Main version (already correct),done
P2505.cpp,P2505.cpp,P2505,.cpp,,main,e911ddb35c4afa80986e535921b4f3fa0597b34e871db04b7d85503eeb665713,keep,Main version (already correct),done
P2510.cpp,P2510.cpp,P2510,.cpp,,main,1e926f2911c242b07a09f633aba47c753ef1ca1d15407ce33c641b0b48bda3fa,keep,Main version (already correct),done
P2512.cpp,P2512.cpp,P2512,.cpp,,main,d5ef9e1db8f15ec91ec7d5aef6aab857df2250b61867128553f3ef4d2dbb7e08,keep,Main version (already correct),done
P2513.c,P2513.c,P2513,.c,,main,9cb144d4cba1d6b988be1ee29da95adde729f40e0014d0626e234c18472b7c20,keep,Main version (already correct),done
P2515.cpp,P2515.cpp,P2515,.cpp,,main,7a979f09a1750595b83ff12979723acd1b1ad861b2f90d4c46afaf8b094255f7,keep,Main version (already correct),done
P2515_3.cpp,P2515_v2.cpp,P2515,.cpp,3,v2,3312cf5418a02ecd6ff7e8a823144339d4d716a30fc7f1c42158f647928db7d6,rename,Renumber from 3 to 2,done
P2516.cpp,P2516.cpp,P2516,.cpp,,main,cb2877cc4a56138576067d4801b5a1cf3602556e75ccaff094df0bf16611a5a8,keep,Main version (already correct),done
P2517.cpp,P2517.cpp,P2517,.cpp,,main,c50c892075ed28bab5f9cc1ec92ace7e4c27ca17c38aba2e9cd39bdcf9ac1325,keep,Main version (already correct),done
P2518.cpp,P2518.cpp,P2518,.cpp,,main,bcb583df1ba570a5d545aaf1e11bec477f74441a8f50683f449a0169a27bb4b4,keep,Main version (already correct),done
P2520.cpp,P2520.cpp,P2520,.cpp,,main,1e8feeb570a92b9a1d4f2263e495b1629b49983d57ffada63b1f3fad026cf12d,keep,Main version (already correct),done
P2523.cpp,P2523.cpp,P2523,.cpp,,main,5e0b35c25b3a8cb42e0cd6a1fcae03b8cdd43a104fd6116874e412e28bb4b461,keep,Main version (already correct),done
P2530.cpp,P2530.cpp,P2530,.cpp,,main,b00f86c30635c809a6f8d5e7ca53748330c072f1509e8a056e14519bed98ad24,keep,Main version (already correct),done
P2532.cpp,P2532.cpp,P2532,.cpp,,main,21a7b5bca5dbe7aa85bf2ea70e0be16be6bc94e2651d259d9c267ed51960c2a1,keep,Main version (already correct),done
P2536.cpp,P2536.cpp,P2536,.cpp,,main,77ab47325838de410f4014e3b646b5c88762553015e2bf95a664c6b011a8da6c,keep,Main version (already correct),done
P2536(2).cpp,P2536_v2.cpp,P2536,.cpp,2,v2,8714ff87883e147ee3385d5247a891336eef1d08032fa619f4c951e42b271744,rename,Standard rename,done
P2536(3).cpp,P2536_v3.cpp,P2536,.cpp,3,v3,69590a622eb0a40abf97a56c0f9b04133abed10fc3e5f848d4d172d0141b3573,rename,Standard rename,done
P2541.cpp,P2541.cpp,P2541,.cpp,,main,7139d0511e0a1f2ed81088ed6e3ee6326925e309a11d480ddfb6444364c42c70,keep,Main version (already correct),done
P2542.cpp,P2542.cpp,P2542,.cpp,,main,5b5232a5fd0c821560e58a83eb5383d0d949ed9a673b30e9118a8fe29be50371,keep,Main version (already correct),done
P2563.c,P2563.c,P2563,.c,,main,f10cc041f97ef370559c236ef3536f56a69e317b621ba96446b3dde2bbbbe56c,keep,Main version (already correct),done
P2563(2).c,P2563_v2.c,P2563,.c,2,v2,b6e15d43163acb40ca16c01af1ef0df1977821f959e6f2b926596a1b3db82cd0,rename,Standard rename,done
P2564.cpp,P2564.cpp,P2564,.cpp,,main,ae1f1e9738d0f6cf2592883f205f0fa8de813b57c8c88f26aedeb516a76ed5e6,keep,Main version (already correct),done
P2564(2).cpp,P2564_v2.cpp,P2564,.cpp,2,v2,fd7c38a29a93f200d7d9204196b694a3eba08fd7e4b269b1fd55123bc9cbfe92,rename,Standard rename,done
P2567.cpp,P2567.cpp,P2567,.cpp,,main,7f1b67506d98f08e373450f9b89ec661b1545ce071c1bcfc981c5681339b3c0d,keep,Main version (already correct),done
P2568.cpp,P2568.cpp,P2568,.cpp,,main,d85ca725891a959996b0e96eec4835481e55e3a5085454eb99b136610aca1447,keep,Main version (already correct),done
P2569.cpp,P2569.cpp,P2569,.cpp,,main,1d151124dace6c09636e60fa9a8d4f5f957a2fcc2379303550c9b352da05da5f,keep,Main version (already correct),done
P2573.cpp,P2573.cpp,P2573,.cpp,,main,341ad198e09af9ea1bd6f51263476f56704ab7b36d10538a43236f6b20bdd631,keep,Main version (already correct),done
P2574.cpp,P2574.cpp,P2574,.cpp,,main,b6705d2ad1a6fdd32c5d8f63245a27d8866449d2d77d75a8bf1958bf521ba9d2,keep,Main version (already correct),done
P2577.cpp,P2577.cpp,P2577,.cpp,,main,2a6ad9ccd41f46ec4d956ec9a4f71de263f549dbae6c070da08fd3c6126a8156,keep,Main version (already correct),done
P2578.cpp,P2578.cpp,P2578,.cpp,,main,4bad3083fde4fe8e12255d08944fa40ccc68c97dcd02e2f3c8074ec07ad117e9,keep,Main version (already correct),done
P2580.cpp,P2580.cpp,P2580,.cpp,,main,21e610af051e43832eff4c74cb09e5f5bf5a3f370d29e60ac1b6ae891bf01521,keep,Main version (already correct),done
P2583.cpp,P2583.cpp,P2583,.cpp,,main,c2ea5ed570bd2a3384bd635c6f36a25eb7c9ca1cf98f19662cb7ff75c4f35c65,keep,Main version (already correct),done
P2584.cpp,P2584.cpp,P2584,.cpp,,main,110f4ed07f2e5fd36ee74ab3fd1069437fa8e848c0a1667f954701f9efa4c277,keep,Main version (already correct),done
P2585.cpp,P2585.cpp,P2585,.cpp,,main,d4ecc180b2459b4b3b549766cb260d130cb5140cbd5461cdd8a131afdea5b4a2,keep,Main version (already correct),done
P2585(2).cpp,P2585_v2.cpp,P2585,.cpp,2,v2,b10a14b519acd6f7153a7b34db713fff2429bcfc64b3967d548ba08249399f33,rename,Standard rename,done
P2590.cpp,P2590.cpp,P2590,.cpp,,main,6a92a32ca6b7204b83df928d9a71bb700e884cc3aa5cdf23d0803f4975768c31,keep,Main version (already correct),done
P2593.cpp,P2593.cpp,P2593,.cpp,,main,2078eb57bc6eaa55bc8dc90deb038af4721715275a622bd1f70f787c0cfa4e45,keep,Main version (already correct),done
P2597.cpp,P2597.cpp,P2597,.cpp,,main,1e9cad287045c44f772d05cdaaa7a0d5f14687368f9fc58c9d75a02cac8755c8,keep,Main version (already correct),done
P2602.c,P2602.c,P2602,.c,,main,cba9782619c1d2929cfd866fd8789cd0edd34e46d45055590a792d3da0ac7e4f,keep,Main version (already correct),done
P2604.cpp,P2604.cpp,P2604,.cpp,,main,634d3caf6f15b7bede2c84e9502949e95fd0b43e8e9d5d3b3b8940cb37ad565f,keep,Main version (already correct),done
P2606.cpp,P2606.cpp,P2606,.cpp,,main,9905019ca9e5d665c93eebd50a71a98cc9fd33ef0203ed0d31b446a11fe38775,keep,Main version (already correct),done
P2607.cpp,P2607.cpp,P2607,.cpp,,main,71a258567a5751c097331ca6385620c645292b756c2c36db31c61de609451340,keep,Main version (already correct),done
P2610.cpp,P2610.cpp,P2610,.cpp,,main,d9ce2fd8c27aaf6951cc722e8cc8b4c01f12025ffd0e45baf5d3b414b28f31ae,keep,Main version (already correct),done
P2611.cpp,P2611.cpp,P2611,.cpp,,main,08a8c60c5b86d6a3f82ba35a4bb88d54c5be47804b709e73bfcedb2fb78c9f52,keep,Main version (already correct),done
P2613.cpp,P2613.cpp,P2613,.cpp,,main,5d9b969a6e13a4587ee9c99d64f79fa335a0dbf06ab7f518bd3daea44a71ef4e,keep,Main version (already correct),done
P2616.c,P2616.c,P2616,.c,,main,2d25183c1467e3a7a2d562c226b52d1df2a6f89529da924b68d5f2d87aab0cde,keep,Main version (already correct),done
P2617.cpp,P2617.cpp,P2617,.cpp,,main,e679de86ef3399e09fcfa6d704317be9ade742362ca6eee351b859e3aa0b5ae9,keep,Main version (already correct),done
P2617(2).cpp,P2617_v2.cpp,P2617,.cpp,2,v2,5aca914755416ba035d7cfdbf5b5dd778fb6c50e8e9f311b7b2b4d6e6320647d,rename,Standard rename,done
P2619.cpp,P2619.cpp,P2619,.cpp,,main,e5dc6e7a55d537ccdb57b80f34fb3cae3fa9e819742270c25523bf61c7ddb1c1,keep,Main version (already correct),done
P2622.cpp,P2622.cpp,P2622,.cpp,,main,fff2283957d396bc5176d10550761d601625c3389d654da96beba6d532e3ce65,keep,Main version (already correct),done
P2622(2).cpp,P2622_v2.cpp,P2622,.cpp,2,v2,fad5b7df99c6dab0bcbe6fd00d49e1df82313dc797832ccf6764ba76214c1b37,rename,Standard rename,done
P2623.c,P2623.c,P2623,.c,,main,e7f32eff75cce62e5c4dce540a71aa729884ec827bd377637ee74da0469bcdd4,keep,Main version (already correct),done
P2625.c,P2625.c,P2625,.c,,main,668e9ee297948f888c2ef1378b91829d3cac8fe06a9c4ea885b6de8d57237bb9,keep,Main version (already correct),done
P2625.cpp,P2625.cpp,P2625,.cpp,,main,8b98e2932a02e9f78669da9838f896e86e8a6cd01cc2f8788a0de846594f220c,keep,Main version (already correct),done
P2629.cpp,P2629.cpp,P2629,.cpp,,main,553e5deb8c66c47bed6746d244d91b21e3617ddc47485c013f09201cd9d0a53f,keep,Main version (already correct),done
P2632.cpp,P2632.cpp,P2632,.cpp,,main,9f2b0a25baf33b7da7b33ec2e73eacc7aee6b3912feca28b9d72342bee959c74,keep,Main version (already correct),done
P2633_2.cpp,P2633.cpp,P2633,.cpp,2,main,f6cff310f817c2a14bb948a7b0e4cfee09b199bb3161edf5c8dda888c4c91620,rename_to_main,Promoted to main (was version 2),done
P2634.cpp,P2634.cpp,P2634,.cpp,,main,fe86f4182dfc28b110acd5b10009b8d151bbd8c48fe20350dd1bb84c66064b86,keep,Main version (already correct),done
P2634_2.cpp,P2634_v2.cpp,P2634,.cpp,2,v2,c0bb60e0be4e93409e53bef8871cd1cab766c34a9b57f81bc4a12853445ed3ca,rename,Standard rename,done
P2634_4.cpp,P2634_v3.cpp,P2634,.cpp,4,v3,8f9dc50ab67bd90ff3ce895a6906cea226679928f4f4e32d37b173a5c553ec83,rename,Renumber from 4 to 3,done
P2639.c,P2639.c,P2639,.c,,main,d52024e54988ac4fc5c5e4dc3ca3313091d908c910d99d1fe55b145e2f891dc1,keep,Main version (already correct),done
P2642.c,P2642.c,P2642,.c,,main,0aa3c02f2f1a12d4e337c9e24f851e7018a99b195f44590606666a0ad358541a,keep,Main version (already correct),done
P2654.cpp,P2654.cpp,P2654,.cpp,,main,5235d046bceafba816d4311d14781c76b723385e920f57430d895a967bb49576,keep,Main version (already correct),done
P2656.cpp,P2656.cpp,P2656,.cpp,,main,c29706fd0bbeed7ab4f5b2fd537c3f66224fb52b4cd8f9b8e7589fa006dfd258,keep,Main version (already correct),done
P2658.cpp,P2658.cpp,P2658,.cpp,,main,a8c35bf5fba42e735456669409c74c265d1f61c4539af35de4214bf5d798cf18,keep,Main version (already correct),done
P2660.c,P2660.c,P2660,.c,,main,2e72d9bf61a9c8b7575c3bf3027c2fabf7ef063e0cc8c4295ccfc4456e027402,keep,Main version (already correct),done
P2661.cpp,P2661.cpp,P2661,.cpp,,main,822310f9bfbe721e19b5843de6400a97de2bdb04f437533b36a38290958a84f0,keep,Main version (already correct),done
P2663.c,P2663.c,P2663,.c,,main,d82fa192c6899b71f94c4922951e6629af96e730d9b03ba62942669cbcdc4eb7,keep,Main version (already correct),done
P2663(2).c,P2663_v2.c,P2663,.c,2,v2,1622ce16484a53e6d7b65f62f6b40bc7eb870c71f6d5f8da872109be091084d4,rename,Standard rename,done
P2671.cpp,P2671.cpp,P2671,.cpp,,main,0623aeeb5b523fcc8ce2dcbcc9e79bf6908ec4c3ad79f0deda7cf2f0fdce3a61,keep,Main version (already correct),done
P2672.cpp,P2672.cpp,P2672,.cpp,,main,b51a5e88b5f52b0eca6f7863f599f0289df46076959a0845a64cbc6367bd5c7a,keep,Main version (already correct),done
P2675.cpp,P2675.cpp,P2675,.cpp,,main,46487a6abcaa16fb357d40f0058261c063333448fb90bbfaf752746d2f29167c,keep,Main version (already correct),done
P2676.c,P2676.c,P2676,.c,,main,1797c02b45229ca848f14bc4e91a2e9e497bc5717f3377827f4e785a444a7502,keep,Main version (already correct),done
P2677.c,P2677.c,P2677,.c,,main,9d85f5afb2f1daf8583231802a8ed3b8a29a19f36cdce404046c17b8a73fbc92,keep,Main version (already correct),done
P2678.c,P2678.c,P2678,.c,,main,654c7450ed3ff05017a08a24c0dc85d5d2f7c66c5b71aff87eaa41839cf5a2bc,keep,Main version (already correct),done
P2685.cpp,P2685.cpp,P2685,.cpp,,main,d1895d887839bcc4f12562544e0aca99afb9fbc74be29d73e9e4c9eb1e459655,keep,Main version (already correct),done
P2690.c,P2690.c,P2690,.c,,main,add8fafa58599a87f68b9ee74cd62649b42957c58bc781a645721903361d164d,keep,Main version (already correct),done
P2690(2).c,P2690_v2.c,P2690,.c,2,v2,5d47f699a692a7031a905ff661ada1b13d4d17a193d3733602c6195a39a0cc45,rename,Standard rename,done
P2691.cpp,P2691.cpp,P2691,.cpp,,main,a5cddc9654d00f8bedc4b21f6f0349c9705626e837a6e58391dde1a5a4c36a5b,keep,Main version (already correct),done
P2695.c,P2695.c,P2695,.c,,main,3f3d4d584f3d6cb2101a48323f1f51e70536535a7635d01d84efec5b6bf7f001,keep,Main version (already correct),done
P2697.cpp,P2697.cpp,P2697,.cpp,,main,baf6d81490d18209980bfb7558edb4909d586de9c19e49abff86327285712208,keep,Main version (already correct),done
P2698.cpp,P2698.cpp,P2698,.cpp,,main,7d04c64ed1b900ba42279bdf1ad9f88df5fd31719f0a3a1c74d797f21fa22797,keep,Main version (already correct),done
P2701.c,P2701.c,P2701,.c,,main,24c55a5badb90e84de3fa0cadbc33b5d89f8cc7889c8bd671b60cadbe324de51,keep,Main version (already correct),done
P2701(2).c,P2701_v2.c,P2701,.c,2,v2,ba951250f315a621fd9b379e5723faef8fa8149b5d3173db28073f850864356e,rename,Standard rename,done
P2704.cpp,P2704.cpp,P2704,.cpp,,main,dba23fc660d0862bbb763a08662cf741e56a56c317177fdc2669be73c0c01308,keep,Main version (already correct),done
P2707.cpp,P2707.cpp,P2707,.cpp,,main,88b1816c1ac7ac1e38cf035361d978e8066161c084ba23516a0d32f257c9b81d,keep,Main version (already correct),done
P2710.cpp,P2710.cpp,P2710,.cpp,,main,c8919a1e76c93b831c2338bb8bbf5f44d41d9bbf0d2de850c6dade6bd5eb03a7,keep,Main version (already correct),done
P2712.cpp,P2712.cpp,P2712,.cpp,,main,3213c24a43bea0281e6bbaf81d9525fc2f144a3079786aed0fb107793616d32e,keep,Main version (already correct),done
P2714.cpp,P2714.cpp,P2714,.cpp,,main,1ca3790b5e97c6a629fcd4b77e574bfef6a6f2812c276dbafa19b118c37eddc3,keep,Main version (already correct),done
P2717.cpp,P2717.cpp,P2717,.cpp,,main,bb0d657341ce94815a7d3675ad088da5cfb099270e63c6852c19b0fca700782c,keep,Main version (already correct),done
P2719.c,P2719.c,P2719,.c,,main,f9bcd13a67b69b6f8b2e1b4e37a27e2b67498e7f0da4bfc990b25e1703bfac4b,keep,Main version (already correct),done
P2722.c,P2722.c,P2722,.c,,main,82b1294a75d9fa3c1b8febe6c500fb2caea53a00506cf3af4e7ca7204a301a85,keep,Main version (already correct),done
P2722(2).c,P2722_v2.c,P2722,.c,2,v2,2c8a7f98e7e8576cded4b57218fd52b48be0e74a07fa173665826a563a4df35a,rename,Standard rename,done
P2723.cpp,P2723.cpp,P2723,.cpp,,main,ccefde9e975d96451d65c58badd0b78817b43067587811ea3b08fa87a912d5f3,keep,Main version (already correct),done
P2725.c,P2725.c,P2725,.c,,main,8c2563ea2fb6fa5feab540adff42420e06d73db41413c421d3b86fbca3fd4f01,keep,Main version (already correct),done
P2725(2).c,P2725_v2.c,P2725,.c,2,v2,f075e5a97308a73695de9976502620e03b5793f9d9f22d0175052392ff73e52b,rename,Standard rename,done
P2727.cpp,P2727.cpp,P2727,.cpp,,main,37dc8a31aa1d9b21acf9d2da9e05ff9d90a6eb49ed7e7f3e0c12c953a013e86a,keep,Main version (already correct),done
P2734.c,P2734.c,P2734,.c,,main,fb21ec202d438d2d3ca4d02e244619a0d7564b04dea4bbed542287cec8c9f910,keep,Main version (already correct),done
P2742.cpp,P2742.cpp,P2742,.cpp,,main,b5aa1c0b09ff53b51ac71d1fb2245d41845c349b53916d4cc6646a8d6d01d376,keep,Main version (already correct),done
P2748.cpp,P2748.cpp,P2748,.cpp,,main,61667e93eb2073a26c9caa26e51a9026f5837ab9b39001e70f0b93af878c6dbc,keep,Main version (already correct),done
P2751.cpp,P2751.cpp,P2751,.cpp,,main,93dacf060f22018ac91f954fbb04d92159a319675c0ca5558582525bcc1fb9ff,keep,Main version (already correct),done
P2754.cpp,P2754.cpp,P2754,.cpp,,main,a47ca5e9326956d8ebb8d653e5b9ab6e6e4f63f52a2a1685a4ba4c45d5e33a2e,keep,Main version (already correct),done
P2757.cpp,P2757.cpp,P2757,.cpp,,main,338ca7bc0c5ccecfade6a6c14ae3d4c8141888d71925357c058382bf5a443040,keep,Main version (already correct),done
P2758.c,P2758.c,P2758,.c,,main,62ec8ac6c751cea516bf93054648ba8f1a14bf4938b470e03db3bbf5df5055c5,keep,Main version (already correct),done
P2759.c,P2759.c,P2759,.c,,main,02f1a87b05b744c6ee55dee1f0d90d33a526675dbc319dc332671f4db49b813a,keep,Main version (already correct),done
P2762.cpp,P2762.cpp,P2762,.cpp,,main,e23bd31f24073ffde69d9a4c1311f4aa3575da2f92ba651afa3138a28f144030,keep,Main version (already correct),done
P2764.cpp,P2764.cpp,P2764,.cpp,,main,8750cd15100ab6a07141030f4885956caf10c8f73a3d4cf3430da696e5bb2665,keep,Main version (already correct),done
P2766.cpp,P2766.cpp,P2766,.cpp,,main,7e2071475a3c0893bd97fb8d917b3cbb71d9f6065b11a78555cd42c930e754af,keep,Main version (already correct),done
P2767.cpp,P2767.cpp,P2767,.cpp,,main,ece98055cbced1f08bdf3f35a94cc949a259d8ebd2122fac8a4fe1af2f0adad9,keep,Main version (already correct),done
P2770.cpp,P2770.cpp,P2770,.cpp,,main,74b60e3078bd69617df6bd55060a6b047f077ea440ce311dc86ec4c4d0966ee0,keep,Main version (already correct),done
P2772.c,P2772.c,P2772,.c,,main,ce2594f1aed2b7909d1232f771fb6bada3a7ccd92b31bc0e4a97acfc0ee19c22,keep,Main version (already correct),done
P2774.cpp,P2774.cpp,P2774,.cpp,,main,99ae09861a598952a33f3f1a3fbb4d2272c0b6247832d4d417bce002a1092d29,keep,Main version (already correct),done
P2777.c,P2777.c,P2777,.c,,main,1fb60682b1c28c5ae9308bcc34b8e0137e868be207f6e1a3996a92619790e52a,keep,Main version (already correct),done
P2779.cpp,P2779.cpp,P2779,.cpp,,main,59ddeb0bf2aa480c1473f9dcaba5feb6ed4665de24f6765dff61ccd7aa98c7f2,keep,Main version (already correct),done
P2782.c,P2782.c,P2782,.c,,main,b78625a57751df1ff57f2abd1c90824aabf884472ea8c2c7140ff5b87067395d,keep,Main version (already correct),done
P2782(2).c,P2782_v2.c,P2782,.c,2,v2,6374584d3d166fde3f498cf818b97e7f024bd2294014407cb22719860114da8e,rename,Standard rename,done
P2783.cpp,P2783.cpp,P2783,.cpp,,main,58c06c86a9787f9f7af9eede7e8d4fcbad2864dbe52abd577d11cabb73412634,keep,Main version (already correct),done
P2786.cpp,P2786.cpp,P2786,.cpp,,main,125192ad8a1d8406040d85ce368972b33e4f1fbc97feea9ed5dd0232cbdbe854,keep,Main version (already correct),done
P2786(2).cpp,P2786_v2.cpp,P2786,.cpp,2,v2,6eb945f2faadca6333817c6beb42d0ebfecd8ff84e1dc3075d287e146f0cd7ef,rename,Standard rename,done
P2787.cpp,P2787.cpp,P2787,.cpp,,main,234568052b037b7f1efbbb9a9dd9c6049526b38d26c368318b4b452c9bc2cc31,keep,Main version (already correct),done
P2792.cpp,P2792.cpp,P2792,.cpp,,main,ba53fd8e326a5b334f127ba5e872fb908b7b4cc5cb444bf4ec6c8210a14c38ef,keep,Main version (already correct),done
P2797.cpp,P2797.cpp,P2797,.cpp,,main,db9854b76348803ce989039a74d09f14eddf67d11e76f4431dd0e9af9dae0263,keep,Main version (already correct),done
P2798.cpp,P2798.cpp,P2798,.cpp,,main,76b6e9387999ede8ad73d0be8ea26dd59c5d57486a750525cb1735acce5adf28,keep,Main version (already correct),done
P2800.c,P2800.c,P2800,.c,,main,3904e639adc475af2fe6eabe156dc5bc45712a72797174bee0e766def8f733b6,keep,Main version (already correct),done
P2800(2).c,P2800_v2.c,P2800,.c,2,v2,4a3a13e350fe505d50676c939e42bb069970cad1dd3af3052f24ea727c80d273,rename,Standard rename,done
P2801.cpp,P2801.cpp,P2801,.cpp,,main,49076d3898ccb1d2b8fc651f87bd27c34d1e2a600c80aeb2db92db0a430e8655,keep,Main version (already correct),done
P2801_2.cpp,P2801_v2.cpp,P2801,.cpp,2,v2,b44c36677423669411cbc721ed3d4034f09ec891faa1c7103c71e59430275416,rename,Standard rename,done
P2802.cpp,P2802.cpp,P2802,.cpp,,main,9e35d640e4f325ab5dfa193eb926eb2f8ba348169b0ff5b0d73c2dfce37a7752,keep,Main version (already correct),done
P2802(2).cpp,P2802_v2.cpp,P2802,.cpp,2,v2,5221dd63ad4b176764a45e37223958aeda3553d98da3bd67efae7890165bc316,rename,Standard rename,done
P2802.c,P2802.c,P2802,.c,,main,1359bb57e0bf6e11ce40d0651004ef1309d7598b1d15b3afc9e05c687b874ff3,keep,Main version (already correct),done
P2810.c,P2810.c,P2810,.c,,main,12a734f7c6e7ac9defb2867a6c2f013e7494b8d080daafe3e7910e21177b2550,keep,Main version (already correct),done
P2811.cpp,P2811.cpp,P2811,.cpp,,main,a9c5a41296fceabb6f7132d5e0ebbdbc380c277d8c55c09670d245b7d28023f2,keep,Main version (already correct),done
P2812.cpp,P2812.cpp,P2812,.cpp,,main,68780c6b0576b9799f47119112552351baeb254e36869d414f9b2783e9fbcd99,keep,Main version (already correct),done
P2813.c,P2813.c,P2813,.c,,main,0bceae7c298b7905c6ce4e64e7ca5b1e2a0834bec55b0b1d706b7b18321811b3,keep,Main version (already correct),done
P2814.cpp,P2814.cpp,P2814,.cpp,,main,8e1cc6d9db7b9d374864a59914740ec9d1b84a78dfd47d59e9502f5e43313321,keep,Main version (already correct),done
P2820.cpp,P2820.cpp,P2820,.cpp,,main,1f0cb80a4390b7a9df44c6e16bcf5104381720d2c5d41ea33689d2b8c110fa9c,keep,Main version (already correct),done
P2825.cpp,P2825.cpp,P2825,.cpp,,main,3fc72e60a64c03b3a54261e6ad6e2845033d6acf3c2a34bae258ce3d690f64ba,keep,Main version (already correct),done
P2836.cpp,P2836.cpp,P2836,.cpp,,main,357a856b574bf89abe48b9dfcacff6addb9707c92a0ed781827afd670c1d42b6,keep,Main version (already correct),done
P2837.c,P2837.c,P2837,.c,,main,caa0eb5b95bcd47203d7990e1b2a19291034d824c23583bfa1456c5f77f2f68f,keep,Main version (already correct),done
P2841.cpp,P2841.cpp,P2841,.cpp,,main,271ae8aab22af18336dc1599dce2309e18277dd8b6ad4e0fe554e112dc2b466e,keep,Main version (already correct),done
P2846.cpp,P2846.cpp,P2846,.cpp,,main,065533b11459c2a1b534a043279c0d82377534f7bbee37ba31feae6124f4f6f4,keep,Main version (already correct),done
P2853.cpp,P2853.cpp,P2853,.cpp,,main,e18b3366d3dbd367f666fe64c828d49c3b606b2d7286862056df64d2dc331a6c,keep,Main version (already correct),done
P2857.cpp,P2857.cpp,P2857,.cpp,,main,5128a5a0938ad9d51e696e14b94026f16a631fa8e6201560de6a73adefc54f6f,keep,Main version (already correct),done
P2858.c,P2858.c,P2858,.c,,main,77845c29e43675aab8838954d1dd5cd51eefec0c44749377e2c7756ddb95b113,keep,Main version (already correct),done
P2858(2).c,P2858_v2.c,P2858,.c,2,v2,287458ad56ab4970b6fe4199adc980d11ff8e1b0afc6de054660b91ff36958b8,rename,Standard rename,done
P2859.cpp,P2859.cpp,P2859,.cpp,,main,7eb70257593da06f682a3ddda54a9d260d4fc514f645237f5ca74b08f8da61a6,keep,Main version (already correct),done
P2860.cpp,P2860.cpp,P2860,.cpp,,main,d819bbdcfffdf7580fb2cb8d62ba6d9483fc043541cb000bb3019ac3d60c759e,keep,Main version (already correct),done
P2860(2).cpp,P2860_v2.cpp,P2860,.cpp,2,v2,db499183b1f01ee842fe3d503b6279750a2e8f31100a4eb5db2f527fe7d92ad6,rename,Standard rename,done
P2862.cpp,P2862.cpp,P2862,.cpp,,main,ba1d0f1b7e9e297dfcd118357d2dcdc4055389875617c617832b6dd37f93a3df,keep,Main version (already correct),done
P2862(2).cpp,P2862_v2.cpp,P2862,.cpp,2,v2,7c27be2f0ce8d2217dc1c0b990e6026abc581fa4c8fe04ca79778050c2f72de8,rename,Standard rename,done
P2863.cpp,P2863.cpp,P2863,.cpp,,main,f5c46e7ccba700a0e65ae072ee1dab9c5862e642b35c936308f0663da355904d,keep,Main version (already correct),done
P2865.cpp,P2865.cpp,P2865,.cpp,,main,4ae33b824b5670627860a001eb81eaf68337de188c1a0b5a9a176e122343363b,keep,Main version (already correct),done
P2866.cpp,P2866.cpp,P2866,.cpp,,main,7ab87d26c3789613c72014d61155be94852ecb923ef82066b1d4c489551c0c49,keep,Main version (already correct),done
P2868.cpp,P2868.cpp,P2868,.cpp,,main,3af7d368f47d3a129fbbc9f7f102af83482dbaff0d74e694855b67632fe6e379,keep,Main version (already correct),done
P2869.cpp,P2869.cpp,P2869,.cpp,,main,6c565bc4f49f9d5f285d04e9071168ca08ee11f0a9908d5b23158d0890dfdcd0,keep,Main version (already correct),done
P2871.c,P2871.c,P2871,.c,,main,0ba9016215fbc2e99de6981a95510b8102e8b3ff0a907963b9eb735bfeb2c652,keep,Main version (already correct),done
P2871(2).c,P2871_v2.c,P2871,.c,2,v2,a580d4e056ce8bb8ef52eff9c108cb6bf7dd996631aeaf5923cfdf3dedd5c182,rename,Standard rename,done
P2874.cpp,P2874.cpp,P2874,.cpp,,main,42e2d572ffd6e2396b7539aa6da02d9a853fafce4ae95f24393b3fd9f14534b7,keep,Main version (already correct),done
P2875.cpp,P2875.cpp,P2875,.cpp,,main,1cd74da6abbd8b07fdd907422128c4f6fb9f8cca94efc701934ddbaa480d0529,keep,Main version (already correct),done
P2876.cpp,P2876.cpp,P2876,.cpp,,main,404f91506db9c152d1d1360a8193c595ff964a199ab39ff93845f7e82d74fe1c,keep,Main version (already correct),done
P2878.c,P2878.c,P2878,.c,,main,11b1593ca4be733b5d3df0200e25ff46c246763a49bbeb1ef578639f4b4cce4b,keep,Main version (already correct),done
P2879.cpp,P2879.cpp,P2879,.cpp,,main,4b69396ad93e3f5d358776cb68cfd39b185463f76f621a2d816f471638244609,keep,Main version (already correct),done
P2880.cpp,P2880.cpp,P2880,.cpp,,main,6584d80a25fc31cdd7a4042cb7e57f1216258a1f5328c5fa3b2c2abbb4237814,keep,Main version (already correct),done
P2880(2).cpp,P2880_v2.cpp,P2880,.cpp,2,v2,84d58fda7d4da5e2139e0f5e7228af837cd0c13435b9782f4bb9424b3c17104a,rename,Standard rename,done
P2882.cpp,P2882.cpp,P2882,.cpp,,main,54ffc3ecc23750178ffa0da30173deceaa9e9aa1c5a537fa7082e98f92cef63a,keep,Main version (already correct),done
P2885.cpp,P2885.cpp,P2885,.cpp,,main,d20c4113f9e70afb43e50a08a2950cc0e624ef268a172fc7798ecb95514f41c9,keep,Main version (already correct),done
P2886.cpp,P2886.cpp,P2886,.cpp,,main,a713f2b439e5d0922c7b6cda631e8b22203033225fb9864f27f28a681f5408df,keep,Main version (already correct),done
P2887.c,P2887.c,P2887,.c,,main,0a699b87e6624ed3bfbaa9962e785590263b50b177370fce90b527a0da9ee948,keep,Main version (already correct),done
P2887(2).c,P2887_v2.c,P2887,.c,2,v2,7492a0855ff9d96815c0975a7831c311c9f06192c9d6791f535293a199a0dd60,rename,Standard rename,done
P2887.cpp,P2887.cpp,P2887,.cpp,,main,23257d8f32d788b4746c39ddb9c244a2474cec99bf93a17194d4cfc4ddec494c,keep,Main version (already correct),done
P2888.cpp,P2888.cpp,P2888,.cpp,,main,8e60a81e57ba00557b63884edd538e0054ca554205f76e6ca117e3b6356f1305,keep,Main version (already correct),done
P2889.c,P2889.c,P2889,.c,,main,67d367b7e52941a490fc9ebb0f8d640129dc1ce62c8a744320812d27de006808,keep,Main version (already correct),done
P2891.cpp,P2891.cpp,P2891,.cpp,,main,f395baeac4c6ec1ddfd1ffbb5694554d22227535ff3c44ef6f7c6e6c74e6874d,keep,Main version (already correct),done
P2895.cpp,P2895.cpp,P2895,.cpp,,main,68c12f710fa6f99374d9b8d5c6ce0aeb153e1f2c7b9431e0ab317c9f27e6f893,keep,Main version (already correct),done
P2896.cpp,P2896.cpp,P2896,.cpp,,main,296050a868b2bd95bc996dccd1f3a1c565a147ba80de3ee6e9017fed0b0a525d,keep,Main version (already correct),done
P2898.cpp,P2898.cpp,P2898,.cpp,,main,5348c9a9fd2e00d9ed7bec955334f61657e169ead786763b22ac18349d1754d4,keep,Main version (already correct),done
P2899.cpp,P2899.cpp,P2899,.cpp,,main,3e9f050d2f7fd6c3773089c050649587fa5710c6031e3521359d452ef92487c8,keep,Main version (already correct),done
P2902.c,P2902.c,P2902,.c,,main,74708dce8c9603215c6545fcb122c9e859998cbd069a08aeb92cc8972ec9758a,keep,Main version (already correct),done
P2904.c,P2904.c,P2904,.c,,main,f6539c98ba22ecdf6d0803654ef5e22c95ef46a7b82e18e562965ecb4c385ec2,keep,Main version (already correct),done
P2904(2).c,P2904_v2.c,P2904,.c,2,v2,2b13a4c4f7a0395837b55f669c503eb9347c92dfc30ffffb515772bcc7397e20,rename,Standard rename,done
P2906.cpp,P2906.cpp,P2906,.cpp,,main,be32b8e48eaa194cd416ebab2f99d4be5e8fc1bb6c91880c401c4a80a7e70cf0,keep,Main version (already correct),done
P2909.c,P2909.c,P2909,.c,,main,8be546c0123d5816ee16528829befc4851b3477edc82d6a3d933bb9d3eb8858b,keep,Main version (already correct),done
P2917.cpp,P2917.cpp,P2917,.cpp,,main,986edff4d5f49724ef394c29a41a7266405ecaaccb3cbdd5ac175a183ffda8ce,keep,Main version (already correct),done
P2919.cpp,P2919.cpp,P2919,.cpp,,main,b66b22217046e5db199ae57dbcdcaf17869b1d89342d8785fe606909368f1289,keep,Main version (already correct),done
P2920.c,P2920.c,P2920,.c,,main,5efefe854e6dcc9d475dda9293988dc9b6b44dc825bd34d0616d8992d0db6840,keep,Main version (already correct),done
P2921.cpp,P2921.cpp,P2921,.cpp,,main,e1f5c9d3caf48430775b4ae0beb1aaaba763784f49b8ea83a50bb58c17dbc27f,keep,Main version (already correct),done
P2922.cpp,P2922.cpp,P2922,.cpp,,main,18b3baebdcb8bb84a680a5ebfba13c965eec618eb4cd53c76732020f788851ee,keep,Main version (already correct),done
P2922(2).cpp,P2922_v2.cpp,P2922,.cpp,2,v2,9abc1e95293626eccb4cee7cbec30078196ed5170323fac46c8f464fa09e27a1,rename,Standard rename,done
P2925.c,P2925.c,P2925,.c,,main,3abac3550f9589baef077c68d3576ee1f36f67c42fa3ede98b8dbc02bb852a08,keep,Main version (already correct),done
P2925(2).c,P2925_v2.c,P2925,.c,2,v2,162f0f1249af91134eb7c8f3f50c40a606639e929b5ac683f3546910e224feaf,rename,Standard rename,done
P2935.cpp,P2935.cpp,P2935,.cpp,,main,ef72e4bc12a6391b5d8f0a3291fb3b52d63d79d9b2a270d84d919afcca597ba7,keep,Main version (already correct),done
P2937.cpp,P2937.cpp,P2937,.cpp,,main,134a74218d514eff64ffa129f96b06071e994e3210ea579b03aeb1d987dd2d03,keep,Main version (already correct),done
P2944.cpp,P2944.cpp,P2944,.cpp,,main,e609b4d5335d84467ddd28d0a3bbd5fb8e0172b0b217109126564c76587de9ef,keep,Main version (already correct),done
P2946.c,P2946.c,P2946,.c,,main,741f1cc47e2a71a2ebdd44f8a12d51585a36525ed1b00a175647e3b9534ef6cf,keep,Main version (already correct),done
P2946(2).c,P2946_v2.c,P2946,.c,2,v2,36fc67ffbb8a9b7271790f842863d18c814810e47ad6cc484fe91d5251b275e8,rename,Standard rename,done
P2947.cpp,P2947.cpp,P2947,.cpp,,main,1b53c9555da12bf44ee0cb0c26101774de0e9c622e5916e96c4ead00e81cb671,keep,Main version (already correct),done
P2949.cpp,P2949.cpp,P2949,.cpp,,main,6bd16cb5f22fe8febe73ba8b475bcb2d3d6397434f87439ae7e0449cb630913f,keep,Main version (already correct),done
P2950.cpp,P2950.cpp,P2950,.cpp,,main,fc1bbbec9f4b8cc320e206fb45fea85af3cd2024f6ec8d33f5f18379e4c3696a,keep,Main version (already correct),done
P2951.cpp,P2951.cpp,P2951,.cpp,,main,874ec2b109dd1240abe5f041e060c4a4100bdddcd838c2bd9277553cc2512f5f,keep,Main version (already correct),done
P2951(2).cpp,P2951_v2.cpp,P2951,.cpp,2,v2,f77ef4d7f3e1ac252c3808e7a483742f68cfe13a42e0b9d194d23a205844350d,rename,Standard rename,done
P2952.cpp,P2952.cpp,P2952,.cpp,,main,c7b1d3bb6a4c97daaa11c9c339e71573e25f0c80fb7c7d1f682a5f8cd7861e97,keep,Main version (already correct),done
P2953.cpp,P2953.cpp,P2953,.cpp,,main,d1dfa4e2acd5e13b8375902e77084ff7a553fbc10d968e5908ccfdbbe9e8c560,keep,Main version (already correct),done
P2964.cpp,P2964.cpp,P2964,.cpp,,main,8ecb31dc47c8b2fa8e7bbb363d2d13cff11691cd89bff3b69f824733983e77f4,keep,Main version (already correct),done
P2966.cpp,P2966.cpp,P2966,.cpp,,main,1b71a58da91a4736ad32903d70dba0422432e2df34fc18ef26d96bd12cb87d19,keep,Main version (already correct),done
P2970.c,P2970.c,P2970,.c,,main,45a3a69bea9394a3ab6d7d3bd91da5ad6ecd29a4c27cff093f1935592909bfd3,keep,Main version (already correct),done
P2979.cpp,P2979.cpp,P2979,.cpp,,main,20392e3577dad89189cc4f3242a4ec89adbd3408707df8733c040013734f810e,keep,Main version (already correct),done
P2983.c,P2983.c,P2983,.c,,main,8d85ac69c15b2cbfc0555d49224d4925c6a4ca4211e7fa8bb5ac9bbc91f2e3e9,keep,Main version (already correct),done
P2983(2).c,P2983_v2.c,P2983,.c,2,v2,2682d68e77c2221efac26edb484a16f4d0c25ccb7ee24ecf4575bea141745590,rename,Standard rename,done
P2984.cpp,P2984.cpp,P2984,.cpp,,main,de53c982aa5d596cb43e75ce0954c44bbfbfc008d9f9cd7ddec83a8b3e40b891,keep,Main version (already correct),done
P2985.c,P2985.c,P2985,.c,,main,9d950a5d150e374b88d6f756e4242ea96fd56796f2296c14fe4516612251a2d2,keep,Main version (already correct),done
P2994.c,P2994.c,P2994,.c,,main,1e66737716a7de4b4d2234cbd6a14e55f999fc4346b27dc56acb0d169758bfd0,keep,Main version (already correct),done
P3001.cpp,P3001.cpp,P3001,.cpp,,main,4fa6aeaa8b6380e4a43c9827181c3dc0b8001481b6e97e8640992bde113c70fc,keep,Main version (already correct),done
P3002.cpp,P3002.cpp,P3002,.cpp,,main,bea05dfe51a4cf25258536c534666d67915a8c6c68fce753ca4fcf834886923d,keep,Main version (already correct),done
P3003.cpp,P3003.cpp,P3003,.cpp,,main,ac4054c65fccf6bc7950302bf86dc4e0f57683c886d634f8efc96965525b5ae6,keep,Main version (already correct),done
P3004.cpp,P3004.cpp,P3004,.cpp,,main,af13a55723e9103bcd825e4bab30ccda9ab25fab6f8208190f52a83619050c8d,keep,Main version (already correct),done
P3006.cpp,P3006.cpp,P3006,.cpp,,main,c8247d9dbc247f7c66d006ec3252882e3f2431521ea83e8c4ca961946c285f52,keep,Main version (already correct),done
P3009.c,P3009.c,P3009,.c,,main,7fb3868a86d2a149988302943cbea80816b7b39209cec5e8edd2bb65ae37827b,keep,Main version (already correct),done
P3011.cpp,P3011.cpp,P3011,.cpp,,main,aef86775cb2443d846cd0bfdb73adf6c59cdc145243de06a2361fa342a46f591,keep,Main version (already correct),done
P3017.cpp,P3017.cpp,P3017,.cpp,,main,00ab238eabbc648efaee97e6f4ef3a4bfb24e02c181a0da9a8398520bdda0ae1,keep,Main version (already correct),done
P3020.cpp,P3020.cpp,P3020,.cpp,,main,9d4f5aec07e24f677828a30f56d1b62f962c3b677ed4742382a637e064929c6d,keep,Main version (already correct),done
P3022.cpp,P3022.cpp,P3022,.cpp,,main,f1884ef1bdf6f5b7b8d3c8e826eaa0bb3e146c743acbd68fcf678f35348d4514,keep,Main version (already correct),done
P3029.cpp,P3029.cpp,P3029,.cpp,,main,61935a86ff54bfc3dd5a2540655c72ccc4c702e0e35a1afb9581e6fed02fb7f7,keep,Main version (already correct),done
P3036.cpp,P3036.cpp,P3036,.cpp,,main,b34b8464b2ff2e4fd7bbd1e2b1aec6a8f3de29fcadcb700517384a8cb329e540,keep,Main version (already correct),done
P3037.cpp,P3037.cpp,P3037,.cpp,,main,5d425d91e56534b805e0a19916a475abc1f13b984ca11ccfffd4a601f4f8b7ea,keep,Main version (already correct),done
P3038.cpp,P3038.cpp,P3038,.cpp,,main,620e50dcd66880dc398a94d7df2abf2ee5a6e8db1bab585ba782a0234c6d7b9a,keep,Main version (already correct),done
P3041.cpp,P3041.cpp,P3041,.cpp,,main,6c1fde782393df4f210ee300e390b0e888e18ad20d7eba029bd4e2b56bfc93e9,keep,Main version (already correct),done
P3045.cpp,P3045.cpp,P3045,.cpp,,main,f6c67ea3234f73805db8369b5faca4fbe026f11fea35c72e05219912631b6725,keep,Main version (already correct),done
P3048.cpp,P3048.cpp,P3048,.cpp,,main,353388243d3d40261027c1eabf0389780819ee6d86710efb546180babc946d01,keep,Main version (already correct),done
P3052(2).cpp,P3052.cpp,P3052,.cpp,2,main,e6b929ea981cd68d147675fc1e065028555438e4f832bf09f8e8d0f5dbd83671,rename_to_main,Promoted to main (was version 2),done
P3052.c,P3052.c,P3052,.c,,main,d8e0f73fa6c819654c85829ef1725875369776b48db57ec647cc4446879c4623,keep,Main version (already correct),done
P3056.c,P3056.c,P3056,.c,,main,cc295e49cd7b417e2fc3291a11501f41c7ce665055d6ff01b02484bdb809b01d,keep,Main version (already correct),done
P3063.cpp,P3063.cpp,P3063,.cpp,,main,e55f0475a5fd777408669f07769e656d40d825028072d15f05899bcfcf0102db,keep,Main version (already correct),done
P3067.cpp,P3067.cpp,P3067,.cpp,,main,18674bb56a72a8d25f434853a6f7a8271ce59aa6a3e0918c5f7a34b3f81f9ee8,keep,Main version (already correct),done
P3068.cpp,P3068.cpp,P3068,.cpp,,main,f91cd0cd68235776838903879e0ec558297a3c4d55d9297d0294ceab8d3bc12a,keep,Main version (already correct),done
P3069.cpp,P3069.cpp,P3069,.cpp,,main,643e1b96740f7a7bfef79404b2e11c17b91237e370abc766103be8d62903a472,keep,Main version (already correct),done
P3070.cpp,P3070.cpp,P3070,.cpp,,main,dab985f0b792374af2ebd1cae9182dfe0b2729d4beb992918716212b78a9cb63,keep,Main version (already correct),done
P3070(2).cpp,P3070_v2.cpp,P3070,.cpp,2,v2,ef6a1251810861fdb8943de58c9dfae0ce9df051c62d68600709d5bb17e673e0,rename,Standard rename,done
P3072.cpp,P3072.cpp,P3072,.cpp,,main,b16f35c1e5f46284cf010c9bbe468af65fa75b45ca31c1bb307cbba634fbe5b6,keep,Main version (already correct),done
P3073.cpp,P3073.cpp,P3073,.cpp,,main,638c8af49a741c866fa8b5aa9d205abfd4172d9b72eb88833035f76b8b9f7a53,keep,Main version (already correct),done
P3074.cpp,P3074.cpp,P3074,.cpp,,main,7ce45e34444afcacd3adc286711aafb5ca8c89961ac07855beea8fdf13d6cee9,keep,Main version (already correct),done
P3074(2).cpp,P3074_v2.cpp,P3074,.cpp,2,v2,a934cb9d88aa2d067d0063d2c3af52dcc8728932ee355de9cfa1344cc8a109c5,rename,Standard rename,done
P3078.cpp,P3078.cpp,P3078,.cpp,,main,59211854cf90a5d11d052ccc3cfcaf52347bd2a309605603ef35567b934ca489,keep,Main version (already correct),done
P3084.cpp,P3084.cpp,P3084,.cpp,,main,60287a4525c950046c6f6236aba7bdb520c236e229acb8a95c5a5810bdc4255f,keep,Main version (already correct),done
P3085.cpp,P3085.cpp,P3085,.cpp,,main,6b004e7674a45cdd813c9a77031c5c53649301b998670accaf523332b8044623,keep,Main version (already correct),done
P3088.cpp,P3088.cpp,P3088,.cpp,,main,96e6f0c481e0b6838efe27f4feac885e87670d14d1eddee32eff0213d29f480e,keep,Main version (already correct),done
P3089.cpp,P3089.cpp,P3089,.cpp,,main,5351ef98a565f244981253f552e200fe72578a827e251091db4756e8b62feb5d,keep,Main version (already correct),done
P3090.c,P3090.c,P3090,.c,,main,37c7cf56b420f97257aee1ec4cd946aafdb0b3f85398dfbd2c0aed21653175fc,keep,Main version (already correct),done
P3090(2).c,P3090_v2.c,P3090,.c,2,v2,c132f21970e27c8faea2c58c0de4fe53f592cb0a05b50327ca8e073fef86e0b1,rename,Standard rename,done
P3092.cpp,P3092.cpp,P3092,.cpp,,main,c2fc9e66c774797ac637983b1714e2427bf64679bf914c3e1ec78dcd533b6e07,keep,Main version (already correct),done
P3093.c,P3093.c,P3093,.c,,main,2793d80f01170695ecf6f3f1934c2518c6834cba43366ce8bc50fb84ea7a3deb,keep,Main version (already correct),done
P3097.cpp,P3097.cpp,P3097,.cpp,,main,44e105958f8ebad449f6413192dc5160914101ab39f1dc0ac36918979864f4c1,keep,Main version (already correct),done
P3098.cpp,P3098.cpp,P3098,.cpp,,main,1a4f7cdf608475d5315780122dba8073f3301881a3822f99da749cfc37f3c0f1,keep,Main version (already correct),done
P3098(2).cpp,P3098_v2.cpp,P3098,.cpp,2,v2,6ad6998147fb93b6cae5dbe258ac03ef4e3509cdd473593f10f701a66f1602bc,rename,Standard rename,done
P3101.cpp,P3101.cpp,P3101,.cpp,,main,0159891b52b5130e40b301be9d9e7e7f5a3849b188c3d6a6e18576ffb68bd937,keep,Main version (already correct),done
P3104.cpp,P3104.cpp,P3104,.cpp,,main,a09edc0b2d773abdc39e4df22795f10249d222c36d74929b11513fe3a2d48aa3,keep,Main version (already correct),done
P3105.cpp,P3105.cpp,P3105,.cpp,,main,fa6e282560818375c773cc0abc3024fde0c415dd2de6a9ea51cb358fdce439e8,keep,Main version (already correct),done
P3106.cpp,P3106.cpp,P3106,.cpp,,main,573b15b18b3bf35f9250c6180ca92e808d422c9f50ca6223898ec991e120536b,keep,Main version (already correct),done
P3107.cpp,P3107.cpp,P3107,.cpp,,main,909e84ddf6dd133cdd25af51df123b827fd0fc041e6b8993554f49d4eb803e0c,keep,Main version (already correct),done
P3110.cpp,P3110.cpp,P3110,.cpp,,main,a15b6ff15416af4ea060e1c31e1752f2616590f3da154653904e86382c6cc52d,keep,Main version (already correct),done
P3111.cpp,P3111.cpp,P3111,.cpp,,main,9acc7e8ddf8520908eb8e4937cce5d75405480ccb7309ee85a9128b830d91d85,keep,Main version (already correct),done
P3112.cpp,P3112.cpp,P3112,.cpp,,main,08ba9405f6fc42edefb3374b7e9033c5a970a54d3b4f17c1a7288f48e6a41cfe,keep,Main version (already correct),done
P3113.cpp,P3113.cpp,P3113,.cpp,,main,94215b314364af9a47819dd4bca8e2761624215f2417e3f23df9c69606f5a17c,keep,Main version (already correct),done
P3115.cpp,P3115.cpp,P3115,.cpp,,main,5ef5f2caf34fab4fff37a837e0eaf025ee7fa5f90cdd64536c8c23d7a026f040,keep,Main version (already correct),done
P3117.cpp,P3117.cpp,P3117,.cpp,,main,87d65e1506bf2851e63b6db3c8653b694e3cdf4d4274c125c211c59e1d1b87ff,keep,Main version (already correct),done
P3118.cpp,P3118.cpp,P3118,.cpp,,main,1e5ed0c3de3dade421afd350ec1e95b73bf207c7b3837fb53b481946850337a3,keep,Main version (already correct),done
P3119.cpp,P3119.cpp,P3119,.cpp,,main,5693b05cde89f3fdae077345dc8b7b37eb69a05e9e1169f36004eb44d9964e91,keep,Main version (already correct),done
P3120.cpp,P3120.cpp,P3120,.cpp,,main,a56feda51b4726bffea93dd848b633d0a1cd3635e75331ca358aaddbff779cd2,keep,Main version (already correct),done
P3121.cpp,P3121.cpp,P3121,.cpp,,main,25f9f7e94dce8407f507c79014db02806224470cc9091414f9a5f7274801e70d,keep,Main version (already correct),done
P3125.cpp,P3125.cpp,P3125,.cpp,,main,6ab4535f686a9abe22137cc17d190fb0634dabe1b2962afae645147d2f9549d0,keep,Main version (already correct),done
P3127.cpp,P3127.cpp,P3127,.cpp,,main,c6ad762fc08157d69b49599ad00dc38c123d1afa83b73f65f50d58fa82d7e646,keep,Main version (already correct),done
P3130.cpp,P3130.cpp,P3130,.cpp,,main,3f6a2444bf0ce6989d49523554f771ae6f0d4b69f896678414531999df91a226,keep,Main version (already correct),done
P3132.cpp,P3132.cpp,P3132,.cpp,,main,72b26285af76fca05330e3b5e3a8655ceeaaac62f2e12fa530c509fec1ce132f,keep,Main version (already correct),done
P3133.cpp,P3133.cpp,P3133,.cpp,,main,c74a14959e61e63a62704ef462668b10cfc67f2c443ada87dc7d593487842bc3,keep,Main version (already correct),done
P3138.cpp,P3138.cpp,P3138,.cpp,,main,d5d626ca829ff70d4189a9ac5b99e29116c81f3fc0faef9b3e3318b2ebc798ab,keep,Main version (already correct),done
P3143.cpp,P3143.cpp,P3143,.cpp,,main,000e919fb9878356d9bd029a2101ff5906798cc139183d48a6dd116a7dd0b2a5,keep,Main version (already correct),done
P3144.c,P3144.c,P3144,.c,,main,7a772b594b7e704e460b1e07bdde0459bb2d3eb5bd0946386c77e70a89fb00d4,keep,Main version (already correct),done
P3144.cpp,P3144.cpp,P3144,.cpp,,main,a79629c613def5332580833e70ab8f8b2657ad69f13e0e869a62f9f20dfc21a0,keep,Main version (already correct),done
P3146.c,P3146.c,P3146,.c,,main,8e8d6d04bd00b31e05e65b086e73d076945a8262426fa1bb77f0e12f6d32d848,keep,Main version (already correct),done
P3146(2).c,P3146_v2.c,P3146,.c,2,v2,ad413f64dd92bde0cdac4fb4aba6da276f161b125df8ed2753151d04c6a66588,rename,Standard rename,done
P3147.cpp,P3147.cpp,P3147,.cpp,,main,7d2e37dae913d7fce4e3464e3c6327d46a2e36c0553f3454920958c169d87ea0,keep,Main version (already correct),done
P3150.c,P3150.c,P3150,.c,,main,be9dceb3262deb14de27f9f5cc4787594b21c9190f2bdd530186cc07a9085217,keep,Main version (already correct),done
P3153.cpp,P3153.cpp,P3153,.cpp,,main,9b7be22689312b30e7c61c564caae08eae29024b2ba0715f3d2d008438f12ed4,keep,Main version (already correct),done
P3154.cpp,P3154.cpp,P3154,.cpp,,main,0ca0128b37ae36f49da5e70fd65c4719ac4e20322c9bcd5b208ca1c464715cdf,keep,Main version (already correct),done
P3155.cpp,P3155.cpp,P3155,.cpp,,main,6325bd284b6ff120e064c8aa1a907c3cb42fc42cdd851160fa1139987542b73d,keep,Main version (already correct),done
P3156.cpp,P3156.cpp,P3156,.cpp,,main,f4d73a3e090bdd8640340aaac85795ed7124d8517c519cbffe2094a1d53117d7,keep,Main version (already correct),done
P3157.cpp,P3157.cpp,P3157,.cpp,,main,75a7ce63000eb47737a24ede5557ff4af9ccc5e2e7c9664b3146989dcff781ad,keep,Main version (already correct),done
P3157_2.cpp,P3157_v2.cpp,P3157,.cpp,2,v2,1327e4c2f63c07952926b7ccc3d30baad77766d17014127aac4c5588c4622794,rename,Standard rename,done
P3159.cpp,P3159.cpp,P3159,.cpp,,main,78055f41af5ba4bc7631a1c84e37bb6ce3a3223e2fdfcf65d266662e62dd1117,keep,Main version (already correct),done
P3159(2).cpp,P3159_v2.cpp,P3159,.cpp,2,v2,78055f41af5ba4bc7631a1c84e37bb6ce3a3223e2fdfcf65d266662e62dd1117,rename,Standard rename,done
P3160.cpp,P3160.cpp,P3160,.cpp,,main,8ebff13dcff03be7075a47f931401c20c8f9e89825889112f8290dc3b58fd5fb,keep,Main version (already correct),done
P3163.cpp,P3163.cpp,P3163,.cpp,,main,c3d7184c5649e532ad6a3ad4d50f721675e86afc605837fb52b3153a13ab52ae,keep,Main version (already correct),done
P3165.cpp,P3165.cpp,P3165,.cpp,,main,057b43d5b011d23a0a1735d02e82d4156773ae0aed7bb572509515753996f286,keep,Main version (already correct),done
P3167.cpp,P3167.cpp,P3167,.cpp,,main,0f99d303d96e908594ab6a889d6420a491162073eef2c4f1d2599edb90b89b4e,keep,Main version (already correct),done
P3171.cpp,P3171.cpp,P3171,.cpp,,main,6f2d655536c7a2adac459129e775ec0f828d698455fc0363cf0b323f29e51c6f,keep,Main version (already correct),done
P3173.cpp,P3173.cpp,P3173,.cpp,,main,2745cdac1b7d0358c4fc81b5f95926a2c5e00e54a5a01c6cc5924c2ee3b6a6bb,keep,Main version (already correct),done
P3177.cpp,P3177.cpp,P3177,.cpp,,main,800d3b4220b2a23c2c13b70d40c99f04240b4a8702d5879074d0981fad495553,keep,Main version (already correct),done
P3177(2).cpp,P3177_v2.cpp,P3177,.cpp,2,v2,4eb5c8c9750396e25f41ca592d6f136b00462e9c76b034e4a8626cf7660a4d58,rename,Standard rename,done
P3178.cpp,P3178.cpp,P3178,.cpp,,main,9020df5bd8344a7b0e75ea6258d8b62171bb6066a12b264f2fcc2f843f1eff6a,keep,Main version (already correct),done
P3181.cpp,P3181.cpp,P3181,.cpp,,main,9ec463a5f2750c500f67ac5eead2b4512b0f2d7522d0cf3d7587f2bfcc9bee3c,keep,Main version (already correct),done
P3183.c,P3183.c,P3183,.c,,main,c1b0096eed4c1c737329cc4541833deff196d8b2b771fa295a1b02650306ad53,keep,Main version (already correct),done
P3193.cpp,P3193.cpp,P3193,.cpp,,main,d931d743934a4ec752168c532e13738b3ac5228a5394848f5fc552ba56149830,keep,Main version (already correct),done
P3203.cpp,P3203.cpp,P3203,.cpp,,main,812620c8cee92ecbb08158078725801b587923ca9f6b68fdb549983a3a693875,keep,Main version (already correct),done
P3203_2.cpp,P3203_v2.cpp,P3203,.cpp,2,v2,d1540ef35dfa4c3fb1122581c73b4872a8f42d69f20cc40024fbabd07cfa4c3d,rename,Standard rename,done
P3203_3.cpp,P3203_v3.cpp,P3203,.cpp,3,v3,25a48f4f35b5228e0b2a51ab93915f8f889fd554754b42ca3ebc7b02ad6ce01a,rename,Standard rename,done
P3205.c,P3205.c,P3205,.c,,main,32272ed5333a4e649acf880009e8b4d77933e662f7fd575eacaf3b0f39934977,keep,Main version (already correct),done
P3205(2).c,P3205_v2.c,P3205,.c,2,v2,c3fd6136260f13c8ca89bdb10d25f65035eb56e83e846113e75dc1d7bd625bd5,rename,Standard rename,done
P3209.cpp,P3209.cpp,P3209,.cpp,,main,277de8a3742932c33a516ee9775adee54427a71f262fca26e54cd7b78b1f27c1,keep,Main version (already correct),done
P3215.cpp,P3215.cpp,P3215,.cpp,,main,cb90fd3dd605da8707ab2da1495ce503556ac59d9fa5c4e7fab21e455b8a0658,keep,Main version (already correct),done
P3216.cpp,P3216.cpp,P3216,.cpp,,main,ac0ac9080d9943f258c06c6eb244197b246c68944077ff4c80227903896ba515,keep,Main version (already correct),done
P3220.cpp,P3220.cpp,P3220,.cpp,,main,e1a1e9981123b8f96460d9891e982c360c0bf3849b9b66a0cbda0cbf96f64918,keep,Main version (already correct),done
P3223.cpp,P3223.cpp,P3223,.cpp,,main,6697ab03091f498eba0e06d15ae20e85d66cbe06d4ee5c03c882c0f4f16a134f,keep,Main version (already correct),done
P3223.py,P3223.py,P3223,.py,,main,8d2721224b2ef9e60c4fd4db86cf3f596692d40a92f6e23900e69f4367446021,keep,Main version (already correct),done
P3224.cpp,P3224.cpp,P3224,.cpp,,main,b31b4e398e944c295ca76d35960216fb3c7b9c1c20eb2b7a8e118f320b16718c,keep,Main version (already correct),done
P3225.cpp,P3225.cpp,P3225,.cpp,,main,4cf7823917725f21ac2ba87c9e149b745e49ab35ca97fe411d24b0f4672012b8,keep,Main version (already correct),done
P3227.cpp,P3227.cpp,P3227,.cpp,,main,72529d301f84bb05a2ecfde036a73ace15a1a3a469b4c4125d8b62783a55c37d,keep,Main version (already correct),done
P3230.cpp,P3230.cpp,P3230,.cpp,,main,d40d1c5576c1742c0e91dd47c34036619c9c6072435e41875a928cf4c64998e6,keep,Main version (already correct),done
P3233.cpp,P3233.cpp,P3233,.cpp,,main,25fb9b29dc761f7cb2a264a9a4c60fd2815c9b1f58375fd217b3274465ba551d,keep,Main version (already correct),done
P3237.cpp,P3237.cpp,P3237,.cpp,,main,d55e35a6226040b121abc5674ef96052ec4de113758c86767fc51bf6b278a3c8,keep,Main version (already correct),done
P3239.cpp,P3239.cpp,P3239,.cpp,,main,16797d0854afe9f1a194ad3a85736c6df53f2e2c040722a8388691c808afe250,keep,Main version (already correct),done
P3240.cpp,P3240.cpp,P3240,.cpp,,main,26c80a620ee46db644e5e3d1227fb4545aead0c68afd4beffaaff3ce8b5c22c9,keep,Main version (already correct),done
P3241.cpp,P3241.cpp,P3241,.cpp,,main,1917332082b3a127b3cce2c73b098f4792a6ea2ed58e029c1b24c135c5c660ea,keep,Main version (already correct),done
P3241(2).cpp,P3241_v2.cpp,P3241,.cpp,2,v2,0f15366644f614bc2d714738416818be9282ac3db33dff80877e4b0665fc7e05,rename,Standard rename,done
P3243.cpp,P3243.cpp,P3243,.cpp,,main,cc33cf1d9049a51ebf8342e2b9fb6d24f114d079473266920ce2bf334838ecfb,keep,Main version (already correct),done
P3243(2).cpp,P3243_v2.cpp,P3243,.cpp,2,v2,4df4abb2626f598a541faa1025f07df91ac5c0d6080102050ded8bbc5d1850f6,rename,Standard rename,done
P3245.cpp,P3245.cpp,P3245,.cpp,,main,2dde9ed55c87fd50b1e4d204e40437a71bdd2765d9d8112f2486cbcd7e2de28b,keep,Main version (already correct),done
P3246.cpp,P3246.cpp,P3246,.cpp,,main,691abdbc6014935325812f3a583f5c027cbd8fcc716446d3beb54c7904b623a1,keep,Main version (already correct),done
P3250.cpp,P3250.cpp,P3250,.cpp,,main,38ea058da8b4b4f82de71c2f72270bf4db83dbe889a7f52ec502deb424de3dab,keep,Main version (already correct),done
P3253.cpp,P3253.cpp,P3253,.cpp,,main,33880e6a6f82ab29beb353e5cb514cd1011fc727819b0495b184b1a052793ad8,keep,Main version (already correct),done
P3255.cpp,P3255.cpp,P3255,.cpp,,main,5b5de65b2846dff006850e1d8121656a6fa57e668c37b8d52ff260d77eb0e70f,keep,Main version (already correct),done
P3258.cpp,P3258.cpp,P3258,.cpp,,main,5ebd5fa92f07e14cb5c8433655e625e73fabf0bb6b4917edbcec58326cb24f0f,keep,Main version (already correct),done
P3262.cpp,P3262.cpp,P3262,.cpp,,main,58313bfc7562ad58e80a741cd04c51417e7448945e054dcfc60923a4e3f0363c,keep,Main version (already correct),done
P3263.cpp,P3263.cpp,P3263,.cpp,,main,2db137c2187940def885e017e62ada4f6e7b8c59bab7650585eb989ab217e63e,keep,Main version (already correct),done
P3270.cpp,P3270.cpp,P3270,.cpp,,main,a047cf811b92a3dcb216a3bf1343d8e212d070e36cda42c287839fd1c6f69f75,keep,Main version (already correct),done
P3273.cpp,P3273.cpp,P3273,.cpp,,main,e0f6d70d298495777b3a901255da529361ba491321af200732d041ddc9f17e54,keep,Main version (already correct),done
P3275.cpp,P3275.cpp,P3275,.cpp,,main,9857fd5fd35f933cb2afd77535f200cd3c2d0101cbcbcfd6b64d418fd2be44f4,keep,Main version (already correct),done
P3275(2).cpp,P3275_v2.cpp,P3275,.cpp,2,v2,367d5bb6bbfe1e4f2ab3c2ce27f12de027d303e0c18540fbe487af061d7518cb,rename,Standard rename,done
P3275(3).cpp,P3275_v3.cpp,P3275,.cpp,3,v3,4fb85693cde6d639b9f650c48286bdbab5d0727e71a5085b1cee570c661c7b39,rename,Standard rename,done
P3278.cpp,P3278.cpp,P3278,.cpp,,main,1acfbbe439c29126177419f55f430e48ec5bdc61ed74d17dde86fa656d511bae,keep,Main version (already correct),done
P3280.cpp,P3280.cpp,P3280,.cpp,,main,aa0a376146fba60b80e70866df9fd68578cadd0821ebe4df61ee367f3d87bd3c,keep,Main version (already correct),done
P3281.cpp,P3281.cpp,P3281,.cpp,,main,7a274ff6da0ea602f9d6c4271928acfa84b638f31c11a7f6a8f2e9cf188d3c83,keep,Main version (already correct),done
P3285.cpp,P3285.cpp,P3285,.cpp,,main,f2e6ab0539c4b5759020f4afc61aeed40a0daca9af5a3f85d9e5d31b30960858,keep,Main version (already correct),done
P3286.cpp,P3286.cpp,P3286,.cpp,,main,31e6e1781dd57accd034e37e64e6cd13e123c0a8ee8a083fcea7bd7e61df7b8d,keep,Main version (already correct),done
P3288.cpp,P3288.cpp,P3288,.cpp,,main,b8dbb4ee6d369e731ded69d1b0454ef6b73269dad8b64fdf93afeb8c09eebc51,keep,Main version (already correct),done
P3294.cpp,P3294.cpp,P3294,.cpp,,main,b783dd23a719b9fab4217d459660eb3eb28b695699bd6e5730ff49e4a79d9400,keep,Main version (already correct),done
P3295.cpp,P3295.cpp,P3295,.cpp,,main,623368a1ff823b2eab8df6f5fbb1cefae4e9868fe2ff83c9dc38f6c54cd75e29,keep,Main version (already correct),done
P3298_2.cpp,P3298.cpp,P3298,.cpp,2,main,815a8b1ad55b51fc57e2957c3b760046e07444ce10967938d394d53e6b6552e1,rename_to_main,Promoted to main (was version 2),done
P3303.cpp,P3303.cpp,P3303,.cpp,,main,2b98cd84f3835a02e8a4f70d676e09c7a0c81993b6386a4bd7ac808d3669a424,keep,Main version (already correct),done
P3305.cpp,P3305.cpp,P3305,.cpp,,main,5ae0323f105223aa315d1f5f2589e382c548f4d97e68981b24cbd22c873d0bcf,keep,Main version (already correct),done
P3306.cpp,P3306.cpp,P3306,.cpp,,main,b920d7fd81e43e72ba8742a038398edcb53cb91101a0873be3e03ca83c22f262,keep,Main version (already correct),done
P3312.cpp,P3312.cpp,P3312,.cpp,,main,923800d1f871a9384a3fb364b66824443155201aeb30827c08048de80a5e8e27,keep,Main version (already correct),done
P3313.cpp,P3313.cpp,P3313,.cpp,,main,85141a92bd10fe4e2b9e252a788efd9fc1e9bf7ff83ae94fc17435ec0c7f6bfa,keep,Main version (already correct),done
P3318.cpp,P3318.cpp,P3318,.cpp,,main,5c6e5f651c5f4d430e064cb9133663a688c813028a03a7409c9c5a84e7efc3fd,keep,Main version (already correct),done
P3320.cpp,P3320.cpp,P3320,.cpp,,main,e5508508902e1ef788727c5f6023082d9d16b07d8c0360ba986d6fe89c157dc2,keep,Main version (already correct),done
P3324.cpp,P3324.cpp,P3324,.cpp,,main,4c72c9a77a6e7302defed14c1a4584e377ac23d4adaad95006cbb9cf93b7c0d4,keep,Main version (already correct),done
P3327.cpp,P3327.cpp,P3327,.cpp,,main,2379729db1eb79a1d4cb7133620a98a215b032df4757d8df251971ce4fe84c28,keep,Main version (already correct),done
P3332.cpp,P3332.cpp,P3332,.cpp,,main,3cbed69a574c50a5d3a5413309812608dac0fbd0195a31bf47a573862a592cd8,keep,Main version (already correct),done
P3333.cpp,P3333.cpp,P3333,.cpp,,main,14081dbaae4bdd460c31d5a6ad2dbcafc4849b61b7dc12f9082098749cee0982,keep,Main version (already correct),done
P3345.cpp,P3345.cpp,P3345,.cpp,,main,71914d931d88b4f39bdc52b356f83c400160b34eb9b3ae2c5e11b0855f7dacac,keep,Main version (already correct),done
P3346.cpp,P3346.cpp,P3346,.cpp,,main,7cacef9c44a4767a60028f2b5e123f41b762edf79388f9d22130640fd6a10f06,keep,Main version (already correct),done
P3349.cpp,P3349.cpp,P3349,.cpp,,main,6687a5dc9432d732f4e144ed442914d8535103a1cb5bb2bd8f2bd3a5ac31f7e8,keep,Main version (already correct),done
P3353.c,P3353.c,P3353,.c,,main,19401714b07ee355f3a7311d240c90f132ba37ae83f20e2d285224049a8dfb13,keep,Main version (already correct),done
P3354.cpp,P3354.cpp,P3354,.cpp,,main,0605471a71fc39ee419f9989c29bcc9618c06a1c7a67f1a2c28d3ca296dbb6b0,keep,Main version (already correct),done
P3356.cpp,P3356.cpp,P3356,.cpp,,main,509caa7705595fca9f18a0afd3fc2b2f479713037f95ea3bbdacf85630e668cf,keep,Main version (already correct),done
P3358.cpp,P3358.cpp,P3358,.cpp,,main,162eb932a2b96c76d4f9a3e62a7a10ceba886635be45e1988ac62358bbc2ac24,keep,Main version (already correct),done
P3360.cpp,P3360.cpp,P3360,.cpp,,main,8c82b8ea2451f149ad83c04ab0e92e0ecce585231b2c67e81c1982bba38762d4,keep,Main version (already correct),done
P3362.cpp,P3362.cpp,P3362,.cpp,,main,62fa71cd5f9ffe696c2ab328c76ec642ba8bd7e3fe2880aeba7215cae27d5373,keep,Main version (already correct),done
P3364.cpp,P3364.cpp,P3364,.cpp,,main,d2402acf000d75f616795cd19554f193d518b4161f45003887489e79741802e0,keep,Main version (already correct),done
P3365.cpp,P3365.cpp,P3365,.cpp,,main,dd8720c764ed1e8e1c8e4418ce5f4915d8a9af3618e72694c09e357ad4e5a360,keep,Main version (already correct),done
P3367.c,P3367.c,P3367,.c,,main,900336aafc9c1d2b964791e3f7ad6ded39cbdb9d580f8673eec45c969662fd2b,keep,Main version (already correct),done
P3369_2.cpp,P3369.cpp,P3369,.cpp,2,main,794931e0df6fedfd3a65ee3bc7e9fef7b4274982ccfcd4840d9aaed35e4cc8ad,rename_to_main,Promoted to main (was version 2),done
P3370.cpp,P3370.cpp,P3370,.cpp,,main,e2daea6136a9b017955253dc73d2fc5209e481ca881420dbe51880489f318c52,keep,Main version (already correct),done
P3371.cpp,P3371.cpp,P3371,.cpp,,main,de02c41a82df91b574a28be32f9769e80c7501a4e62e15b16bff739977ed7c76,keep,Main version (already correct),done
P3375.cpp,P3375.cpp,P3375,.cpp,,main,ac63136de4564ea184f87501fa433d901642725e9b9fbcbfc96a6bcafd9fb14e,keep,Main version (already correct),done
P3375_4.cpp,P3375_v2.cpp,P3375,.cpp,4,v2,0ac4a1efb5f535cb8c60ff5e3095b132aceb9e03e6fc6951ee25736de4322eee,rename,Renumber from 4 to 2,done
P3376.cpp,P3376.cpp,P3376,.cpp,,main,080fa27cc0ba442cfd526546bfac17e220ec5f00f6c3e2781aec11063a6b3f8c,keep,Main version (already correct),done
P3380.cpp,P3380.cpp,P3380,.cpp,,main,29e29778df4e0a69292e1d8fcd87cabedb5f4cf4c514310486d7281867688497,keep,Main version (already correct),done
P3381.cpp,P3381.cpp,P3381,.cpp,,main,db651483a691c96cb91316525b9f08c6f5ac483652896409128824a379b999dd,keep,Main version (already correct),done
P3381(2).cpp,P3381_v2.cpp,P3381,.cpp,2,v2,531e802e58c5a777c06ab37353f81dd089dc743aa8b4e9d1e6fc6c6327442124,rename,Standard rename,done
P3381_3.cpp,P3381_v3.cpp,P3381,.cpp,3,v3,e051fdaa07d45a7878d7f84b67e0b13d14a86b53f328edaf3c5e800b3ea3f1ef,rename,Standard rename,done
P3382.cpp,P3382.cpp,P3382,.cpp,,main,ea29d56f8429637c29cad9ef37442aa41dabf2cb94770a421e64ffc6dd444653,keep,Main version (already correct),done
P3384.cpp,P3384.cpp,P3384,.cpp,,main,418105830a3b1a7d535d3db2da37ec3dbd09e3c7a5e17b3fe2441745bdfb261e,keep,Main version (already correct),done
P3384_2.cpp,P3384_v2.cpp,P3384,.cpp,2,v2,df831ecb4445b22395c0322f1b19d0d9b42f12dce90be7bee1e871cd974500e5,rename,Standard rename,done
P3386.cpp,P3386.cpp,P3386,.cpp,,main,15f3b97b7ae1f8defd0c26000aab27424793a6f47b225118d880951e0e3fdc15,keep,Main version (already correct),done
P3386(2).cpp,P3386_v2.cpp,P3386,.cpp,2,v2,437e64a8c5b21d333f6e85c3cb701755c1e5508764dfa19efa17fe464740dff6,rename,Standard rename,done
P3387.cpp,P3387.cpp,P3387,.cpp,,main,722ea4559bb23279fbd3f3ad191bb47bdebcf06ba85713bb5e332c1860a3e4b4,keep,Main version (already correct),done
P3390.cpp,P3390.cpp,P3390,.cpp,,main,82aa41a1bfb5ecca85992cd13d8a2356d409c3d6e9f757c37b5e4cadf4248fef,keep,Main version (already correct),done
P3393.cpp,P3393.cpp,P3393,.cpp,,main,4e2ccd029f86e29212660ce1c28308f6b496b29b031bb48d568f08454d1f58ad,keep,Main version (already correct),done
P3393(2).cpp,P3393_v2.cpp,P3393,.cpp,2,v2,87c13412904fbd1a5491fc7db162c30c045971fd41228b065bb73412762b9dfe,rename,Standard rename,done
P3395.cpp,P3395.cpp,P3395,.cpp,,main,71914fdd424e2c5f1d3f083217c35208f82f05f7d6e8e84390733c04b551b517,keep,Main version (already correct),done
P3395(2).cpp,P3395_v2.cpp,P3395,.cpp,2,v2,f66445774091c6f034fb370b2fe8d8293770cd78c265e2393e6154dcd7801584,rename,Standard rename,done
P3396.cpp,P3396.cpp,P3396,.cpp,,main,2e0d6c23549b55166e34c05b34cfeb998d67e5df23d385793d6f20ce18ed39b2,keep,Main version (already correct),done
P3396_2.cpp,P3396_v2.cpp,P3396,.cpp,2,v2,8fa317332665792660afd7df6879b3827876444eb9971c96db7161c89fcbca4e,rename,Standard rename,done
P3398.cpp,P3398.cpp,P3398,.cpp,,main,a1179eb7eba1fe7bb34a6a43da6e0a9062b646bf6c261dd6016f5e994b7f920e,keep,Main version (already correct),done
P3399.c,P3399.c,P3399,.c,,main,a833283955b6128f787dd0e7c8d2c49fda14007ee60610260cf9842e3fe288b5,keep,Main version (already correct),done
P3399(2).c,P3399_v2.c,P3399,.c,2,v2,2211c0fc3e7308a85f685c5c97bd0bdf7a0c5241c3299820c0ce206ae70ebd5c,rename,Standard rename,done
P3400.cpp,P3400.cpp,P3400,.cpp,,main,54e32756a12aad8d269d88b5fcfa1bc63a1fbe4376adecfce26852d9a36384bb,keep,Main version (already correct),done
P3401.cpp,P3401.cpp,P3401,.cpp,,main,e88349dfc836636616e86c055212ba30023f8f1cdf78e2862950201912b062bc,keep,Main version (already correct),done
P3402.cpp,P3402.cpp,P3402,.cpp,,main,12e1f7b36c1348e5391a8a5d58336ea6ba26fe1282a78414f23bd82a7dcb12de,keep,Main version (already correct),done
P3405.cpp,P3405.cpp,P3405,.cpp,,main,73acc2dc36d6ac24f9d4d7f47926e2665a0a78711e8e091389873f2052831289,keep,Main version (already correct),done
P3406.cpp,P3406.cpp,P3406,.cpp,,main,537df1118e227b2600bf3407a159ac36fe24c34a261314ae3d992ec226fa8eaf,keep,Main version (already correct),done
P3410.cpp,P3410.cpp,P3410,.cpp,,main,8b2ad63e871ba861f5dd73841468e738ae376ff568425d48c9bf4c98d48b8983,keep,Main version (already correct),done
P3412.cpp,P3412.cpp,P3412,.cpp,,main,ae58cf5d76673ca13a91712ff0e5b4d0a231131b040899464f9e2d7b3953f5d9,keep,Main version (already correct),done
P3420.cpp,P3420.cpp,P3420,.cpp,,main,b01f77b37161d5bb5738bbd984ee5f16e23ae427ef3d08b2a6b302af0efd0b4a,keep,Main version (already correct),done
P3422.cpp,P3422.cpp,P3422,.cpp,,main,f0b3fc89c519e036303fad454ae6200376fc1a41704ac60ba8d5d1a8433f6976,keep,Main version (already correct),done
P3425.cpp,P3425.cpp,P3425,.cpp,,main,a6a274652cab3d2f1914b5a232fad34b4a088d85512b875a08342c41594a46d1,keep,Main version (already correct),done
P3426.cpp,P3426.cpp,P3426,.cpp,,main,ebea361b5a266423cb72d6853d26864392dbe440e468cedbd79b44058878839f,keep,Main version (already correct),done
P3431.cpp,P3431.cpp,P3431,.cpp,,main,e01ac0dc92e6b40fca8e3ce51924057249f46bb17bf5f54b1183c1cdb2dfd971,keep,Main version (already correct),done
P3436.cpp,P3436.cpp,P3436,.cpp,,main,8000db30a9ce2c6c7405d08c3a12df9093375396a1905d38ca8756662455b9d7,keep,Main version (already correct),done
P3440.cpp,P3440.cpp,P3440,.cpp,,main,e6fa720cc5067fdf3bd28d61a55ce3efc03b8d3d7620bb8d0be8cf4f7e688b29,keep,Main version (already correct),done
P3441.cpp,P3441.cpp,P3441,.cpp,,main,aa36f4924978d9899845a88055de92dd0b10dc896cf3ea3de0d85c4e5f51316a,keep,Main version (already correct),done
P3444.cpp,P3444.cpp,P3444,.cpp,,main,1efe7e876a4afbedf03fca48ededd9c55f20f9f837a1d1c4f05073664bdc90f2,keep,Main version (already correct),done
P3447.cpp,P3447.cpp,P3447,.cpp,,main,837654a7f30e5944dc0e05dddad803c546cc29a39d2658def1202db61af39a0d,keep,Main version (already correct),done
P3449.cpp,P3449.cpp,P3449,.cpp,,main,4ce9b00e1beb98b12d20ac783173195cbcf8bb267a304d683952f766a0123529,keep,Main version (already correct),done
P3452.cpp,P3452.cpp,P3452,.cpp,,main,da7cef6a0ce38c65c861601bfa60da989d9f10e76c68d97a7b77574cdd531a34,keep,Main version (already correct),done
P3452(2).cpp,P3452_v2.cpp,P3452,.cpp,2,v2,8866ec1b18453a3f8f0a13805e4e114b3ee14adc9eb5eb145fce157e55646236,rename,Standard rename,done
P3455.cpp,P3455.cpp,P3455,.cpp,,main,c8e4feeae7a50f3258e5009588d0ba36e6b69bae4a46011af9ebd03f70f748f9,keep,Main version (already correct),done
P3457.cpp,P3457.cpp,P3457,.cpp,,main,9e2ba4507a14d94f7d3a7e288a81ee55dc6888afab13c66e22610be568517f98,keep,Main version (already correct),done
P3459.cpp,P3459.cpp,P3459,.cpp,,main,822f10a53e4cf58670762d0846913ea8d71a615cd682be6eca164010ba5f4ca6,keep,Main version (already correct),done
P3460.cpp,P3460.cpp,P3460,.cpp,,main,904f090557c6d1a135ab005d6f47b16dae2ae81726cf8bf96fb8b2fc60c87d67,keep,Main version (already correct),done
P3465.cpp,P3465.cpp,P3465,.cpp,,main,0e8c5c450cd0e2029bef3c6d6760d7288a8063ba9c76c91698b2e6ff9641b0ae,keep,Main version (already correct),done
P3466.cpp,P3466.cpp,P3466,.cpp,,main,d5030eb5e7427fe82490e24390d13b6def6183c26bfddb157142b4d4f067952e,keep,Main version (already correct),done
P3467.cpp,P3467.cpp,P3467,.cpp,,main,b7e1a5f1963979ff01410da23e34d26c55599dc2270c5874dc9ef14f5d4d9fbd,keep,Main version (already correct),done
P3467(2).cpp,P3467_v2.cpp,P3467,.cpp,2,v2,762a86f7d24157cc512c1bee0ac762b96187dfd2c408166e2ddae8c3082d1622,rename,Standard rename,done
P3469.cpp,P3469.cpp,P3469,.cpp,,main,f60efc4f5de5e16a71bc6b9dea713deecbf1622337dcfa27412c54c41bfca692,keep,Main version (already correct),done
P3471.cpp,P3471.cpp,P3471,.cpp,,main,1e59ff9a8093616b76f3b121e08efad773a1aa59a8475b03e2b4da1b74898352,keep,Main version (already correct),done
P3472.cpp,P3472.cpp,P3472,.cpp,,main,233d4a7afd3e6d2eaab63ce9957d5fbcd8ec63ec26e400038df04de1954a85e0,keep,Main version (already correct),done
P3472_2.cpp,P3472_v2.cpp,P3472,.cpp,2,v2,8b3c9190819ade72bec26903e0008855ccdbe1b234484d8f55dc3578fb6d3ce9,rename,Standard rename,done
P3474.cpp,P3474.cpp,P3474,.cpp,,main,136623ab47e121fd493d09b4d84319c8ec0e5afcb107decfe556a26f1fdb25ec,keep,Main version (already correct),done
P3474(2).cpp,P3474_v2.cpp,P3474,.cpp,2,v2,794409e5645dcae1cf0d0e9a106875367affebcf41714d7a9711874da2fbb142,rename,Standard rename,done
P3475.cpp,P3475.cpp,P3475,.cpp,,main,e8f9e617e9ecd76f05d204ae8b9b589f1a6378a3b98216a2402f2a4798fc2b80,keep,Main version (already correct),done
P3480.cpp,P3480.cpp,P3480,.cpp,,main,ccd7a72d011cf22c14877168dd181eba9eb99234b88e3ba8d18b7ef1353fd3c0,keep,Main version (already correct),done
P3486.cpp,P3486.cpp,P3486,.cpp,,main,d64a2bbc888d0d647f335072605a314b8de3fda014624fe37f52b4afa80e767f,keep,Main version (already correct),done
P3487.cpp,P3487.cpp,P3487,.cpp,,main,3a24bf01b51c6ae485d4d7437b24f3625c93f983a7fd21433352a66cf2cbb682,keep,Main version (already correct),done
P3488.cpp,P3488.cpp,P3488,.cpp,,main,e5974c5654ac2d1aff2b59864030717ad591dc5998c1a954fee500e14cc64660,keep,Main version (already correct),done
P3489.cpp,P3489.cpp,P3489,.cpp,,main,dfbcba8e4096a3f8f148521537676e4726764ebcfda173fb29ee3fae8d9ccd40,keep,Main version (already correct),done
P3496.cpp,P3496.cpp,P3496,.cpp,,main,da8d5f37eaadd64594b8bd7a790d8e7ff1e6a24fd5cd532675eb943ecd171141,keep,Main version (already correct),done
P3496(2).cpp,P3496_v2.cpp,P3496,.cpp,2,v2,7eb70257593da06f682a3ddda54a9d260d4fc514f645237f5ca74b08f8da61a6,rename,Standard rename,done
P3497.cpp,P3497.cpp,P3497,.cpp,,main,2dbdef5f294d990de670647dbda7a8a451b1f9deffd7d48ea00045377635a1a9,keep,Main version (already correct),done
P3498.cpp,P3498.cpp,P3498,.cpp,,main,342d77526940efdde5ff9d2ea0c6b028c307570108b0b9aec59124755f9df366,keep,Main version (already correct),done
P3500.cpp,P3500.cpp,P3500,.cpp,,main,40071f4cd6c0d2f6c52e0e603c1610dcd5dbc3590e90536e79ddc24a9807aa8d,keep,Main version (already correct),done
P3501.cpp,P3501.cpp,P3501,.cpp,,main,6f1ed423e046289557280921b43e1bf86634c2e65c5c277f5a6a9de0b6d57e3b,keep,Main version (already correct),done
P3503.cpp,P3503.cpp,P3503,.cpp,,main,62f7c8c198cb077c0465d5216c24ff00adfcf4f47c9d613be4ad11a0f822d3bf,keep,Main version (already correct),done
P3506.cpp,P3506.cpp,P3506,.cpp,,main,8c26bb0ad7acce2b3116ab26b623f4ee71dd268fc7870edd1cac915ca3149f9c,keep,Main version (already correct),done
P3507.cpp,P3507.cpp,P3507,.cpp,,main,d9986e9ff7be25a4d6815c88a72025990ce1306cefccee995d57e0b355fe0225,keep,Main version (already correct),done
P3509.cpp,P3509.cpp,P3509,.cpp,,main,427f23743d269cba66417c6961002695715ec94c9d8eaf77e784022a4e70e478,keep,Main version (already correct),done
P3509(2).cpp,P3509_v2.cpp,P3509,.cpp,2,v2,4d1f32aeb7ba5f8448ef5c94fdf7f73a34bb8df71b3cbdafebab7825054df11f,rename,Standard rename,done
P3512.cpp,P3512.cpp,P3512,.cpp,,main,5da9ed1c7cceab1a8688d5101d5f8060ff83fb3d888fda57eb718024e366e172,keep,Main version (already correct),done
P3512(2).cpp,P3512_v2.cpp,P3512,.cpp,2,v2,e58ae42f537be2574791e772bde937cc41c4a04d1b68762b4838fda5e856b66f,rename,Standard rename,done
P3513.cpp,P3513.cpp,P3513,.cpp,,main,dee118a1e30c163ca323a6892ee9d78878a183943bd2c62d808ad2d621a4838d,keep,Main version (already correct),done
P3520.cpp,P3520.cpp,P3520,.cpp,,main,a51708b08aa0c6a7760327b6c062d2dd476328e1277ff3ed5bb7029834783755,keep,Main version (already correct),done
P3521.cpp,P3521.cpp,P3521,.cpp,,main,a8f39d39b0c910c892baf01c4da87cbb6ba2eea13f89c599ca58f7fd96d60e03,keep,Main version (already correct),done
P3522.cpp,P3522.cpp,P3522,.cpp,,main,42e76653eeab1efc8f9b5e86b02974e8d20c3733a231e15e4d37a2ccb6ecad6f,keep,Main version (already correct),done
P3523.cpp,P3523.cpp,P3523,.cpp,,main,def3bbb1b0f94466c4ed59dbba708f76a8a35cf0042d95c237e0989753f40804,keep,Main version (already correct),done
P3530.cpp,P3530.cpp,P3530,.cpp,,main,3bf50a13e90e71f593fba111043cbc5b1c2f8b4e37d800eb2631a9852c58e195,keep,Main version (already correct),done
P3531.cpp,P3531.cpp,P3531,.cpp,,main,5dad70a3cff03bd3b0f70102adae3759376a73876861e380c822631b4b8ed6ca,keep,Main version (already correct),done
P3534.cpp,P3534.cpp,P3534,.cpp,,main,af24927fc8299dea34923a00b12e06d3645e74fcf6d61dc2488fc17fe3d73bd8,keep,Main version (already correct),done
P3535.cpp,P3535.cpp,P3535,.cpp,,main,f35dcde4246c8cf7ad1855b8f7ca4699b52e944e89fbc705737ce6cffd0be324,keep,Main version (already correct),done
P3537.cpp,P3537.cpp,P3537,.cpp,,main,5ddd9af3e1793dc6bdd9e2154764f7a0632ebae3bd17eeb0a20b25043bae9155,keep,Main version (already correct),done
P3540.cpp,P3540.cpp,P3540,.cpp,,main,c7e85933faabb5d43defac5d455710afefc3b0d5ab569103f6cc701991e6b025,keep,Main version (already correct),done
P3546.cpp,P3546.cpp,P3546,.cpp,,main,d0f540b97015f6d2346b1668138fcd4dd6fa4fa77d3f6addda75161af3cd2399,keep,Main version (already correct),done
P3552.cpp,P3552.cpp,P3552,.cpp,,main,849ac974ec905095206768de2991d5d81088f59497dd0852585d6690d0f738ac,keep,Main version (already correct),done
P3552_2.cpp,P3552_v2.cpp,P3552,.cpp,2,v2,29c97c1f539f80703ed5f8099eec3795e853f781fc4d3a5d19c4c9b6c1bd6691,rename,Standard rename,done
P3554.cpp,P3554.cpp,P3554,.cpp,,main,6f41d884ccf01e12977c5528c5bfaedc54e566f0586d99be92e39c8844ab723c,keep,Main version (already correct),done
P3554(2).cpp,P3554_v2.cpp,P3554,.cpp,2,v2,92fcfc065d620764267bacfbbcb430dc1e69626f8daeee3e747fe99ce4a73f72,rename,Standard rename,done
P3556.cpp,P3556.cpp,P3556,.cpp,,main,56a8b4ed2fa31507ad35e43444c1d9f68d7d324103a28d44b6cb2bab4af0ac52,keep,Main version (already correct),done
P3558.c,P3558.c,P3558,.c,,main,06da49209acd32df687294f3298af5ab6eb7f408a2ff019eef2220d4750478be,keep,Main version (already correct),done
P3558(2).c,P3558_v2.c,P3558,.c,2,v2,f7b592b67b7968c052ebe86a517b40036501673432a93c7647e5c53198634273,rename,Standard rename,done
P3563.cpp,P3563.cpp,P3563,.cpp,,main,b09125b9fcfcc1fd244f0d98157d6fdf7d37c858b8c34286643b8effb77c4dcf,keep,Main version (already correct),done
P3564.cpp,P3564.cpp,P3564,.cpp,,main,aed1a19e9c2e615c7414cd1a37e8578dda2bcfb32e3b8304000a73ee00b928b7,keep,Main version (already correct),done
P3567.cpp,P3567.cpp,P3567,.cpp,,main,45cd788a4f9936acb41d4d92988ca16d45599df47148bf6dcc9faa5245f416fc,keep,Main version (already correct),done
P3570.cpp,P3570.cpp,P3570,.cpp,,main,d38112f6f86ec577c63204eec0b1d733cdd670386970c67941431347d0e69641,keep,Main version (already correct),done
P3572.cpp,P3572.cpp,P3572,.cpp,,main,c5b17fe96fdedfe364dd25ee2d0b378af0a375542c4d3466332b91f009e02313,keep,Main version (already correct),done
P3573.cpp,P3573.cpp,P3573,.cpp,,main,949c38750ef54d150de834860a02da0f1d6fa6424d96a8bf45746c8824be3dbd,keep,Main version (already correct),done
P3574.cpp,P3574.cpp,P3574,.cpp,,main,3a8ad6e2633f1723092c3fada30e0910d642b1aeea8d256f54498e05d7188a32,keep,Main version (already correct),done
P3576.cpp,P3576.cpp,P3576,.cpp,,main,88c26d69d24c34051cbfc5929dde1aab6cc7050b175f53ac32b7e3a01ba94727,keep,Main version (already correct),done
P3580.cpp,P3580.cpp,P3580,.cpp,,main,655a28c00898c75146f62b2ccb12fbd4417fed3e49e99a45879425c587d62237,keep,Main version (already correct),done
P3582.cpp,P3582.cpp,P3582,.cpp,,main,65ee14d7309c92c030a1eea4699ac00b707c76a7e52467a53477b904c1dd8c6b,keep,Main version (already correct),done
P3584.cpp,P3584.cpp,P3584,.cpp,,main,a4c7611e1826014eefcc4f1bfd555f1295b0f7d579aaaf64c67e47aa84825798,keep,Main version (already correct),done
P3586.cpp,P3586.cpp,P3586,.cpp,,main,3c74b43b6c74e078dfe5e01b10bb20f3485678f6eebee7bbc1b54487fe247997,keep,Main version (already correct),done
P3587.cpp,P3587.cpp,P3587,.cpp,,main,e976af0daa47a1ffa9c95f06d4a3f7ba6497589d2a114dac810786dfd597f765,keep,Main version (already correct),done
P3588.cpp,P3588.cpp,P3588,.cpp,,main,c5d8a2e12ea6ee4fd6ff904847138a0c3ea03bf313cc92e7bf5f538ac24dc7be,keep,Main version (already correct),done
P3590.cpp,P3590.cpp,P3590,.cpp,,main,dafd85ef733235faab66b252bd4b71e4028ac99f878a6f8e48bd1b13365606e5,keep,Main version (already correct),done
P3591.cpp,P3591.cpp,P3591,.cpp,,main,40b4326da6297a137b57c2a8b29f1bed6b6d88dfaf8d79fb53180a73418f0a2f,keep,Main version (already correct),done
P3592.cpp,P3592.cpp,P3592,.cpp,,main,9f407a567379d7302d50eeefa0e1bc051fef92d8fc677c9f032297dc59b3cce5,keep,Main version (already correct),done
P3594.cpp,P3594.cpp,P3594,.cpp,,main,c5091b682e94e1774ff07b21e7b0e668b8d51f1f113af350fc84f8d70db28087,keep,Main version (already correct),done
P3601.cpp,P3601.cpp,P3601,.cpp,,main,5571f6f561703b5f638ab8b82f6bd0d994c77e48457c80a42158068b9499ade7,keep,Main version (already correct),done
P3603.cpp,P3603.cpp,P3603,.cpp,,main,c529914455f273f92779bf9033b004bce05dca9bb9a015269711ce51821d9f4e,keep,Main version (already correct),done
P3603(2).cpp,P3603_v2.cpp,P3603,.cpp,2,v2,b20e019ac5a632c1210421ead5d3a1c5d1a6971906f163aaab110e93f89a16c8,rename,Standard rename,done
P3603_2.cpp,P3603_v3.cpp,P3603,.cpp,2,v3,9d6f1863fbb2a3a4889af802cf03eda107c60e2aa50beba4cf816c8361ddc1c9,rename,"Conflict resolved: (2)->v2, _2->v3",done
P3604.cpp,P3604.cpp,P3604,.cpp,,main,483fe481fe9fffe9cb86262073c118367d0937495843f9fca51c9f4f768133a3,keep,Main version (already correct),done
P3605.cpp,P3605.cpp,P3605,.cpp,,main,08a2725c1e5750b73365d440656ef25567bf7f2257833c10723fdb103581ff3f,keep,Main version (already correct),done
P3605(2).cpp,P3605_v2.cpp,P3605,.cpp,2,v2,331fddb5dabe49d775d254e8091d4fcc3198f6407332ece36f6ac07f470c9409,rename,Standard rename,done
P3605_2.cpp,P3605_v3.cpp,P3605,.cpp,2,v3,87a070d19cb670dac6fa59a4e32aafff01d2fc25f45df8b4488bc76ad163da26,rename,"Conflict resolved: (2)->v2, _2->v3",done
P3606.cpp,P3606.cpp,P3606,.cpp,,main,a56fbacc744f45ea3df4433a3a2331ccf684dc4c9c7e09a3bcf73f8d4aec51cb,keep,Main version (already correct),done
P3608.cpp,P3608.cpp,P3608,.cpp,,main,d3147eb6a7259b886c561e0de617f3714d2ae3657b9a3f890355ca207d42b38c,keep,Main version (already correct),done
P3611.cpp,P3611.cpp,P3611,.cpp,,main,b6b38ded1d3b0558cb1ba81fb9e9379f6a05adbdc4c864802d6ecc1e7719cecc,keep,Main version (already correct),done
P3613.cpp,P3613.cpp,P3613,.cpp,,main,5674fb2b388c31c75c57fb553b3432ba07daa83ae2c41f24c441ea484951e54b,keep,Main version (already correct),done
P3613(2).cpp,P3613_v2.cpp,P3613,.cpp,2,v2,355679fa578ad03590c0b93d588ccb39f3e2fd9d52d069f51ffa5a8b025ff092,rename,Standard rename,done
P3615.cpp,P3615.cpp,P3615,.cpp,,main,aaf11597144f4bbae4985ec4514cd859d64fe2014f96f3a8174e5d577978b6ab,keep,Main version (already correct),done
P3616.cpp,P3616.cpp,P3616,.cpp,,main,c54451cadb4863dddf5fec00a5110d2458637a5aa605b83b4594e1a4f84c5286,keep,Main version (already correct),done
P3618.cpp,P3618.cpp,P3618,.cpp,,main,a2a9caa31c71dfc8fa1642a8c6f2367ad683d1bd2ab77f7b48450623274e9afe,keep,Main version (already correct),done
P3619.c,P3619.c,P3619,.c,,main,b16507013ab28b1def4c19be7ed2ef5377d10a2bc2bdaba70862a490d4361f52,keep,Main version (already correct),done
P3619(2).c,P3619_v2.c,P3619,.c,2,v2,cc5765c57a150bb2c9cce8dba51055986737be84d3f326d8df60f08bdef2de54,rename,Standard rename,done
P3623.cpp,P3623.cpp,P3623,.cpp,,main,0ee71497355a79eed2ebdc36b02233da2d14d19b9b3af8ef4c12f1a56b7185cc,keep,Main version (already correct),done
P3625.c,P3625.c,P3625,.c,,main,4e64d1173a26bded7ace2047f7db69d4ead73dc471dd576fcdeb4a4a352edd24,keep,Main version (already correct),done
P3625.cpp,P3625.cpp,P3625,.cpp,,main,bb8b9607b04f0eec647fe6693a99108bc475570a15873afd9082335b4d6ef22a,keep,Main version (already correct),done
P3627.cpp,P3627.cpp,P3627,.cpp,,main,bced67de8fbc9cd499b3606c762f29242abf4c1e59ec6458f27f6b8f3e67563c,keep,Main version (already correct),done
P3628.c,P3628.c,P3628,.c,,main,82980be291b6ba4d4a765e62153af90d90172d6d2b14da1b3419f29f72163be3,keep,Main version (already correct),done
P3631.cpp,P3631.cpp,P3631,.cpp,,main,b8af5f5ea0902db9619e8961c87ec59f74a8d803e73bddd91f38a3a5839566d9,keep,Main version (already correct),done
P3635.c,P3635.c,P3635,.c,,main,22608934874f942e3a331abb8a98df0abf7f08119f3f1e07fb69445b1096b8db,keep,Main version (already correct),done
P3636.c,P3636.c,P3636,.c,,main,e1a3c123e3ffb1f2b1b4151591c38690b518949a1948c43e65945a0d51ae754b,keep,Main version (already correct),done
P3639.cpp,P3639.cpp,P3639,.cpp,,main,34e04dfab19990829d3aed486f18a360943bf818bc0374c5ea3c1a0c1229e37a,keep,Main version (already correct),done
P3639_2.cpp,P3639_v2.cpp,P3639,.cpp,2,v2,172e837651309944e5d9c7ba4cd194862f5dec7dd86127e1bb3425547dc86a92,rename,Standard rename,done
P3643.cpp,P3643.cpp,P3643,.cpp,,main,bc8992ba90fad77b3b4cf65a5de5c49ceef5afc24f20d2bbe0b41f5b6018b84a,keep,Main version (already correct),done
P3644.cpp,P3644.cpp,P3644,.cpp,,main,b9801373acfbe3bb6e25bb63584affbe1b6d45cf4123a9329fd2e4e81312fd4d,keep,Main version (already correct),done
P3645.cpp,P3645.cpp,P3645,.cpp,,main,a330837d6a5a252f771c2c9ed0d52a8d99d55086807f3677f0790085e25c79ed,keep,Main version (already correct),done
P3647.cpp,P3647.cpp,P3647,.cpp,,main,f95db391ba91ada10c1b8685042fa03dcfb26e5ce9614615467e580ff967cb46,keep,Main version (already correct),done
P3649.cpp,P3649.cpp,P3649,.cpp,,main,f59c2c021b3c5928c1f067629e3ec150130e1ace3f232bac8690ddef717c1f37,keep,Main version (already correct),done
P3650.c,P3650.c,P3650,.c,,main,2040f21a5d9e1248a6b645663c3370b5419f336c7b90350464ef778a05fad150,keep,Main version (already correct),done
P3655.cpp,P3655.cpp,P3655,.cpp,,main,6e1a7c45df9db4b1fb63c4165b85627f47e8455c16ff8ba20319a16af6d7d45b,keep,Main version (already correct),done
P3656.cpp,P3656.cpp,P3656,.cpp,,main,db9977955eb369950f55f00a0a21c7cb2809a89b0ebb9d9b704d7afe26fedc78,keep,Main version (already correct),done
P3657.cpp,P3657.cpp,P3657,.cpp,,main,d6700f8eb58554937437d47962aa1af9359f95a9fdac3efa0115727bd9e88936,keep,Main version (already correct),done
P3658.cpp,P3658.cpp,P3658,.cpp,,main,db19b085e9e242fc269ab8823e3f9a55f56e45824b63653267ad6d3688480716,keep,Main version (already correct),done
P3659.cpp,P3659.cpp,P3659,.cpp,,main,c5505f21927db0e838cf3088f073a305516d1aa157088a7a7bf56cd5e50d3b6c,keep,Main version (already correct),done
P3660.cpp,P3660.cpp,P3660,.cpp,,main,0d2a4c72188bb8b9024f2ba43c9e6b150d59f27fff5addb9fe1c165d94f6c82a,keep,Main version (already correct),done
P3662.cpp,P3662.cpp,P3662,.cpp,,main,5a44ca5ca31f0f456a8bbf7a0c6c0f982f94294194f3be4e282224ca3f9364ca,keep,Main version (already correct),done
P3663.cpp,P3663.cpp,P3663,.cpp,,main,6def6923e09a0fe395c71afeab68f79c132739e49acce2075d9b66728337fc5e,keep,Main version (already correct),done
P3665.cpp,P3665.cpp,P3665,.cpp,,main,7964ce354584af786bf7617f207f449b0ec9e36cbffedf0e5440adb5dbfa5cd4,keep,Main version (already correct),done
P3679.cpp,P3679.cpp,P3679,.cpp,,main,8f49b8319ebecf9a2bf797c0dcaae3bcc3a8a3b7039cc3bbb3dec74027e7c3ae,keep,Main version (already correct),done
P3684.cpp,P3684.cpp,P3684,.cpp,,main,7f164255596699dc70437ba7b4266d0b62900629d654aeafc292817e63c67d85,keep,Main version (already correct),done
P3686.cpp,P3686.cpp,P3686,.cpp,,main,d2effe94ac9ee2311d6ba47c6e43cd2cb27cf9ac63a2a4e7187e13745e11f5b2,keep,Main version (already correct),done
P3690.cpp,P3690.cpp,P3690,.cpp,,main,ae4b86d64316dc00a8cff089c8b3be972cb2e0982421e594bf60f0d6dca8f620,keep,Main version (already correct),done
P3691.c,P3691.c,P3691,.c,,main,5a1970f6f4d448295884eb33fb2ee379dbdb855ddcc8a35610061ca1d8e0b9ca,keep,Main version (already correct),done
P3705.cpp,P3705.cpp,P3705,.cpp,,main,4e3e92bcfe69965933184da4e7314dc9bdd2d4f167736f4041ad6b1864a001fc,keep,Main version (already correct),done
P3707.cpp,P3707.cpp,P3707,.cpp,,main,8fa0b973795675e262cf9c09d11815b49d5b6daa25d128d085f087c9252b1c0c,keep,Main version (already correct),done
P3709.cpp,P3709.cpp,P3709,.cpp,,main,0b86af26146cee7f958b8da85052a099dc88f5139504bab4ae8e6b27ab05e7dd,keep,Main version (already correct),done
P3714.cpp,P3714.cpp,P3714,.cpp,,main,af825d4752c3bef40d332b4cdef172af2ca1c8b3e7dcebbf6a98123f4d83d80c,keep,Main version (already correct),done
P3720.cpp,P3720.cpp,P3720,.cpp,,main,1a15bb2296632a49a596b16309efc725d524a2ff37fa9337515843c376cea330,keep,Main version (already correct),done
P3721.cpp,P3721.cpp,P3721,.cpp,,main,196572020be0081843156ee0de5084e27a7e57cc36ae9a2d191167fe542ae434,keep,Main version (already correct),done
P3722.cpp,P3722.cpp,P3722,.cpp,,main,be1941efdbb5f9df14123c86333901decb3e3cfc939b0e82beae9d14385fedf7,keep,Main version (already correct),done
P3727.cpp,P3727.cpp,P3727,.cpp,,main,78bef69f67bc510933b28826992a9f71d1352f7577b29a2db050fed729081d69,keep,Main version (already correct),done
P3730.cpp,P3730.cpp,P3730,.cpp,,main,b022758cf5caafa798a510019c4e46a828a087a211d52fdf378e7229008e55f1,keep,Main version (already correct),done
P3736_1.cpp,P3736.cpp,P3736,.cpp,1,main,3a968f98cd787743dbda09934bee7b595d776fa79cae062245bcfd0ac04eba93,rename_to_main,Promoted to main (was version 1),done
P3736_2.cpp,P3736_v2.cpp,P3736,.cpp,2,v2,666a6296d32e430cce65b389ed6d276014a96f7b4496068bfda6683618641205,rename,Renumber from 2 to v2 (main promoted),done
P3742.c,P3742.c,P3742,.c,,main,93893ad8a8ca257faaabe4fa7377d3f40d5da00226c079ba3d20398b78f78684,keep,Main version (already correct),done
P3742(2).c,P3742_v2.c,P3742,.c,2,v2,95c3b0e29d5490d5fde188e6af24daac3fb8ffaef1159855d06045facfac2fdc,rename,Standard rename,done
P3743.c,P3743.c,P3743,.c,,main,f3aa5ffab56fdfd71975b6020fc58acae57f48c792725c33efd80e560260b526,keep,Main version (already correct),done
P3743(2).c,P3743_v2.c,P3743,.c,2,v2,217789fc5521888cc12a96ee0fa9e808eff4f9d37fef476ae475d1ed24f16489,rename,Standard rename,done
P3745.cpp,P3745.cpp,P3745,.cpp,,main,3ed86cd238b1e05bee1d7d8bda5d74e2c393dcaba2c7f227ece12e5f9eafc602,keep,Main version (already correct),done
P3747.cpp,P3747.cpp,P3747,.cpp,,main,ebcba42456e801f290cff3a2d52303550c2200021e7299114296d059d563a416,keep,Main version (already correct),done
P3755.cpp,P3755.cpp,P3755,.cpp,,main,57f1842a3ab328399ee862c0e4d05b60df704aa081ccaee7cae0fe9e986fa987,keep,Main version (already correct),done
P3757.cpp,P3757.cpp,P3757,.cpp,,main,1ae198ebb0fad95dd96dcd3d7081c8b310f78cc0da6e2a5b153d820923f7b8da,keep,Main version (already correct),done
P3759.cpp,P3759.cpp,P3759,.cpp,,main,b1de5477636b43521b5d95535f46122320fa4be808c7e6e1e5bb479576306770,keep,Main version (already correct),done
P3760.cpp,P3760.cpp,P3760,.cpp,,main,aaf9b908977548a5f59e27b031249a0278867cd2924f32b343afb9a6129c6f75,keep,Main version (already correct),done
P3763.cpp,P3763.cpp,P3763,.cpp,,main,efc1161053e44fdbff7d3e8380846577904935449077f7a2d86479f7345caf72,keep,Main version (already correct),done
P3768.cpp,P3768.cpp,P3768,.cpp,,main,67bc921df4bf08d238b9a9834e28f5c3f22cc6a9e496b3334c1ad8fcb081ab2a,keep,Main version (already correct),done
P3769.cpp,P3769.cpp,P3769,.cpp,,main,2d64a941bf26782b5210c0a115043a17b0e80d546981620e5996bf928d6ee75f,keep,Main version (already correct),done
P3793.cpp,P3793.cpp,P3793,.cpp,,main,757e532cf58c3c30787b323a3b8e6b2aeb5649df604b9f4d05bcec80d610b622,keep,Main version (already correct),done
P3794.cpp,P3794.cpp,P3794,.cpp,,main,f00e23c3add2e623ca5757eb64811d7842f923349cba0af9e6aa4412b8e74dc6,keep,Main version (already correct),done
P3795.c,P3795.c,P3795,.c,,main,f69612300c3ec1471ab4149c3f2d1502413b624bea80b098c3ea988385601256,keep,Main version (already correct),done
P3795(2).c,P3795_v2.c,P3795,.c,2,v2,c73aa8cd69286c29d76f102ed2b663e4af2a9115a872a00935c1ae6c2a6e94a5,rename,Standard rename,done
P3796.cpp,P3796.cpp,P3796,.cpp,,main,63c9a1f414138a39d42bf83362c5121a6567f3c8ad3ec00730dd08486681392f,keep,Main version (already correct),done
P3797.cpp,P3797.cpp,P3797,.cpp,,main,938ec2bda16128d1d6d8a621ff4a47914825ca9e5b4315b75dc0d020a5edc92c,keep,Main version (already correct),done
P3800.cpp,P3800.cpp,P3800,.cpp,,main,ff6ca6212b5088cf07bc23013a182635c46c750f2d1c956564918e3498ec8aa6,keep,Main version (already correct),done
P3801.cpp,P3801.cpp,P3801,.cpp,,main,1604c243b9c1fc3ed35b6fbb54cf09eefd2fe60109901872886617e1c181c480,keep,Main version (already correct),done
P3801(2).cpp,P3801_v2.cpp,P3801,.cpp,2,v2,c6f779ff1b7b059d473ab93a827ef3e885e76e412b72e671c223a196fb74a407,rename,Standard rename,done
P3803.cpp,P3803.cpp,P3803,.cpp,,main,a871c11fcf3d6264392d85388a62b5ae41abc9cd8e3ab58dcca42517553472fe,keep,Main version (already correct),done
P3803(2).cpp,P3803_v2.cpp,P3803,.cpp,2,v2,9a11f7e98c4dc75333ab93b25443d52d7fc3775a568448b4ebb095f420d4c196,rename,Standard rename,done
P3803(3).cpp,P3803_v3.cpp,P3803,.cpp,3,v3,a4e665807248f9d4c6b02864ecac779871d2e5b0fe37c98a785d575aaff406ef,rename,Standard rename,done
P3803.c,P3803.c,P3803,.c,,main,4168d69fd0001405663ca2a5a6e8fc64cf4da1e5ef9b061d87634918b9ed9000,keep,Main version (already correct),done
P3804.cpp,P3804.cpp,P3804,.cpp,,main,b056c615237b29549904e6dbdc9e3614f20c4f196597901e8921f09de5422ae0,keep,Main version (already correct),done
P3805.cpp,P3805.cpp,P3805,.cpp,,main,25fabfda686bd455664d6b29623bd8d5e40061a9b2939c7e6af65320a0d11726,keep,Main version (already correct),done
P3805_3.cpp,P3805_v2.cpp,P3805,.cpp,3,v2,db36cde705de07f17a3c61cfbb60b9ada2f88b470c2210982f86864166f394ef,rename,Renumber from 3 to 2,done
P3806.cpp,P3806.cpp,P3806,.cpp,,main,7fb7243c543245bff7d2629a4e93345e6e8db35dcfba145c3581deb2c838ad4a,keep,Main version (already correct),done
P3808.cpp,P3808.cpp,P3808,.cpp,,main,a05b5243230e857cd2edb68814bd5cceb041d5b6760ea7fcc7d2e1b36a576a95,keep,Main version (already correct),done
P3809.cpp,P3809.cpp,P3809,.cpp,,main,ff81498838bdda53a25df5ca104f709c092b021baef3573eecac0b86ed0a8a40,keep,Main version (already correct),done
P3809_2.cpp,P3809_v2.cpp,P3809,.cpp,2,v2,691c57a4c745999549db6e71dcbfa7d5044c2f1aaa06aa76f2ee4a64306e9935,rename,Standard rename,done
P3810.cpp,P3810.cpp,P3810,.cpp,,main,93dc6084126b4badb0182cfd6ba58e5ea4f755bce0792dbfb31bb06e2be29318,keep,Main version (already correct),done
P3810_2.cpp,P3810_v2.cpp,P3810,.cpp,2,v2,c57bd79a0c0456b0eb062324f108c98e97402d9dd8bc04aaae4dbbdf20b1833b,rename,Standard rename,done
P3817.c,P3817.c,P3817,.c,,main,50358b0186e11c19baf55edb54556b9148fc2bcd848c9ec80595ca3e6aa71225,keep,Main version (already correct),done
P3818.cpp,P3818.cpp,P3818,.cpp,,main,93514054b734d98d769b9e216b113359c402ae7d2641542f1224d2e266e0c034,keep,Main version (already correct),done
P3820.cpp,P3820.cpp,P3820,.cpp,,main,6a506a12127d13a09a971a7af7281fa0ec1be085d143fdd396297b9bef55378b,keep,Main version (already correct),done
P3820(2).cpp,P3820_v2.cpp,P3820,.cpp,2,v2,f9a5a4d8f7053008443582904bf638aaf2b8c56fd081bac8b1ee2099d68ac56e,rename,Standard rename,done
P3825.cpp,P3825.cpp,P3825,.cpp,,main,b5f61d541e42671366d053e054e440740bde5995756a73e5c587e08f891ad3d5,keep,Main version (already correct),done
P3830.cpp,P3830.cpp,P3830,.cpp,,main,5460e5afdbf92cc0a5da8afdb8e4785c211b052ca1932214252e188c9508256e,keep,Main version (already correct),done
P3833.cpp,P3833.cpp,P3833,.cpp,,main,c12c84489342780d3770952cddc6d504c568aed106edbdc9e3fbcbe3fce3695e,keep,Main version (already correct),done
P3834_2.cpp,P3834.cpp,P3834,.cpp,2,main,b04dc30749a23ac1db67390291e5c245f752b449eb745a3c807476e7ebe799a5,rename_to_main,Promoted to main (was version 2),done
P3846.cpp,P3846.cpp,P3846,.cpp,,main,22ab432aaee8ba104eebe8e05a0dad84c5b1f75552b186d99d432474232961c7,keep,Main version (already correct),done
P3847.cpp,P3847.cpp,P3847,.cpp,,main,b913dcefee0dabe8974f14eb0c346f5553f8a05685270f3fa8aff1b39ed9eecb,keep,Main version (already correct),done
P3848.cpp,P3848.cpp,P3848,.cpp,,main,78da22139a35e585df4c25ed54e84cb2f8e8bb212c8922fcee81bc7faabaf153,keep,Main version (already correct),done
P3848(2).cpp,P3848_v2.cpp,P3848,.cpp,2,v2,9d59e723d79f8814293da9a2c7e0182ca853eae3cbf37e11c439568acfa8259a,rename,Standard rename,done
P3848(3).cpp,P3848_v3.cpp,P3848,.cpp,3,v3,9b204e187b5fcf177d405268d2925bc1de5a59a0509f662db040ee3cee21d739,rename,Standard rename,done
P3850.cpp,P3850.cpp,P3850,.cpp,,main,8de25859e8e25fa33a66ff4e74c02445dff28e5141b23febd9655e3079ffdb91,keep,Main version (already correct),done
P3854.cpp,P3854.cpp,P3854,.cpp,,main,abf88eca9f57ecee8b1266087c49ee2edde6cb75d1daf8defd6436fe7999c84e,keep,Main version (already correct),done
P3855.cpp,P3855.cpp,P3855,.cpp,,main,635983afb2fd6f08527ab2112457e97bb6e1866a2c20f852033352f97fa30718,keep,Main version (already correct),done
P3861.cpp,P3861.cpp,P3861,.cpp,,main,883a8c643cf9dfd503fbdb665564abc290da1fb1c6efc02356620ba01b4a2265,keep,Main version (already correct),done
P3862.cpp,P3862.cpp,P3862,.cpp,,main,0864f7e7245b101ef81639375384c463295851852cd402ac8f918edc3bffa1f5,keep,Main version (already correct),done
P3863.cpp,P3863.cpp,P3863,.cpp,,main,5616cec7430cd5135ba67cd99e799ea4c6607d17c95c6d57eac056406e680645,keep,Main version (already correct),done
P3864.cpp,P3864.cpp,P3864,.cpp,,main,84a96b7ef38ba41f1d00aa5b1fbbad8b5627a11cd1e479603c1330fc19ea46b1,keep,Main version (already correct),done
P3865.cpp,P3865.cpp,P3865,.cpp,,main,684aaa0bf1b823f27c3f014cccd580f63b51eed91c7a50d94be6be4e61df5741,keep,Main version (already correct),done
P3865(2).cpp,P3865_v2.cpp,P3865,.cpp,2,v2,6943d83cd3f6bcfeef37a09638c4106ca358ea637b489e95ad14fcf0a44aa661,rename,Standard rename,done
P3869.cpp,P3869.cpp,P3869,.cpp,,main,fc19aa9b98c2e64ce4f5e91abf825a8e10ddd4ba309ae6665a5180fe9ac8caa4,keep,Main version (already correct),done
P3870.cpp,P3870.cpp,P3870,.cpp,,main,60f76a8caa2ffb96b16175475e0e28f7fac92cee6ca51d9795b6e8d6b6dde41c,keep,Main version (already correct),done
P3871.cpp,P3871.cpp,P3871,.cpp,,main,ee9158a2504dfe2cbb4907948a499386a8b3189b253fd48e55cae4bde49801e8,keep,Main version (already correct),done
P3872.cpp,P3872.cpp,P3872,.cpp,,main,d2d5441ac1bdc9b2ad897f2fb620981fa158eb66584b67665ac547a8826a900c,keep,Main version (already correct),done
P3874.c,P3874.c,P3874,.c,,main,37941102370299bc9d2a1efbc0464781e3676338fd716d79a53bf2e2e37dd46c,keep,Main version (already correct),done
P3879.cpp,P3879.cpp,P3879,.cpp,,main,d94837bae9c09366faec7920547a4ad042a53d1b4235486c8ffff1dc2d0af286,keep,Main version (already correct),done
P3883.c,P3883.c,P3883,.c,,main,9e9d28e2ee68941d960d6739741fb32074fa00a9871392e9b84ee0c4ae76a2aa,keep,Main version (already correct),done
P3884.cpp,P3884.cpp,P3884,.cpp,,main,a49777b8a71c41458e7956d6dfbfae0b3aa8ec610c67618d2b0386bb0b6d0822,keep,Main version (already correct),done
P3888.cpp,P3888.cpp,P3888,.cpp,,main,8d37dc5002cd5d64e742c2729fe4e2577308d35da183e3a580508b638205f48c,keep,Main version (already correct),done
P3891.cpp,P3891.cpp,P3891,.cpp,,main,4260c9e010f3b0407646cf71d498469da952a47642978f8e29992d025f81d11d,keep,Main version (already correct),done
P3897.c,P3897.c,P3897,.c,,main,749ca0cbe48c755e861b1f6c17feffe16e36db3a6bd6eef2375a1fddff146d7e,keep,Main version (already correct),done
P3899_2.cpp,P3899.cpp,P3899,.cpp,2,main,21ba79745c2d8d6d751392f74e719ff7dd9cdc122b32e3dba33d1f70682c19af,rename_to_main,Promoted to main (was version 2),done
P3902.cpp,P3902.cpp,P3902,.cpp,,main,f003fb12569402adc887e3c9510167122002b943fc5e389c047dc5fe67ebe0bb,keep,Main version (already correct),done
P3902(2).cpp,P3902_v2.cpp,P3902,.cpp,2,v2,f26b33a3dc9b8bf50269880d183dcd948c3dc28ba181b666dba00fba910db2ae,rename,Standard rename,done
P3904.cpp,P3904.cpp,P3904,.cpp,,main,650bff7fd4991e4cf5ef6d3e43b8a608901fb8372097b33fc610900e8cb4425a,keep,Main version (already correct),done
P3904.py,P3904.py,P3904,.py,,main,89d5bd02226525905a8a29cf3e9aa22de54393c53f6a5c84095dcbc0b91db6c2,keep,Main version (already correct),done
P3905.cpp,P3905.cpp,P3905,.cpp,,main,7d3af82292d5eb98d5dab9afabfce8681b2a7fa8b0615d02cd13f914dbb56a13,keep,Main version (already correct),done
P3906.cpp,P3906.cpp,P3906,.cpp,,main,501b92a2897e069f6730a60a59f1ba1116e0c3fc4a38d3ff63082eed831a02d1,keep,Main version (already correct),done
P3911.cpp,P3911.cpp,P3911,.cpp,,main,cb4c0567183934c2ab0812bef5c9e4d479b82e5b042cd217fc11b0ba2e72071e,keep,Main version (already correct),done
P3914.cpp,P3914.cpp,P3914,.cpp,,main,ce58b4fede22c1b95fa6f87bcc51f4ab5f38cab03d4484a1ba8eb8411b6e5f11,keep,Main version (already correct),done
P3916.cpp,P3916.cpp,P3916,.cpp,,main,ab6b6106b5f80f7437c8c37200371930bd8df73d8d6e9298147d8a918e427200,keep,Main version (already correct),done
P3918.c,P3918.c,P3918,.c,,main,b118aeb8d93f69d738249b21a829a5d7359e5d835f5b4ef8010b7f8885ef0047,keep,Main version (already correct),done
P3919.cpp,P3919.cpp,P3919,.cpp,,main,af213ad6354a6dad1db7030f4c55fb0a77c4d62815250e3e82d77b55d734715d,keep,Main version (already correct),done
P3924.cpp,P3924.cpp,P3924,.cpp,,main,5df469244cb44d539913e638e050dcc383d2f393bc9d49cc76bbfc452aa527a0,keep,Main version (already correct),done
P3925.cpp,P3925.cpp,P3925,.cpp,,main,5961d76aff33437cb159df3242e624439b3270226dde45b191948232c5ab8d1a,keep,Main version (already correct),done
P3928.cpp,P3928.cpp,P3928,.cpp,,main,1181f6095a3a69de11de11b6a7464a6fc043c73fdd0e3dab42107ccca0e48460,keep,Main version (already correct),done
P3930.cpp,P3930.cpp,P3930,.cpp,,main,8c5229456b0dbd670b8adbd231516ab391b4d95c2b1a8369b9b90bd82b4ce534,keep,Main version (already correct),done
P3931.cpp,P3931.cpp,P3931,.cpp,,main,f6534f8ccf27ea9f275c6d57955afc31fdff63252fb5fd2e24e8c842a19da03d,keep,Main version (already correct),done
P3934.cpp,P3934.cpp,P3934,.cpp,,main,3eb7f424bb13cfdef611b86fd4aa7e627e690be828d3b4fb1c3b26be2f69f646,keep,Main version (already correct),done
P3935.cpp,P3935.cpp,P3935,.cpp,,main,a00a6d1e5c5d67830f7068a350fab53655e329793dfca39e90f4daef30261084,keep,Main version (already correct),done
P3937.cpp,P3937.cpp,P3937,.cpp,,main,b529df55f7dd7077a88840a02117b06a91d6fdb088a78b729985d728e810291e,keep,Main version (already correct),done
P3938.c,P3938.c,P3938,.c,,main,99fb3641c3521b807927027a29ae0133dceec05c5cec3de94557306d75f4e716,keep,Main version (already correct),done
P3938.cpp,P3938.cpp,P3938,.cpp,,main,9b0a5bf90a06a0f96a1830b64cc9388860ba1cba496c5835612f072f23c75e0f,keep,Main version (already correct),done
P3939.cpp,P3939.cpp,P3939,.cpp,,main,029cb30051d85a570889a12cb68f34711c7bf5ad0fdfa1b1aebe77a0ca2e4c09,keep,Main version (already correct),done
P3946.cpp,P3946.cpp,P3946,.cpp,,main,2c168216b3db7f656ad9f9486984c318954ff04b7d71a32cd1aa1c346e0a9e7b,keep,Main version (already correct),done
P3947.cpp,P3947.cpp,P3947,.cpp,,main,60db76ca0e8644ebbedef6f3c3086cf746335ec0355ce36d08f7db4e9e00b292,keep,Main version (already correct),done
P3948.cpp,P3948.cpp,P3948,.cpp,,main,e762bd29b677c0648587e723bc7c6dc9fe3d33ac662a34877e10982d923afe0f,keep,Main version (already correct),done
P3950.cpp,P3950.cpp,P3950,.cpp,,main,d4d08ffe5e8be2b54adc83a4a354b343842e194f37af8b5e889650ac0e88ed04,keep,Main version (already correct),done
P3950_2.cpp,P3950_v2.cpp,P3950,.cpp,2,v2,c10325c0d27c0a4d1d81f45b2d302149fb6afc1de0ef17a76c6eb81428e723a3,rename,Standard rename,done
P3950_3.cpp,P3950_v3.cpp,P3950,.cpp,3,v3,b1c3f82fc5bdf891db33b06a678a0e605d1da075f80d68c6cd6f1de93d28d477,rename,Standard rename,done
P3953.cpp,P3953.cpp,P3953,.cpp,,main,3e28011fee28a47bf7ff245ccaabeb88fcb22772352cc7e087993bb9d2747280,keep,Main version (already correct),done
P3956.cpp,P3956.cpp,P3956,.cpp,,main,dfbb7aa6d20158a34f2503e680ab42815a524f86d17c2b1c9990d84d9673fe62,keep,Main version (already correct),done
P3956(2).cpp,P3956_v2.cpp,P3956,.cpp,2,v2,e59953761f0b7f5db0384b75c6601f5403c025e8cdb61d190c64380e0f9612f7,rename,Standard rename,done
P3957.cpp,P3957.cpp,P3957,.cpp,,main,7ed22e7810f22096a219f4b0e31ae91679d788fa0c74541ece9f3d40ba5ceafb,keep,Main version (already correct),done
P3958.cpp,P3958.cpp,P3958,.cpp,,main,090c096495c1a5fb6061d6c163cd441b647e037aa2f4e4e5a2ff02c581cb7e22,keep,Main version (already correct),done
P3958(2).cpp,P3958_v2.cpp,P3958,.cpp,2,v2,2bc2a2ab814531708784fc48bafbfa3a727a07eafeb06e0f7474896d4161b198,rename,Standard rename,done
P3960.cpp,P3960.cpp,P3960,.cpp,,main,faa70fc41018c4c2c664edd38e678ef1323a46183072a86966c485e954672ae1,keep,Main version (already correct),done
P3963.cpp,P3963.cpp,P3963,.cpp,,main,431b2e587918ee4235e65f81a10e99221db888f75517e5e10df1dcb1a49bde0c,keep,Main version (already correct),done
P3966.cpp,P3966.cpp,P3966,.cpp,,main,056d0b853e197d3cf1591de7a860047a5c4e5d3a0b12483193a97a2a7e305f6e,keep,Main version (already correct),done
P3967.cpp,P3967.cpp,P3967,.cpp,,main,85af8f615b36e7fd408ba904e38fe035e115177b17b0bcbdcbfa23cf23e8c9c8,keep,Main version (already correct),done
P3968.cpp,P3968.cpp,P3968,.cpp,,main,fd58d84654fd0e8a730d53e6299f716bdba14b5a784d2f547b92a98230b5d761,keep,Main version (already correct),done
P3970.cpp,P3970.cpp,P3970,.cpp,,main,0fe0962ff8a42812f08e1bbf9eaacc2b493813a8e35ded9e267237f72ed209ce,keep,Main version (already correct),done
P3973.cpp,P3973.cpp,P3973,.cpp,,main,80623f9e05370780dd0d7362dc7ecd83f6b6f7a2d7699641366a6f50b5683ce8,keep,Main version (already correct),done
P3974.cpp,P3974.cpp,P3974,.cpp,,main,befe861e6d421e7f6f53e0097925b1ffe03820d1e750e7619e70e45167a16aaa,keep,Main version (already correct),done
P3975.cpp,P3975.cpp,P3975,.cpp,,main,ebaa209687756264167c6885629797755d2da64c52c7bba15b79f44b5c17e958,keep,Main version (already correct),done
P3976_2.cpp,P3976.cpp,P3976,.cpp,2,main,27915f3d91a50df2fcbaa3dee96e62ea7d232cf0a1fc7032d941a53eb615948a,rename_to_main,Promoted to main (was version 2),done
P3977.cpp,P3977.cpp,P3977,.cpp,,main,467310a049689ea2e07de2cca3067cfc08a6a2bf8f3e27e6610cb6b9d291276f,keep,Main version (already correct),done
P3983.c,P3983.c,P3983,.c,,main,9727fac7bf4de68126d143b6dc535a34c0db6d5001b792e66b28eea5a32d7e79,keep,Main version (already correct),done
P3983(2).c,P3983_v2.c,P3983,.c,2,v2,483e57e41c9355d43db93c74ce54e47edc388a92f1941e66d7b9bd003b9d23c8,rename,Standard rename,done
P3987.cpp,P3987.cpp,P3987,.cpp,,main,34c6d1e47d967de7fa72b369a3181f3dbd68c199194e9d7b487fd04dc5c1a035,keep,Main version (already correct),done
P3988.cpp,P3988.cpp,P3988,.cpp,,main,daddca33d82aa6f061dae26944f622fb66577367d439e7752990cb743ff75221,keep,Main version (already correct),done
P3988(2).cpp,P3988_v2.cpp,P3988,.cpp,2,v2,a8acccb70d72e2621784739124f4a89d2f883c0ad38d8bb27eeada6fa0625b4c,rename,Standard rename,done
P3991.cpp,P3991.cpp,P3991,.cpp,,main,ff0264f13ea6ca6d2d31f1fa940f8f515161d3f1d478ea5886154d3bb849c416,keep,Main version (already correct),done
P4001.cpp,P4001.cpp,P4001,.cpp,,main,0bf80399cd3f1047b24b27e4510d594af7a8661eaa45860d82429131c0a1183d,keep,Main version (already correct),done
P4009.cpp,P4009.cpp,P4009,.cpp,,main,2afdada4490733e46dc13b23ce5d326fcb85548284c0277ac35546b9d88c7933,keep,Main version (already correct),done
P4011.cpp,P4011.cpp,P4011,.cpp,,main,57a0af47d269fdee67bf1459d7b1824d022a1dbb9b9e4ecd79610b35308b1311,keep,Main version (already correct),done
P4012.cpp,P4012.cpp,P4012,.cpp,,main,4e4fac3a8cae8d1bd31dd95b270876970ab41715c7156cb3d77dbc847d314fbb,keep,Main version (already correct),done
P4013.cpp,P4013.cpp,P4013,.cpp,,main,6d9dbe70f6db93ed69aa02ccd4ced645a9697bd27b7fea2dbe6a1eca12001436,keep,Main version (already correct),done
P4019.cpp,P4019.cpp,P4019,.cpp,,main,9a0ac4774122aeddd8932c68e0db32580e02856bb5450c4b1783aafaad59b75f,keep,Main version (already correct),done
P4032.cpp,P4032.cpp,P4032,.cpp,,main,6c07ef1ca85657f9c17b168442de0805032c8ab6b8a00a3deb58e1bb42da6d5e,keep,Main version (already correct),done
P4036.cpp,P4036.cpp,P4036,.cpp,,main,66a1672b46c2ed97795842df56c401dc9c41698b26d773b1c6bf625ad3bef2d7,keep,Main version (already correct),done
P4042.cpp,P4042.cpp,P4042,.cpp,,main,90c4833d7e4458d847ad4e19099de2b38ae980d65d18e5f5e8e8adbcdb0061f9,keep,Main version (already correct),done
P4043.cpp,P4043.cpp,P4043,.cpp,,main,2131a6714c9dcf47c263cff8e1706504780067362724b154bb16e199d2773b21,keep,Main version (already correct),done
P4045.cpp,P4045.cpp,P4045,.cpp,,main,e2cab2b25ff735c0ec61539d7a270716fc27247082b5ba7b32f5372ac5c3cf11,keep,Main version (already correct),done
P4047.cpp,P4047.cpp,P4047,.cpp,,main,15b567d4716d41fff01c5376019a2b4dc2f50f455f0f380535561bae1f764d55,keep,Main version (already correct),done
P4051.cpp,P4051.cpp,P4051,.cpp,,main,df68ce43e93343491529efefaa6fd0d9a2acb389a846c717bd70c4e730f7a012,keep,Main version (already correct),done
P4052.cpp,P4052.cpp,P4052,.cpp,,main,a6120c949b6d3616e0aac72941569bf7273765c9bec71ca10cf0b875fc7ef89f,keep,Main version (already correct),done
P4053.cpp,P4053.cpp,P4053,.cpp,,main,966a249902c0d1e633e0838a2b93c9c3651c345fd572f26e1ef040600756934a,keep,Main version (already correct),done
P4054.cpp,P4054.cpp,P4054,.cpp,,main,d60feac438c7bca82373d29039f1dabce0e3a8122938281163174234d1bca4ce,keep,Main version (already correct),done
P4058.c,P4058.c,P4058,.c,,main,6f2f08fd45c3fa9d9c36b3caa74fbf18a57724422c5c07de57b99e4fa3506803,keep,Main version (already correct),done
P4058(2).c,P4058_v2.c,P4058,.c,2,v2,f78313db5215d549b1655eee07505e0fd0b81c3b54796f95dac952f159e5bebf,rename,Standard rename,done
P4059.c,P4059.c,P4059,.c,,main,ef1c5320778e63bda4e975dc7f8acf6b901df3384ffbd63b3329eaae9efd6845,keep,Main version (already correct),done
P4060.cpp,P4060.cpp,P4060,.cpp,,main,78789a858b3f43e3abcb408300b961c93c02fb39ddeb3bda568e58fa89b22c47,keep,Main version (already correct),done
P4062.cpp,P4062.cpp,P4062,.cpp,,main,0b86af26146cee7f958b8da85052a099dc88f5139504bab4ae8e6b27ab05e7dd,keep,Main version (already correct),done
P4064.cpp,P4064.cpp,P4064,.cpp,,main,741a0ff9b327c6a1d46d2571a453e8848ec3b9c39e2dc4950c725dd323856520,keep,Main version (already correct),done
P4065.cpp,P4065.cpp,P4065,.cpp,,main,99d9667ae91a826a03d0191118f63616691d227baa320c678a27da74312c6c2d,keep,Main version (already correct),done
P4070.cpp,P4070.cpp,P4070,.cpp,,main,56ecc3ea5552fe55a56e2b65b02c4621dedfba18ce9acdf4ac152d76a053f4ca,keep,Main version (already correct),done
P4074.cpp,P4074.cpp,P4074,.cpp,,main,dd2be88f529ab6fadbdbd621c66e67681a2b65b449a3d1a3a134b5e35da60213,keep,Main version (already correct),done
P4074_2.cpp,P4074_v2.cpp,P4074,.cpp,2,v2,66d5b4ff758cda05cc0a0190cf9b1bde88fde1842fa03a869ae63ca4d14a9fa2,rename,Standard rename,done
P4079.cpp,P4079.cpp,P4079,.cpp,,main,db484221ffee9b9f20309fb515c3c61512c7159fa0da6bc4fb3b2c42ee9421fc,keep,Main version (already correct),done
P4081(1).cpp,P4081.cpp,P4081,.cpp,1,main,33cd00fd15f97348bb0a9b63c7007be7bb0d7831d2a4502387d5b5930bfef95a,rename_to_main,Promoted to main (was version 1),done
P4081(2).cpp,P4081_v2.cpp,P4081,.cpp,2,v2,8a8d200f33b4e470b03a98c7aca34e38fdf32d82ac0e0bd07e35b72d59e2b4b7,rename,Renumber from 2 to v2 (main promoted),done
P4083.cpp,P4083.cpp,P4083,.cpp,,main,a5c12eb813dc4a30d1dbe293cb48aa265ddc93b2601a94bd2805f0af311a0a60,keep,Main version (already correct),done
P4084.cpp,P4084.cpp,P4084,.cpp,,main,9d0995d9b247c87c7dfe04d49f960fe816a01497d6e67777dae520ec02114e49,keep,Main version (already correct),done
P4084(2).cpp,P4084_v2.cpp,P4084,.cpp,2,v2,f5ea295dc5f31e483ff3b362b69e455b13ccdb03567db461947f1c1f44dda511,rename,Standard rename,done
P4085.cpp,P4085.cpp,P4085,.cpp,,main,d44f938b116447251ff9f58df59ae051de8f75f635941f1b065c49851704ee5d,keep,Main version (already correct),done
P4086.cpp,P4086.cpp,P4086,.cpp,,main,d1299be98d9588013fa0acb7aefc2c5989c590abe847a279a028ba68cb6fedf1,keep,Main version (already correct),done
P4088.cpp,P4088.cpp,P4088,.cpp,,main,3b4f7f13cc7871655c123e88b9dfaef91d4d834f332a0cace1c967a8d2264513,keep,Main version (already correct),done
P4090.cpp,P4090.cpp,P4090,.cpp,,main,61e30e82eee5287628133ebb7d00f7cc01be754180208d8f67a7f91d1dc6bba8,keep,Main version (already correct),done
P4092.cpp,P4092.cpp,P4092,.cpp,,main,f61ac69d6b988ebc84cd3d3c84a559704df02c2c1bed2fc02a4b36c9f38e415c,keep,Main version (already correct),done
P4093.cpp,P4093.cpp,P4093,.cpp,,main,8a76005b585a98849167082dcf723bc0af8eda8935facd53dd242ab1e1ce24fb,keep,Main version (already correct),done
P4093_2.cpp,P4093_v2.cpp,P4093,.cpp,2,v2,117f1d19325de722502f5f6815b0c6319a08607d1297f80f061fef00588204b5,rename,Standard rename,done
P4095.cpp,P4095.cpp,P4095,.cpp,,main,fddb2e26a9013d4dda48ac2ad967adb0e45dcdc3d39855995cd04324e6210be1,keep,Main version (already correct),done
P4099.cpp,P4099.cpp,P4099,.cpp,,main,1d6edcf9e841617c930a7e0b38b1b17292491591221910347818dbe19709e455,keep,Main version (already correct),done
P4101.c,P4101.c,P4101,.c,,main,3fd2232ca2472ffea369335dd1cf23678e8d29ce4edea47a1e3284a300918fa2,keep,Main version (already correct),done
P4101(2).c,P4101_v2.c,P4101,.c,2,v2,418eebaaee7f34edd64694abc8da9c25a8f5644cad5993b13c64b6c2e7f90319,rename,Standard rename,done
P4103.cpp,P4103.cpp,P4103,.cpp,,main,ade502ccde7fe334665b16561917b9f7edf069eb9c81dc0bf350865811fbf6f9,keep,Main version (already correct),done
P4105.cpp,P4105.cpp,P4105,.cpp,,main,be9303630e58106ee58e22936f209c4ddbac76bed3f7aa13c58d0d91c6dce1f9,keep,Main version (already correct),done
P4107.cpp,P4107.cpp,P4107,.cpp,,main,ed14a7f9a3e3af41fffcf0c77c1571189e38f4040a5dabbef97e8e214f3d3e1a,keep,Main version (already correct),done
P4108.cpp,P4108.cpp,P4108,.cpp,,main,15cc6f7888327fbf14288b15f5529dcd05843aadd61f6cf2b0c5b46ff00948a7,keep,Main version (already correct),done
P4109.cpp,P4109.cpp,P4109,.cpp,,main,8af1b7986052e14a8c2f36b51cfb271d3930812a885f624fe5ac208badc60e0d,keep,Main version (already correct),done
P4113.cpp,P4113.cpp,P4113,.cpp,,main,15607c55f0d32aa585b878fd978e08f398a56a693ab90737b31477e22aafaeec,keep,Main version (already correct),done
P4114.cpp,P4114.cpp,P4114,.cpp,,main,f2373f73bd2f17f1fdaecea518eecf9d54e080821e20fe3bc3803186bf0e8914,keep,Main version (already correct),done
P4116.cpp,P4116.cpp,P4116,.cpp,,main,e3c0c94251ba1a3d451b137ce9be08ab978ecf0d0aa126534e64a243e179e328,keep,Main version (already correct),done
P4121.cpp,P4121.cpp,P4121,.cpp,,main,c8a161a64788582eacdf01f7e6bc9e650f8784ceac2bff76532be7623c2ead74,keep,Main version (already correct),done
P4124.cpp,P4124.cpp,P4124,.cpp,,main,d11586b4d042ceb88e72572b3f7bded39753930e773196ca987d7ef2dd7734b3,keep,Main version (already correct),done
P4126.cpp,P4126.cpp,P4126,.cpp,,main,73c6555b1417a4dc5e250e0fe252c2efc084ef74df8d1a15e20719fff15ea03f,keep,Main version (already correct),done
P4134.cpp,P4134.cpp,P4134,.cpp,,main,59020f49b10caf7a08639d8d3f6c43f3508b60f676faab2b06d4bc8c4adbb669,keep,Main version (already correct),done
P4135.cpp,P4135.cpp,P4135,.cpp,,main,6ba3365035647752a539a0ba0c0ca7cf88b5a0239ac01b17a79e9a5e2616d29d,keep,Main version (already correct),done
P4137.cpp,P4137.cpp,P4137,.cpp,,main,3c9bbd595bd9ab2e6793b4a9acb47f9a91e6062aaa639d7925ff8dd26e3b3115,keep,Main version (already correct),done
P4137_2.cpp,P4137_v2.cpp,P4137,.cpp,2,v2,dcf9a6eee21b35fc8ac1e589626e0562394f7d789061298e01322b05c417be69,rename,Standard rename,done
P4137_3.cpp,P4137_v3.cpp,P4137,.cpp,3,v3,4d6efa2fdfcd6e40b5dc538e1e1d5c37a2e31da0952fb3de72012e5349b8d590,rename,Standard rename,done
P4138.cpp,P4138.cpp,P4138,.cpp,,main,306145f26fcd63ee91e19eeb1a1f248d166216d08af7ed66cd2a0a308a0a68e9,keep,Main version (already correct),done
P4140.cpp,P4140.cpp,P4140,.cpp,,main,44db1bb87edd5360057c0002a62e50c1999072800bb1abbd110498b91966793d,keep,Main version (already correct),done
P4144.cpp,P4144.cpp,P4144,.cpp,,main,22920b8a1808ccf0e8d2a712ae2c11bad8df30379bc1f1089993a0b045b772bc,keep,Main version (already correct),done
P4146.cpp,P4146.cpp,P4146,.cpp,,main,5a40ece19fd4085ca904ccdb084cb233d09f2c4303d476768e072ed0a511da74,keep,Main version (already correct),done
P4147.cpp,P4147.cpp,P4147,.cpp,,main,3d42e65b869714cbadbb02479656fed5eda2daefaeb57e17887d63d3efa15602,keep,Main version (already correct),done
P4149.cpp,P4149.cpp,P4149,.cpp,,main,09ea965cd078b590fc3e9314b12d46ab8918c04640b917d59b83e9db0febc390,keep,Main version (already correct),done
P4161.cpp,P4161.cpp,P4161,.cpp,,main,6de34c1191211c1c41166a119beaef09ae3c0d73c1ba67d9dd2be56f6cea0753,keep,Main version (already correct),done
P4162.cpp,P4162.cpp,P4162,.cpp,,main,ca025b64b98bbf3017b669edfe3e1df9e155fef93ca416d1cd6f9846e511da52,keep,Main version (already correct),done
P4163.cpp,P4163.cpp,P4163,.cpp,,main,8bdcc679bb2946ca53cd8a9a37c7475eb369be9d329a147f477020653517f49a,keep,Main version (already correct),done
P4168.cpp,P4168.cpp,P4168,.cpp,,main,5c7223ed3cd7d3a7853a0a28831f0195f3878a9c5bb4eeba6da56482b99a9eca,keep,Main version (already correct),done
P4168_2.cpp,P4168_v2.cpp,P4168,.cpp,2,v2,c1da247875451cc46ce71cbd7d1f7911b12d8e1fcc44a1ba7af1bb82582da2d4,rename,Standard rename,done
P4169.cpp,P4169.cpp,P4169,.cpp,,main,4b229d20c8d8135e1bdd319cf8118aec2e244a4f16f3838087f7bf13cd161da8,keep,Main version (already correct),done
P4170.c,P4170.c,P4170,.c,,main,04d5dd7d37444da21ae377e7ec931d12246e706d5b13d7d7d4974a0b09f82e62,keep,Main version (already correct),done
P4170(2).c,P4170_v2.c,P4170,.c,2,v2,b724713617f51dea92583d1bf4022151e5d5cbb9a8eeb07b60630409cf3c69e6,rename,Standard rename,done
P4170(3).c,P4170_v3.c,P4170,.c,3,v3,06a994d13f82963b1c1c4f6c01fbb1d90d5b8fe540f23cdf73a79113fea1b587,rename,Standard rename,done
P4171.cpp,P4171.cpp,P4171,.cpp,,main,a1305af9658aa7ed4111b4e55c0214cdb0290a691352ff5d7bfa5177a2fa2f63,keep,Main version (already correct),done
P4174.cpp,P4174.cpp,P4174,.cpp,,main,7dde92964a3a4b49465e0c53588b684a067053ba04a1f3a4c13fed08233ced37,keep,Main version (already correct),done
P4178.cpp,P4178.cpp,P4178,.cpp,,main,a811e8305d68ce55226561e155a8533c6cabf82e82181a302d861885d23ce03e,keep,Main version (already correct),done
P4180.cpp,P4180.cpp,P4180,.cpp,,main,659ac98005e5e892e0cfc196d683812d121dd48c346e0f9d022d00723ab0bc35,keep,Main version (already correct),done
P4183.cpp,P4183.cpp,P4183,.cpp,,main,609eed14c95b4593cb40bf43dbe785b648d5f1c1cd6736a0fda46096ad81d08f,keep,Main version (already correct),done
P4184.cpp,P4184.cpp,P4184,.cpp,,main,966b7da5a83a4d5fd121b326eca6e035f7b2ebe289f1cf10a7f391bfebc63eac,keep,Main version (already correct),done
P4185.cpp,P4185.cpp,P4185,.cpp,,main,4e2b3b8f659566e3bcf3927377ca451a6833d07db61a20c1c5d8059744b48919,keep,Main version (already correct),done
P4186.cpp,P4186.cpp,P4186,.cpp,,main,bd3119664c2f424791f49c681bbca68fe0a9f21d51c0621e00a83b224406ac15,keep,Main version (already correct),done
P4187.cpp,P4187.cpp,P4187,.cpp,,main,c45d55fceb2b4c7835c6adcd18653ca1fdef5e6cf4da1aca70affa3b88151f43,keep,Main version (already correct),done
P4188.cpp,P4188.cpp,P4188,.cpp,,main,a92c1b70d6734d29eb0f0f00caf2be5cad9e3bda01f98453530ae7c9d044269c,keep,Main version (already correct),done
P4191.cpp,P4191.cpp,P4191,.cpp,,main,110f4ed07f2e5fd36ee74ab3fd1069437fa8e848c0a1667f954701f9efa4c277,keep,Main version (already correct),done
P4197.cpp,P4197.cpp,P4197,.cpp,,main,550e43732012ee054524802cd6348d4e7d699d43ebd156bb3f7bd5bf144d7f57,keep,Main version (already correct),done
P4198.cpp,P4198.cpp,P4198,.cpp,,main,06d03641bee571b1c23b0a14cdf0b764b707d3f7ba1e7f6124cd42a3a143e6d0,keep,Main version (already correct),done
P4206.cpp,P4206.cpp,P4206,.cpp,,main,b991e19b4769ecb9f1978f4f3496f05988e5a58ed94e6c340c2f0c9a2c967f77,keep,Main version (already correct),done
P4211.cpp,P4211.cpp,P4211,.cpp,,main,468e4a58353e38ac9a544b4bf70c2af32422fc723e64e353ca0f45319fc4c2c4,keep,Main version (already correct),done
P4213.cpp,P4213.cpp,P4213,.cpp,,main,7e7f57c71719a3cb0a4b5487cb6c0d617b2b9a7b2c6a53d87bf123c2d424cd8b,keep,Main version (already correct),done
P4215.cpp,P4215.cpp,P4215,.cpp,,main,2d927cc90553613708f98d271a69c80b62e505a918790bf329e2f8b402822144,keep,Main version (already correct),done
P4216.cpp,P4216.cpp,P4216,.cpp,,main,f539d0ffa7d589ce97ea1260e371aac6a0e0926b9286628de863d7c936ea73d2,keep,Main version (already correct),done
P4219.cpp,P4219.cpp,P4219,.cpp,,main,88498b94ca6071242c4199012f034c9156e17a386ca338ebbbf72af123121ce5,keep,Main version (already correct),done
P4237.cpp,P4237.cpp,P4237,.cpp,,main,1b8c99036adfb20a32b1ddf7a7ae89069dac529d25213f071c2b1a4f7c7d1520,keep,Main version (already correct),done
P4243.cpp,P4243.cpp,P4243,.cpp,,main,81235b6b6ec3ceb14e16fc133e3e06f36970cc0c0e20d4080e42296440ec59a4,keep,Main version (already correct),done
P4247.cpp,P4247.cpp,P4247,.cpp,,main,aedf098347620071e7062c4815b61753f70eae2c7f4605d163d29da4a70febbc,keep,Main version (already correct),done
P4253.cpp,P4253.cpp,P4253,.cpp,,main,a927c498ca3bbcbd98e77439b75b18b314946d5b5c271df3c037d1103feaedb4,keep,Main version (already correct),done
P4255.cpp,P4255.cpp,P4255,.cpp,,main,90e45417258ca3c5a60bb70a6e5a918b77b1b7570e3fd9aaeeb06e023fa5cc28,keep,Main version (already correct),done
P4256.cpp,P4256.cpp,P4256,.cpp,,main,a736d023e9909a16f7312ca4af9c987af9aeda3db93891ced1eb0b49ef35c4e7,keep,Main version (already correct),done
P4259.cpp,P4259.cpp,P4259,.cpp,,main,0b7521a2220065ac6917da4d2e4f2164ea61927c221a7cefd1ad1245968af27c,keep,Main version (already correct),done
P4264.cpp,P4264.cpp,P4264,.cpp,,main,a533981fb527b2e6b7074f65c7ebd0d0321268f0cc8bb099d2d44d2dcb970b2e,keep,Main version (already correct),done
P4268.cpp,P4268.cpp,P4268,.cpp,,main,ddc4f86275d9f709791c1b36331673fbfa49146d56f44a5b682da0a715e1b644,keep,Main version (already correct),done
P4269.cpp,P4269.cpp,P4269,.cpp,,main,6c491244e04f6c1c0e489e28ec6eebd46b8a2ab0199ecc931e856c93420b6038,keep,Main version (already correct),done
P4271.cpp,P4271.cpp,P4271,.cpp,,main,21d6861f34976b8f9b83f347f1d719588eb188827491e02e22b67dabc54e8702,keep,Main version (already correct),done
P4280.cpp,P4280.cpp,P4280,.cpp,,main,b30b7e41457113fe9fca1fd5f2b53d420128cfafac4e8e75cefd5e97bf3badd5,keep,Main version (already correct),done
P4284.cpp,P4284.cpp,P4284,.cpp,,main,72ace88be5038f3d7a65f82549cd67f1fbc600702327c9c3d6138ac23b72c3f4,keep,Main version (already correct),done
P4287.cpp,P4287.cpp,P4287,.cpp,,main,cfb629b94477caec7f5fdee2d7347d4df9256176fc9651a2182f98936f6b95a5,keep,Main version (already correct),done
P4289.cpp,P4289.cpp,P4289,.cpp,,main,75c52c4abc8def429372a8f50597d3f01c5d3c1a378961b896551aff9bf5b1a6,keep,Main version (already correct),done
P4290.cpp,P4290.cpp,P4290,.cpp,,main,161e84e4b723370c39cdb33e05148d738e0b77c8cdc9ab9cf2a890b497896d13,keep,Main version (already correct),done
P4301.cpp,P4301.cpp,P4301,.cpp,,main,4f63dc7bfb9586bf9af5ae49a12780f7e98fa85a57d2a6dc7a4e328b2480e764,keep,Main version (already correct),done
P4302.cpp,P4302.cpp,P4302,.cpp,,main,def6d90fabfc37ee2d44aecaeb123edb033ff758561792c82eb32aee2be8fd78,keep,Main version (already correct),done
P4305.cpp,P4305.cpp,P4305,.cpp,,main,25b80a1644a21db102d47d9f05a8a3259d705d87bcdcb97d82cfb655f5620f8b,keep,Main version (already correct),done
P4305(2).cpp,P4305_v2.cpp,P4305,.cpp,2,v2,416a2e594672ee38df7cc79224827ed9ea86056586c539493d3bbcad1677938b,rename,Standard rename,done
P4306.cpp,P4306.cpp,P4306,.cpp,,main,5d02355e89d5fca355c4b468bfa9cd46017c09cc116181eb292a6312fc8b781a,keep,Main version (already correct),done
P4307.cpp,P4307.cpp,P4307,.cpp,,main,b12f6269caf96a27efdfa969a93179d1d754849e9998df7d4c7c0618384fbd20,keep,Main version (already correct),done
P4309.cpp,P4309.cpp,P4309,.cpp,,main,650663e296fe62ad6b6a27a15071487a870eda200c92d1e8f62db88f9d6f135a,keep,Main version (already correct),done
P4312.cpp,P4312.cpp,P4312,.cpp,,main,c26970dd7ade66cf7a6d355d9b548983ee1df19d6ef246893c98983961028fc8,keep,Main version (already correct),done
P4313.cpp,P4313.cpp,P4313,.cpp,,main,07e6f9e763c924fad07017f790d70f4225b44bb3fa88a875c58ce4b37c5479d0,keep,Main version (already correct),done
P4314.cpp,P4314.cpp,P4314,.cpp,,main,79142201861d16e8afce4f01a68944ef4055c8728f80030a6c564962319bdfba,keep,Main version (already correct),done
P4315.cpp,P4315.cpp,P4315,.cpp,,main,c5301eb282e76789ea6b5dd4d2f1eb1f1b21dfae6eaf1aca6f7d4dfd9ee42702,keep,Main version (already correct),done
P4316.cpp,P4316.cpp,P4316,.cpp,,main,b2eae3ee1536b8bdbb5dfc82da6a5508a3600d42325a6c9a7b574b54149595c5,keep,Main version (already correct),done
P4317.cpp,P4317.cpp,P4317,.cpp,,main,dbcaf3128085c3423f0e9ad52e864832264209edd156b228eed881f7e827acb5,keep,Main version (already correct),done
P4320.cpp,P4320.cpp,P4320,.cpp,,main,e8e1b7c76b4b2480cee71e875214c78c4e45075c2c62275d4f6a77d4f064e937,keep,Main version (already correct),done
P4323.cpp,P4323.cpp,P4323,.cpp,,main,7d04cd4c98ec85b6d24d4019a53fdc2824e7771922ec90f1489de924268eb0d9,keep,Main version (already correct),done
P4323(2).cpp,P4323_v2.cpp,P4323,.cpp,2,v2,db453f4c2a52b6e1a778726c7c72c9b843871437dd4036764e8ca530d67e9fd9,rename,Standard rename,done
P4326.c,P4326.c,P4326,.c,,main,b9ffbebeac790434fc84fdd4c828bf9814405e4139d1a95e33ee1a105afd2f76,keep,Main version (already correct),done
P4329.cpp,P4329.cpp,P4329,.cpp,,main,0728690b7235a7cf304e1a68c42d5fbbf2517669412ff3c88242817d0fa5f101,keep,Main version (already correct),done
P4340.cpp,P4340.cpp,P4340,.cpp,,main,8920b1307d49ee7b1c996f01595d9c161c7df3cf7c6cc95087abc48471475224,keep,Main version (already correct),done
P4342.cpp,P4342.cpp,P4342,.cpp,,main,ab8766d85df5dc99575d7033bb87277dc226a51d9e8eb04f63416700d07fbd71,keep,Main version (already correct),done
P4343.c,P4343.c,P4343,.c,,main,4319e502da864529a66631ee10d96a2d7623b4414a7ec002028c968acf273f4e,keep,Main version (already correct),done
P4343(2).c,P4343_v2.c,P4343,.c,2,v2,00279bc20c92fe24eb9e8b591a1f45a0b1cee5da96b333b0832d0402ff41b303,rename,Standard rename,done
P4344.cpp,P4344.cpp,P4344,.cpp,,main,02e62a8d1fe2939e2d74d3392d519257b29af935d3248e5ce9df885f3b58585d,keep,Main version (already correct),done
P4359.cpp,P4359.cpp,P4359,.cpp,,main,65727448849488d21dfb0c3b7eadbfa815a40cd37e94523c5c71234d8ec34c22,keep,Main version (already correct),done
P4362.cpp,P4362.cpp,P4362,.cpp,,main,9e7cedc67cc19533065755b8e23fcd96b68646c3ee5a97e9ca8f4b5622bc412e,keep,Main version (already correct),done
P4364.cpp,P4364.cpp,P4364,.cpp,,main,de95ab6e4be40647db11f632850cdf4b61527cf9f449f4151a2f48411391200f,keep,Main version (already correct),done
P4366.cpp,P4366.cpp,P4366,.cpp,,main,2f1184886ad3cc79975abc49359612d3508cf53cbab6404ac326273e400ae45d,keep,Main version (already correct),done
P4374.cpp,P4374.cpp,P4374,.cpp,,main,30c1639c68c57542756ed214866ec54b00bf8b931c8ee0cde905091a2057a8ea,keep,Main version (already correct),done
P4375.cpp,P4375.cpp,P4375,.cpp,,main,14ef431fd8c95865e8f5712280654946827a4b9cf20b8d6dc3262ab4def35af6,keep,Main version (already correct),done
P4376.cpp,P4376.cpp,P4376,.cpp,,main,3d4df415918b15495f057ce0fc30ce5f07576574774a2ba7c96fd44d8cd490f4,keep,Main version (already correct),done
P4378.cpp,P4378.cpp,P4378,.cpp,,main,127af7c7605877dad79608fe130805ec811c66aac14c92de80df87caa92b332d,keep,Main version (already correct),done
P4379.c,P4379.c,P4379,.c,,main,7c1176116c8ff2c80acce86f4a8ff407073702f4be1628b7f79c1a6a86507f56,keep,Main version (already correct),done
P4380.cpp,P4380.cpp,P4380,.cpp,,main,6b5465a3ff728e979072f84828bd1da835a7ef61abc348bb944f697e0c6f7103,keep,Main version (already correct),done
P4381.cpp,P4381.cpp,P4381,.cpp,,main,9d57df65e681a1f413d8e4df9eb38705711d3dbdd197aaacdeb9238ef345fce9,keep,Main version (already correct),done
P4388.cpp,P4388.cpp,P4388,.cpp,,main,5ae068f8f1285eaf89305bffafb4e4d8f0847e9583e3026b8ceba3faabccab01,keep,Main version (already correct),done
P4389.c,P4389.c,P4389,.c,,main,b0daa16d3f4cf7768d4c71c38858b2f93d21f6bdee8553f85b9ea89de5ffda66,keep,Main version (already correct),done
P4389(2).c,P4389_v2.c,P4389,.c,2,v2,698cacdee085668d446caeb08525f912277de7944b520e5216301cf751a3a4d4,rename,Standard rename,done
P4390.cpp,P4390.cpp,P4390,.cpp,,main,fd5daab4e1bb32cdfdc8208ec8af5daf9369326d2d4211401c25b764418afb6c,keep,Main version (already correct),done
P4390_2.cpp,P4390_v2.cpp,P4390,.cpp,2,v2,9ca6893f0b3bb53d589a0636b7788130c15d27c7e342f496356d51e5e6def217,rename,Standard rename,done
P4391.cpp,P4391.cpp,P4391,.cpp,,main,625bec10003ea8b3846107298d17e8e2c59efb7de8dfe93c34eb583943591385,keep,Main version (already correct),done
P4392.cpp,P4392.cpp,P4392,.cpp,,main,a3685e984a3afb12bb50bfca68d596235c9ce61ab5559791160e2ce56649955a,keep,Main version (already correct),done
P4393.c,P4393.c,P4393,.c,,main,10a9a24fc94377ea2065595a263944c8063c6d0347e056ab540405c3a8b57028,keep,Main version (already correct),done
P4396.cpp,P4396.cpp,P4396,.cpp,,main,523814fadeb5c433f94b4bebf4b25319d8bea0977bc4d98fa048803c1368812a,keep,Main version (already correct),done
P4397.cpp,P4397.cpp,P4397,.cpp,,main,45d2b23a4b7c61d2a36095c5979e4a199fb164eadc4faa1794b25d35b40b8893,keep,Main version (already correct),done
P4404.cpp,P4404.cpp,P4404,.cpp,,main,66f3f6e54ad4c8e755f3d885d147b28212fe8c3e6cdbd749c0d5551d2e061749,keep,Main version (already correct),done
P4407.cpp,P4407.cpp,P4407,.cpp,,main,89d2384def0913e790599c37dbfec6cd629031b2f666292c32606d75e58e2474,keep,Main version (already correct),done
P4408.cpp,P4408.cpp,P4408,.cpp,,main,72cc8d47db77621a270db6f39a4f34f6f12337e114da295b2d98a4074a8a2585,keep,Main version (already correct),done
P4409.cpp,P4409.cpp,P4409,.cpp,,main,5c07579d61bd146d9fd7ea6a08d92bfc1d1e78db3f8b572dd24f8ed53affb45a,keep,Main version (already correct),done
P4416.cpp,P4416.cpp,P4416,.cpp,,main,4fcfdd25169b41186f044c0b42e9200eec8d2114c424517d75b3d7290705a496,keep,Main version (already correct),done
P4421.cpp,P4421.cpp,P4421,.cpp,,main,9e9a43650bfd7ce313934a80a01f622ab8486d168350783cd7a397c027a5fe11,keep,Main version (already correct),done
P4422.cpp,P4422.cpp,P4422,.cpp,,main,b992f1a5010967f34add2cc849bc64b92a464b05c507b1a62f37f6fd590b67a8,keep,Main version (already correct),done
P4427.cpp,P4427.cpp,P4427,.cpp,,main,bb29acf3a83b93a946a6c9e0fe94c0585179b83e24f6a5b335041fdb50611d42,keep,Main version (already correct),done
P4428.cpp,P4428.cpp,P4428,.cpp,,main,e552fb08d1140d9f55c5f6f3ea7e2f4d317a102560a065811bb8dc4eaf0886fd,keep,Main version (already correct),done
P4435.cpp,P4435.cpp,P4435,.cpp,,main,da0580e7509eb42ba5b3d5effc2a7c85f2f7bab581b8d33653e43414616a52a1,keep,Main version (already correct),done
P4438.cpp,P4438.cpp,P4438,.cpp,,main,8d577e23cf967a89c90e1046b81b63de775d86e05f551d6cbe32b595994dc818,keep,Main version (already correct),done
P4442.cpp,P4442.cpp,P4442,.cpp,,main,4b19f6b4170550a8b16e78bc9944740722caf0d834d57e14a77f9ce3c0ab5efe,keep,Main version (already correct),done
P4446.cpp,P4446.cpp,P4446,.cpp,,main,b2513df2b3954456dc3f25b20a6627bf540d67127badb6a446256f5f2522ecaa,keep,Main version (already correct),done
P4447.c,P4447.c,P4447,.c,,main,e4b51fe764d0d7d9c45c79748d624618317596ba580052859f717ba099395b6c,keep,Main version (already correct),done
P4447(2).c,P4447_v2.c,P4447,.c,2,v2,c777cec867089d1b8676f1ae9f05d341ea81a342c8269c8d9378d021c94525d6,rename,Standard rename,done
P4449.cpp,P4449.cpp,P4449,.cpp,,main,d5ad2b05e930096dbba8e098cda8585433c8f0db579e00115445108a590d9ac0,keep,Main version (already correct),done
P4450.cpp,P4450.cpp,P4450,.cpp,,main,2876d213d8c619a61d7db67e8499cf16366570b75a45c490c8872ce77fdd277e,keep,Main version (already correct),done
P4450(2).cpp,P4450_v2.cpp,P4450,.cpp,2,v2,5d2e41aff603a5afe4055e4f386966d0c814af0525bdd03e01e3c641bea83aec,rename,Standard rename,done
P4452.cpp,P4452.cpp,P4452,.cpp,,main,362509ad426cb95490484755a6fac75606d0e75d85d820d082263774a51a17a9,keep,Main version (already correct),done
P4454.cpp,P4454.cpp,P4454,.cpp,,main,0aa151e4519b77dd00236833520cf35c75f7bfc2d4fb999408930423166a8e95,keep,Main version (already correct),done
P4456.cpp,P4456.cpp,P4456,.cpp,,main,73b03d6443ced0ae9b1c9100bdb781f3708d4f54f14ebe129d478a7a3588c5a4,keep,Main version (already correct),done
P4458.cpp,P4458.cpp,P4458,.cpp,,main,80442b4ce59aa128dc98f393b13e3307feaef28fa7d3414c0f4b8345c78f5855,keep,Main version (already correct),done
P4463.cpp,P4463.cpp,P4463,.cpp,,main,24cbeae80efcad78343d35db78e435e1a6b6676a1034d56dbc690c7b9793a66f,keep,Main version (already correct),done
P4465.cpp,P4465.cpp,P4465,.cpp,,main,8218c98a42cf2b25e0f075c7567b0d5243a6efea27566060c5b3c9afbc4e4789,keep,Main version (already correct),done
P4473.cpp,P4473.cpp,P4473,.cpp,,main,eb2c06a1a25e1b9516657a56c876d8f40ebe0a89c7c414cb6cf03021c6530541,keep,Main version (already correct),done
P4474.cpp,P4474.cpp,P4474,.cpp,,main,c0e0aba68d631a85668570d0ee4448a5c54d5474babad99ed55c3034e03d95a1,keep,Main version (already correct),done
P4477.cpp,P4477.cpp,P4477,.cpp,,main,05de2daeed85ce95940e1fa5b9be4bd121f41a3919faf93769a0c7f56a6535e9,keep,Main version (already correct),done
P4479.cpp,P4479.cpp,P4479,.cpp,,main,44179dcf96654f5edcc3ca18e6344713e9349b2ff6d8182d26cb29cad91372f0,keep,Main version (already correct),done
P4492.cpp,P4492.cpp,P4492,.cpp,,main,34787b49e2e522d7f10179a8a77829bd96e1375a695c79f64bfd19c9aa48a273,keep,Main version (already correct),done
P4503.cpp,P4503.cpp,P4503,.cpp,,main,0ae4dde39a88d983c0929c02c5e9e13474590111fd49ff099988a1fcd4f7d180,keep,Main version (already correct),done
P4513.cpp,P4513.cpp,P4513,.cpp,,main,7d8435c41e7e431be8abae4701a08dc5f814dcc603dfe965715f3a437736c624,keep,Main version (already correct),done
P4544.cpp,P4544.cpp,P4544,.cpp,,main,1d50c96c2aba9ed1341f9c1c241d0ed0bb918ea2660256872cc09f30d7285aeb,keep,Main version (already correct),done
P4550.cpp,P4550.cpp,P4550,.cpp,,main,b21b72b602c7260a7967e0a233237fcbdbdb51d8d8e248b64f09945018b3144c,keep,Main version (already correct),done
P4551.cpp,P4551.cpp,P4551,.cpp,,main,840bd4560fca6e4acf8c3104def3ece836610d366c8b89429884cff0976b727e,keep,Main version (already correct),done
P4551(2).cpp,P4551_v2.cpp,P4551,.cpp,2,v2,1f55f5c814c90a3c8b3c78050f32812ee37b560fc5840856bad53ee28a36f0e7,rename,Standard rename,done
P4552.cpp,P4552.cpp,P4552,.cpp,,main,a91a6b16f4959128ffea72131cfdb94c62b221fe1cf9a7f7360e9560178fd5e8,keep,Main version (already correct),done
P4554.cpp,P4554.cpp,P4554,.cpp,,main,1278dcc0da2a840a9b187afb61c29f6da64b78327645aded0d00b6362e0cb9d1,keep,Main version (already correct),done
P4556.cpp,P4556.cpp,P4556,.cpp,,main,aa387e4b9dfff426a9708681a6657ffd007ccc654e3ec538d4f310e516c2d3a1,keep,Main version (already correct),done
P4561.cpp,P4561.cpp,P4561,.cpp,,main,091ce486ca6ba23c01ae66f59b4b7cb0335d3b9b6ca4ef08f51a883651eaacbb,keep,Main version (already correct),done
P4562.cpp,P4562.cpp,P4562,.cpp,,main,f42ecf0bd2621bcd9b4e684d9fe1702955809990be9e4a98fcb34e88203c0867,keep,Main version (already correct),done
P4567.cpp,P4567.cpp,P4567,.cpp,,main,33df12d8b6decf710d46cda488cfd1bf3b8bf64511031ea5afca542273a428a1,keep,Main version (already correct),done
P4573.cpp,P4573.cpp,P4573,.cpp,,main,cece68819e1223f3a562b09a72bfe2f4bfe847c36f2d5ef3594a12bf49f6e66c,keep,Main version (already correct),done
P4576.cpp,P4576.cpp,P4576,.cpp,,main,aa32741a4c7faa39842ed0423205289cc9878fbad93dc237dd650964a9408a22,keep,Main version (already correct),done
P4577.cpp,P4577.cpp,P4577,.cpp,,main,f18515893939dea5863f6cbe2675eb5d0cc3c28729e4869635157848b01664c5,keep,Main version (already correct),done
P4577_2.cpp,P4577_v2.cpp,P4577,.cpp,2,v2,d0e641cec3fcae2eda5825c0ac6b64eef32841c43b448b52a5791ce77313a378,rename,Standard rename,done
P4585.cpp,P4585.cpp,P4585,.cpp,,main,be31d52634373612e439a71678fb6d19c7d558bde406501015d954299dfa4cc7,keep,Main version (already correct),done
P4587.cpp,P4587.cpp,P4587,.cpp,,main,1de726c2233be14e3e8a5df589bf2832217b1cdc4312769c82705d7854e46be9,keep,Main version (already correct),done
P4588.cpp,P4588.cpp,P4588,.cpp,,main,fff96b9d96d469575f095b4b413edf2e86b05de1e061eac0987f018bd9da659a,keep,Main version (already correct),done
P4588(2).cpp,P4588_v2.cpp,P4588,.cpp,2,v2,14059bdd7833dd4d0a4bd9cf97510d80e68fb5c1285b014e2a83cd874f427e51,rename,Standard rename,done
P4602.cpp,P4602.cpp,P4602,.cpp,,main,423af1b7667c7b56c2a9f873b4543785e7df8634274039e9e2e63df7d4ebc901,keep,Main version (already correct),done
P4606.cpp,P4606.cpp,P4606,.cpp,,main,d42e1e90dccc1c5476c889b89b0cd63e339a6e781f6e865befc7e67edba5cd1f,keep,Main version (already correct),done
P4616.cpp,P4616.cpp,P4616,.cpp,,main,81c58f5da761ac1c3a049106529be8dcbd27f4881da0fd9a31a177d1cf16e9af,keep,Main version (already correct),done
P4620.cpp,P4620.cpp,P4620,.cpp,,main,f2938aa9fc41eb7946ae35e6502c3eaefb30ae8610f392eac4a1a4792d8a8c30,keep,Main version (already correct),done
P4623.cpp,P4623.cpp,P4623,.cpp,,main,3b17cb8927668fbb68907e438eaac4aea70bd386ef335a33a4781ef556e4c3a1,keep,Main version (already correct),done
P4626.cpp,P4626.cpp,P4626,.cpp,,main,1da19adb6dedb4586c4e2b90158e235af055a2a4f8718253bc9304b94bbfd1c0,keep,Main version (already correct),done
P4630.cpp,P4630.cpp,P4630,.cpp,,main,24b57ade12fff32d2896d56331c8d4d6b373ddfdb357dcde25f1b9d53bcc7eb5,keep,Main version (already correct),done
P4635.cpp,P4635.cpp,P4635,.cpp,,main,90baaa036f243cd5bdfdc8ef466aedfe965bba5894395b19614907059ae07355,keep,Main version (already correct),done
P4644.cpp,P4644.cpp,P4644,.cpp,,main,9acbeb56dae641c0f476ba12f69e5dd857ed6687e7dc5118fcc2b5a81b4defea,keep,Main version (already correct),done
P4645.cpp,P4645.cpp,P4645,.cpp,,main,c0506b10a4aded31bc425f56e1bce1c227a1f4ee4a886109aa124f0896f4b806,keep,Main version (already correct),done
P4653.cpp,P4653.cpp,P4653,.cpp,,main,66a9c3d22e9c003ca55a02cebf10cb45c5131d27c17a85004c0508d210c758a0,keep,Main version (already correct),done
P4653(2).cpp,P4653_v2.cpp,P4653,.cpp,2,v2,c3ef9d2a9fa1d9566e91628b761524cf1c723b4741606a979a9785fb326abd56,rename,Standard rename,done
P4666.cpp,P4666.cpp,P4666,.cpp,,main,c102a0bab86bbd3cc334991d76c4a2bf9a8e9768dff32a96136da3e78422907c,keep,Main version (already correct),done
P4667.cpp,P4667.cpp,P4667,.cpp,,main,6ed5a7b61e914bcda06902eaf80b1a8c633353387566726571b56199d293b27e,keep,Main version (already correct),done
P4669.cpp,P4669.cpp,P4669,.cpp,,main,0bdea22f3b8b15682a41d65415b46fc1861a452531f5e431d8efe0ff4c7029f5,keep,Main version (already correct),done
P4673.cpp,P4673.cpp,P4673,.cpp,,main,e4aab69a6c32d976ece02b84539703d50545dc633ed5a65366f371b8e443d98e,keep,Main version (already correct),done
P4677.cpp,P4677.cpp,P4677,.cpp,,main,d6744900934b0b2e612aabe5f7ac1bb6ffee017944d8a56347d76883e8385369,keep,Main version (already correct),done
P4678.cpp,P4678.cpp,P4678,.cpp,,main,22157b9cc8ca56129751de2b91adbb38fcce6045a95ee2c24d08e9d9e8bb80d1,keep,Main version (already correct),done
P4681.cpp,P4681.cpp,P4681,.cpp,,main,de7351959e0d2fb390709344275a768d3ba4b2b1188497c2cb68acbcd425be06,keep,Main version (already correct),done
P4683.cpp,P4683.cpp,P4683,.cpp,,main,319c0bc172a051e77e205d1997a9169316cd0e1548b821b9f4fd87db5617874f,keep,Main version (already correct),done
P4688.cpp,P4688.cpp,P4688,.cpp,,main,be282aa8572ed1b885dd665e02b54167f0d378d129b43f2ea8536b6228f95409,keep,Main version (already correct),done
P4696.cpp,P4696.cpp,P4696,.cpp,,main,82b36bd7f99b35ae6f11c8c2ddcd6354a31e3c828fd97068c20ceda6452326d2,keep,Main version (already correct),done
P4716.cpp,P4716.cpp,P4716,.cpp,,main,9386baf53da0bff1689f548a977da0c5bae25c9a5147690462f91b145348c204,keep,Main version (already correct),done
P4728.cpp,P4728.cpp,P4728,.cpp,,main,b594b3bbf9bba56f2e953274b11646375cad425a49d080cb62a034744b16115c,keep,Main version (already correct),done
P4737.cpp,P4737.cpp,P4737,.cpp,,main,f8d9b077aad7df73175aeb22a9c068cea90937b3fe6cb4f8ffe940a4c4140560,keep,Main version (already correct),done
P4742.cpp,P4742.cpp,P4742,.cpp,,main,ed9f1a8b02443ba097c52bec91de1d1048b63c547136acd54301605e15d58d69,keep,Main version (already correct),done
P4743.cpp,P4743.cpp,P4743,.cpp,,main,517ec3db619811af61b6e578a2ee212f5d2b37ac6c10c73adb00a8f112b537cb,keep,Main version (already correct),done
P4752.cpp,P4752.cpp,P4752,.cpp,,main,2432a72e39214e75b84561b5e8c54a2f302305802f2c5801a19657db17ca487c,keep,Main version (already correct),done
P4755.cpp,P4755.cpp,P4755,.cpp,,main,847041c597baa8b348128939bcb65b601462051afabf7955c54f332288e7213a,keep,Main version (already correct),done
P4762.cpp,P4762.cpp,P4762,.cpp,,main,4034cdf6db9651d72f6d088554b67e92a7440f2f86fddf953116b6e7609b91bd,keep,Main version (already correct),done
P4766.cpp,P4766.cpp,P4766,.cpp,,main,e564303a0005bf8a6d73418dfd3745509532dc4ba46f73869638f6bbacaac52a,keep,Main version (already correct),done
P4767.cpp,P4767.cpp,P4767,.cpp,,main,910db90309e78c3e820ac32fe0a40bd8b91235529906f9aa11f8f864f09f9f8f,keep,Main version (already correct),done
P4773.cpp,P4773.cpp,P4773,.cpp,,main,8d7870d31f402e3179c7e8aeae28eddf802ccd7cfeca241f218d6122255b8614,keep,Main version (already correct),done
P4774.cpp,P4774.cpp,P4774,.cpp,,main,9a398f2ca3529f8402052edde31cba79701c4c09b0d78a8e746ee7d9b8c815a3,keep,Main version (already correct),done
P4780.cpp,P4780.cpp,P4780,.cpp,,main,ce69a17815675b4405031c6190da085dd6973dc33601e88f9bd8592cf56116ab,keep,Main version (already correct),done
P4781.cpp,P4781.cpp,P4781,.cpp,,main,80359b2b9a22c6276d67d3410ac2852ab0f02ff332da25b03d4b079bd1f5f550,keep,Main version (already correct),done
P4783.cpp,P4783.cpp,P4783,.cpp,,main,f3a548e02c4decba0c5fc7ccd07053137a70e74da86170d66ed9fb72f128bb69,keep,Main version (already correct),done
P4784.cpp,P4784.cpp,P4784,.cpp,,main,7f95f24846cc5ee9eb22ae697cfcc6dcddc5621668ac3616f94a836171d02f97,keep,Main version (already correct),done
P4786.cpp,P4786.cpp,P4786,.cpp,,main,73232d141d5e7a373e837c8be3b9ff491a7136913fcc8f2288aee5341082cb04,keep,Main version (already correct),done
P4802.cpp,P4802.cpp,P4802,.cpp,,main,bc301818b20051f932d1e018dffbf14f6e1211cc709937b98a1bdf3da059766a,keep,Main version (already correct),done
P4802(2).cpp,P4802_v2.cpp,P4802,.cpp,2,v2,83dc60f8918144c531c037b18240fa50df5f681dd0c944c1d08cf46dbf1f3020,rename,Standard rename,done
P4805.cpp,P4805.cpp,P4805,.cpp,,main,960462ceb27eed72e1a0c5a163017974be53e52a9d7e9143588054839b90dd82,keep,Main version (already correct),done
P4806.cpp,P4806.cpp,P4806,.cpp,,main,53646950ae2bfd0eb82231c7cdd7b86a1eb6fb9a807e1f866ae698866c33bdb5,keep,Main version (already correct),done
P4819.cpp,P4819.cpp,P4819,.cpp,,main,04bd56858d83fd71510b91e23da8eb24cb005228feca3af320ea37ab937cc6cd,keep,Main version (already correct),done
P4822.cpp,P4822.cpp,P4822,.cpp,,main,de3e9ccb292171c5ecb37179b8319d912fb8599d09af440a21f444ffede520fe,keep,Main version (already correct),done
P4824.cpp,P4824.cpp,P4824,.cpp,,main,bf82ec6313ca435eefd72611d6dc814e70e25492193f4026aa9db4a486265803,keep,Main version (already correct),done
P4825.cpp,P4825.cpp,P4825,.cpp,,main,903883a74e2f6901d931dfece401dba487e516bab5c7d9aad2f0621ba3a84512,keep,Main version (already correct),done
P4828.cpp,P4828.cpp,P4828,.cpp,,main,4655b77deb2dd72f842fe15239e9ee0d444c78dc1f66fe954ae1b91407136bc2,keep,Main version (already correct),done
P4833.cpp,P4833.cpp,P4833,.cpp,,main,4875e7d8bec748a5fb1987be7bbf047e53f7b292dc1e9245c0e95581d74c52b1,keep,Main version (already correct),done
P4843.cpp,P4843.cpp,P4843,.cpp,,main,7531e9e877f129de4214dd270c6de92a962b041898610f5fda52c7aef8a7d226,keep,Main version (already correct),done
P4847.cpp,P4847.cpp,P4847,.cpp,,main,0689655d8e456ebbe61b04d437b6a5c8371d00b998c66154d62287ed662d2bac,keep,Main version (already correct),done
P4847_2.cpp,P4847_v2.cpp,P4847,.cpp,2,v2,0520bb71f59cfa48fbd003b3f5f12ede097ac443ed50dfede67c2187e672b992,rename,Standard rename,done
P4860.c,P4860.c,P4860,.c,,main,95513c2ef6516d5592e2fc72334d5b7ec3046a7699f7f93d027b6c65b6eafa80,keep,Main version (already correct),done
P4861.cpp,P4861.cpp,P4861,.cpp,,main,a9f12945bc69130ea344473dcf857e1066fb04a10f81862c5c81e2726ffa2dc6,keep,Main version (already correct),done
P4863.cpp,P4863.cpp,P4863,.cpp,,main,451c153533fe1465552919ed5f15ad82b19010de5f00bef78a52600132ed9368,keep,Main version (already correct),done
P4865.cpp,P4865.cpp,P4865,.cpp,,main,4fbe05c5c9b3d16c5c941ef90bf0a054fbd26ca4fffed61b5054b428e03e63f4,keep,Main version (already correct),done
P4867.cpp,P4867.cpp,P4867,.cpp,,main,ada2e6db68065cfb97bdca9c6fcf729635ad17f1c7a39be9fe635cdd97334e6b,keep,Main version (already correct),done
P4868.cpp,P4868.cpp,P4868,.cpp,,main,ce2a6dd57b14c4e63c8a41051b02378157cc2c0382748a869c8f348acf05dbf2,keep,Main version (already correct),done
P4869.cpp,P4869.cpp,P4869,.cpp,,main,5d24aa5d8c2902ee15ff7aa3e00f6de54a1ba3aa875729f1157ab400c7867f83,keep,Main version (already correct),done
P4873.cpp,P4873.cpp,P4873,.cpp,,main,0e5dd761e84776b08a1e28d5257cb802023686970f0cb5629514d6506506fa6f,keep,Main version (already correct),done
P4877.cpp,P4877.cpp,P4877,.cpp,,main,2496a9ab36b8d9e06bd7ed4bd1064ff93d4dface84afbb57235f3d71df942ca5,keep,Main version (already correct),done
P4879.cpp,P4879.cpp,P4879,.cpp,,main,d26b0f86b33ee9c3556f97e2e67d6e1cd9adaa2bcb75bfd56e8636f873203cbf,keep,Main version (already correct),done
P4880.cpp,P4880.cpp,P4880,.cpp,,main,df5c5e60c1d010e37cb2afc72c4ff1f20f2efedf8e2d872df73c4dd3c42da1e9,keep,Main version (already correct),done
P4881.cpp,P4881.cpp,P4881,.cpp,,main,a102f9f6a16322ef380726e29f154e0dd036a69bc01007b4ff2353c2da6766b3,keep,Main version (already correct),done
P4886.cpp,P4886.cpp,P4886,.cpp,,main,dad9346a08486004bc6db1402a20fe4ee25a4b6d674add7d8f55e86f8e2671a7,keep,Main version (already correct),done
P4887.cpp,P4887.cpp,P4887,.cpp,,main,7fd2bc16f398b9099467929d321ced337f2c3af5e67ce4f8373777f7816b2295,keep,Main version (already correct),done
P4899.cpp,P4899.cpp,P4899,.cpp,,main,ecd314bf4f2728ba4d5f724b2887592d9b1786d1f4e2ab59697929a4634fe4fb,keep,Main version (already correct),done
P4906.cpp,P4906.cpp,P4906,.cpp,,main,267266a3260c23f23146043f95bb93b9ea398abb35634066028c732ce0d746f7,keep,Main version (already correct),done
P4909.cpp,P4909.cpp,P4909,.cpp,,main,10b8dddd2a7decfe4aa7cbe44b57252ab7e1cefbf1742de8336e9faf067aa677,keep,Main version (already correct),done
P4910.cpp,P4910.cpp,P4910,.cpp,,main,e94d71c9ae86938cfce3500c58c389b07d6e09dabaf1855d8a7592d71b257246,keep,Main version (already correct),done
P4913.cpp,P4913.cpp,P4913,.cpp,,main,017d5fdd76f5c63e8cbbe7b9a11b37f67f733b5311ed7709dd8d3b96406d5367,keep,Main version (already correct),done
P4915.cpp,P4915.cpp,P4915,.cpp,,main,2f5cf9555b4d53ca814b6e6faf0d9fbcf8646cba0cab19d43e67cab3764b3b71,keep,Main version (already correct),done
P4927.cpp,P4927.cpp,P4927,.cpp,,main,9be5b223036483a24b541bbe30c79176ad88522616e787afdb7ab5390dfe9513,keep,Main version (already correct),done
P4928.cpp,P4928.cpp,P4928,.cpp,,main,a4064b0ad837e4d5da1c6d31ba01ee3fa40d7a23cbac739b793468cec4219ebd,keep,Main version (already correct),done
P4934.cpp,P4934.cpp,P4934,.cpp,,main,b2e0df52bf2dc5f5ca008497d887fc98ebe3a39871970c363edbf59e8676e3ab,keep,Main version (already correct),done
P4939.cpp,P4939.cpp,P4939,.cpp,,main,e9153ebaf728a7bbd1f2f0ff133be56e15d592d14e57626765a2b987b3bf196f,keep,Main version (already correct),done
P4943.cpp,P4943.cpp,P4943,.cpp,,main,7ae0fe442c803ffa89c6343bc549096248be58dbd6a04aa9613e6851b841af84,keep,Main version (already correct),done
P4949.cpp,P4949.cpp,P4949,.cpp,,main,8e630bd5df9803ee2ff9790998163fb0cebad768d0f3662c96520eaa7114513c,keep,Main version (already correct),done
P4949_2.cpp,P4949_v2.cpp,P4949,.cpp,2,v2,27ed2c7fa51bab91c90e78dbc566a533b05937ccb1ed0be6ba4e2764ec8d760d,rename,Standard rename,done
P4949_3.cpp,P4949_v3.cpp,P4949,.cpp,3,v3,4898b664d0508a135e745b730d53e78cb5f25c88463b6db170e20f132fb7fddf,rename,Standard rename,done
P4969.cpp,P4969.cpp,P4969,.cpp,,main,b4a4069bdd3c11210f8d040abc309692dc3c925b55518c89bc0507ee738ecc28,keep,Main version (already correct),done
P4973.cpp,P4973.cpp,P4973,.cpp,,main,af226a882af97ae96b25b5a7f860409695a4a20166202c66e560c67e3dc5279b,keep,Main version (already correct),done
P4979.cpp,P4979.cpp,P4979,.cpp,,main,43c19bffd0bcd4ff317947385a965395e0f0d4faccd560bf62aadc79ad137798,keep,Main version (already correct),done
P4979(2).cpp,P4979_v2.cpp,P4979,.cpp,2,v2,ade7405432454031fd0bffe1f10463ee2ebd7009d5cb8332add1cb09218e1dcc,rename,Standard rename,done
P4995.c,P4995.c,P4995,.c,,main,2903dd3f534ace90fc2fec2244e8ab8986bf487b1a2346d3953659f20ca9d496,keep,Main version (already correct),done
P4999(2).c,P4999.c,P4999,.c,2,main,70ad84727c8e53e6c778f2463aae0a63357dd8db0250dba0ec2a6933d6beadf6,rename_to_main,Promoted to main (was version 2),done
P5004.cpp,P5004.cpp,P5004,.cpp,,main,03c6909e7e546c873add7bd437cf591851d56fdae31cfe8be292520d433a0efa,keep,Main version (already correct),done
P5007.cpp,P5007.cpp,P5007,.cpp,,main,781f6e89608ccbc7c2e000229fcdfb93ca8913df0dbe4c71ce37315fbaf310fa,keep,Main version (already correct),done
P5008.cpp,P5008.cpp,P5008,.cpp,,main,195c0b4c30a481605241267aa3343bd8c1961177be95ece40584bd24c9a6b48a,keep,Main version (already correct),done
P5009.cpp,P5009.cpp,P5009,.cpp,,main,daebf460045045d8a8d5246d0e7d854629cb576ff46b00ce813dee1488a12ee0,keep,Main version (already correct),done
P5011.cpp,P5011.cpp,P5011,.cpp,,main,78345e82637cfa2d1428035fef4e768a710678188962ba237cc59d7e9a45b2e0,keep,Main version (already correct),done
P5012.cpp,P5012.cpp,P5012,.cpp,,main,a5b0154cbd9ac9f9c5d557ef2fcf00d3c7ef7ed9d202de08374377cb49521f82,keep,Main version (already correct),done
P5014.cpp,P5014.cpp,P5014,.cpp,,main,44f4dcf83a2f0232917d6cde40ee9798000a586c2c1d7ef542b34c18015aec1f,keep,Main version (already correct),done
P5018.cpp,P5018.cpp,P5018,.cpp,,main,f107a1dba5103c102bd078707473acd387efb20991eee0979c7f43595991c187,keep,Main version (already correct),done
P5018(2).cpp,P5018_v2.cpp,P5018,.cpp,2,v2,85e005e6fa7d25aa8bbc9f80c58c5b82ed6bc9ed5f34cc8082da5f4ff43705dd,rename,Standard rename,done
P5019.c,P5019.c,P5019,.c,,main,31040e39822a27a1b176f9d9b125caa5815f0da10b04c715c652efa0f28a7ae2,keep,Main version (already correct),done
P5025.cpp,P5025.cpp,P5025,.cpp,,main,7349d8396c730c5cd3c1764cae897da9195340420db7c036c34e7e7ba7dce69c,keep,Main version (already correct),done
P5026.cpp,P5026.cpp,P5026,.cpp,,main,eaeaee2da1636f588603cbc8930d0772b1e83139afccacad19411feb1226a260,keep,Main version (already correct),done
P5028.cpp,P5028.cpp,P5028,.cpp,,main,1fb13f1337a0157d756464ddc55bdb718ad26d0fc81e1e365acfe5c886a8c347,keep,Main version (already correct),done
P5038.cpp,P5038.cpp,P5038,.cpp,,main,fefbbabcff6cf8622df905edfd1ff7ba73ee8b8bd739364d7520bc8d32a769cc,keep,Main version (already correct),done
P5043.cpp,P5043.cpp,P5043,.cpp,,main,56db7a927aba28c615a030b35f4fc90741d30baf4887f1a881404e3d554e50ec,keep,Main version (already correct),done
P5046.cpp,P5046.cpp,P5046,.cpp,,main,7c837e80d87a1226c1262254f5f8d46673ee84074d9bb03d43336fd91378ccb2,keep,Main version (already correct),done
P5047.cpp,P5047.cpp,P5047,.cpp,,main,d5610ae52215f6df4c196c911bface87730b7145b573ae1d87bcbdca012d3a5f,keep,Main version (already correct),done
P5048.cpp,P5048.cpp,P5048,.cpp,,main,d93d20722301caf394461f0c47c6f5cc7103d1e763105bb604a4d75b0c9141c4,keep,Main version (already correct),done
P5049.cpp,P5049.cpp,P5049,.cpp,,main,9019eb23d9a454e844eec22958b57c7dc1401d06bc3d49b4e0c5c1f558d69401,keep,Main version (already correct),done
P5057.cpp,P5057.cpp,P5057,.cpp,,main,031ec697c942cb7dcada55263d622497519992966dc339cd525db66a84afd612,keep,Main version (already correct),done
P5058.cpp,P5058.cpp,P5058,.cpp,,main,b794b7230c45fa1f0e923380e234ddcdcd87e3388f204f4864d27d34ff1da422,keep,Main version (already correct),done
P5072.cpp,P5072.cpp,P5072,.cpp,,main,fda4d0902954136030cc92c2007c727a7c59fef48ac621047fb1ffa2028345d5,keep,Main version (already correct),done
P5072_2.cpp,P5072_v2.cpp,P5072,.cpp,2,v2,61637f9b67c62a87c4e2b76ecda285fae66fadaee0bae1d69918775cad6c7886,rename,Standard rename,done
P5076.c,P5076.c,P5076,.c,,main,27a62cf38bdf7c131aa2b93e3b2f6ee41290a023199b95098a2f97147d3887de,keep,Main version (already correct),done
P5091.cpp,P5091.cpp,P5091,.cpp,,main,395b92f8430d21e420b786de5be21cdaf73957f15187e2564147c3d1be85d09b,keep,Main version (already correct),done
P5094.cpp,P5094.cpp,P5094,.cpp,,main,4015f449dafe61e9a5c50ea85da40dda71b22a6fcc222c548c0b6219fc68466d,keep,Main version (already correct),done
P5112.cpp,P5112.cpp,P5112,.cpp,,main,b476126c87069a49d33ddb63f9e5adb39c02a131fd998bbefa672841ae609dce,keep,Main version (already correct),done
P5122.cpp,P5122.cpp,P5122,.cpp,,main,2272cd8b0372156c8cde6c4a58314bf0fcc4ab93bdba2e55f0e0019dfc71f77e,keep,Main version (already correct),done
P5135.cpp,P5135.cpp,P5135,.cpp,,main,2092bd4f8a107d1379cb5b8a833732e76ceaec5431ad86f816fa8dcd4614963f,keep,Main version (already correct),done
P5142.cpp,P5142.cpp,P5142,.cpp,,main,a94a9237f1abaacebaeb25774e44fa4c7102a8aae568dd0c00c6ca958a366e7e,keep,Main version (already correct),done
P5144.cpp,P5144.cpp,P5144,.cpp,,main,c66d73906ce636a788d5d974dce3c3360963619dcd7366a01457bb5896c3d492,keep,Main version (already correct),done
P5146.c,P5146.c,P5146,.c,,main,fe1e2db52610289fbe44f3d974d3ba64dbc7f20aaf5d780dbe04592bd95f5cc9,keep,Main version (already correct),done
P5146(2).c,P5146_v2.c,P5146,.c,2,v2,225d22edc03c13318821bc2eb55c93f33ce90551446e42a598e21c61666fd5f5,rename,Standard rename,done
P5147.cpp,P5147.cpp,P5147,.cpp,,main,9075223f8aece62b70ee6be01b76addbbffbf7f2ef7f326387d3e1dc4e3e55ea,keep,Main version (already correct),done
P5149.cpp,P5149.cpp,P5149,.cpp,,main,0a9f1d02989acf2fa0396645c6d7dc21dbb15938036197f7324e2d66dfedba02,keep,Main version (already correct),done
P5150.cpp,P5150.cpp,P5150,.cpp,,main,20cb0ea9ab3bc0d5aab4d9e8cb02da3bb024681cc282aba50482798e6702a7c2,keep,Main version (already correct),done
P5156.cpp,P5156.cpp,P5156,.cpp,,main,019ab4e7d033bbb9a4d449e01bc5162f26c29b848fc2459e3ac0caa8de3c2cac,keep,Main version (already correct),done
P5157.cpp,P5157.cpp,P5157,.cpp,,main,286a46b31470c10fee644c3cf946b124898a95b375b44eb71385bf8bc916e557,keep,Main version (already correct),done
P5170.cpp,P5170.cpp,P5170,.cpp,,main,1100e5591b7aeed997b2d6c54ac5862aabd362b4edfa843a9cb27fa752bbe900,keep,Main version (already correct),done
P5186.cpp,P5186.cpp,P5186,.cpp,,main,7c79df427e183a9301de796b8e12bd82aec155ef7f9b2714dd43a87898413c6b,keep,Main version (already correct),done
P5192.cpp,P5192.cpp,P5192,.cpp,,main,b362aa08351fab2d2fc468ee69d4513b81878059a57072166ccd68b54077cec8,keep,Main version (already correct),done
P5195.cpp,P5195.cpp,P5195,.cpp,,main,332e55303f76a8780d4efd88218dbf4d4cae3eb582aaf77df2769ffc19f82136,keep,Main version (already correct),done
P5200.cpp,P5200.cpp,P5200,.cpp,,main,b00386def79b18037e7a2730a8983a58a622726a3d6fcf8ad5614333b51f7d27,keep,Main version (already correct),done
P5200(2).cpp,P5200_v2.cpp,P5200,.cpp,2,v2,2ce3a8535c65615ed545a7d23687ad1b4b16bcddc3e739fbe7e6e6ad6a67d594,rename,Standard rename,done
P5202.cpp,P5202.cpp,P5202,.cpp,,main,9ad0965337e2b0b6325949ed900e13b5db1f81e43a6f61020635d2bafb856d4b,keep,Main version (already correct),done
P5203.cpp,P5203.cpp,P5203,.cpp,,main,69332f3bf3815001abb8c28adcec6f35a7d898240f27110bb38d2040c8bf7701,keep,Main version (already correct),done
P5217.cpp,P5217.cpp,P5217,.cpp,,main,08b896ab0199d5ab20facb5dabdbd0a1e20e6ac1c1d1acbf206c9cbb61bfe484,keep,Main version (already correct),done
P5221.cpp,P5221.cpp,P5221,.cpp,,main,f915e6ef0a8f24ee966f15774c025d8cc146fb3cdab228b0d09091937ed68a25,keep,Main version (already correct),done
P5231.cpp,P5231.cpp,P5231,.cpp,,main,5f4c644986c5aefef9c198f22b4368389569941baaaa42458af1569512b34646,keep,Main version (already correct),done
P5250.cpp,P5250.cpp,P5250,.cpp,,main,404a0a503f70567997dafbe9a2b3133636f17c6482c7aa0103426ef312f7edf3,keep,Main version (already correct),done
P5256.cpp,P5256.cpp,P5256,.cpp,,main,cc6adbef9c10f25ae4fa4813e6704c8d4ae826b74af905c805b7b5025b515f4d,keep,Main version (already correct),done
P5266.cpp,P5266.cpp,P5266,.cpp,,main,59921c935a34db43f61c510dc81fac679e306793097a04491a391f3e3e072cf0,keep,Main version (already correct),done
P5278.cpp,P5278.cpp,P5278,.cpp,,main,a5ee07b622a07032a43bd9f29ac1da84c9e31305759ed0d901333465858c6889,keep,Main version (already correct),done
P5283.cpp,P5283.cpp,P5283,.cpp,,main,05645f6af4af07dd1dbfd38f233ad6e4441a95f66a4971f43f38b07f47608de2,keep,Main version (already correct),done
P5290.cpp,P5290.cpp,P5290,.cpp,,main,7879d4e19971edd404fae91e6154670e6fbb82d16efb7cbe962360f511bf40a4,keep,Main version (already correct),done
P5298.cpp,P5298.cpp,P5298,.cpp,,main,d16d05f4b626c993b3199cd4b3453c950e73ab4822eceecc6ff362178fa25f27,keep,Main version (already correct),done
P5305.cpp,P5305.cpp,P5305,.cpp,,main,849ad973b5724430e706729e61a04411289d578fb98fd9b0e6363c3decec5b89,keep,Main version (already correct),done
P5306.cpp,P5306.cpp,P5306,.cpp,,main,0de8df4a77ca351cfab3e8af506b54b401f5302913045e0239859e9c4ad32e4d,keep,Main version (already correct),done
P5309.cpp,P5309.cpp,P5309,.cpp,,main,91e09db5cff63354e48f1c02b84492cfad92648850c97f1891bdffc42201fa3f,keep,Main version (already correct),done
P5311.cpp,P5311.cpp,P5311,.cpp,,main,08992351dba6110511ef146e0b9d33752979ec9911f253dc6a49619120b5671e,keep,Main version (already correct),done
P5318.cpp,P5318.cpp,P5318,.cpp,,main,6762da9052b1b0a0a2de347a60473d99d93c96ae7418884cffb7ee33c000ee8d,keep,Main version (already correct),done
P5319.cpp,P5319.cpp,P5319,.cpp,,main,9a97ce439fefd3f866b3afd5ea2f75ebb52bac6abf80641a0450a06bf6f92b56,keep,Main version (already correct),done
P5324.cpp,P5324.cpp,P5324,.cpp,,main,c4c7659ed09504f48d90e9068fe560b518914f5eac5bcdbb740db26186bbfb66,keep,Main version (already correct),done
P5335.cpp,P5335.cpp,P5335,.cpp,,main,906cc81f0d2f374525652bae2f011aef80d729823f5ea8d5b0154517265fe284,keep,Main version (already correct),done
P5337.cpp,P5337.cpp,P5337,.cpp,,main,d1a610ee34813db09cf621991de1acb6a6ead5391c9b4f393dd87770f486f4cd,keep,Main version (already correct),done
P5338.cpp,P5338.cpp,P5338,.cpp,,main,5c894979e4dfd1af86a9ba71e8ddb83617b892e4ee5870d301eb69c21b99ed63,keep,Main version (already correct),done
P5343.cpp,P5343.cpp,P5343,.cpp,,main,c2aa5524245fa23a32238ddaa952e3c93209bd084675fc06a1ca91972222d58a,keep,Main version (already correct),done
P5344.cpp,P5344.cpp,P5344,.cpp,,main,2580b3cbbcc3371620acd5b4b2c423f6604ce19f3e4b352cdfec8322d357b702,keep,Main version (already correct),done
P5354.cpp,P5354.cpp,P5354,.cpp,,main,bf21777062db075d514d8b5ffef4790a268094212d7bf116e14a721ae264b1a3,keep,Main version (already correct),done
P5355.cpp,P5355.cpp,P5355,.cpp,,main,b901beee257fcecfb45f9ba688ae4c394545c0d24d8483b98c67abf1e619d2a1,keep,Main version (already correct),done
P5356.cpp,P5356.cpp,P5356,.cpp,,main,1ebd3c66a649fa92e2b9d5db29ec9f32fab1ee3352bc2270e9e9fde3d4da4d8a,keep,Main version (already correct),done
P5357_3.cpp,P5357.cpp,P5357,.cpp,3,main,6fcb3794fde242716ace1f9851b45e92bc53507e53c0e7091503c82fbdc529b4,rename_to_main,Promoted to main (was version 3),done
P5363.cpp,P5363.cpp,P5363,.cpp,,main,9ee57d23ff343c4bb8730e6a9f02c02cf1f91167968885142875da7bc9bff7cb,keep,Main version (already correct),done
P5377.cpp,P5377.cpp,P5377,.cpp,,main,06efda5e39f3634e7328f631677108cdad7c80827c38905127548e38ae522cc7,keep,Main version (already correct),done
P5384.cpp,P5384.cpp,P5384,.cpp,,main,c639d42d5f8fb40a5b942d234f6ece0d41e9cb059566633fadff737f541baa5c,keep,Main version (already correct),done
P5384(2).cpp,P5384_v2.cpp,P5384,.cpp,2,v2,1e307a7d7a940f838659de6e5e66efb4488b1f5d50d21a299145621fbd9c0a70,rename,Standard rename,done
P5389.cpp,P5389.cpp,P5389,.cpp,,main,545d9bc310a26aace7cd65d9098db6a298a189c56f21a955762fefaf84667596,keep,Main version (already correct),done
P5391.cpp,P5391.cpp,P5391,.cpp,,main,08a9c7078f8aeb92fab52f21bb036f2fa2078429f829f7eda43b0639f57337fa,keep,Main version (already correct),done
P5424.cpp,P5424.cpp,P5424,.cpp,,main,7de0ba15a7f70e4b0e48bd1925131b33b9ae1d2c20faf58261a5b52ca0e75978,keep,Main version (already correct),done
P5446.cpp,P5446.cpp,P5446,.cpp,,main,cba112d8a4a330955042689b441d11b44c306b450ddad6512105caa667c330ff,keep,Main version (already correct),done
P5446(2).cpp,P5446_v2.cpp,P5446,.cpp,2,v2,cf00fe3ca67e2706d1adac17b6b1eba38af151ad02199dc6294fc5824a669e55,rename,Standard rename,done
P5459.cpp,P5459.cpp,P5459,.cpp,,main,e63f06355d02ff63e56f42ad0078919b29941479b348e49d61b4a0eee808fa82,keep,Main version (already correct),done
P5459(2).cpp,P5459_v2.cpp,P5459,.cpp,2,v2,f1d922f4f2973989d7f370c85c64783e7833e1eadf755b9f37229cc70c1fc199,rename,Standard rename,done
P5471.cpp,P5471.cpp,P5471,.cpp,,main,a5f8e43ba27b22d82321122edf0d020002da29390751fe82d1dd6ddb33778810,keep,Main version (already correct),done
P5482.cpp,P5482.cpp,P5482,.cpp,,main,678a843302ca3c44509bfdf051b65f2aadcda38ab9d1f56f682e0c16aabbe6b7,keep,Main version (already correct),done
P5484.cpp,P5484.cpp,P5484,.cpp,,main,ff869f85f1c2818738cddd79674db2aadec0eaabbd9ce184be7e1581e5ccb1a7,keep,Main version (already correct),done
P5486.cpp,P5486.cpp,P5486,.cpp,,main,12da49e2a805d92e48d53b3fc8e7e95538074927e9432eb98305d1237b708497,keep,Main version (already correct),done
P5488.cpp,P5488.cpp,P5488,.cpp,,main,65057a387219349319834e862b3fc20320dab1a01be966ae8c6e7043d2cfbc36,keep,Main version (already correct),done
P5490.cpp,P5490.cpp,P5490,.cpp,,main,06e9a492b1d286dc74091895511840f7eaa9f6574a63ba4c1c144891364491bd,keep,Main version (already correct),done
P5494.cpp,P5494.cpp,P5494,.cpp,,main,95a0863dc889b3639393da99d8b6aa2d861b2e62c875ac4700c2984f4a607b55,keep,Main version (already correct),done
P5496.cpp,P5496.cpp,P5496,.cpp,,main,9c902a37d6178631d4001369faa9599ca79b6ea2280786350d17f94009d9b42a,keep,Main version (already correct),done
P5501.cpp,P5501.cpp,P5501,.cpp,,main,1329ae8458e873df38ff29a484deca0a1d5303a99211fbe6ddffa52ebd1d84fa,keep,Main version (already correct),done
P5501(2).cpp,P5501_v2.cpp,P5501,.cpp,2,v2,7264fa42a615561e429be70cbaf3e1e2adffd56712948e40b41368aba362a05e,rename,Standard rename,done
P5505.cpp,P5505.cpp,P5505,.cpp,,main,797ba45b72ace851111a0c512e5e17db87b959293dcf22234a465e43f6765c66,keep,Main version (already correct),done
P5507.cpp,P5507.cpp,P5507,.cpp,,main,346d1295a4aedf2e3b07dc958a38b4c4f9248c516d9ce8dd20e099f1b3c05d89,keep,Main version (already correct),done
P5509.cpp,P5509.cpp,P5509,.cpp,,main,cb365303010db39f43db09549e01915c9d9a027ede083acfa1835832917b36ff,keep,Main version (already correct),done
P5514.c,P5514.c,P5514,.c,,main,9f7ff0a32df74b3bedc854a4976ba8277e30f233eaee6f9e67ab1ded10917034,keep,Main version (already correct),done
P5520.c,P5520.c,P5520,.c,,main,d03e46f4b9ad791f59379226af106cb72f4ab79ad1dbb55ee1bc34bfb028d0bb,keep,Main version (already correct),done
P5521.cpp,P5521.cpp,P5521,.cpp,,main,acad1cf4ac7720541cda76c5f372f2ea7023b845d516a657174c90a117d97b91,keep,Main version (already correct),done
P5522.cpp,P5522.cpp,P5522,.cpp,,main,8a78e2b4ef962af704507ceca97082b04443085aa4468f11d4390e503e457bdb,keep,Main version (already correct),done
P5536.cpp,P5536.cpp,P5536,.cpp,,main,22ed4a8a0594bfaedcfc7ee62d416ea33a03a77a2975b3376cfa2ef54470d935,keep,Main version (already correct),done
P5536(2).cpp,P5536_v2.cpp,P5536,.cpp,2,v2,2cd940d8f5e4a23721ebe787cd6efa4548de868e256f08bcdd2171f587a290c5,rename,Standard rename,done
P5541.c,P5541.c,P5541,.c,,main,6859e1d1485412c0e19d53b78f495c2d6f3fda8b27b19ae1fb6b3a4875d73b15,keep,Main version (already correct),done
P5542.cpp,P5542.cpp,P5542,.cpp,,main,790e7beb373965a8fe471701154e0054c629aaf19fb8e143bdc103e6b5ddcff4,keep,Main version (already correct),done
P5546.cpp,P5546.cpp,P5546,.cpp,,main,aa46e55af402cf27d0f4ebe5413b2ca8e54c6b688b6499a8396cf1fd71ec9f2c,keep,Main version (already correct),done
P5555.cpp,P5555.cpp,P5555,.cpp,,main,5e5ef981ad01ad34bcce376ccb41833a3dfb2e2695f9061ec424ab373eebba84,keep,Main version (already correct),done
P5556.cpp,P5556.cpp,P5556,.cpp,,main,f3d8ab4046ef8d6884ac133cee5a9c8852fcfdac44755c8790df99b8f033d17f,keep,Main version (already correct),done
P5557.cpp,P5557.cpp,P5557,.cpp,,main,61de3aff0cbef5ccc8d0c0821c5c338cf04fb6078faba2614a9bd379f826a829,keep,Main version (already correct),done
P5566.cpp,P5566.cpp,P5566,.cpp,,main,39ba9feb616fd44498b5b0efbdfe477020e4a66014bd09b8d1e5bb3e9894c6b9,keep,Main version (already correct),done
P5584.cpp,P5584.cpp,P5584,.cpp,,main,345765e95518bc3d6357ceb7d6912317bf6146a27877e8c347a5259583955d9f,keep,Main version (already correct),done
P5590.cpp,P5590.cpp,P5590,.cpp,,main,f4cd4f9cd150f6160ad6c87bb547699701d59c2bca594e7d9ed2f431f18b7349,keep,Main version (already correct),done
P5602.c,P5602.c,P5602,.c,,main,31d0116924875ba638c9a4ca57f882481942b4ce127667e0ca8a3b1bf360c97d,keep,Main version (already correct),done
P5603.cpp,P5603.cpp,P5603,.cpp,,main,c74a0dcf2f8215e1d50b0e035cd5674e697048476b8ed2c553876754c0c7277e,keep,Main version (already correct),done
P5615.cpp,P5615.cpp,P5615,.cpp,,main,76dfd12149bba7f70787eb8200843f8899232819360ef43320996401e30026b7,keep,Main version (already correct),done
P5621.cpp,P5621.cpp,P5621,.cpp,,main,862e41926d6e30ce7e30249899df0f07a1a33474a615158a0bf502d22621b8bb,keep,Main version (already correct),done
P5621_2.cpp,P5621_v2.cpp,P5621,.cpp,2,v2,c96cbd887c086ef03160e8798278adaf1edb1510170c710f489e27ecfee5f47f,rename,Standard rename,done
P5628.cpp,P5628.cpp,P5628,.cpp,,main,232cbcb639bdb4594f7026354b64c34d55b929f5cb3b9e39534cbf32e5795f43,keep,Main version (already correct),done
P5629.cpp,P5629.cpp,P5629,.cpp,,main,cc16f00bfbad510b6a5013453a50012b388aded84bb679c756c02df92accdd8e,keep,Main version (already correct),done
P5633.cpp,P5633.cpp,P5633,.cpp,,main,f052abf4cfa4d60158d5da39fd2a5cbb7c106333ae4556a490abc1659691e875,keep,Main version (already correct),done
P5635.cpp,P5635.cpp,P5635,.cpp,,main,2989c477b681b01bc906af8214b8f5828c62617b3ea559f6d7faec2af4945195,keep,Main version (already correct),done
P5639.c,P5639.c,P5639,.c,,main,436fb9f949253a1ba9a96ff58ef4c0ae0c1d0740b858a7c48e96132b3885daf0,keep,Main version (already correct),done
P5648.cpp,P5648.cpp,P5648,.cpp,,main,43a32c64d6fd353dcaea24b65a703cf5d0b61b0525411b8bff244327e6d77220,keep,Main version (already correct),done
P5650.c,P5650.c,P5650,.c,,main,84fe1cc87f6b49f5dc7387da68f51536c7efe3f97aed75c552942b99da29669b,keep,Main version (already correct),done
P5651.cpp,P5651.cpp,P5651,.cpp,,main,983270c8763db91c8861fc5bd4b1046e6c2d6faf7241b760c44d9c5b6db97489,keep,Main version (already correct),done
P5664.cpp,P5664.cpp,P5664,.cpp,,main,73a7e5946b49a9f8460ec360714d924cc10f16adc3b8e9680f8768b0779507c8,keep,Main version (already correct),done
P5666.cpp,P5666.cpp,P5666,.cpp,,main,d529d609a3db83c9962d0002b6cdb5e829d010c97caee7acc16c27dd1a98e4b1,keep,Main version (already correct),done
P5670.cpp,P5670.cpp,P5670,.cpp,,main,26e108a97129bf0764f5c70d4d1f690bdb00f51764ac4a88514612e9eb85e0ed,keep,Main version (already correct),done
P5673.cpp,P5673.cpp,P5673,.cpp,,main,d968ea6fdd2b408fa7fadcd9c6ea0c9f5e93944b3c308fa2bf77fdf15527301c,keep,Main version (already correct),done
P5675.cpp,P5675.cpp,P5675,.cpp,,main,1becd53b7fbf6d63fedfd6aee5f897e416807e171b3ae70cab717089e9c6e69f,keep,Main version (already correct),done
P5676.cpp,P5676.cpp,P5676,.cpp,,main,2e1a819f9fa76b741344663a55f42dd46ecdc025127cef8fa16f44b9aba4100d,keep,Main version (already correct),done
P5677.cpp,P5677.cpp,P5677,.cpp,,main,6ca0a71943660ed903032e060d714c1d6182def6256291c5783e97c374b5cb96,keep,Main version (already correct),done
P5677(2).cpp,P5677_v2.cpp,P5677,.cpp,2,v2,7411bd1319a1982e8ffb320478cbf160977fb28755ea1b41fd32b75d5f402f0c,rename,Standard rename,done
P5680.cpp,P5680.cpp,P5680,.cpp,,main,45746b2fd9eaefb1dc369cca0fb682dc8ab81e39a11f5cb7d37b6e7315f12936,keep,Main version (already correct),done
P5685.cpp,P5685.cpp,P5685,.cpp,,main,a0fca5004d847724b43dbed587727ff4b27d9dd659c8172e9bcc999bc0dd1b38,keep,Main version (already correct),done
P5691.cpp,P5691.cpp,P5691,.cpp,,main,f27f619f3bf267faf4de802beb40f9c1fd0840d42e9a642cfadd94a623c6746b,keep,Main version (already correct),done
P5788.cpp,P5788.cpp,P5788,.cpp,,main,a7a65363e3a4ac51d19fb9991753c354178abc8db51f226d1cdff7db83057045,keep,Main version (already correct),done
P5789.cpp,P5789.cpp,P5789,.cpp,,main,a85efd7e0f121b326d88afd15bd81df3b47a22b33674b88e11075fab5545f031,keep,Main version (already correct),done
P5815.c,P5815.c,P5815,.c,,main,5dec3ad35b058f0a2cf1017a538d55ebbb1a4e2ac1a8ec939d03df5826c8474c,keep,Main version (already correct),done
P5815(2).c,P5815_v2.c,P5815,.c,2,v2,442d3533ec28faf462e115ebd42370e9da8a68816cf93036429f60fc8c12cb64,rename,Standard rename,done
P5829.cpp,P5829.cpp,P5829,.cpp,,main,40f733bf1864913b492d31b02c4ea32e06187e439d0ca71ae2bf70c7913071e0,keep,Main version (already correct),done
P5836.cpp,P5836.cpp,P5836,.cpp,,main,84e67e4a0731d4d44e2dff5ff29719d94a0b3272d2bcd28e61d366768888dd1a,keep,Main version (already correct),done
P5836(2).cpp,P5836_v2.cpp,P5836,.cpp,2,v2,95da7e41f296ecef625b36048b7158408fdb444982495783c311fd242b4c25c7,rename,Standard rename,done
P5837.cpp,P5837.cpp,P5837,.cpp,,main,7eb70257593da06f682a3ddda54a9d260d4fc514f645237f5ca74b08f8da61a6,keep,Main version (already correct),done
P5838.cpp,P5838.cpp,P5838,.cpp,,main,4ea3ef84a2af23628b664c5697a75871498955cdeca5b740accbdba9ce685753,keep,Main version (already correct),done
P5838(2).cpp,P5838_v2.cpp,P5838,.cpp,2,v2,d56a8ceb6252605d239176492814a278955a3ebf6ed08e552f134760e939c0f6,rename,Standard rename,done
P5839.cpp,P5839.cpp,P5839,.cpp,,main,52358c57ff52494fdd31538ab06e1416884e327edf367479c489eb00edb614ff,keep,Main version (already correct),done
P5840.cpp,P5840.cpp,P5840,.cpp,,main,93d28da3d093dac8c2fcd15973423fa05c3588a2d11835c23765e2b29ed959dc,keep,Main version (already correct),done
P5851.cpp,P5851.cpp,P5851,.cpp,,main,ebd95aba944def33a97c2f12900d7bf0b1f36660e85a07068a73222ad6ef2913,keep,Main version (already correct),done
P5854_2.cpp,P5854.cpp,P5854,.cpp,2,main,6bc43abfc062d00f3e8ea72343875a9cd4495fde3d651ec0fa6406ddc49dca1c,rename_to_main,Promoted to main (was version 2),done
P5881.cpp,P5881.cpp,P5881,.cpp,,main,539224a0bdf50644cbf4810dc4f1bd1980b2af75204f1f9fe851aecace07cd6c,keep,Main version (already correct),done
P5889.cpp,P5889.cpp,P5889,.cpp,,main,0d9fd213e38e99233251da4f4065c726d5034c982005f5964a3c484dd9092bb0,keep,Main version (already correct),done
P5903_2.cpp,P5903.cpp,P5903,.cpp,2,main,110acd6b8beebf6fc2ed3b79337e401f01b6950c574bf08fdf359f6078ab7c4a,rename_to_main,Promoted to main (was version 2),done
P5904.cpp,P5904.cpp,P5904,.cpp,,main,8072534337ae83086b6e6ab4c75f6b934590e58786e6d8e338ec5abc31b2fe43,keep,Main version (already correct),done
P5905.cpp,P5905.cpp,P5905,.cpp,,main,d64ba1623f7fc4b4a09bc172268b7075eafa9a54fc22a1db144ae06a06e9c0e2,keep,Main version (already correct),done
P5906.cpp,P5906.cpp,P5906,.cpp,,main,9422781a57d0fc7d28e320efd3609708b6f6266b62e8fb2632273bd8644afb18,keep,Main version (already correct),done
P5911.cpp,P5911.cpp,P5911,.cpp,,main,ac860ee93fa5a907c3511e7b48df009bb85adbeab731971b9173ef505debec25,keep,Main version (already correct),done
P5911(2).cpp,P5911_v2.cpp,P5911,.cpp,2,v2,db282445bab94697ef64b16f5bb5e01656be8169896f40844514a1129d7c1336,rename,Standard rename,done
P5937.cpp,P5937.cpp,P5937,.cpp,,main,7c5f0936db7ea8656453b8ab8c883943ce0be3b821e331f0621e09b088e5dc27,keep,Main version (already correct),done
P5962.cpp,P5962.cpp,P5962,.cpp,,main,88e26cd664eef8b21a0f6d72a43df58eea672074bbd1d90e42bfaae32294ef13,keep,Main version (already correct),done
P5963.c,P5963.c,P5963,.c,,main,ee60006fcc4122682a0ad8978df92904ce494dbf9c258a56d8ef82937fedcb57,keep,Main version (already correct),done
P5979.cpp,P5979.cpp,P5979,.cpp,,main,3823d0bb32258c5f26cccc068d84cce530e044e252ae59cd7a41d0f6e8515450,keep,Main version (already correct),done
P6003.cpp,P6003.cpp,P6003,.cpp,,main,d6d8b3fedc3662c03b2837d1b526013df66395bc1f4b2bdb05404e3f3961b1d5,keep,Main version (already correct),done
P6006.cpp,P6006.cpp,P6006,.cpp,,main,b5b3054713a622a57c44f79a45155371106249bee28078db86a229fc8525300d,keep,Main version (already correct),done
P6007.cpp,P6007.cpp,P6007,.cpp,,main,1f36c9007e446b74638d2a9cdca595d62dbbb02c28c29a18c55aebd0dcf3eda7,keep,Main version (already correct),done
P6008.cpp,P6008.cpp,P6008,.cpp,,main,0fa556e201e3f96186d6981b5927bcbe338c554d6fd6b3246f56e06daa9e62d3,keep,Main version (already correct),done
P6014.c,P6014.c,P6014,.c,,main,aae351cfeac06e0cdb496fe729fcbcf24a51a0770ada933cde11701c51d158b9,keep,Main version (already correct),done
P6018.cpp,P6018.cpp,P6018,.cpp,,main,c71f2192fa7fdfff86fdd279f874bb7a057357ae8d58daefac450e623929ec99,keep,Main version (already correct),done
P6023.c,P6023.c,P6023,.c,,main,e442961a8f712604b7707ebed42b2a80434bf4abc0231f3c4e71966deb2aae04,keep,Main version (already correct),done
P6035.cpp,P6035.cpp,P6035,.cpp,,main,c9299116f3cedf1f240c3cd2b42172dde2d15df069932dc19f370e5018bc330c,keep,Main version (already correct),done
P6040.cpp,P6040.cpp,P6040,.cpp,,main,8cf78912f214acd0bbe80adb0557438a6cfa825466680449ef2d7cdb98e34bf8,keep,Main version (already correct),done
P6046.cpp,P6046.cpp,P6046,.cpp,,main,01661a332b25b84d4fe0f829353b70e88c4be6513459ee1280bc26c0088666af,keep,Main version (already correct),done
P6064.cpp,P6064.cpp,P6064,.cpp,,main,9b6293c2658d177c085558c40bf9f13e05b731681cead6b9d0f675390218e79e,keep,Main version (already correct),done
P6066.cpp,P6066.cpp,P6066,.cpp,,main,e3995d7d0428486b95402d145e2cefc5edc7c4293d5a7b8a0268d0373a8a1cb2,keep,Main version (already correct),done
P6069.c,P6069.c,P6069,.c,,main,1fa9d0a38f5a36fc3277dc105ebdeb6926802e6d3a7ec776298b8f9b8ab5787d,keep,Main version (already correct),done
P6069(2).c,P6069_v2.c,P6069,.c,2,v2,ea3303c6efc51e19ca8b2ce04d184284cc857fa05ca95127063f85ca9225030e,rename,Standard rename,done
P6070.cpp,P6070.cpp,P6070,.cpp,,main,3f57f8a7ab6aecf79af9d21dce298662a6c41ee25380774cd83f16f9a268692f,keep,Main version (already correct),done
P6071.cpp,P6071.cpp,P6071,.cpp,,main,e44722e012163a720291ff86f6f7740a72aa8f7b4a93a1239bb8b1e3592974c0,keep,Main version (already correct),done
P6072.cpp,P6072.cpp,P6072,.cpp,,main,1959df7f615a70658fd696ed22729467f9ac8bb1948d5e1647c3a949997d7452,keep,Main version (already correct),done
P6076.cpp,P6076.cpp,P6076,.cpp,,main,cf0ced1957be51f84c9d350224b3f024147d22b270e742390026fb55668ea13a,keep,Main version (already correct),done
P6086.cpp,P6086.cpp,P6086,.cpp,,main,5fc4804a56b7328e6d9e2d5584e0eb3a4c37150af96e8776e1ef605acec1ac44,keep,Main version (already correct),done
P6087.cpp,P6087.cpp,P6087,.cpp,,main,d9875ace9f956519930928ac45d4dcc829c9e5091eb318f89978c2feafa93a92,keep,Main version (already correct),done
P6091.cpp,P6091.cpp,P6091,.cpp,,main,58f2fa214764aa01e44d76e679c4fcc6e4789edf7ad91f72658a8ed5b91a123e,keep,Main version (already correct),done
P6092.c,P6092.c,P6092,.c,,main,9063586aa3bc0eed134c365646c8c2d41a59a0fa488ad76509b626e48e73e9b0,keep,Main version (already correct),done
P6096.cpp,P6096.cpp,P6096,.cpp,,main,0c8c405debb9e66a784cfc5ed8de0b0e3863573f56c507b5945822e79942c6f2,keep,Main version (already correct),done
P6098.cpp,P6098.cpp,P6098,.cpp,,main,6a9a68382ae566c9a4c75dfb6e2d7652c81b1085f60025e7f1571029d0dafc88,keep,Main version (already correct),done
P6119.cpp,P6119.cpp,P6119,.cpp,,main,9bf1bf7e3672c332eea85fd0e4029f140e6d245f45dd52f56ecb401ed1fdf478,keep,Main version (already correct),done
P6121.cpp,P6121.cpp,P6121,.cpp,,main,c47fc495e81b72255662aa36309ad46cd4961dfe1a85950fa84ec14ffa123973,keep,Main version (already correct),done
P6121(2).cpp,P6121_v2.cpp,P6121,.cpp,2,v2,c0fd7b55112f36fdff1d4694857715bd41a837cdfbd6a0b0d8f527939e2586ec,rename,Standard rename,done
P6134.cpp,P6134.cpp,P6134,.cpp,,main,04216af4b601e197b82c9f9d45f1e6e133db4c92971a2cf8a0cdbbe531199c51,keep,Main version (already correct),done
P6136.cpp,P6136.cpp,P6136,.cpp,,main,f106720d628b1cb1546450a86db2935432f146d00a735e0a3378d404d6665d61,keep,Main version (already correct),done
P6139.cpp,P6139.cpp,P6139,.cpp,,main,308be709e9c0039a2f795310bb6dbce212375279aeeb8e7d25970296bf28147e,keep,Main version (already correct),done
P6142.cpp,P6142.cpp,P6142,.cpp,,main,a42e53f9cd497ff32dd1cf81e6387c3dd2aa2a55acd17c924047abd8bc4a1935,keep,Main version (already correct),done
P6145.cpp,P6145.cpp,P6145,.cpp,,main,f00305ee36f6d64814b77d451d44419a0bb2dacb4a5517a5ab060d8e9cdc91be,keep,Main version (already correct),done
P6157.cpp,P6157.cpp,P6157,.cpp,,main,905f75fd9321f5cb3855d1838d41f7c4feba1dc264afe2760991e45ba1095237,keep,Main version (already correct),done
P6172.cpp,P6172.cpp,P6172,.cpp,,main,b0b7cc9d2da3dbbc0f90f2463d063c576b3f0f34b4b9a2cd7f23485bc44a20bc,keep,Main version (already correct),done
P6177.cpp,P6177.cpp,P6177,.cpp,,main,1b17d3d78a96a43ae18a19ca3783e114b10bc8ddbca5d9cef7425217eba14b6b,keep,Main version (already correct),done
P6183.c,P6183.c,P6183,.c,,main,243015e6c40d87b029a292c1f8b768062786a243dc4e8a7a4a1bf29debdbf5d1,keep,Main version (already correct),done
P6186.cpp,P6186.cpp,P6186,.cpp,,main,c62b5cbaca50202347f9740829b2aba11b942b285ebfbf4be4f7091619ded2f3,keep,Main version (already correct),done
P6189.cpp,P6189.cpp,P6189,.cpp,,main,19452b9bff4610eb2795c548d268304051f8438e12ec560df767b659156d0d08,keep,Main version (already correct),done
P6189(2).cpp,P6189_v2.cpp,P6189,.cpp,2,v2,5d18ece2f87944f6b3a1380a7b96b9945694b8f1da04bc22efe770bd7d1ec2cc,rename,Standard rename,done
P6191.cpp,P6191.cpp,P6191,.cpp,,main,34fc5fe05e85d95539f5209cc61513d900be461ce0eaa1ac98e78c4e055004c1,keep,Main version (already correct),done
P6192.cpp,P6192.cpp,P6192,.cpp,,main,a7fb1b10518afd7297501dba1087d8aa106b2112475a1d6ff7be88a2155f0930,keep,Main version (already correct),done
P6205.c,P6205.c,P6205,.c,,main,2efa97e94beee6e0eb36572f7096d5a6e43461dcc6118c927fa752caa384a9fe,keep,Main version (already correct),done
P6205(2).c,P6205_v2.c,P6205,.c,2,v2,cba7c7e403a73b97d3957b2ac735598e3f338af5257bae83fd32574628456013,rename,Standard rename,done
P6207.cpp,P6207.cpp,P6207,.cpp,,main,1e0499524a76526b3079699fca16c4556f91d8f489446702629d9ef29e12084e,keep,Main version (already correct),done
P6208.c,P6208.c,P6208,.c,,main,e6ac6427c14efc3f85d390010ef8e68410fc24587879612d0b191dfe1bcc08c8,keep,Main version (already correct),done
P6212.cpp,P6212.cpp,P6212,.cpp,,main,83ef3a0a5787ada616d67cc3ae0adcf7eecb5e2cbb006848baef717375c3e034,keep,Main version (already correct),done
P6216.cpp,P6216.cpp,P6216,.cpp,,main,cb4e1732678df3952f0c3165bda43b266a4a37b57aa99582a98d917fd1241be8,keep,Main version (already correct),done
P6218.cpp,P6218.cpp,P6218,.cpp,,main,5aa3af71a5b81cb813cf63cd284f211fce8a8d550e29d2524ffde6f61819c8b1,keep,Main version (already correct),done
P6225.cpp,P6225.cpp,P6225,.cpp,,main,c7798a6b86a19de5866b4cccf051824a8b6c04cbfc3c5ebdaef33842a005f3ab,keep,Main version (already correct),done
P6233.cpp,P6233.cpp,P6233,.cpp,,main,6f0488cb2c9e41c41d373ba320f93c8b828ba4464fb08683bf5604cd02ffbebc,keep,Main version (already correct),done
P6234.cpp,P6234.cpp,P6234,.cpp,,main,8ef27646c2c4d9d84430ecf98fd6f2129feeeb0edfb7750dc823ba6511a6e139,keep,Main version (already correct),done
P6240.c,P6240.c,P6240,.c,,main,9b925b82dcb70d99f548cb77b79a83869cd817e349e12518ccb7ee10393a1611,keep,Main version (already correct),done
P6240(2).c,P6240_v2.c,P6240,.c,2,v2,2606f07ad182075b3c4d2f5cee4f751915a1abf5e4e97a182a851c90c3e309a6,rename,Standard rename,done
P6243.cpp,P6243.cpp,P6243,.cpp,,main,0a252b1ba2e18890a285dab94117bc53db7e3fededf21fedcc990c7e2a8df694,keep,Main version (already correct),done
P6275.cpp,P6275.cpp,P6275,.cpp,,main,152767e388dcb80c3500810744525676ae9b6cedd8e9a43bf1ee39844989bb68,keep,Main version (already correct),done
P6275(2).cpp,P6275_v2.cpp,P6275,.cpp,2,v2,c941f78df0462e74aa2a4a4061ebb6f3e8d8c0d49ae69dbf0aaf4236fe43eb07,rename,Standard rename,done
P6278.cpp,P6278.cpp,P6278,.cpp,,main,04f8c59734a6bb211d8d786b0954a771cf8f390072024ad1cfaaf0705e3a7677,keep,Main version (already correct),done
P6278(2).cpp,P6278_v2.cpp,P6278,.cpp,2,v2,42192767d7209518f09b480b452fe0273254ee1d76c57b716df4f4e0212ff342,rename,Standard rename,done
P6279.cpp,P6279.cpp,P6279,.cpp,,main,5be84c8c0c50bae7112b399733cb4a9837012a25c22f99b1c4d126d4e7528344,keep,Main version (already correct),done
P6280.cpp,P6280.cpp,P6280,.cpp,,main,cea3d163ac9532939e7bbfeb4ddc59a6c659852cf32b06790f59250118b7d395,keep,Main version (already correct),done
P6283.cpp,P6283.cpp,P6283,.cpp,,main,03abe751070f1a6e5dfd589359e8bb52698ebf8e5ea75eae4bdfadab2e3ad527,keep,Main version (already correct),done
P6286.cpp,P6286.cpp,P6286,.cpp,,main,0f51175519d962cbeb1ae4f4d3021709daf832d55cb719e7d1553b8355391ad4,keep,Main version (already correct),done
P6289.cpp,P6289.cpp,P6289,.cpp,,main,89e52d36b2e69cbceea2bea54044adf9c9d9c16acb253c5322e66c50eb98f255,keep,Main version (already correct),done
P6306.cpp,P6306.cpp,P6306,.cpp,,main,787273bccd0da814b88ee32c035f8465cb567c83bc279344f77ac3aae545b2b2,keep,Main version (already correct),done
P6309.cpp,P6309.cpp,P6309,.cpp,,main,0b8f6bee7ad0366e7bfe725cc89f011384ff2f571a38a5eb8a1abaf84153976b,keep,Main version (already correct),done
P6310.cpp,P6310.cpp,P6310,.cpp,,main,f41c37450708f021960a6dab4c887f6b97e4b2657e46ca9948c153513e915074,keep,Main version (already correct),done
P6323.c,P6323.c,P6323,.c,,main,f8b1ac6d52abac0350d1cae173730b0086c63754a368a8f5c72b2c11d2ae9fe9,keep,Main version (already correct),done
P6323(2).c,P6323_v2.c,P6323,.c,2,v2,8293ed82156bdd65b45bea1e4fbd630013106f3362dbdaa017fc903c57d51a34,rename,Standard rename,done
P6325.cpp,P6325.cpp,P6325,.cpp,,main,e7276f09a2d006c19c3bea3e894af750b4d3a29593be5e2835bc250a20444904,keep,Main version (already correct),done
P6326.cpp,P6326.cpp,P6326,.cpp,,main,0138ee705a4e7d19bfdf28c7e062553ce7d3236cbcb8bfbb82e32b01960f8a3f,keep,Main version (already correct),done
P6327.cpp,P6327.cpp,P6327,.cpp,,main,6329bb5e6ac1ef9e37f6682515c02aa2b183df45f3097f2e9ab98d220ec6a3e3,keep,Main version (already correct),done
P6329.cpp,P6329.cpp,P6329,.cpp,,main,a7519fa90b2ed7adf4e2ef7abe26f45b482fab32e4ae0d636228ca01e6b6f6d9,keep,Main version (already correct),done
P6329_4.cpp,P6329_v2.cpp,P6329,.cpp,4,v2,38560ec96fce4b3c65bcc8ab6b0664a0e53aff98056b780a41bec71c38a5b54f,rename,Renumber from 4 to 2,done
P6345.cpp,P6345.cpp,P6345,.cpp,,main,de595f2a9ebaad48c78f0c642832d65a6438938abd06e70eeedde5ea59a804b4,keep,Main version (already correct),done
P6348.cpp,P6348.cpp,P6348,.cpp,,main,5b353c1f1d1f0f83e0326fc256b6e7e7ade7758bc3f78b5a0b6b863e3ec13b72,keep,Main version (already correct),done
P6373.cpp,P6373.cpp,P6373,.cpp,,main,ef08383c2907fc69275ee2515b345624844a7d5d2ee1f7d5b11ed254fd0b142a,keep,Main version (already correct),done
P6373(2).cpp,P6373_v2.cpp,P6373,.cpp,2,v2,45fb472213754364a979b4578734285bdeb4ab8ce574c93e3bb613103b61ba53,rename,Standard rename,done
P6374(2).c,P6374.c,P6374,.c,2,main,94d1b27372364d1dc71edcc9b46a74cc7a7d77d892713016a8850494ee1a89c3,rename_to_main,Promoted to main (was version 2),done
P6374.cpp,P6374.cpp,P6374,.cpp,,main,de8f4aba5d2c5290e457109e8670eb2d5490ddc32e7f5ec78ea4f59e985f60ad,keep,Main version (already correct),done
P6378.cpp,P6378.cpp,P6378,.cpp,,main,75b368a19c9ec3f1e1d77cadf156a3013323f0c8817e2cda72439ab30670a395,keep,Main version (already correct),done
P6397.c,P6397.c,P6397,.c,,main,e34b3d6a0bf0f1c213688b85ba49b211a22ae2a81f2d859e5ed9467523b7af28,keep,Main version (already correct),done
P6413.cpp,P6413.cpp,P6413,.cpp,,main,e911ddb35c4afa80986e535921b4f3fa0597b34e871db04b7d85503eeb665713,keep,Main version (already correct),done
P6433.cpp,P6433.cpp,P6433,.cpp,,main,6fed6f395b52bb1dc8665902e08409d295c19930501216885a33be2662d19bee,keep,Main version (already correct),done
P6434.cpp,P6434.cpp,P6434,.cpp,,main,e92f3dfa0c0e7279d839bc3d820fa7629f7f145b065f06935c201d8443c594f0,keep,Main version (already correct),done
P6435.cpp,P6435.cpp,P6435,.cpp,,main,a2f9527bf32891c5f0e6c384ec8771ac9b002a6845d85862108c1b1aded92253,keep,Main version (already correct),done
P6435.py,P6435.py,P6435,.py,,main,51d44982af22a637e5554417893d2644cbc140ad9333b83fd53d11833624ab77,keep,Main version (already correct),done
P6473.c,P6473.c,P6473,.c,,main,3c13ac13a2e93e423eb556c5a5a3573aeb74b179b1facbbfa57b69643a5463d6,keep,Main version (already correct),done
P6473(2).c,P6473_v2.c,P6473,.c,2,v2,c91e928b825db59290ae083ef48ba9e45b729840180727d4de6925e44ae7833b,rename,Standard rename,done
P6473(3).c,P6473_v3.c,P6473,.c,3,v3,1f632190ae7f3c42935e99fd6b17d6f7415583fd08599fe68eb89a32217b48c6,rename,Standard rename,done
P6475.cpp,P6475.cpp,P6475,.cpp,,main,1d7c608efc6248d3bbedfa3e5bb4f22a9797b4790a9a6f81e047c7d4ab7f6adc,keep,Main version (already correct),done
P6477.cpp,P6477.cpp,P6477,.cpp,,main,ae6ce1963bbcb978ad88d9bc45f6a1300501b28f73d31df9f40af604f819a02a,keep,Main version (already correct),done
P6487.c,P6487.c,P6487,.c,,main,ed5e9fe62a3afe62f6d0d1412c4e08646722b87fd7b9e5007db651d83725d596,keep,Main version (already correct),done
P6503.cpp,P6503.cpp,P6503,.cpp,,main,4be9454eff548df622179e5a08a435d61bad4d2d70ba6b06420a56038ac2b8fd,keep,Main version (already correct),done
P6503(2).cpp,P6503_v2.cpp,P6503,.cpp,2,v2,cf31c591a2afa6ee8c80a16a75505fadf9ee13a5fe3ec3507d1e10623e95ad0c,rename,Standard rename,done
P6510.cpp,P6510.cpp,P6510,.cpp,,main,87c323fca2eaabeec81d0ab2043aee3f47d61a4a860440fa22add628daf5c37d,keep,Main version (already correct),done
P6521.cpp,P6521.cpp,P6521,.cpp,,main,29d58dc71c49ba3ea28abddeed98b999b6d8ea588a1c2a4f2fce475fc08b5b0d,keep,Main version (already correct),done
P6533.cpp,P6533.cpp,P6533,.cpp,,main,aeb9a2ead0589091bee0e772a7d880793f36168c10046e974e6b482b0f8553ce,keep,Main version (already correct),done
P6540.cpp,P6540.cpp,P6540,.cpp,,main,65481dedf5b0dd48aa100d3225ab92f0b76f11624b6c7a3c3603c04861c2f7a4,keep,Main version (already correct),done
P6549.c,P6549.c,P6549,.c,,main,ac3fd64a17d7f3c0e7c15f0fd95a966886d0fca45bd30bf025091e543a148fe4,keep,Main version (already correct),done
P6554.cpp,P6554.cpp,P6554,.cpp,,main,591b093a6567ffe36292025e4c6ab935e2ca865ab5f7346ce8e9270ea98c5988,keep,Main version (already correct),done
P6564.cpp,P6564.cpp,P6564,.cpp,,main,d1db3b449ae2807f87f5522c20775c2cc521a02f5f2ce6d1f9305ffe7339a104,keep,Main version (already correct),done
P6567.c,P6567.c,P6567,.c,,main,cde3930f4360dbc12d5f10ad3c43fd294ff1532fa18e2abcc655d9fc717a489f,keep,Main version (already correct),done
P6567(2).c,P6567_v2.c,P6567,.c,2,v2,3417ee841a95def457cc9173b3fdbaa8cac7bc625a8ce3621b334b0a380e9bbb,rename,Standard rename,done
P6568.c,P6568.c,P6568,.c,,main,50271154115b927353858f0163effb5387cc787839cea49293685297e281a37e,keep,Main version (already correct),done
P6576.cpp,P6576.cpp,P6576,.cpp,,main,d3a0d037047fff18d2e2b51ef6e5f8bb638eb711f3518db6a994a5102c26fecd,keep,Main version (already correct),done
P6587.cpp,P6587.cpp,P6587,.cpp,,main,f6e33eecce2a769ec5ada57cdee28b61c6a5735b26749ccd3072ca185dd46029,keep,Main version (already correct),done
P6591.cpp,P6591.cpp,P6591,.cpp,,main,7b2cbc453406ec668cf31f912b4db5fe1d7f4abfce5b555336cf60ee7c529367,keep,Main version (already correct),done
P6592.cpp,P6592.cpp,P6592,.cpp,,main,541ce93634132d3658fd7c383fc59c2e4cb532a55a9dba1d67e14309feaccabd,keep,Main version (already correct),done
P6594.cpp,P6594.cpp,P6594,.cpp,,main,6c5104ec93f059b4dc306d08dee63a3c105239529346535cc18a868c7cf461f4,keep,Main version (already correct),done
P6601.cpp,P6601.cpp,P6601,.cpp,,main,baf5384115d445c698717ef58e61856bda52117d20e4b3cbb740eeca3c1f3592,keep,Main version (already correct),done
P6617.cpp,P6617.cpp,P6617,.cpp,,main,4b88c43b11c02bdcfc84fe1ca78adb1869620b0e894d871a68576da96e85e8e9,keep,Main version (already correct),done
P6623.cpp,P6623.cpp,P6623,.cpp,,main,a33442d673e789a3f9c7556402daa16bf718595d98a1837cfd39fd569f869815,keep,Main version (already correct),done
P6625.c,P6625.c,P6625,.c,,main,481bf0e3a120320ef9022ecf9a8bcc9602bbb3100d489c90728222314e2e980e,keep,Main version (already correct),done
P6626.cpp,P6626.cpp,P6626,.cpp,,main,786157a2bbc575ce59d5ab10a852305ef970ced0eb5749ffc1144bfa91988365,keep,Main version (already correct),done
P6626_2.cpp,P6626_v2.cpp,P6626,.cpp,2,v2,5111c7ed29fbb62b77d07f8fffd2735df1f8e226027c576961d6755540345f00,rename,Standard rename,done
P6626_4.cpp,P6626_v3.cpp,P6626,.cpp,4,v3,327b4a7ba9f213ae6bb9e9ba44f8e1f4776de99d11539d857c7c4861087a934c,rename,Renumber from 4 to 3,done
P6627.cpp,P6627.cpp,P6627,.cpp,,main,de6201463b8a9de5b95649f985c90dd94ce344cfc9252f033c654e7bf5eeaef1,keep,Main version (already correct),done
P6628.cpp,P6628.cpp,P6628,.cpp,,main,16176649ad933a07e9aec8d98ade2d3cdcc4e2566efd6bc36ffba11edb1ce62b,keep,Main version (already correct),done
P6638.cpp,P6638.cpp,P6638,.cpp,,main,8d0a928721b6aa3714a33841fae684ad202832ced53f94e4027517a0d0f8df68,keep,Main version (already correct),done
P6647.cpp,P6647.cpp,P6647,.cpp,,main,183a0f72f5f9807e5a864354cd832da8745bf56cd7b787a84fa4509beb5f90c8,keep,Main version (already correct),done
P6649.c,P6649.c,P6649,.c,,main,2b743501111071bec1293316567a1451ccfcb4148619b71aff681e616274872e,keep,Main version (already correct),done
P6649(2).c,P6649_v2.c,P6649,.c,2,v2,4d221aa969e1585c04c430f2edb775768cbee2480d52b36b36feadef1620246c,rename,Standard rename,done
P6655.cpp,P6655.cpp,P6655,.cpp,,main,429575385f317e3d1cf3ae0e362736a809e8aa0973683697dc41cd9df91c9d0f,keep,Main version (already correct),done
P6669.cpp,P6669.cpp,P6669,.cpp,,main,778abba994d3a083f118e623b557953395dcf812d4dc616a8b9081e547b0986b,keep,Main version (already correct),done
P6688.cpp,P6688.cpp,P6688,.cpp,,main,4dc91cdb73a8ba93c52ac8ac5e6cbd77461e74f657b34570a866ef2097dde107,keep,Main version (already correct),done
P6701.cpp,P6701.cpp,P6701,.cpp,,main,271741e1f2a1e8b164cadd5d727cd0f8c24c3d38db0fe2f03cee0b0f1eb4ff04,keep,Main version (already correct),done
P6702.c,P6702.c,P6702,.c,,main,848dd9943d55c4a838f45fc0c929163742c5eacd45d939c454f69d51312904c4,keep,Main version (already correct),done
P6707.cpp,P6707.cpp,P6707,.cpp,,main,e41929ca24779b60713be1deabbcf94e204eb2de245f988a7ada37fc906467ca,keep,Main version (already correct),done
P6733.c,P6733.c,P6733,.c,,main,bfd2505d7f4d1cfb4ddc4c8647361229ec57ae1bc700656e8b96740823ccd206,keep,Main version (already correct),done
P6739.cpp,P6739.cpp,P6739,.cpp,,main,ac3b242a71b4fefba11de132a8d196a21440a9ec0d8af61abf87a1612b4556e8,keep,Main version (already correct),done
P6743.cpp,P6743.cpp,P6743,.cpp,,main,0bdab0c2537cc8b658a35423fd9efbdd1164969fbeda684b53ccb83eb3356aa7,keep,Main version (already correct),done
P6743(2).cpp,P6743_v2.cpp,P6743,.cpp,2,v2,3e14d5d0f034c99d92fffc3621d2d4cec235ea7fb29d1deddb77b0799bd2fd21,rename,Standard rename,done
P6746.c,P6746.c,P6746,.c,,main,552edf7f7dd50392f19f062ef93b04f7698af35e98d0762ffa4f53e2e4f0ad11,keep,Main version (already correct),done
P6753.cpp,P6753.cpp,P6753,.cpp,,main,311037d5d0e5afd4cdfa6ef22cc3a7708cf160cb8804f95880b03fb85bb5ecce,keep,Main version (already correct),done
P6754.cpp,P6754.cpp,P6754,.cpp,,main,2b0ae3f8bc0ccd332bf97df85068e2e31dd050ad652d7d2771132c95035669e2,keep,Main version (already correct),done
P6770.cpp,P6770.cpp,P6770,.cpp,,main,d413393803e10f4e78a45c78408bb397c9e5e5c3f2436bf2f310bd5cf41b6bfc,keep,Main version (already correct),done
P6771.c,P6771.c,P6771,.c,,main,9cf69252178b325691851413f8ad28d62987d0eb50280ecd91cca60ad451e3e9,keep,Main version (already correct),done
P6782.cpp,P6782.cpp,P6782,.cpp,,main,f55348da2d69249385869c9f79de22476575f962a5dda3a5438d961e41ff9637,keep,Main version (already correct),done
P6784.c,P6784.c,P6784,.c,,main,f809ee917d306f146d2c5fdf7e68577a6bb70792f07e1ebd74eff8f05a100d25,keep,Main version (already correct),done
P6786.c,P6786.c,P6786,.c,,main,579c361328bf70bfaa2deaef16590d70ef0898fcf5a208b030295a33f0232e8d,keep,Main version (already correct),done
P6786(2).c,P6786_v2.c,P6786,.c,2,v2,865e3d03232586e028af168455336dcb31de9c0d6fdc1b152e0330e92a093e9f,rename,Standard rename,done
P6786.cpp,P6786.cpp,P6786,.cpp,,main,906af1921b5e0eae2ab65e4f899c72c5d3d9522e990807c924e5fc1c37d17235,keep,Main version (already correct),done
P6786(2).cpp,P6786_v2.cpp,P6786,.cpp,2,v2,befb8aec3e89c693876af3746845cfcc96d700acf942af1e39d5db86942b34c8,rename,Standard rename,done
P6793.cpp,P6793.cpp,P6793,.cpp,,main,959439399bfae972d806992ba950c60cbc947851de1965178419d8abf5890fe7,keep,Main version (already correct),done
P6793(2).cpp,P6793_v2.cpp,P6793,.cpp,2,v2,2eaeedfca1c3afdae5402acc25ed3de1e9072944ce54ff69ef57372c3d601916,rename,Standard rename,done
P6812.cpp,P6812.cpp,P6812,.cpp,,main,4b1930e9ffe75fadbdefefce4ce488bfbd4484e3f802d81410bf0873b9530e4a,keep,Main version (already correct),done
P6812(2).cpp,P6812_v2.cpp,P6812,.cpp,2,v2,4f1240a1d2412226d7e9dfd7c130683ed82c9a2e31f6efd74dd5c83d89f58c1a,rename,Standard rename,done
P6824.cpp,P6824.cpp,P6824,.cpp,,main,af7f17f7d25a78f9f64e79e3e9ba4a4647eee0788cd7e6777c82322f75921de6,keep,Main version (already correct),done
P6824(2).cpp,P6824_v2.cpp,P6824,.cpp,2,v2,2145cadd3afe4a019bea6c9ee1eab872db09cca7bd947547f038987324b13d31,rename,Standard rename,done
P6824(3).cpp,P6824_v3.cpp,P6824,.cpp,3,v3,767a1b7fba6fe08f9d7a6b769d1687ac4088de81fe6cb3c87c7f0cfc89173f5f,rename,Standard rename,done
P6824(4).cpp,P6824_v4.cpp,P6824,.cpp,4,v4,221848d2418e58b2d0eafb57597f978603c2bc900eecbc306b019704f8f7a566,rename,Standard rename,done
P6832.c,P6832.c,P6832,.c,,main,b32496feba9cec6f7555aac4797cf19d8cb40efd1a1928c9c7ca4cd0f423e16e,keep,Main version (already correct),done
P6835.cpp,P6835.cpp,P6835,.cpp,,main,a40e80c93e6569dabea9a5e9213f5a92fde68e0373750883099bbc2df4920e8c,keep,Main version (already correct),done
P6869.cpp,P6869.cpp,P6869,.cpp,,main,6bfb7733a171cc73ef904b334293e07c7a30372649b2e0494db4606b3b150f94,keep,Main version (already correct),done
P6879.cpp,P6879.cpp,P6879,.cpp,,main,50141ea1fcc81513cce5bcb43a5eee9ab3e47e11efa8253b5a3c1b444055bf7f,keep,Main version (already correct),done
P6880.cpp,P6880.cpp,P6880,.cpp,,main,e81a8e49c4df40dd32eae11cfb9efb1d7334ff6ace75a30ccbbde2463204e478,keep,Main version (already correct),done
P6883.c,P6883.c,P6883,.c,,main,6bcea05e667525f3f25192a3c52afdec3a83d58a080430e01534633e8ebd1235,keep,Main version (already correct),done
P6902.cpp,P6902.cpp,P6902,.cpp,,main,2f1051aa6ea1014dcf8788574861c38ec734cb6069ebc78e6a1ecf26b33572a2,keep,Main version (already correct),done
P7072.cpp,P7072.cpp,P7072,.cpp,,main,d8b9941a08e02f1543acfcd4884a27ad3952a047af7f39dc784f5018af789b09,keep,Main version (already correct),done
P7095(2).cpp,P7095.cpp,P7095,.cpp,2,main,69520e9f23079795c735e435030bebff49064bc06a478d900163c020b0975faa,rename_to_main,Promoted to main (was version 2),done
P7103.cpp,P7103.cpp,P7103,.cpp,,main,83f7677967e621e32b7272ff9c08dff37acf6636eeb6bc649f07928c4845887e,keep,Main version (already correct),done
P7103(2).cpp,P7103_v2.cpp,P7103,.cpp,2,v2,d1e3dfd7acbac210f848f60de0c3da54bbb0ad1d022620cea50d62e1bcac4dec,rename,Standard rename,done
P7107.c,P7107.c,P7107,.c,,main,ae3856cede8b95cacf9d15ed804b61fc67f780a40b7736d4564b9f43223c69d0,keep,Main version (already correct),done
P7118.cpp,P7118.cpp,P7118,.cpp,,main,d06706369bbd668c44f861c7fb66040dfaafd697fa67df7784bec1e8894a3960,keep,Main version (already correct),done
P7119.cpp,P7119.cpp,P7119,.cpp,,main,b435152e61ec01078cbf69b385b138c7e2f9f803be9d0730535dff986acca662,keep,Main version (already correct),done
P7167.cpp,P7167.cpp,P7167,.cpp,,main,fcc6a65fcc7e501e021dd8baa6bf97ad5fcde199413a2b83e61af66f9c64fedf,keep,Main version (already correct),done
P7171.cpp,P7171.cpp,P7171,.cpp,,main,fab253d3c88145c1f4152eb3bb982ecbef71fd8dc1a6ac80f4b148ce4507d887,keep,Main version (already correct),done
P7172.cpp,P7172.cpp,P7172,.cpp,,main,76fd84da89819babf4e802d9cab6ff40e4dd10ec019539d41971b04a68ab9455,keep,Main version (already correct),done
P7215.cpp,P7215.cpp,P7215,.cpp,,main,a8571b088c6c791daa693023cadadfe08627063c277d7dd0def9551286a14d37,keep,Main version (already correct),done
P7215_2.cpp,P7215_v2.cpp,P7215,.cpp,2,v2,98f561838f62c3631713ec7440b76bf6c6fab0af74597c30022c171958fb318d,rename,Standard rename,done
P7219.cpp,P7219.cpp,P7219,.cpp,,main,1e4ed217cd94ab4e35564e2abd820ed68c0a7fa18bf26e143badf2f0944cf90d,keep,Main version (already correct),done
P7228.cpp,P7228.cpp,P7228,.cpp,,main,c9d1fedfb2378578a14c606a4ccd58be8fb197e24d856d3d707b964574165165,keep,Main version (already correct),done
P7228(2).cpp,P7228_v2.cpp,P7228,.cpp,2,v2,a05360651aaa4fcdc792b8c50d880e2a07e85fc5b46db65e27f16966e22bb8de,rename,Standard rename,done
P7228(3).cpp,P7228_v3.cpp,P7228,.cpp,3,v3,a286a5b72d63bd62ac4970e301c1b815bf3420ef83914daed269c40755da2b3b,rename,Standard rename,done
P7230.cpp,P7230.cpp,P7230,.cpp,,main,1f2c3a9cbffb253bf0020e49ae2a018da918393921416b1ede5c40bd301336c2,keep,Main version (already correct),done
P7245.cpp,P7245.cpp,P7245,.cpp,,main,bab26c5591519aa25c89890f797ae0deddc5a73fd14385f528d3c3d488591567,keep,Main version (already correct),done
P7261.cpp,P7261.cpp,P7261,.cpp,,main,9bf876365e3036db07f37e45d73a91aa42ac5221a059a45753ad688dc21b910e,keep,Main version (already correct),done
P7285.c,P7285.c,P7285,.c,,main,eb4922dd7f7f011b9360c0f144aa77ac9f93a205ae678223d3f89e726d8d2edd,keep,Main version (already correct),done
P7296.cpp,P7296.cpp,P7296,.cpp,,main,4df6837d7375d4617724cc6af5bb86965642291bef482a048ea95344ad310563,keep,Main version (already correct),done
P7305.c,P7305.c,P7305,.c,,main,fd0cffe077ae9594b0219618149603ad397daeefe4f271084e312d9adcd37838,keep,Main version (already correct),done
P7305(2).c,P7305_v2.c,P7305,.c,2,v2,9173e1ff16ab20c9b9fd31576828260d7c9e40e4b21c2e848d6d1234cf7d035e,rename,Standard rename,done
P7312.cpp,P7312.cpp,P7312,.cpp,,main,404b681d8a9aff2ffd294fa8aa25a87cd120823442dc6f77231350ddab9239ad,keep,Main version (already correct),done
P7314.c,P7314.c,P7314,.c,,main,ea772d34e9800c84b8ed0e8be11417c2c070fd6a36d83e4ca4b9061d105890e0,keep,Main version (already correct),done
P7322.cpp,P7322.cpp,P7322,.cpp,,main,87ea815625ddd79beb19d9ebba6cd0cf7575262725911d93c709cee6c86f6f2b,keep,Main version (already correct),done
P7333.cpp,P7333.cpp,P7333,.cpp,,main,2cb7e67ab405457945d527e2ec72850759e6aa22e6c53ed5133851504dcd56b6,keep,Main version (already correct),done
P7334.cpp,P7334.cpp,P7334,.cpp,,main,1a679fd5a32b49687a4573161a47b7a3aa1940edb968022c06b7be3af60c2269,keep,Main version (already correct),done
P7335.cpp,P7335.cpp,P7335,.cpp,,main,25b34d10e549bed7876f4bc46f89a81d63f2ad92e8c159f5959a24dd441db707,keep,Main version (already correct),done
P7381.c,P7381.c,P7381,.c,,main,bebb8cf38f19651f7b740eb1d6b8fd5c5b8e7c137fb63221580fc3053a6b5895,keep,Main version (already correct),done
P7381(2).c,P7381_v2.c,P7381,.c,2,v2,af5f80244ba7bd2dfcbfb651e6f279948c974f234f37e20ab29c8ba98f78dcee,rename,Standard rename,done
P7394.cpp,P7394.cpp,P7394,.cpp,,main,0b86af26146cee7f958b8da85052a099dc88f5139504bab4ae8e6b27ab05e7dd,keep,Main version (already correct),done
P7399(2).cpp,P7399.cpp,P7399,.cpp,2,main,868cd3915476e79391a8740c935351bccce19994d6329a21d18a5b30148fc62e,rename_to_main,Promoted to main (was version 2),done
P7402.cpp,P7402.cpp,P7402,.cpp,,main,4c65d6f8877542f232ffff12f14274bc226d56e29b01fc0c082463870511fbf2,keep,Main version (already correct),done
P7404.cpp,P7404.cpp,P7404,.cpp,,main,77a7767cdf420467007adb944d1a428f04a27c1750684a82c98dbcc851cd5630,keep,Main version (already correct),done
P7404(2).cpp,P7404_v2.cpp,P7404,.cpp,2,v2,b630dd1f3eea62600e5ece9bbf4419c00a10e809260784f1834f42a172b79597,rename,Standard rename,done
P7409.cpp,P7409.cpp,P7409,.cpp,,main,8acae777fa19afb46b632b3c0871ffca177697cc708bdcb97711ddfc5e0f3716,keep,Main version (already correct),done
P7409(2).cpp,P7409_v2.cpp,P7409,.cpp,2,v2,bb8e8834a4cea9de1f184c2f41737cb6afaab3889e6934df36b7eb82f71d7df0,rename,Standard rename,done
P7415.cpp,P7415.cpp,P7415,.cpp,,main,6e494f76028274263235325cfe171e0fcd9c99a19f3951dfb43158ac95faabdf,keep,Main version (already correct),done
P7416.cpp,P7416.cpp,P7416,.cpp,,main,15954bc3ca11170953bc1bd98cda275f358c43e293672b7beaa711ccc96e31a3,keep,Main version (already correct),done
P7424.cpp,P7424.cpp,P7424,.cpp,,main,ee3640bf6f7bd1d5238d689e689e00082a937a1123276f7f95dea909153f4d3b,keep,Main version (already correct),done
P7427.c,P7427.c,P7427,.c,,main,2ec6a2d08e44a43bec64abdf4a241ed7bc1969deea76e755e5c0b9b16d914a64,keep,Main version (already correct),done
P7453.cpp,P7453.cpp,P7453,.cpp,,main,08b3ee01268ff3b3d61c821c7feb98372854ca46fe1d073368676e03b73a03e6,keep,Main version (already correct),done
P7456.cpp,P7456.cpp,P7456,.cpp,,main,4d1b9889091ee2c8091007918588811332f05c7292069356b65dc085d5c5dca7,keep,Main version (already correct),done
P7492.cpp,P7492.cpp,P7492,.cpp,,main,de9def2af8f37ed2474a95abd4adf25675d947a4ab8a7aec78dcf8e725c8f4e9,keep,Main version (already correct),done
P7527.cpp,P7527.cpp,P7527,.cpp,,main,18f1be13bc74ccfda6b2f87b02f3e3e6d462e2244894f159e9870adbff9408c0,keep,Main version (already correct),done
P7530.cpp,P7530.cpp,P7530,.cpp,,main,4192cf4812e00450d642fa8d9f9454fa53b17569d6871ff2119b53ee0a429faa,keep,Main version (already correct),done
P7535.cpp,P7535.cpp,P7535,.cpp,,main,a844a3e8a71eae228a99b61d8a0e2f77ba48133383471786bea5acf38c9ebbbd,keep,Main version (already correct),done
P7537.cpp,P7537.cpp,P7537,.cpp,,main,3810ae2b482e29c2f68c9d086ff97d3154b4fdf0d9864301f3959e93eaf98f7e,keep,Main version (already correct),done
P7551.cpp,P7551.cpp,P7551,.cpp,,main,d0b722a9ec2aa05e8d099f23c94cf125dfe0575d80d6e66056d869b9739b67fe,keep,Main version (already correct),done
P7581.cpp,P7581.cpp,P7581,.cpp,,main,0adb90cfb2a0931f6d4e50d12b1f744b7dab34148046b2baa685b2df1d7a833f,keep,Main version (already correct),done
P7584.c,P7584.c,P7584,.c,,main,9a296acf486fbacf8f11737d38fbf9a65483b27645dab2d020b8395f73ee38eb,keep,Main version (already correct),done
P7588.c,P7588.c,P7588,.c,,main,a45aff6916ada0795c6d8f5602786d146b7fcb60904ffafd552fb4ff980f1662,keep,Main version (already correct),done
P7588(2).c,P7588_v2.c,P7588,.c,2,v2,4d9b824ce1785d6867e4fc071f536ced735856d52e5893b6bb234ef9cc2d99d9,rename,Standard rename,done
P7619.cpp,P7619.cpp,P7619,.cpp,,main,7ec4d4c4e6d443d6a3254edd4b9bc7a38da55d4db9c5dbd2e50dd0eb32bc31cb,keep,Main version (already correct),done
P7623.c,P7623.c,P7623,.c,,main,465adeacba70e8718c66767da4d4704bb81263639cb75ab392b1b68dac51795a,keep,Main version (already correct),done
P7629.cpp,P7629.cpp,P7629,.cpp,,main,827b7f3831c38e3a9500d1c075e6a6386ec0bb3401e63f4aa270662a9bca8f74,keep,Main version (already correct),done
P7642.c,P7642.c,P7642,.c,,main,ac66bc3531219c892c449ed0acc59c37b1fae2c96a08a8b80cee1eca19fe1cb1,keep,Main version (already correct),done
P7666.c,P7666.c,P7666,.c,,main,ae36af8f40b0b212978f14d45fb33acb07a2a77fca70e6a5b3a5e5aadc93663a,keep,Main version (already correct),done
P7669.cpp,P7669.cpp,P7669,.cpp,,main,3438234adb02213c0c914a2b6365d4bd89c4c2d0816f2927b0862943c533f831,keep,Main version (already correct),done
P7687.cpp,P7687.cpp,P7687,.cpp,,main,9c4ae98de1a722aeda460c443795da51b431417940a38c3aeab2864679985197,keep,Main version (already correct),done
P7700.c,P7700.c,P7700,.c,,main,e2a3408af491bb09b62edd4f543edabfbd70d45fc9f84ccc144b832c9bce4214,keep,Main version (already correct),done
P7708.cpp,P7708.cpp,P7708,.cpp,,main,373b3341e34ea20ab834c4da0828f2923ce979ba14370e80541b19ac5b076dcd,keep,Main version (already correct),done
P7716.cpp,P7716.cpp,P7716,.cpp,,main,d66b0c5893ac5cedefeed81cfd670cbf6e2fa421e8d477097583d5f06f736312,keep,Main version (already correct),done
P7717.cpp,P7717.cpp,P7717,.cpp,,main,03bc97fd242fadf464c93244817279d38135045d44c5e1a8fcc8061a6ce8c339,keep,Main version (already correct),done
P7746.cpp,P7746.cpp,P7746,.cpp,,main,c6889e3fa75bf7f59f2dd29e73ed54dc56c18e7ba1c30856eaed3b44eaffb390,keep,Main version (already correct),done
P7764.cpp,P7764.cpp,P7764,.cpp,,main,94c89a7003ac2f13e86ee0458376c8c060e6b9d82e85e0e34ff2d7f60acac1bd,keep,Main version (already correct),done
P7768.cpp,P7768.cpp,P7768,.cpp,,main,5afe4550d63f4210fafdfbba3fa37bf63bcd2ab2ebb6b01be36b61a576e54a6b,keep,Main version (already correct),done
P7774.c,P7774.c,P7774,.c,,main,37b852494037fa86de419a711c719366ef2a23ebe1a60e889791bedf8747b159,keep,Main version (already correct),done
P7774(2).c,P7774_v2.c,P7774,.c,2,v2,e3011bcf9545dd52f43d147ad459575f7b57ecee0f730a57c3b65a01b0e081d6,rename,Standard rename,done
P7775.cpp,P7775.cpp,P7775,.cpp,,main,16c2851ef79aee1300360462fdfad3dca1f83978830807ac7ae0e96c215c1970,keep,Main version (already correct),done
P7777.c,P7777.c,P7777,.c,,main,c760158a0c0bad4b53c8a6b30959489ed115090f901f9ae635f2b6dc8e0a621a,keep,Main version (already correct),done
P7793.c,P7793.c,P7793,.c,,main,805222c3b028abbf3e5e382347838af54074878417bc68d8ef1fec4adfaa2846,keep,Main version (already correct),done
P7793(2).c,P7793_v2.c,P7793,.c,2,v2,d9af2973d69f4b97d74c98ea6a4252fc81fb974492e505630bd2cde585f48d1f,rename,Standard rename,done
P7795.c,P7795.c,P7795,.c,,main,fb8e909c385ea7be278d479e71e677d0c86947690d8b5a461fe075395962d0fb,keep,Main version (already correct),done
P7796.cpp,P7796.cpp,P7796,.cpp,,main,70b4b69eaeebe3b67c70c4c25cb702d9bb5ff682d7c7a345e8aff0bcdc4b1568,keep,Main version (already correct),done
P7809.cpp,P7809.cpp,P7809,.cpp,,main,7eb70257593da06f682a3ddda54a9d260d4fc514f645237f5ca74b08f8da61a6,keep,Main version (already correct),done
P7818.cpp,P7818.cpp,P7818,.cpp,,main,323f4bfebe7aa5aa16f3dd6f770222d83409117d2c85a62036281d027386ee76,keep,Main version (already correct),done
P7821.c,P7821.c,P7821,.c,,main,4f14934d82c8195c58e1d758ff678912acd2528666876f705832524df109b890,keep,Main version (already correct),done
P7821(2).c,P7821_v2.c,P7821,.c,2,v2,8e21b073cc46f978109bf1e99b4cce04b29065cc720693141ee7d9db976adfa9,rename,Standard rename,done
P7822.c,P7822.c,P7822,.c,,main,31c5882f12ffd8cef8b221eda222506e64b3b16b23c75555d243aba8aa536ae8,keep,Main version (already correct),done
P7828.cpp,P7828.cpp,P7828,.cpp,,main,85f27407c1dabca8d2914e3d45d83dd442d568311ceefb130ac01a75889e36c6,keep,Main version (already correct),done
P7831.cpp,P7831.cpp,P7831,.cpp,,main,2a4fc9bb4d8d6c326c3a750d475fc104743f83a40f94dfc0e0e7e3c0e7a264e9,keep,Main version (already correct),done
P7846.cpp,P7846.cpp,P7846,.cpp,,main,9590422b68f8b4ec6fbbf11ebbb6621fe2b2c08245b2fb37602b81d2db2b99e5,keep,Main version (already correct),done
P7859.c,P7859.c,P7859,.c,,main,ee1536d575a6cd575c829b80a4d888954b1e75389b8290daa2e1bf547941e92c,keep,Main version (already correct),done
P7859(2).c,P7859_v2.c,P7859,.c,2,v2,99f6c710fdd322552af762734f94e2ff90612dbd038850da788dd53d1e4a5f72,rename,Standard rename,done
P7860.cpp,P7860.cpp,P7860,.cpp,,main,ab5f2d621888e6faddedfed1b5e8f56545d2f6352d6e2a7d12e09d2ee13cedb6,keep,Main version (already correct),done
P7862.cpp,P7862.cpp,P7862,.cpp,,main,f5bb8bba9ff17e2ad7fe9a137f5b2b99360e78e6811c08f509b1e21a0fd779a7,keep,Main version (already correct),done
P7865.cpp,P7865.cpp,P7865,.cpp,,main,039fdf5b2ca2649c576ede628018db9d15b6a87d5a54a90de176329821cf0c80,keep,Main version (already correct),done
P7865(2).cpp,P7865_v2.cpp,P7865,.cpp,2,v2,b4ecc3683891b8ad37c7d8ceea75b95cda2ba5694bec07e61af20d4e399db90d,rename,Standard rename,done
P7866.c,P7866.c,P7866,.c,,main,5c2d82fad41a01ad552c305b56a8f4305986fc97e941e622a09f5dd055d44095,keep,Main version (already correct),done
P7866(2).c,P7866_v2.c,P7866,.c,2,v2,99c2dd5da869106944e75a9de5e5b20cd73cc9fea58c7d1a225d87f3e9747df0,rename,Standard rename,done
P7866.cpp,P7866.cpp,P7866,.cpp,,main,984b8480ebf9701d63d2b381135d2ca9c617e13034042a17356f83a4631f5ead,keep,Main version (already correct),done
P7871.cpp,P7871.cpp,P7871,.cpp,,main,83d65960985f74a838b954651781985e9a18ecefa25fda4a9104d00e8c50f329,keep,Main version (already correct),done
P7883.cpp,P7883.cpp,P7883,.cpp,,main,f37127a200bf7e13291bae94383bd0809bac91aa1fad3591018ed9dfa5c808b2,keep,Main version (already correct),done
P7907.cpp,P7907.cpp,P7907,.cpp,,main,427221eae379a58a535756875881ef6bcbbb6d06b9727ca58309ffaaaa1c04f3,keep,Main version (already correct),done
P7914.cpp,P7914.cpp,P7914,.cpp,,main,616f84473e92b733ab6f11eeb1e23d007643cf0f893f75a5dd306835038d7882,keep,Main version (already correct),done
P7924.cpp,P7924.cpp,P7924,.cpp,,main,0ba6d7478903ea99ea812109e4881353ff0423c78bdd8de2ffd61c7e965acfa4,keep,Main version (already correct),done
P7925.cpp,P7925.cpp,P7925,.cpp,,main,b9d432e48a905b42727dc09c63079dc01a18f883eb6bdf2c9cdd72956a5a4e55,keep,Main version (already correct),done
P7929.cpp,P7929.cpp,P7929,.cpp,,main,014872e998b2a232712950d096cda4ca5e1839fb7b6ec009416ba7fdc34ae834,keep,Main version (already correct),done
P7947.cpp,P7947.cpp,P7947,.cpp,,main,5e255104bf73749984ae278054f2f83fd84c0f3043220136c0237d89dbc553ba,keep,Main version (already correct),done
P7961.cpp,P7961.cpp,P7961,.cpp,,main,6e2e5fac7e3da052cd4bc37bc9394028772a5efc9abf2c67464cc32be0da9b93,keep,Main version (already correct),done
P7965.cpp,P7965.cpp,P7965,.cpp,,main,0f02a3d1f5f0d61b9e8a1f806bbc3761a671169aed89c8cbf3c7ba29dec9e3a5,keep,Main version (already correct),done
P7973.cpp,P7973.cpp,P7973,.cpp,,main,f03607d634549ed7442463bdbf008421d5656d474c72017eae3642cc098c0dd2,keep,Main version (already correct),done
P7976.cpp,P7976.cpp,P7976,.cpp,,main,7d54c3915e26c4c2f63eaefccdbbc3be479815b27efeb80a0c12d7aa8a98ac5e,keep,Main version (already correct),done
P7984.cpp,P7984.cpp,P7984,.cpp,,main,b1b6d79ea055e6dc4da1553cd1455917f336af9c1d440cf00bf3a9445a35d9b8,keep,Main version (already correct),done
P7988.cpp,P7988.cpp,P7988,.cpp,,main,4cbf905b6a7419eccb855f77c332d97c37c6f0fb5ab60c918088daa446f73a3d,keep,Main version (already correct),done
P8024.cpp,P8024.cpp,P8024,.cpp,,main,8110bda12578448452b8d7925582197e35ef34cc5f112c5e52464e1d32332aec,keep,Main version (already correct),done
P8025.cpp,P8025.cpp,P8025,.cpp,,main,8a030a63fb351fb4655efcb686ee3d17ed6296e2597230f40bbe22098f3b6da0,keep,Main version (already correct),done
P8026.cpp,P8026.cpp,P8026,.cpp,,main,61456787f12659077a1ce9da141ad2b641f327a83fa9b196b7c259c5de500c5e,keep,Main version (already correct),done
P8048.cpp,P8048.cpp,P8048,.cpp,,main,411fad767c208a6c2d82c93e272a9c68ed0476e68bab896eeb24534e32df974d,keep,Main version (already correct),done
P8048(2).cpp,P8048_v2.cpp,P8048,.cpp,2,v2,c4f7e68f3ffbc96ca5cd7127f06cb57b2a5ee9c9c146a7d358e9b461b3b41052,rename,Standard rename,done
P8059.cpp,P8059.cpp,P8059,.cpp,,main,7a1af41f4c4a2b3317676fed0b40bc1b63b429f2df78a8b8c739a1bfb1e698e6,keep,Main version (already correct),done
P8060.cpp,P8060.cpp,P8060,.cpp,,main,5e1a72eecd17eab8e1235fd9b492e6a80f676b5cbad487d94ba63806c13c96ff,keep,Main version (already correct),done
P8078_2.cpp,P8078.cpp,P8078,.cpp,2,main,a95990eb007f321afe631b3b3176a7ae06aef8ad5af60d3c8d45a56830b1ab42,rename_to_main,Promoted to main (was version 2),done
P8082.c,P8082.c,P8082,.c,,main,685bbf7c6df69440ea325b320e8ac0f4ccb57fa09af3f16f866bb6d94af47e5d,keep,Main version (already correct),done
P8085.cpp,P8085.cpp,P8085,.cpp,,main,030c76bded0cb0c6e2ccc613c9e2e2308a506c8e141dc64daaf3f5baef68a505,keep,Main version (already correct),done
P8096.cpp,P8096.cpp,P8096,.cpp,,main,f9f21cd7061638dbb7653c9277a4acbbc103858011c75ebe1bd606fef2573745,keep,Main version (already correct),done
P8102.cpp,P8102.cpp,P8102,.cpp,,main,fc2503133957360ffa6969c6d14a8008e708e2caf324abaaf78b4a4aed4d9de8,keep,Main version (already correct),done
P8108.cpp,P8108.cpp,P8108,.cpp,,main,8318f3972ed09d45d3f25c54696c9f29f3c8e22a431b8321d671cd02e754bd08,keep,Main version (already correct),done
P8109.c,P8109.c,P8109,.c,,main,314b01a51219d170f1c5e1f4fcd17af142debc899eadfdca8cfae1c87d8d94c2,keep,Main version (already correct),done
P8113.cpp,P8113.cpp,P8113,.cpp,,main,59ad3bee4ccba54064fbddb7d77dbc5ef038204f6b7c811e43eb0ca0c8565419,keep,Main version (already correct),done
P8131.cpp,P8131.cpp,P8131,.cpp,,main,f4748eec6db7bc5fef80ed65853acdfd0fc10421825ce84e1a1a0fde9301fdde,keep,Main version (already correct),done
P8144.cpp,P8144.cpp,P8144,.cpp,,main,5f302880fd1f040b063c321a571c7cc89ba1362d47b9f5de6aa759245f20c940,keep,Main version (already correct),done
P8161.c,P8161.c,P8161,.c,,main,9dc42e205d80430b6ddb3912354e5d77769b76a8f875da4d41e54a05c9fe3436,keep,Main version (already correct),done
P8161(2).c,P8161_v2.c,P8161,.c,2,v2,677bb7e5d7c6f44df0111185b6f2c3de6b3cdc4ed5ba776e7df611f11f761e16,rename,Standard rename,done
P8163.cpp,P8163.cpp,P8163,.cpp,,main,8a67bdce2e4e5f088a4d2f6be4cdf2badb047b3d3c41ee57dcbab157882a31e0,keep,Main version (already correct),done
P8187.cpp,P8187.cpp,P8187,.cpp,,main,a3575d62b39438304336203d189de812c60f3b84f9ea2fcc318a79093e560ee6,keep,Main version (already correct),done
P8200.cpp,P8200.cpp,P8200,.cpp,,main,29b78836b0c7c679603e40d6077dcf9416e5eacbdc57cad92f6a10d3c4f45a4c,keep,Main version (already correct),done
P8201.cpp,P8201.cpp,P8201,.cpp,,main,6fbd1f77cff3bb6a2d782254a9ce1dd2e73abd51ca6ffc28bd73df9b10cc96ed,keep,Main version (already correct),done
P8208.cpp,P8208.cpp,P8208,.cpp,,main,6ce5b6937c54fa724ae69106304d190c875c576dab65f07cba05334ca2893bef,keep,Main version (already correct),done
P8218.cpp,P8218.cpp,P8218,.cpp,,main,487ed9d91ca776f09cb5e8099de35e7f4a2b3c454659517379ee934036dd453e,keep,Main version (already correct),done
P8277.cpp,P8277.cpp,P8277,.cpp,,main,22cb6b6e5665ac00bada1c96dc8a1efb8f811f7aaea9b8c5585e8d62f450fd9b,keep,Main version (already correct),done
P8287.cpp,P8287.cpp,P8287,.cpp,,main,d52817f577e9d58cd7d96d0fa5bfaeb5e9f5b1637c373263c97b882827e785d7,keep,Main version (already correct),done
P8288.cpp,P8288.cpp,P8288,.cpp,,main,6eea4b604c126a68ac2e53c2f747f4f240a49b2f13a27df651d3455fca266a03,keep,Main version (already correct),done
P8306.cpp,P8306.cpp,P8306,.cpp,,main,bd861b11637e17d37797b9dc0cabea248eb0bd65e44975921ab6c57a11378746,keep,Main version (already correct),done
P8306(2).cpp,P8306_v2.cpp,P8306,.cpp,2,v2,72f630886cc688294acef080174c7cd15ebf0dee48bc0bc944cff21499775632,rename,Standard rename,done
P8310.cpp,P8310.cpp,P8310,.cpp,,main,f16b8f07a73cb575ff6670cebcb4fe2946a0dfcd23a3bcd79f6f4d55a795e7f4,keep,Main version (already correct),done
P8311.c,P8311.c,P8311,.c,,main,ee98a87314f0d0cba7f7da72774554957846cbca775db826ba9f6406ecdba28c,keep,Main version (already correct),done
P8311(2).c,P8311_v2.c,P8311,.c,2,v2,d36e5d3360ca22721c8709e97807ab19694f9bc690e3bf7ac2b8ea77a79ec48b,rename,Standard rename,done
P8312.cpp,P8312.cpp,P8312,.cpp,,main,e71c905df78f4fffe16b0f35411c8c8481bd84fc3586cf508ee9776f1102ee4a,keep,Main version (already correct),done
P8312(2).cpp,P8312_v2.cpp,P8312,.cpp,2,v2,94ce92d232e375b1e38f5876f0948e133ff4001c68470246bc69a21ee52051f8,rename,Standard rename,done
P8316.cpp,P8316.cpp,P8316,.cpp,,main,818bd919f8f6fc2a9201a6030310d051e3d23b971dc270591c5601396e127130,keep,Main version (already correct),done
P8344.c,P8344.c,P8344,.c,,main,9d038671bfe1e685182e4d2932a1eed99b0bb196b1f77c7e5e45d71acb034844,keep,Main version (already correct),done
P8347.cpp,P8347.cpp,P8347,.cpp,,main,6b7747f7a69214b95a77a454208932b92c1424d8cc290828923ea54dbce1351e,keep,Main version (already correct),done
P8360.cpp,P8360.cpp,P8360,.cpp,,main,eb5dfd8003ec51a7ffb70a3d2190d6e985a4b0ac57092ddfd88e8447512cde25,keep,Main version (already correct),done
P8360_2.cpp,P8360_v2.cpp,P8360,.cpp,2,v2,8bf822c068bb6e597192d73f43abc0c97a16cc169c6613b7e361daf6e9d5e7ed,rename,Standard rename,done
P8360_3.cpp,P8360_v3.cpp,P8360,.cpp,3,v3,f8793a7124e3684f00946109c485e139e40c626ad597ef0f2267728beeb58c9e,rename,Standard rename,done
P8395.c,P8395.c,P8395,.c,,main,e0eaacd7523a9f065cf51ed6fbeb17dc453d224d41db3eeb7fb02e27e682b30e,keep,Main version (already correct),done
P8435_3.cpp,P8435.cpp,P8435,.cpp,3,main,72b1a44e7a69f0ecf279c53b8b8884e247e343e519f1b91fde3673410424e8ee,rename_to_main,Promoted to main (was version 3),done
P8436.cpp,P8436.cpp,P8436,.cpp,,main,2410865611a28728e8d1ab72220c9fa8862505916aae473b45c7ec6148b3d1db,keep,Main version (already correct),done
P8439.cpp,P8439.cpp,P8439,.cpp,,main,4fad5a4a9c0eb485fa276dfcd7854d8326a7538a5b7538f76b31e526d8a762d8,keep,Main version (already correct),done
P8451.cpp,P8451.cpp,P8451,.cpp,,main,d26baa7947ba1edb042dd3c9b7fabf42b3bbb4dd1f3d448a259d7640d03b8823,keep,Main version (already correct),done
P8460.cpp,P8460.cpp,P8460,.cpp,,main,abfd6c98f075d4db1b741661e291d7b2835d86ee8b21455c72591dfa439a8fc3,keep,Main version (already correct),done
P8475.cpp,P8475.cpp,P8475,.cpp,,main,c7af7afd00776c8ffdb3f0b0db6c5b735d2f66067b37a62eb6c67f4821f5146d,keep,Main version (already correct),done
P8480.c,P8480.c,P8480,.c,,main,45db3dee80232bf362d4764eb4b2ab11bd0a408f23262816444cab170aaefa25,keep,Main version (already correct),done
P8481.c,P8481.c,P8481,.c,,main,c104e9d7100b400ed4cafc05563cd90e445e9c9c6ac77a4c5d62a53367cd5342,keep,Main version (already correct),done
P8488.cpp,P8488.cpp,P8488,.cpp,,main,a9208a687773b6cb4f400313ede1f8e7bae67b951168f1961f8ac7052f0406bd,keep,Main version (already correct),done
P8488(2).cpp,P8488_v2.cpp,P8488,.cpp,2,v2,b4a3ca4e3ad486d8ceb7281c485985fc0fbe8c3eb281b9e5645040b979d3a4f1,rename,Standard rename,done
P8511.cpp,P8511.cpp,P8511,.cpp,,main,fab91088902c3f6a5db77dcc00613de11ce74b318333030a1a48dee95779f14c,keep,Main version (already correct),done
P8535.c,P8535.c,P8535,.c,,main,7bc1c1774335d13f0d379c296b18f4a214b3e4ef11f1db43f1884dcbc96e37ad,keep,Main version (already correct),done
P8537.c,P8537.c,P8537,.c,,main,4e7444c23aaef8a943fea0e9002266a65ee597db105cc3dc7369d315869d9060,keep,Main version (already correct),done
P8548.c,P8548.c,P8548,.c,,main,d4434c1bcf3479ac63a8fd6a70e01609301d02670992c9faf2848273ce2045bc,keep,Main version (already correct),done
P8595.cpp,P8595.cpp,P8595,.cpp,,main,0b86af26146cee7f958b8da85052a099dc88f5139504bab4ae8e6b27ab05e7dd,keep,Main version (already correct),done
P8597.c,P8597.c,P8597,.c,,main,03ea23377725a4cbc291ea4286d90a3efe62d601b877323a82a06c465ea8e6df,keep,Main version (already correct),done
P8600.cpp,P8600.cpp,P8600,.cpp,,main,681202ca92b486c5949b82dfedd525d32d892b9bc4f97f0db64fa4359fc78923,keep,Main version (already correct),done
P8614.c,P8614.c,P8614,.c,,main,ede8c2ece83eabb60877b286f49505fb86d2d42dd9e010117621096de14aa20e,keep,Main version (already correct),done
P8617.cpp,P8617.cpp,P8617,.cpp,,main,8aaabfd34255966f09ebab1d31e9da4fffc012cd0dd3d4ed7f215ca98f884561,keep,Main version (already correct),done
P8625.cpp,P8625.cpp,P8625,.cpp,,main,5a0fc985041112afd26fa58b4f78985d8000a09eca459f4652136daa1bf6db25,keep,Main version (already correct),done
P8626.cpp,P8626.cpp,P8626,.cpp,,main,e73e5f33e9149d1c23d10e5953774cb3718dd884161bc6b2d4e1add10c2dfad5,keep,Main version (already correct),done
P8628.cpp,P8628.cpp,P8628,.cpp,,main,96ec190b180d26bd2cb2dade2468aea0a10c1bd1d87039ef927db0efed2207be,keep,Main version (already correct),done
P8637.c,P8637.c,P8637,.c,,main,65a200a3196396da2b5396739a55cd39b028fd096ee6f1d322cf942d0531b2e5,keep,Main version (already correct),done
P8643.cpp,P8643.cpp,P8643,.cpp,,main,c38f47ca664d1d3ddded1d948de5d4df616a67534ff5a633e89381ed38c1c40c,keep,Main version (already correct),done
P8646.c,P8646.c,P8646,.c,,main,b766a88616cfeaaf692c46612ddee97b72ad60886cd5e6271ef642f083aae8b8,keep,Main version (already correct),done
P8646(2).c,P8646_v2.c,P8646,.c,2,v2,561e908d2d7ac6a36887616cf467f88b6b12ac375e9b735db53b74a4f28e5597,rename,Standard rename,done
P8647.c,P8647.c,P8647,.c,,main,f2904832f920925dbfc6d8e08a91da71e83ce029ab5dd58f294fd5587a7026d2,keep,Main version (already correct),done
P8648.cpp,P8648.cpp,P8648,.cpp,,main,60f0704c8295adbe8e66e825d51c6431d24a5e6ed73b89d96bb9802833c0cf54,keep,Main version (already correct),done
P8654.cpp,P8654.cpp,P8654,.cpp,,main,5a0e27c49172cc6959d5c021deb7039134c6700e706d08f9205f76e3dee42e9e,keep,Main version (already correct),done
P8656.c,P8656.c,P8656,.c,,main,35fc36bb74affcd148fc56b0a5177f08a40a1967adc03a53a4a1408656c4c956,keep,Main version (already correct),done
P8657.cpp,P8657.cpp,P8657,.cpp,,main,a10e66c210cb8119bf2c6624fc3d66dcee666c6d1c3843652551c119e50cba59,keep,Main version (already correct),done
P8661.cpp,P8661.cpp,P8661,.cpp,,main,bacf005a63fa35fb430b0933c3d26f612dc8eb2cee5ed008662b9a65da688d36,keep,Main version (already correct),done
P8662.c,P8662.c,P8662,.c,,main,253c23946af885ae9b07deefda993c5d126095c0813894fcb2e015e00510f54d,keep,Main version (already correct),done
P8664.c,P8664.c,P8664,.c,,main,8474be05e5f784b03277c2ec0c519f78f137c92190843d12a30f9ca351c93769,keep,Main version (already correct),done
P8666.cpp,P8666.cpp,P8666,.cpp,,main,cb3b1551ef48d1d2cc4ebcab92f19a8fcb42b44938456a870241b7044da24d73,keep,Main version (already correct),done
P8669.c,P8669.c,P8669,.c,,main,a57f51568deb280ffe0936453c214da3bab109d6ded908d2fbc58d16356e9048,keep,Main version (already correct),done
P8673.cpp,P8673.cpp,P8673,.cpp,,main,163e08c6a28f639df7af96490a69ba163c1c5d722c0fd0dc812677ea71244484,keep,Main version (already correct),done
P8674.cpp,P8674.cpp,P8674,.cpp,,main,3770d0497833a6c7188f12474a0c12afe3448fb2dc617c2f1f370676456fa9c3,keep,Main version (already correct),done
P8675.c,P8675.c,P8675,.c,,main,45ce2d1ed30b30f5551852813d5893b5399c7eee85ac74c155591229b39bbe44,keep,Main version (already correct),done
P8675.cpp,P8675.cpp,P8675,.cpp,,main,895264534a5678b9fc054481413486f1f7becaebaab85552cfeee1f4883997e5,keep,Main version (already correct),done
P8677.cpp,P8677.cpp,P8677,.cpp,,main,00270d4e941cd002f68c805353a193c8948e96b612a438da5383c3ef34be9106,keep,Main version (already correct),done
P8677(2).cpp,P8677_v2.cpp,P8677,.cpp,2,v2,4dbb69b77ed7a42fb2fdd4405aa369f9cfbd57f6281e7849735564b2f21ae0b4,rename,Standard rename,done
P8686.c,P8686.c,P8686,.c,,main,d1ae77fea8b28dfac3724b921d34ec10304d74b2d66c3e3a69ad70d4e9c35f02,keep,Main version (already correct),done
P8687.c,P8687.c,P8687,.c,,main,0ecdd6837f4452937fb11ac44ff27c3ee5c3ad009a0a922278483f0ca815aba4,keep,Main version (already correct),done
P8687(2).c,P8687_v2.c,P8687,.c,2,v2,a2585397d543e35b52c949e8097a75975b16f1925bde15b171b6417b13ac3c5d,rename,Standard rename,done
P8688.cpp,P8688.cpp,P8688,.cpp,,main,28814c082c10e8933b551776fc9c21fe741265a37e0abd579724c082e1a4ee23,keep,Main version (already correct),done
P8688(2).cpp,P8688_v2.cpp,P8688,.cpp,2,v2,b0a9f4cf64bc08eba7382aad4347be8ecca46e31f9781793fc498f08a5359950,rename,Standard rename,done
P8693.cpp,P8693.cpp,P8693,.cpp,,main,bf3db64ab6d158f4193d91fe655ee8a356f456e00216422744885d8fed89d11d,keep,Main version (already correct),done
P8693(2).cpp,P8693_v2.cpp,P8693,.cpp,2,v2,47b63c7748c8def96aaeabb5d0d4b3bfb145cdc5f74e58085d984c780822b8cc,rename,Standard rename,done
P8697.c,P8697.c,P8697,.c,,main,846975875e7f9ba70f142daeba94f97a0cb06f49250913f6e7d9fe91e38b247b,keep,Main version (already correct),done
P8699.c,P8699.c,P8699,.c,,main,22a00c17a0d200ad090f318e866d23ef466291b38ba302d0cb5d0d820bce36c8,keep,Main version (already correct),done
P8699(2).c,P8699_v2.c,P8699,.c,2,v2,7920f5aa0e16e8a4565dca8b741b74be03d368c9ab33461d0d34ed94f6e4237c,rename,Standard rename,done
P8701.cpp,P8701.cpp,P8701,.cpp,,main,078db1e8843f0a62122695812fb5cacbd4388090806f9d99633cc5f428911687,keep,Main version (already correct),done
P8703.cpp,P8703.cpp,P8703,.cpp,,main,66c49ac031322ed955b475732832bff415b8a029ce6d9d98cae4bc65483cfa8a,keep,Main version (already correct),done
P8707.c,P8707.c,P8707,.c,,main,272ed15e6c28b08c123e690eb32cffdada3a2b6254c6a781bf51517b75e23ae7,keep,Main version (already correct),done
P8710.cpp,P8710.cpp,P8710,.cpp,,main,3beb3c364c905823fe434b5acd4dc025378d58b70568e65589f310ec6fbf5015,keep,Main version (already correct),done
P8725.c,P8725.c,P8725,.c,,main,3055a3a0e69c7954170433aff7b175fc8a928cd815ba291bcf6426a3f155581c,keep,Main version (already correct),done
P8732.c,P8732.c,P8732,.c,,main,54caa6c3997f79e451c674ce806f2ee3b6580c613e07f5314689ac065ba01fe6,keep,Main version (already correct),done
P8733.cpp,P8733.cpp,P8733,.cpp,,main,e4a07577dbd7e1edcf2abbf56ae720f39fe25c975a3458b83d14e93d7d3fcd83,keep,Main version (already correct),done
P8733(2).cpp,P8733_v2.cpp,P8733,.cpp,2,v2,2095571d80c8874587fae182c6a9eaa80470614c377c8c899b74165b848ed5f3,rename,Standard rename,done
P8737.cpp,P8737.cpp,P8737,.cpp,,main,454ec15a1ff482790c8110c34d2df6bf446d107796468bce99d5e6c12803a110,keep,Main version (already correct),done
P8739.c,P8739.c,P8739,.c,,main,23a74a625fbbe3d599725fb29b45b223eea644df3ed3fb6dab7d9b5eb653a779,keep,Main version (already correct),done
P8742.c,P8742.c,P8742,.c,,main,4fe2ecd3a3b26406e64d81190c3a87ef68a5d74decf68d4d7d6383e6df4e89e0,keep,Main version (already correct),done
P8743.c,P8743.c,P8743,.c,,main,decb2edb8feb243eae46fbd4935bce7eefd890153c8f40bf0fdd7185bb33d616,keep,Main version (already correct),done
P8749.c,P8749.c,P8749,.c,,main,88276eb30928f17d65f9524c0a2980116fb2a4f4525925c98d03bfe7777af160,keep,Main version (already correct),done
P8756.cpp,P8756.cpp,P8756,.cpp,,main,3e99fb546d528ff4157d10ad1c97377ec898fd7a1eb8e921dcf17cc2d09f7a94,keep,Main version (already correct),done
P8757.cpp,P8757.cpp,P8757,.cpp,,main,994a5cd3d58d25ab8d5e5ccec4ae7fedd2a82f60d11f761aa9b0f06b90317200,keep,Main version (already correct),done
P8764.c,P8764.c,P8764,.c,,main,944236f8183629935dd46655b5e3b0ea96b4417bd68c6191fb1d32796519b32e,keep,Main version (already correct),done
P8764(2).c,P8764_v2.c,P8764,.c,2,v2,99fbc6914ec6365b899e1e51ef1bcbe3274c72fb4b70ea46db7ae3ed346d34b0,rename,Standard rename,done
P8765.cpp,P8765.cpp,P8765,.cpp,,main,bb7b87599fe10cb6f9780571b5ebb0756dc93d047185deffefb68dc3fd6acbb4,keep,Main version (already correct),done
P8766.cpp,P8766.cpp,P8766,.cpp,,main,31c92e8d231a2ed2eea6acfe872282e9b46d26dd50d2a0541caa4890dc26b5a7,keep,Main version (already correct),done
P8774.c,P8774.c,P8774,.c,,main,dfbcb942afc930001a716cff2b4fbdb0ad77414d4de0efe7bdf513480819b106,keep,Main version (already correct),done
P8779.cpp,P8779.cpp,P8779,.cpp,,main,611cc1f667f8560a13c43b5cf0d6da3ab348eb5fdbee4f290ca316c7af61efc6,keep,Main version (already correct),done
P8779(2).cpp,P8779_v2.cpp,P8779,.cpp,2,v2,88d2b4f3a6fa5e2769d2c2bbb79ba5c807d8f1fb7e57f9afe7d596537bdcfc8d,rename,Standard rename,done
P8779_2.cpp,P8779_v3.cpp,P8779,.cpp,2,v3,450aa114da5fda4dbee54caaef5d5aa988c3da3e57c140080d564c12fdc88341,rename,"Conflict resolved: (2)->v2, _2->v3",done
P8782.c,P8782.c,P8782,.c,,main,5fee9ab144fd83f032ef2f5a07796e802dd4545acecdd87b4da33a822170c229,keep,Main version (already correct),done
P8784.c,P8784.c,P8784,.c,,main,b5ed039b0f472963727cf4af88f6b81c8ab4218c116404855dd65c315f241efb,keep,Main version (already correct),done
P8784(2).c,P8784_v2.c,P8784,.c,2,v2,625d7866037f76da89f7ae168d4b078def19f6b4d50c74cac0a7b6ff46b195de,rename,Standard rename,done
P8786.c,P8786.c,P8786,.c,,main,3bae6f93fc529db9a496f39dbe57aabcc6474a91a52b316989bbab96d8eeb5fa,keep,Main version (already correct),done
P8786(2).c,P8786_v2.c,P8786,.c,2,v2,c11b2b672b4908011b8190a3af9025dddb88210bf2a3d63569f2106e9bc8a8ab,rename,Standard rename,done
P8787.c,P8787.c,P8787,.c,,main,4342e47d405232a31f5bb1a13a56c28203e80f02590cd43f01df45ac435c9a92,keep,Main version (already correct),done
P8788.cpp,P8788.cpp,P8788,.cpp,,main,60209a88071ecdfa77932957ba156ad7d54177fb74eef701744171314500ac1e,keep,Main version (already correct),done
P8800.c,P8800.c,P8800,.c,,main,e68b7f8e8a3eb81379e679eed60be5a5fe5e810ed5b33847787d103adb7ccc91,keep,Main version (already correct),done
P8801.c,P8801.c,P8801,.c,,main,47b568f3dea65b7230c57bd0912eb558bcf4eb8128cb63a0f91fe419c30d3688,keep,Main version (already correct),done
P8801(2).c,P8801_v2.c,P8801,.c,2,v2,e1742a7702167983b20618a2b42e6bbeb26495a78867b92998344e2472edac7e,rename,Standard rename,done
P8802.cpp,P8802.cpp,P8802,.cpp,,main,c4e812a01f879ba2f4fd521e42532b5012b86638b66e1de44d1b409bd3ee55fd,keep,Main version (already correct),done
P8803.cpp,P8803.cpp,P8803,.cpp,,main,833ba694dba506802cbb0d185e6b068b94e4c65c8c45cce9d891ad359784a632,keep,Main version (already correct),done
P8805.cpp,P8805.cpp,P8805,.cpp,,main,c4f479c63e9435dda147c9587700065c3dac65856a2cbc536d3226a53adeabdd,keep,Main version (already correct),done
P8806.cpp,P8806.cpp,P8806,.cpp,,main,17f8e45c0e68823a36744fb6bb6a62c9f5db3d9305a96ba011910ae192418b9c,keep,Main version (already correct),done
P8817.cpp,P8817.cpp,P8817,.cpp,,main,07bae4930635bdf14028a959f0a00930c4f92dc055d7627149430086a3b508c5,keep,Main version (already correct),done
P8818.cpp,P8818.cpp,P8818,.cpp,,main,6c7c0e9ab18b70912203e51951d8b5f18c276982a6996bc42d38cc7575f0930c,keep,Main version (already correct),done
P8819.cpp,P8819.cpp,P8819,.cpp,,main,d2d3421c32f81233d3efb3452ffb096e03e76b385219743d37d51b9e1b8410e4,keep,Main version (already correct),done
P8827.cpp,P8827.cpp,P8827,.cpp,,main,87dd8498762d3fbc5333739451631040e6fad7bd045cf62aef319c7425fec5f7,keep,Main version (already correct),done
P8837.c,P8837.c,P8837,.c,,main,a7db2c0a892025feaf84097d2c066ce8b0e7193c1e49e312ff9c8de9a926511c,keep,Main version (already correct),done
P8848.cpp,P8848.cpp,P8848,.cpp,,main,0cbd73b8cc5e0a8731681b2a3fc7b424e1293731260c1ca315d3ea2619d7de12,keep,Main version (already correct),done
P8854.cpp,P8854.cpp,P8854,.cpp,,main,8b210dab29ead119d110c8daa2395ffa2963099cfb53fa812efcd69a4d348473,keep,Main version (already correct),done
P8855.cpp,P8855.cpp,P8855,.cpp,,main,cd8423a3b4e71dc04c07e220c0c2b166acbc81d00c9808dcb13fdc14dec4031d,keep,Main version (already correct),done
P8856.cpp,P8856.cpp,P8856,.cpp,,main,9cc350fa389b138b7610c2f176de7d8893ba268d0cef1425be5a6c6322f01588,keep,Main version (already correct),done
P8856(2).cpp,P8856_v2.cpp,P8856,.cpp,2,v2,0545a0d6a2099d70222c02faf60d7de18e3ceb3d0a0e1b7f6e1c252d703c631e,rename,Standard rename,done
P8860.cpp,P8860.cpp,P8860,.cpp,,main,c98b49729f7f577ba701141fe36d2e947edf5792c183cc6e7d438b1ad7dc0e55,keep,Main version (already correct),done
P8867.cpp,P8867.cpp,P8867,.cpp,,main,e783b500fe8351170eb470e797e99db4989d548c424076545e6aba7240509449,keep,Main version (already correct),done
P8872.c,P8872.c,P8872,.c,,main,d86ab653b454e8032c59c6cf221c18f9112dafd73a9d49268afd685463e8fab9,keep,Main version (already correct),done
P8875.cpp,P8875.cpp,P8875,.cpp,,main,812aea9c49100709ca665c75380f21e231d4855644f169484e4a7b5ff7c82a68,keep,Main version (already correct),done
P8883.cpp,P8883.cpp,P8883,.cpp,,main,bdf0bd54bbe7d23b4374495f02a0009f57d22cfce3cb6b9d3c7301a7c53a4a2f,keep,Main version (already correct),done
P8889.c,P8889.c,P8889,.c,,main,aa1d2f9158bd90438480d4306f02488cfe80494d7643ed56522cdc4543197d55,keep,Main version (already correct),done
P8893.cpp,P8893.cpp,P8893,.cpp,,main,908c742d01c2b4cd3d95716155fffa98e652e0c0334e2d2ea9349b02038aef18,keep,Main version (already correct),done
P8893(2).cpp,P8893_v2.cpp,P8893,.cpp,2,v2,884344d43c5a1118f3dcbb84f642462c8d5913e733efbc2b10fe48a7bd36c4d5,rename,Standard rename,done
P8901.c,P8901.c,P8901,.c,,main,c850fa06ff26f4404f9a93c7f3e13ca7775085abc475bcbf9cf9a2e6b36b2334,keep,Main version (already correct),done
P8904.cpp,P8904.cpp,P8904,.cpp,,main,02368d6277632694f960ffbf683ddf752638a60305ded79e7ee9c6da2bb8dab6,keep,Main version (already correct),done
P8905.cpp,P8905.cpp,P8905,.cpp,,main,f99da115a169a4eb0f608ab75c17a7d98199ac435e7cfd1569a8557000242472,keep,Main version (already correct),done
P8906.cpp,P8906.cpp,P8906,.cpp,,main,c673e2ef81b25375f7504d876d57d2d3c858db16003a9659f992db7bcc8bc97e,keep,Main version (already correct),done
P8930.cpp,P8930.cpp,P8930,.cpp,,main,13b3b56939021453b313993d4d490dc70aded965712a6fe175b590995b9449fe,keep,Main version (already correct),done
P8955.cpp,P8955.cpp,P8955,.cpp,,main,e02306069ee80faba91bb5b30314553c344103373c00e78072755403f38e7c16,keep,Main version (already correct),done
P8961.cpp,P8961.cpp,P8961,.cpp,,main,a5418320ed75f37ba7204de945c744030a4d698150c2a0a363b04dcf4deb23a0,keep,Main version (already correct),done
P8976.c,P8976.c,P8976,.c,,main,69e69e3e89171bf9934064a258a17d5e80533bf05a858dc42d20233c93e5a345,keep,Main version (already correct),done
P8996.cpp,P8996.cpp,P8996,.cpp,,main,a47bc69e1f5fd1d7f7b3efc6770708ab594aef7737a3e324db167ac6563c1720,keep,Main version (already correct),done
P9017.cpp,P9017.cpp,P9017,.cpp,,main,57950bc34dfbab42044418fcbb21d242ed68f6a59fdaebf0da8aa5f8436b30bb,keep,Main version (already correct),done
P9018.cpp,P9018.cpp,P9018,.cpp,,main,b3d231797afb61c04d2625bfa44b8ddc911d07cd40a10ddb08b95c7f1416b68b,keep,Main version (already correct),done
P9019.cpp,P9019.cpp,P9019,.cpp,,main,3aa68d8287500c0895e0a456c1f2faff2768af732e8011d7439977a55b1ecfec,keep,Main version (already correct),done
P9035.cpp,P9035.cpp,P9035,.cpp,,main,901f45f2bf3c54c0f5eb981fba49e8b0f37728300daa2d0f6a2cb037592007c5,keep,Main version (already correct),done
P9044.c,P9044.c,P9044,.c,,main,a5fda8ca913691eb08ff1830043f20f07aaa009d0bbb7432d8cfac99295f7fcd,keep,Main version (already correct),done
P9045.c,P9045.c,P9045,.c,,main,69bd578c1e83ecdeef882d6c1723b10373762a4b602f6fd3691508ce708c0d3c,keep,Main version (already correct),done
P9048.c,P9048.c,P9048,.c,,main,05184f6394db34f18301fc101c3b285d882878d6749771a6666d313a54fe9651,keep,Main version (already correct),done
P9048(2).c,P9048_v2.c,P9048,.c,2,v2,b8335130760aa85d1904b45859917ebc840febc2bfbdad87bf68be4ccee8c914,rename,Standard rename,done
P9050.c,P9050.c,P9050,.c,,main,9f493e7a82b2d0fa541b2b93c44387bd1305f63f3e59c7bd716fa74bd569c379,keep,Main version (already correct),done
P9102.c,P9102.c,P9102,.c,,main,463fecd6ee5a0c8edfa22e96c4b899bceb1f1e10e1fc740ca9d2b424bc6001fd,keep,Main version (already correct),done
P9102.cpp,P9102.cpp,P9102,.cpp,,main,b4c29b01790f3f26975aae9b89bfef8e6c71abe0248a75987e60155137abe648,keep,Main version (already correct),done
P9106.cpp,P9106.cpp,P9106,.cpp,,main,0293315536e1b4c55d618cebdfc4fe20141ab9574c885a488fc636f0f6c5a3c0,keep,Main version (already correct),done
P9107.cpp,P9107.cpp,P9107,.cpp,,main,e8db65cb6776f5e58207f4f11ac818496d3e17157fe4e692cf8584c807b2f9e6,keep,Main version (already correct),done
P9107(2).cpp,P9107_v2.cpp,P9107,.cpp,2,v2,e9d432095c0fd181b50229e590cd70008dcb3032622f29551f231c16892dcd0f,rename,Standard rename,done
P9120.cpp,P9120.cpp,P9120,.cpp,,main,1d8c625582576aaed4bf5d735cfbdd65471b238e1beed188885d26fa4a169b61,keep,Main version (already correct),done
P9121.c,P9121.c,P9121,.c,,main,710be5b014167caa6528f2ed8b2ccd12e84c6dda2581ffaa833cf5802b7b07cd,keep,Main version (already correct),done
P9129.cpp,P9129.cpp,P9129,.cpp,,main,d768e6e00a5afb2767708307a2ae271380edd4e84b64d7c7dd176f532500a70f,keep,Main version (already correct),done
P9130.cpp,P9130.cpp,P9130,.cpp,,main,2a96e3b1803b34b6a43b2a8d63c0d09c00a5ced08ff1c225e8463730daf016e2,keep,Main version (already correct),done
P9143.c,P9143.c,P9143,.c,,main,1fa25f937f5a3fcb518fa96f952366c99a7bcf7e7797f6e39729901bb4081511,keep,Main version (already correct),done
P9143(2).c,P9143_v2.c,P9143,.c,2,v2,daddcb14c15ee58c3d74374818400bcce81ef6beea100b51f822534853cf5b32,rename,Standard rename,done
P9147.c,P9147.c,P9147,.c,,main,4bc9bb5799ab5df0bc4d602a53b3313b7ff06dc97eb778abc919705235a96d15,keep,Main version (already correct),done
P9147(2).c,P9147_v2.c,P9147,.c,2,v2,0e95c912e44414ed78fed8d5b4d908ea3a3aa30905d5c8379b07d7818184f0eb,rename,Standard rename,done
P9149.cpp,P9149.cpp,P9149,.cpp,,main,8526f6ec70dbfea7a3ba7b513123f5392e16375477796565807ad647e2134ad0,keep,Main version (already correct),done
P9161.cpp,P9161.cpp,P9161,.cpp,,main,98dab8438001347008456fa9a1955a279e181a1ff0f7dbf85cf99bc75d226282,keep,Main version (already correct),done
P9173.c,P9173.c,P9173,.c,,main,ed1d602cba6d688631795e6c97f9d8a12e95885bf8dfc59eef195a2420f909bb,keep,Main version (already correct),done
P9173(2).c,P9173_v2.c,P9173,.c,2,v2,8b1c677e52e36e79bcf61664397a7655535ed7075431e6c41b3793d35bfef48a,rename,Standard rename,done
P9173(3).c,P9173_v3.c,P9173,.c,3,v3,6a8904694125c65937e9f1c3f31ba185319174b189558c1f85e744ae444eb391,rename,Standard rename,done
P9175.cpp,P9175.cpp,P9175,.cpp,,main,d562cd51b336ff9736fb901dbe5cc01c73377a6fc0d72f59fa9463cb6d618641,keep,Main version (already correct),done
P9176.cpp,P9176.cpp,P9176,.cpp,,main,e7b106101de0f9e584453199642468c593c41655bc904b7bdd19d77c9f1dbaca,keep,Main version (already correct),done
P9176(2).cpp,P9176_v2.cpp,P9176,.cpp,2,v2,faeb8ef2b95aa3e53d134708440cd56fe552e25aa6d7652c63a2c4920ac94c72,rename,Standard rename,done
P9196.cpp,P9196.cpp,P9196,.cpp,,main,00027db16dde61b7018ff540a4e1820f0927b21c40cdf49538110b1691354863,keep,Main version (already correct),done
P9200.cpp,P9200.cpp,P9200,.cpp,,main,fc2d800eb6108785fceb1bdb276d85a10e0f412ca06e51bbb42b10d9e0ec9a2e,keep,Main version (already correct),done
P9207.c,P9207.c,P9207,.c,,main,d4d5c8cf4b68e9e9712e5d9893e03f039d51964c638a42b3b0005d199a1b28a5,keep,Main version (already correct),done
P9220.cpp,P9220.cpp,P9220,.cpp,,main,ef8f8434b5bba5f4a0d5460aa22346daa91986290e6a56b5bcbcc41a41c63240,keep,Main version (already correct),done
P9228.c,P9228.c,P9228,.c,,main,241379b6914e9bb698b33a479d554c4a07a80c0a8e2f0b977b1ae791e0ba2f8a,keep,Main version (already correct),done
P9234.cpp,P9234.cpp,P9234,.cpp,,main,9e184a394496b07b4613816404e2608dca40d9a4dac1979142caa8bd2d315882,keep,Main version (already correct),done
P9235.cpp,P9235.cpp,P9235,.cpp,,main,9a41ddb8032b73cbe45fbe1e8a59683afd614204d9579eccf97c95eaf83c426c,keep,Main version (already correct),done
P9236.cpp,P9236.cpp,P9236,.cpp,,main,2b6ac08bc7e1d7e4830a186bae94689ab85b36b97fb16e7bcebd35b194878cf2,keep,Main version (already correct),done
P9237.cpp,P9237.cpp,P9237,.cpp,,main,297a837eb147bce4c1d8141490c864e98097dbcdacd5a7edd120fd981db1df94,keep,Main version (already correct),done
P9290.cpp,P9290.cpp,P9290,.cpp,,main,bbd860939d38b0b3268e85d31da51145a7c479064db7b281a41d8fb1fa99acec,keep,Main version (already correct),done
P9325.c,P9325.c,P9325,.c,,main,1b31f73de9fd39239d8464a6a92e8241d82147dd83d4169f409653616eb75f02,keep,Main version (already correct),done
P9325.cpp,P9325.cpp,P9325,.cpp,,main,af8d5aee7cabd0a049e5f76008890c6af36106005abd0206414f533308f42cba,keep,Main version (already correct),done
P9331.cpp,P9331.cpp,P9331,.cpp,,main,1e4b730b0f38146aef462cdf9ea01662ffd22b3c801cd550a863e86fbba86f40,keep,Main version (already correct),done
P9344.c,P9344.c,P9344,.c,,main,2a760490f2031d1baa32b54b3a0cbfdf24f74db5ba073e2afd5120b3479bae7f,keep,Main version (already correct),done
P9349.cpp,P9349.cpp,P9349,.cpp,,main,33361a15d56d540bf91135e69bf21e489398aa0b51471cf7e10d78877373c9c3,keep,Main version (already correct),done
P9352.cpp,P9352.cpp,P9352,.cpp,,main,4e8f6a4a43cb3c82e5e3230344e6ab7fcaa6a23bdd2e54acf495e19f92aef218,keep,Main version (already correct),done
P9386.cpp,P9386.cpp,P9386,.cpp,,main,9c7f71df56209ae44fd0853272869ff5a42b9afd7cb58d60eedab7c445a57ad5,keep,Main version (already correct),done
P9406.cpp,P9406.cpp,P9406,.cpp,,main,73e12cf909da0c6a83ed9dff76fcde11c66a5ea744d91b0440c0276efcb4a680,keep,Main version (already correct),done
P9410.cpp,P9410.cpp,P9410,.cpp,,main,18104285379371f8e0d61d4171a71c90ff9d8af21ebe834e611254bc5cf87ca2,keep,Main version (already correct),done
P9412.c,P9412.c,P9412,.c,,main,5f07961ed7189ac4c48ab2f2bd9632a28e5a9b457bfdf1cb36e4ab6a13788716,keep,Main version (already correct),done
P9424.cpp,P9424.cpp,P9424,.cpp,,main,0f35d0c59c0573ce5afd952a88cf9a47a2fb7396f5df466c7cca1a0c6820690f,keep,Main version (already correct),done
P9431.cpp,P9431.cpp,P9431,.cpp,,main,ad2f8749d1384843d96d054b7b0b0f3b602a24f7856ec5f0e7154106ca119ede,keep,Main version (already correct),done
P9432.cpp,P9432.cpp,P9432,.cpp,,main,4a63400641e733b9f5d837c4f3623437a97a03212cabd8419351c1cba015e741,keep,Main version (already correct),done
P9433.cpp,P9433.cpp,P9433,.cpp,,main,8d2820f965500327e4039f0d61f647b68acaa644e78de0356b423016ee34faa4,keep,Main version (already correct),done
P9460.c,P9460.c,P9460,.c,,main,813fb6d5a630d090c8400b8603ad8f24dc0736e9956623476fa983552fdd31c2,keep,Main version (already correct),done
P9460(2).c,P9460_v2.c,P9460,.c,2,v2,142830afe0e778c6d5b8d59424bd14070efb2ceabf7f69933418f30cf7d5cc09,rename,Standard rename,done
P9484.cpp,P9484.cpp,P9484,.cpp,,main,0568f8172058072387c3a39bde75b6454016263e37d6ac408b99330faaef0c5d,keep,Main version (already correct),done
P9487.cpp,P9487.cpp,P9487,.cpp,,main,dca86071d726f7a7fa8dc46c1399483aaeaf61c4e6b71a4fdca797651a1b450a,keep,Main version (already correct),done
P9493.cpp,P9493.cpp,P9493,.cpp,,main,789dc3d5e12b3ba1467a224677aeada07ac080c7ca2be7df6d24eb89936a3bf0,keep,Main version (already correct),done
P9497.c,P9497.c,P9497,.c,,main,2f2e7c3549597ba35d39c587bcc7e4dbf8fb17a2026bfca379b199d90538758f,keep,Main version (already correct),done
P9497(2).c,P9497_v2.c,P9497,.c,2,v2,d87227b3557ba84d36f53dbe5cac9df615f016395c5085d2a043a4dbc3f9c8aa,rename,Standard rename,done
P9515.c,P9515.c,P9515,.c,,main,bb3853f2b0e70bc955464dd4afebec880c233b46581034a2fe008899c25af932,keep,Main version (already correct),done
P9517.c,P9517.c,P9517,.c,,main,9575095889766ae5b099c92ad5cac0c71af1286b7fb77832fcaa4c6a0d187aea,keep,Main version (already correct),done
P9519.c,P9519.c,P9519,.c,,main,ce48ce25dda844cfad068a0baf37fd82e3296015d7cd2b76bcd202d0c28b8db0,keep,Main version (already correct),done
P9519(2).c,P9519_v2.c,P9519,.c,2,v2,645e8cbc40af748e87792bc941a57bb52a14112a495468735c4314460e0da8ef,rename,Standard rename,done
P9520.cpp,P9520.cpp,P9520,.cpp,,main,6b805a17a65806ec16eddd6457fc8127dc10d38e18618d7fed779a205ae70b2f,keep,Main version (already correct),done
P9532.c,P9532.c,P9532,.c,,main,9962221b233dd72d1921ed894a35959d4c52dd5a58700f8549379fda2043f301,keep,Main version (already correct),done
P9533.cpp,P9533.cpp,P9533,.cpp,,main,eb5a08226cd6578cad263a7e85a56ef96addda73a67032136592c0de0a201eff,keep,Main version (already correct),done
P9539.c,P9539.c,P9539,.c,,main,7a62940bd04743955f2be2262bbf28d345d7b9bbfbd3671baf1b1a6caf620bd8,keep,Main version (already correct),done
P9539(2).c,P9539_v2.c,P9539,.c,2,v2,9c7addfb464580541288a48a31e2612850650665c37bea311e591e28d67d4e53,rename,Standard rename,done
P9559.c,P9559.c,P9559,.c,,main,1dacdeb502302565a3ad83ee641e0d6e0d8be7abbabbfff20c8d456f23942274,keep,Main version (already correct),done
P9573.c,P9573.c,P9573,.c,,main,040e2a6c5266768757f25c59c0f21d493587f414307a0af2fd8ec305d3f8d82e,keep,Main version (already correct),done
P9576.cpp,P9576.cpp,P9576,.cpp,,main,3a0ddbb4295d0f0638bfd49d8c181a8b0a7eb96778a52108c9009936bcb9d3b8,keep,Main version (already correct),done
P9579.cpp,P9579.cpp,P9579,.cpp,,main,e02234e3257e5707a5333438aad6c87cce0e81a2da69ccc32987f06154992676,keep,Main version (already correct),done
P9579(2).cpp,P9579_v2.cpp,P9579,.cpp,2,v2,191847abc9fc363ed1689c5628e4495bb97561de95e9d091e137648ff00d9255,rename,Standard rename,done
P9583.cpp,P9583.cpp,P9583,.cpp,,main,ac2d1d8e4012e2bb9842e2c62f16356fb75b64b7369519ddb232ff8323a72428,keep,Main version (already correct),done
P9584.cpp,P9584.cpp,P9584,.cpp,,main,52f158d1726c47adc38b3dbad9670bb44e7b7ad29face354ff606a1ae94e4d91,keep,Main version (already correct),done
P9586.c,P9586.c,P9586,.c,,main,4a2e3dcd8feb379e6f73993d03dfb32ce1d61a6b47bda0cc5fa385d9dc10e76c,keep,Main version (already correct),done
P9587.c,P9587.c,P9587,.c,,main,d1c76e91c096e41c594010e7b87b4be58bcea51845bb8f7a000dbdd8f7d21ab4,keep,Main version (already correct),done
P9587(2).c,P9587_v2.c,P9587,.c,2,v2,af14cdd80da50d16ecb98c90b831ccd5ab31d51b91db8295b999edd5ed51997b,rename,Standard rename,done
P9588.cpp,P9588.cpp,P9588,.cpp,,main,d69c5adc5a35436b226a4595a93527228f469a3023bfa89843ce8ecacb4f838d,keep,Main version (already correct),done
P9589.cpp,P9589.cpp,P9589,.cpp,,main,7eb70257593da06f682a3ddda54a9d260d4fc514f645237f5ca74b08f8da61a6,keep,Main version (already correct),done
P9606.cpp,P9606.cpp,P9606,.cpp,,main,43bb4aef15b382d0162ce534ad43b4c95c24d0095c5e009f725325629c0bb9ce,keep,Main version (already correct),done
P9607.cpp,P9607.cpp,P9607,.cpp,,main,584bc57aada3e2230d04774032f0a2584981fcc6972617492e3800f6ff381f31,keep,Main version (already correct),done
P9611.cpp,P9611.cpp,P9611,.cpp,,main,c7b5e18d32fa3193007fdeb68ee43d85e2924818b41e64312b7cbd9a6f30c87a,keep,Main version (already correct),done
P9641.cpp,P9641.cpp,P9641,.cpp,,main,628ca41a949cc912fdaafe1ac338b9eed8be0e016f6193e09cce45e0b2a80aea,keep,Main version (already correct),done
P9641(2).cpp,P9641_v2.cpp,P9641,.cpp,2,v2,6f2e917c5c248abd9e126f222d8629dd3bb0a82c4ff42040387022ffd27ca03d,rename,Standard rename,done
P9644.c,P9644.c,P9644,.c,,main,f7559bafa66848a06866dabb4572f53cb38f4af38572e90e262f01a7ff2b0160,keep,Main version (already correct),done
P9644(2).c,P9644_v2.c,P9644,.c,2,v2,70d54e0f0cc8ed167eb2e1806d21ea7d972c04cbfa8c817c36de2baef8e49e43,rename,Standard rename,done
P9648.cpp,P9648.cpp,P9648,.cpp,,main,7872a0a9d7152a00e7d31d6b5db29069cecb156db1026ff27202026a332fe3ce,keep,Main version (already correct),done
P9649(2).c,P9649.c,P9649,.c,2,main,a0a32bf1cc8127396afb7f26b767f7d6e39c2281d0d76b29742cd7eff7bd4629,rename_to_main,Promoted to main (was version 2),done
P9655.cpp,P9655.cpp,P9655,.cpp,,main,a12f9c821276c9596849ed8e5084f3ff6614a378921875544c9a25a936b1df95,keep,Main version (already correct),done
P9678.cpp,P9678.cpp,P9678,.cpp,,main,1676b527cb358a6abfecb924b1a31e58ae1c42b3267d0b708364d825eeeb32c1,keep,Main version (already correct),done
P9687.c,P9687.c,P9687,.c,,main,afbedcd2f1587013f01cee8c0c66ae1a7b85acfdbd53b79bee3bdbec7867e713,keep,Main version (already correct),done
P9691.cpp,P9691.cpp,P9691,.cpp,,main,9f90f3bd1df5d7e304ed9b17580aa660ffbce35a0d6d2181f371e5d120da2c6e,keep,Main version (already correct),done
P9694.cpp,P9694.cpp,P9694,.cpp,,main,21068f08b89fd8ec281a8417f6ad8f8808ac4b5bc2b29fba952750ffa3c5d5fa,keep,Main version (already correct),done
P9697.cpp,P9697.cpp,P9697,.cpp,,main,66879b5a8a01660a0d15dab80973865be6c75c7c6a856f39ee30b3986ecd2361,keep,Main version (already correct),done
P9724.cpp,P9724.cpp,P9724,.cpp,,main,25bb4c3a4f5ae52a2bf3125222b7e92636065b3cbc2d2457a836cd8adcb4cd0d,keep,Main version (already correct),done
P9725.cpp,P9725.cpp,P9725,.cpp,,main,fc8cf884f1ad5d82c8b3c30f8d0f49ca8cdbece1ee4965d7b3db3fc532253f2c,keep,Main version (already correct),done
P9728.c,P9728.c,P9728,.c,,main,14444ec7e2ab90e66a0816e20331ff8e8d9f58f5da9cd2655293b890caaf26f6,keep,Main version (already correct),done
P9745.cpp,P9745.cpp,P9745,.cpp,,main,14042753fdab2f0e650e593bc2a9541b2876be5e3c5e552162867cdba67fedcc,keep,Main version (already correct),done
P9752.cpp,P9752.cpp,P9752,.cpp,,main,8415d0eea7eff44647dacda80a5c6cc61e6de2bacb4831cdf29029a99b692f34,keep,Main version (already correct),done
P9752.py,P9752.py,P9752,.py,,main,407785ad6d277ed5847df436d8c676557323528166c7601dfa5b85ef93e2be9c,keep,Main version (already correct),done
P9753.cpp,P9753.cpp,P9753,.cpp,,main,949c203088284629679f6699d3dd417711ef90be32251af474c30567dd10cff4,keep,Main version (already correct),done
P9777.cpp,P9777.cpp,P9777,.cpp,,main,68ffc4f77b7e369a6e0c9e2e2582b39de540ab374972508d8b388004eaf142b2,keep,Main version (already correct),done
P9823.cpp,P9823.cpp,P9823,.cpp,,main,40296233ab0c8a138c70347cd88be7f9edd9b1a0eb479c34d4d7bd280c726171,keep,Main version (already correct),done
P9869.cpp,P9869.cpp,P9869,.cpp,,main,98971d8545aea5fafdd945199eeb8bc38e16be0ad8f4551e5850e56f59afbdb3,keep,Main version (already correct),done
P9872.cpp,P9872.cpp,P9872,.cpp,,main,8ee40fe8a917c8cfde79eaf4775bccaa2cb14422867aa6965bc13a58579f6e3a,keep,Main version (already correct),done
P9889.c,P9889.c,P9889,.c,,main,d635c48938c04afc87c213e6bac09dff33491dec1d67311e256a2807264c90e3,keep,Main version (already correct),done
P9889(2).c,P9889_v2.c,P9889,.c,2,v2,d8bddea1f3bc3cb061bba94afad768250394ff9fe630e3247ea809511c391146,rename,Standard rename,done
P9937.c,P9937.c,P9937,.c,,main,48d6c2ab02bf97df77ebdc79e057e4a92a4c753a69d9e006345f3432c0b245d6,keep,Main version (already correct),done
P9975.c,P9975.c,P9975,.c,,main,537d6669988b775fc1ba9ee8f7984827c7e15235cceab0b73a534ea37da017a1,keep,Main version (already correct),done
P9975(2).c,P9975_v2.c,P9975,.c,2,v2,eb9c40bddb1537f3797bd180f7d13d8b8e3cef52027f62216c7b871bf3f64577,rename,Standard rename,done
P9982.cpp,P9982.cpp,P9982,.cpp,,main,b07707b459863e7d41634b1620effb06c913def6a344987f7b60962f2e4192cf,keep,Main version (already correct),done
P9984.cpp,P9984.cpp,P9984,.cpp,,main,f9751ef2108fb1d69d0d85d6f203ca3e6a4f5e325f3aed18967988d47c6757ba,keep,Main version (already correct),done
P9991.cpp,P9991.cpp,P9991,.cpp,,main,3da7dec8ec2294df8a9bee623043cb1941999341e2ecda02f5a56aede848a9ca,keep,Main version (already correct),done
P10059.cpp,P10059.cpp,P10059,.cpp,,main,639aa51573ca3732b99f36e1fa1942acd7a509884fd343c81c3c7ba424d70575,keep,Main version (already correct),done
P10095.cpp,P10095.cpp,P10095,.cpp,,main,b7ca919c4ef70e3f5522fd377c5181e69ec8067bf8128b6833a8f77fb3dd10f0,keep,Main version (already correct),done
P10096.cpp,P10096.cpp,P10096,.cpp,,main,9e115af8c0c694928b4b33db1db3f0146b18a64c641adc11edd7e9bf3d31ada1,keep,Main version (already correct),done
P10098.c,P10098.c,P10098,.c,,main,7aa3885413392fdf88699417fa18cc76ef4a8fbcd638464ceddf8b5a55e6c8a6,keep,Main version (already correct),done
P10098(2).c,P10098_v2.c,P10098,.c,2,v2,c0af6b25211ad011e959365eb52014aa5e7f6e2f9e58e117500fffcfc75c6042,rename,Standard rename,done
P10099.cpp,P10099.cpp,P10099,.cpp,,main,5af20ccf5716d45d818c50fe33f38eace7d535c27fe7f2883e2bb785b416ac1e,keep,Main version (already correct),done
P10108.c,P10108.c,P10108,.c,,main,aa44f8645f20ed72e2044cfaa14b4a01751974ac7a2ce2576d07b3f6546469db,keep,Main version (already correct),done
P10108(2).c,P10108_v2.c,P10108,.c,2,v2,e602eea1a1438586f4db0563430396f8e02c4c5b9f5fdde064b9e88e33df8b82,rename,Standard rename,done
P10110.cpp,P10110.cpp,P10110,.cpp,,main,d6b75282b6f071ede70ea65f8bd444839948ab3a5e32f1df0d1d243d96d377c3,keep,Main version (already correct),done
P10111.c,P10111.c,P10111,.c,,main,0a6205cae64f8c4856ce7127c573f3678b0852c7e08528dadaccae8331e91ff9,keep,Main version (already correct),done
P10113.cpp,P10113.cpp,P10113,.cpp,,main,c8bf4bc6b14374e85da48910fd1dda39ec6cfb2be7c227338fcaf1b4f9526c54,keep,Main version (already correct),done
P10115.cpp,P10115.cpp,P10115,.cpp,,main,e340b8ef801e573706889cb8d56980a83b723b5bc89fce082586d2475016c3af,keep,Main version (already correct),done
P10116.cpp,P10116.cpp,P10116,.cpp,,main,faaccd2b347cacb1789b1cdd9e0b3380294a76023beb2f375d80660927410282,keep,Main version (already correct),done
P10144.cpp,P10144.cpp,P10144,.cpp,,main,9323c140e05482218de35fd3b7b11232dda2cd5652a7a393f1bb45b0f01c769c,keep,Main version (already correct),done
P10155.c,P10155.c,P10155,.c,,main,b37e78845e186535d187b8019be6448a840b553689743f34fefbbca650717e46,keep,Main version (already correct),done
P10185.cpp,P10185.cpp,P10185,.cpp,,main,7faf7ce083e308016c9dac6630777335127b4eaec3cfa6eb3496b3c910afa434,keep,Main version (already correct),done
P10194.cpp,P10194.cpp,P10194,.cpp,,main,d9086125d9afee9d79df5c88884e23cf9de09abcfe30978e856a368c2e4272b6,keep,Main version (already correct),done
P10234.cpp,P10234.cpp,P10234,.cpp,,main,c9e058360f24c1ada39bc5ffdedad7b64e4a570efbdec1ce21aeb51f90105ab3,keep,Main version (already correct),done
P10234(2).cpp,P10234_v2.cpp,P10234,.cpp,2,v2,8bc2b6e7f4c56c0d70f77c300e130d952932b99c503209bc4a1900d48e6de07d,rename,Standard rename,done
P10234(3).cpp,P10234_v3.cpp,P10234,.cpp,3,v3,017873519e408a9b8e3575374662132415001d990cfe83805d004627f4e16775,rename,Standard rename,done
P10235.cpp,P10235.cpp,P10235,.cpp,,main,7ab103a72b4f1dd01c54eb6a2f7cb2d8eb91a438db50d67eff7ff344ba6a02cc,keep,Main version (already correct),done
P10235(2).cpp,P10235_v2.cpp,P10235,.cpp,2,v2,3ad2767c20c74c5a2440a7d4a1c2313b9114bb00bde9836684bc934312930470,rename,Standard rename,done
P10241.cpp,P10241.cpp,P10241,.cpp,,main,f0db16a6ee6a7e062554148ec8b1136e48fd80978d1605bcab94dc143d298980,keep,Main version (already correct),done
P10241(2).cpp,P10241_v2.cpp,P10241,.cpp,2,v2,94e822ccf47bbd51782408e2a7dd7b18fa27b2b49ac7776c6395493a4c7da460,rename,Standard rename,done
P10247.cpp,P10247.cpp,P10247,.cpp,,main,bc157fd38553cc63e7bbf8932466eba0bf7cf3a2e5a4950d7537d720e0dfcd97,keep,Main version (already correct),done
P10268.cpp,P10268.cpp,P10268,.cpp,,main,f70230bf3b69fe858fc7fc67039c448ff2a6f3972bc1da1467191a049245542b,keep,Main version (already correct),done
P10287.cpp,P10287.cpp,P10287,.cpp,,main,7d636a70d642b2f6864a684ae4fdd7043029a67d2527075ad4463907e6c32be3,keep,Main version (already correct),done
P10287(2).cpp,P10287_v2.cpp,P10287,.cpp,2,v2,21a6802fc9604b8a5f6ca2d90df5c580bf8a4f367ae3fcc279d4662b01808f34,rename,Standard rename,done
P10315.cpp,P10315.cpp,P10315,.cpp,,main,f4c5839f8f7ef112c850a3d86da2f3e5e72feb31907c1402b895a7ad605d37b0,keep,Main version (already correct),done
P10318.cpp,P10318.cpp,P10318,.cpp,,main,ff9d9ed2640bd5b71129dda8ac1baec2e480a6b2bad02b2242818f30c2f89e18,keep,Main version (already correct),done
P10334(2).cpp,P10334.cpp,P10334,.cpp,2,main,12941ad69b1a6035c6d7b641965729f4cd05b68dd3e0b7079433dd29d289f3d4,rename_to_main,Promoted to main (was version 2),done
P10335.c,P10335.c,P10335,.c,,main,88e00dc6baa6f752b5fdb3c1bf42fec0f76000ea2c5b2d7fbe13bb05c23a6346,keep,Main version (already correct),done
P10349.cpp,P10349.cpp,P10349,.cpp,,main,e8a13bd1d5366869f4675fbb9dfb9754b32cd72cc260afe5c2f5e0a71998c79a,keep,Main version (already correct),done
P10351.c,P10351.c,P10351,.c,,main,956d33e3bec775e90712c97016c5296aaf963565d1522d23b31f83f42d811ddb,keep,Main version (already correct),done
P10367.cpp,P10367.cpp,P10367,.cpp,,main,6688bc3a9157031c3a63cc03d0f5e7a5038775c5ca26d98b073f08168d111e78,keep,Main version (already correct),done
P10376.c,P10376.c,P10376,.c,,main,476e18ead33a4a422f167f656efd68d9e3e68423b6ac7756ff5123a267edbb83,keep,Main version (already correct),done
P10376(2).c,P10376_v2.c,P10376,.c,2,v2,6032b54a2794a2e3945c38bd8edaad711760716102fb50c68630da92ca4384e6,rename,Standard rename,done
P10377.c,P10377.c,P10377,.c,,main,7b6de5381023d79d3d036ac02f4edd2cf93ea57faa4e8c6a71a02b7459def8a4,keep,Main version (already correct),done
P10381.cpp,P10381.cpp,P10381,.cpp,,main,0046cc679176b577fcdbad41b6c49e10584693a7051e649bac647ef25eb92ebf,keep,Main version (already correct),done
P10381(2).cpp,P10381_v2.cpp,P10381,.cpp,2,v2,265e39a13d7b25aef66611ce4b921c044f762b928ca6a990c90987808664136a,rename,Standard rename,done
P10390.cpp,P10390.cpp,P10390,.cpp,,main,af83f30dd122f5ef51e84dce93a598464706180ede6310c7e11f66e6ecbb0ccd,keep,Main version (already correct),done
P10391.cpp,P10391.cpp,P10391,.cpp,,main,a0520a1aae72f3ed9062dddc865d56c07bd740aa99a233054ee4764b2c03b2d5,keep,Main version (already correct),done
P10391(2).cpp,P10391_v2.cpp,P10391,.cpp,2,v2,cbb1e5c3aca82c7387db80efb05f33f100525021903fb506553d06172c9d305d,rename,Standard rename,done
P10412.cpp,P10412.cpp,P10412,.cpp,,main,53b013e25353316db7713d414f966be489d718e9422c7d3a0863aeffab8e83cc,keep,Main version (already correct),done
P10413.cpp,P10413.cpp,P10413,.cpp,,main,875593e7a91ac011f98fa74b413717da8f3403b6d21a0b9745bb8f5f37fc579f,keep,Main version (already correct),done
P10414.cpp,P10414.cpp,P10414,.cpp,,main,81d1fafb331e155a0d0c9e620f9719fe4c3cb6dec56735da5652af1b5e4e6458,keep,Main version (already correct),done
P10415.cpp,P10415.cpp,P10415,.cpp,,main,02d397811a9e392afc324ae751951be6c6d79a7790454cb0e69625a2692ef8ea,keep,Main version (already correct),done
P10416.cpp,P10416.cpp,P10416,.cpp,,main,f9124eb2b43ac9fc9fa270593c7108743bebc331e4a77a15ebc806e1fa9ed866,keep,Main version (already correct),done
P10417.c,P10417.c,P10417,.c,,main,088ff886d917fb13503163c2fde65281cc205ef07542eee500ab6a297937a07c,keep,Main version (already correct),done
P10417(2).c,P10417_v2.c,P10417,.c,2,v2,f8cf39db31dd74e614f9ef5afbb01d54b79623000d4f0250cc935c1a9f4c7c33,rename,Standard rename,done
P10417.cpp,P10417.cpp,P10417,.cpp,,main,002c26b3520b78661e29b3dd80dece2bf27f24c66ac5c059aab6ae8d1117948e,keep,Main version (already correct),done
P10419.cpp,P10419.cpp,P10419,.cpp,,main,093efc745c4b469284df7b718a83cfc18e995f3c075011efe40f9084e05df184,keep,Main version (already correct),done
P10419(2).cpp,P10419_v2.cpp,P10419,.cpp,2,v2,f88454c094816e14daba98df1ecf27aabac53ba712d58fc2a069a91732554274,rename,Standard rename,done
P10422.cpp,P10422.cpp,P10422,.cpp,,main,fcbaa4e2a752c09fabaa19756462ce535d66a84ed286a31155e2abe1fc220eaa,keep,Main version (already correct),done
P10447.cpp,P10447.cpp,P10447,.cpp,,main,7ca42c0179fa509ec4b2b82c30690cf5f8e04d8e0c9158438ad8ff4add840819,keep,Main version (already correct),done
P10449.cpp,P10449.cpp,P10449,.cpp,,main,00affc16e94e3574d4b56839965738aaf7007dfa99bcdbb6037a56065889acbd,keep,Main version (already correct),done
P10450.cpp,P10450.cpp,P10450,.cpp,,main,ad341f7ca9743386cf38230d0791067730242733049e4a43c27cb19540e87bd9,keep,Main version (already correct),done
P10452.c,P10452.c,P10452,.c,,main,a92e73b8489b202eb584b7ac5a24e61e4f288448544b4ab87d0fee1bd98b8b16,keep,Main version (already correct),done
P10454.cpp,P10454.cpp,P10454,.cpp,,main,1e807ff4856ac14c5347a46377cf0747080317e8cc39461746c8c6adb9f8e28f,keep,Main version (already correct),done
P10460.c,P10460.c,P10460,.c,,main,2515c4abd3587fc06223bd22daa72f069ab915d1f9b0ece9343dac20384849e1,keep,Main version (already correct),done
P10460(2).c,P10460_v2.c,P10460,.c,2,v2,574ab1f5154834b3f6e07cf9042436b5910fcb689208c40e145ba17fe9d4001f,rename,Standard rename,done
P10463.cpp,P10463.cpp,P10463,.cpp,,main,bd698388ea2350d6c14d9e08d3c36bc43e7a9c1c3838e656ae684d38b17163bd,keep,Main version (already correct),done
P10463(2).cpp,P10463_v2.cpp,P10463,.cpp,2,v2,42f46314a3935ab55cd8fc8f3fa813d0d91140f3e35cf84f3ce4b72a48e52dae,rename,Standard rename,done
P10463(3).cpp,P10463_v3.cpp,P10463,.cpp,3,v3,76ecea0215ccc16c05dbfa92a494461104f51efbcd49fff53ea37e5d56c26300,rename,Standard rename,done
P10470.cpp,P10470.cpp,P10470,.cpp,,main,b17f10523bba5e9cfac0b481866ea3552a7223174f5b8763273c783bfe815921,keep,Main version (already correct),done
P10471.cpp,P10471.cpp,P10471,.cpp,,main,e22e768395c5614fc03db8818bc9d6f407ffbae67e153e23d54d5a6fa9e2a343,keep,Main version (already correct),done
P10475.cpp,P10475.cpp,P10475,.cpp,,main,58645e8ccb6f3eb96abfcfbaff25b662ad012e8bf9c0fbc009b7d5101ab823e2,keep,Main version (already correct),done
P10480.cpp,P10480.cpp,P10480,.cpp,,main,d2ce4d2f97ebc36dc736ef9c73ed06e841b86d78656f3617ed790cdaa6d10636,keep,Main version (already correct),done
P10481.cpp,P10481.cpp,P10481,.cpp,,main,453f5c73e9709b13effb719115431a6d1bd5f5f91a887a595caa6544e31c32dd,keep,Main version (already correct),done
P10483.c,P10483.c,P10483,.c,,main,cee67981ec78bb866b6f1edbf2376f6ad0f7521e60aba3a9f2d734b7edeb921a,keep,Main version (already correct),done
P10484.cpp,P10484.cpp,P10484,.cpp,,main,1aca8cb6fb19daa565ff40f408416ccf98bd267ea609ee88c3575bcfca0da53b,keep,Main version (already correct),done
P10487.cpp,P10487.cpp,P10487,.cpp,,main,a2abdf2b7599bf360ca3e4b193fe033f7af7fa8d25a395e9a337697583592f65,keep,Main version (already correct),done
P10488.cpp,P10488.cpp,P10488,.cpp,,main,832187701e04783c0b8db6a03f835035319d66b35cb7c39bbf627456a92474fd,keep,Main version (already correct),done
P10490.cpp,P10490.cpp,P10490,.cpp,,main,b38f8b83aafbd890e845516a87c6b0bbcbff7ca1467d77df1298e4148425efcb,keep,Main version (already correct),done
P10490(2).cpp,P10490_v2.cpp,P10490,.cpp,2,v2,dfba4fdd7b0a63d29440fff3cadfc7462306aaee9c7e42d85ed5a4fc27989b38,rename,Standard rename,done
P10491.cpp,P10491.cpp,P10491,.cpp,,main,a94ae354b6561938e582cda2785eb406006b99d286f228f97bf4c846c682e963,keep,Main version (already correct),done
P10494.cpp,P10494.cpp,P10494,.cpp,,main,03984d3e6f05436628c6abc68483cd387e67f54b48e20640b790a57ca37d6ddb,keep,Main version (already correct),done
P10497.cpp,P10497.cpp,P10497,.cpp,,main,3f9615c484699a37879ec9fa7438aa65cab790946df88b697665750dda9ab1d5,keep,Main version (already correct),done
P10499.cpp,P10499.cpp,P10499,.cpp,,main,a8819a5fb7e11ca4c08be985a58b3ef7ef457d706252f766706df976f2954519,keep,Main version (already correct),done
P10504.cpp,P10504.cpp,P10504,.cpp,,main,da1479d9f28ddf838f04904814c31b852c285195c3ee6f8f654ad82fcf691504,keep,Main version (already correct),done
P10505.c,P10505.c,P10505,.c,,main,de5846bd702b1069732ef23b0afcb706c18d50d3e64249d331c7bbcaa6caecff,keep,Main version (already correct),done
P10505(2).c,P10505_v2.c,P10505,.c,2,v2,7d3a60d2369f8eb336aa2a71cfc805b58ff481048119200f51179734775fc1ef,rename,Standard rename,done
P10506.c,P10506.c,P10506,.c,,main,3427b219062514484a11632b173111c90d9068a6de6c666922b481792b273bdf,keep,Main version (already correct),done
P10506.cpp,P10506.cpp,P10506,.cpp,,main,f6a5f08a30fac03557cebbf1a48ca5858e67111fa1501ef8ed87d148073c4271,keep,Main version (already correct),done
P10535.cpp,P10535.cpp,P10535,.cpp,,main,ee2a1368b0b0fffa3bf6f8af07af279c722e16ccf3866d6386d4e79f3a64e610,keep,Main version (already correct),done
P10535(2).cpp,P10535_v2.cpp,P10535,.cpp,2,v2,316958d58167e77b3eb85c6f9924838555b7c4838e8e5369920e7bf39c5da26f,rename,Standard rename,done
P10541.cpp,P10541.cpp,P10541,.cpp,,main,7c2d03332addc52eec624838886bc9d6f88d16fd2dca07c742a94e54c826d407,keep,Main version (already correct),done
P10575.cpp,P10575.cpp,P10575,.cpp,,main,102b7f268d416342b58654567d9ff72f0e341b3527177a95387675331743b7ee,keep,Main version (already correct),done
P10576.cpp,P10576.cpp,P10576,.cpp,,main,ff1e43f44d60270611d87f8e7c41d13688fdf7e433edadcf30734a61cca51563,keep,Main version (already correct),done
P10579.cpp,P10579.cpp,P10579,.cpp,,main,7555982c9f272dbad3ec1c25e4daf58c12c99cd60a5732182113421933c3d3b2,keep,Main version (already correct),done
P10580.cpp,P10580.cpp,P10580,.cpp,,main,4c4d5e05a510f5f7b2fc2caeed3a1e6b7fa0fbbc4fdded2a3f2b33aa6c75f596,keep,Main version (already correct),done
P10581.cpp,P10581.cpp,P10581,.cpp,,main,951a441b3c4cb470f42599a018983d46051ee5695a74eb7e7a8ddd72aee13847,keep,Main version (already correct),done
P10582.cpp,P10582.cpp,P10582,.cpp,,main,bc329f7763be7de1bddaf05d9d707507f633412a519e10ea760d8fb6c6bfc361,keep,Main version (already correct),done
P10596.cpp,P10596.cpp,P10596,.cpp,,main,045b4b17e42d7b99ec18835270fc3495408650a933120a2fa188bb003ff026e3,keep,Main version (already correct),done
P10600.cpp,P10600.cpp,P10600,.cpp,,main,1290d9e1e828076a21082f480a95fa6c52ef6481c9e5dba126bea4960da1cc0c,keep,Main version (already correct),done
P10603.cpp,P10603.cpp,P10603,.cpp,,main,795a42823f0caaffbb192306ef0efd091200954ecdb3f906e1d2948bcc02e96c,keep,Main version (already correct),done
P10604.cpp,P10604.cpp,P10604,.cpp,,main,e41d876c74f45c000deedb798a740e5351eb733b79fd548e1e983091cc351d67,keep,Main version (already correct),done
P10606.c,P10606.c,P10606,.c,,main,794825cfe1f3dc8264f84123b417e0e8545baa2c64e3e241226c039bb814edd1,keep,Main version (already correct),done
P10633.cpp,P10633.cpp,P10633,.cpp,,main,84d1583e6065786b19b190ccd726b4d810334eaa3aba22b6ca90ee80e0b375d3,keep,Main version (already correct),done
P10633(2).cpp,P10633_v2.cpp,P10633,.cpp,2,v2,186020ac6d34eacba762b565f9aa1af25b40273bff92026016c9392690b5bc53,rename,Standard rename,done
P10634.cpp,P10634.cpp,P10634,.cpp,,main,37f7864f8a9055e704580a6454952d93e598ae761c60ddde797b1c6c046d1e1c,keep,Main version (already correct),done
P10634_3.cpp,P10634_v2.cpp,P10634,.cpp,3,v2,e20216d8bea9db5bc62e115090ffe415c1367b34299948c1d91b7444ec8145fa,rename,Renumber from 3 to 2,done
P10634_4.cpp,P10634_v3.cpp,P10634,.cpp,4,v3,01b31a85cb37aa7ca4767604f7224ac18cffca27670ca93705e34b7732780890,rename,Renumber from 4 to 3,done
P10641.cpp,P10641.cpp,P10641,.cpp,,main,22599ab400a75f4e2b910265e4a9d926daab87fa9b17ebb85e8d8a5004814800,keep,Main version (already correct),done
P10665.cpp,P10665.cpp,P10665,.cpp,,main,c31bf20f461b3afbd8ef45aa59a6dc0355acd33f48a772794f0226d21cd5ac90,keep,Main version (already correct),done
P10686.cpp,P10686.cpp,P10686,.cpp,,main,7d64c84698c28c8c68ae13677afa3356d43ec30e50f93acc2039fc2f482c2173,keep,Main version (already correct),done
P10686(2).cpp,P10686_v2.cpp,P10686,.cpp,2,v2,590f1595ce54246d315b03651861f898737bf0075e1da1db59d7d8b677e39ac7,rename,Standard rename,done
P10709.c,P10709.c,P10709,.c,,main,0f59000bb9b627b39b152857684bc7e13f05902325b5804f9b47e296a8013327,keep,Main version (already correct),done
P10716.cpp,P10716.cpp,P10716,.cpp,,main,55a22f563caa853ed6889b9d1493327972e8a13f771c1640c8d45cc80dc86771,keep,Main version (already correct),done
P10719.cpp,P10719.cpp,P10719,.cpp,,main,bc16e42d20e0e90886390a603c12e6698ce1251ee6cf167a2bc02fffa12e3b17,keep,Main version (already correct),done
P10719(2).cpp,P10719_v2.cpp,P10719,.cpp,2,v2,0dfca52446e10185f398b89ce081e5b56fea3cce9659955552f82543af5d1106,rename,Standard rename,done
P10721.c,P10721.c,P10721,.c,,main,14650a69070e99a29efd288e96205d19f9af253f6a7b150f1fb635618f574dd4,keep,Main version (already correct),done
P10721(2).c,P10721_v2.c,P10721,.c,2,v2,6ad2e93293bde7befe0d8def137684b80c39ddd10f1a2f5fa8443a56f4588494,rename,Standard rename,done
P10722.cpp,P10722.cpp,P10722,.cpp,,main,f3a4b7f5f46a549b7ab1f88d37d4b57eaa1b8571b4cab3c8646b89b94d24c1ba,keep,Main version (already correct),done
P10723.cpp,P10723.cpp,P10723,.cpp,,main,2efd607632a99d3136d01fadbf2277ed38dd9ebe31f8aa95b1cd4d4874d9d6d5,keep,Main version (already correct),done
P10723(2).cpp,P10723_v2.cpp,P10723,.cpp,2,v2,28cb41cb213c2872bae13c39a9000b36db7ae5ee90b6bdca94e3b7417c9bb64e,rename,Standard rename,done
P10725.cpp,P10725.cpp,P10725,.cpp,,main,a4db2c3da75cf1d77c9696f16b0b8aef9014a426d40e6273eef41d6b1efe3573,keep,Main version (already correct),done
P10728.c,P10728.c,P10728,.c,,main,f3a4d3810ff76232f43cef4268cd2d62405176114bd0612bac2b16d6e68e6edb,keep,Main version (already correct),done
P10729.cpp,P10729.cpp,P10729,.cpp,,main,b0f55617ac55a7d545a8499a1e098891a35afd93fe72fce28193ecd0c169c032,keep,Main version (already correct),done
P10734.cpp,P10734.cpp,P10734,.cpp,,main,869e8bdc4194bb527744310ea83cb5c6ef2872f27059267b37d9dd7aa463ff55,keep,Main version (already correct),done
P10759.cpp,P10759.cpp,P10759,.cpp,,main,02c1d7501d7d9191b3c83eba71bb664d0fc2b61e3013555eb5147dca0c2dcfdc,keep,Main version (already correct),done
P10759(2).cpp,P10759_v2.cpp,P10759,.cpp,2,v2,4afb8284ef8961e1a92e9ec7bf9cf26413e1c860d0f4e59cad82dca5074649f8,rename,Standard rename,done
P10767.cpp,P10767.cpp,P10767,.cpp,,main,4f59dd1a6ead1775fd1be55e49f01fd1278617319066ff382710aca510c736f0,keep,Main version (already correct),done
P10771.c,P10771.c,P10771,.c,,main,98f5ce2c3f93434d2c5fc613416fd3d1992994f716a881c312fc9c83dbd42b34,keep,Main version (already correct),done
P10793.cpp,P10793.cpp,P10793,.cpp,,main,71b28d8cfde825f6cb17ab8e77a6a3069b0046948a5454651e59cb81480a7399,keep,Main version (already correct),done
P10795.cpp,P10795.cpp,P10795,.cpp,,main,d70b1054e7cc49bdc7908b0ff473a16fc8b15886aeb3b3066f4074d83004007f,keep,Main version (already correct),done
P10799.cpp,P10799.cpp,P10799,.cpp,,main,b3ea982824aaa29a7ec483e8d256aa190294a78dbb77636e7ab5c7847befa3e4,keep,Main version (already correct),done
P10819.cpp,P10819.cpp,P10819,.cpp,,main,5a0904acf9e637d3ab6065cf07dda8a43e54c7e576518dccadcd23584c6382e5,keep,Main version (already correct),done
P10834.cpp,P10834.cpp,P10834,.cpp,,main,b949300ac0b797c5cd5df36147c3cecb517ed5975b18aefbe8c53aba6cf3f21e,keep,Main version (already correct),done
P10837.cpp,P10837.cpp,P10837,.cpp,,main,ba5bfffbe94f116bbf3b3f5de050abc932db76fa082671d8c42341de8138076b,keep,Main version (already correct),done
P10841.c,P10841.c,P10841,.c,,main,ed0191b45ccbe3df5be921fd324c339416aa9e1e2f0d215070abd366bd8ed469,keep,Main version (already correct),done
P10854.cpp,P10854.cpp,P10854,.cpp,,main,7489866217a7f0b619a98fffbf146d0ee47a2becc1162d9fd3c946763f464721,keep,Main version (already correct),done
P10875.cpp,P10875.cpp,P10875,.cpp,,main,4adc64f2e169395f4834f37fc0448df3949de81b74cb0523f6d95e99ba395abf,keep,Main version (already correct),done
P10903.cpp,P10903.cpp,P10903,.cpp,,main,022bf61e183f4a8cbfb9095749d2a4debb41e6d4fcf0b3f192904cbcdfef60c9,keep,Main version (already correct),done
P10935.cpp,P10935.cpp,P10935,.cpp,,main,ff71c3f7c295a3b8f410316fb064fd28df0b9eca7327b28d785e22ac10746e76,keep,Main version (already correct),done
P10944.cpp,P10944.cpp,P10944,.cpp,,main,0a2a36fa876c6fe9485602550c874fa35e56432942598bf4cec3348b9e3d5296,keep,Main version (already correct),done
P10944_2.cpp,P10944_v2.cpp,P10944,.cpp,2,v2,4f0c459bf2032aaed46c6fc4146705e7f9c578542740ff6e9c57cb877212e95c,rename,Standard rename,done
P10953.cpp,P10953.cpp,P10953,.cpp,,main,3ab23c9373226b18472e72bf45b58b502b3f6d2597a73bb3553f2ca79f8bb531,keep,Main version (already correct),done
P10977.cpp,P10977.cpp,P10977,.cpp,,main,e5f7872693c88a8a656f1d3186212df0c086cdb2cde9ca4c5671b5798e55e5af,keep,Main version (already correct),done
P10982.cpp,P10982.cpp,P10982,.cpp,,main,8702776efd5f4c8617bec732c6aaf2d3a5d4962ff1ec0d36c9d4904c889fc081,keep,Main version (already correct),done
P10986.cpp,P10986.cpp,P10986,.cpp,,main,ea9004e88e6dacf72b8d07359f6a7903ad0d1634232cf1dabc98e9c7dc92d435,keep,Main version (already correct),done
P10988.cpp,P10988.cpp,P10988,.cpp,,main,dfed2e6b8d6984ecacd1908fba6df29a2e68a97b906f5bccde46a37178ec21c7,keep,Main version (already correct),done
P11012.cpp,P11012.cpp,P11012,.cpp,,main,6b645cc2c27061901054beab46f287c3d0b3d4e28ae1728e18f3e761385bc96a,keep,Main version (already correct),done
P11018.cpp,P11018.cpp,P11018,.cpp,,main,a5481497776bddd9ca85a61aea16c17affb223a243cec5c7f6b6a24a08785574,keep,Main version (already correct),done
P11095.cpp,P11095.cpp,P11095,.cpp,,main,2c571fcee9dc99f2d60345660751ccb2da1c0b1665f0cebde0b44bbf05bfdc89,keep,Main version (already correct),done
P11122.cpp,P11122.cpp,P11122,.cpp,,main,13dd234d17884d46dec731a3e2431b0c53899d938bc3d65c617518a83dfd2384,keep,Main version (already correct),done
P11167.c,P11167.c,P11167,.c,,main,1e785b76bfafddecf007f0c1f66b56136141e7af5653109cc3bb865dbac0cd88,keep,Main version (already correct),done
P11188.cpp,P11188.cpp,P11188,.cpp,,main,984f0a9c06aacd675b567dceb51c854761683817b9cb6b38d39cf38f456a424b,keep,Main version (already correct),done
P11190.cpp,P11190.cpp,P11190,.cpp,,main,c95ebbc5f1aa02d87375523c8064450a33ec2fd4a111a55486aadd7e6bed5173,keep,Main version (already correct),done
P11197.cpp,P11197.cpp,P11197,.cpp,,main,856b5b786d84c9cb2da6193ff9a26819534e19516c839bfef076773179a634ff,keep,Main version (already correct),done
P11197(2).cpp,P11197_v2.cpp,P11197,.cpp,2,v2,34192df36ec9b3faec56f776d1e8221ba423158bd0bc6911047e15d1d8170e32,rename,Standard rename,done
P11209.cpp,P11209.cpp,P11209,.cpp,,main,0b7c2b3c0e932beb742b12a0bbb3489f1e1cca79adb9d416c10982992b19659e,keep,Main version (already correct),done
P11226.cpp,P11226.cpp,P11226,.cpp,,main,3080cee6738671fb1f5adcebb333616c2593c5fbcba144b38009bf69aedcd229,keep,Main version (already correct),done
P11231.cpp,P11231.cpp,P11231,.cpp,,main,1f90693ddc0ca229db0904652452d62fca05fae0d3ff2c81e4eeab45f2770670,keep,Main version (already correct),done
P11232.cpp,P11232.cpp,P11232,.cpp,,main,c610cb83ce16698911c6116150c507d2dfdfb263eb5acfb47b5ec52f0335e92a,keep,Main version (already correct),done
P11233.cpp,P11233.cpp,P11233,.cpp,,main,50080bf03861d2d3be253d3b42c31bd16333a749dd74d846a7e3849714d729a0,keep,Main version (already correct),done
P11261.cpp,P11261.cpp,P11261,.cpp,,main,f8246d68949659360b1d868f2196434a1818666945b58c524069f7b9caa9215a,keep,Main version (already correct),done
P11266.cpp,P11266.cpp,P11266,.cpp,,main,304fbee8b0bbe43de10343026d2d4b96dde1c129b7459160b1098adefdcf76f3,keep,Main version (already correct),done
P11277.cpp,P11277.cpp,P11277,.cpp,,main,fb4500fee2dcee5db509f5dc449635d534b5c333f222aef5d872ceffa4c2dc50,keep,Main version (already correct),done
P11293.cpp,P11293.cpp,P11293,.cpp,,main,3cf17dba04730821db07e871f099341eec3dc48bd69797e65df1b1e106172aa4,keep,Main version (already correct),done
P11294.cpp,P11294.cpp,P11294,.cpp,,main,608bea613d8cf818a511c027901a697bdeaa77df5c22df27b567f15d6fcb837e,keep,Main version (already correct),done
P11306.cpp,P11306.cpp,P11306,.cpp,,main,d320e795d9ee58270404cd661d3de670caa56382a5d03deb37d69f5eae28c27f,keep,Main version (already correct),done
P11319.cpp,P11319.cpp,P11319,.cpp,,main,0ccf7d908a5357595f799dd3e529b3846999634d454de17b4bee42e892315c68,keep,Main version (already correct),done
P11453.cpp,P11453.cpp,P11453,.cpp,,main,7f7506e2c59ab514d77b3bcd711cb559d0719c496f2e0bd0f1ffbff355a2f50c,keep,Main version (already correct),done
P11562.cpp,P11562.cpp,P11562,.cpp,,main,69dde33c158528d260d06c2f085d44521f93a87a52a8dd031aad481c83e83e3a,keep,Main version (already correct),done
P11593.cpp,P11593.cpp,P11593,.cpp,,main,6f8c1a2635f549083a4e4d6e188333f5fc827b10655e91240130df1ab2d71f00,keep,Main version (already correct),done
P11627.cpp,P11627.cpp,P11627,.cpp,,main,e3bea229b6ddf12656c58150e715da085b2d0097da32c3653889a009b11c49e5,keep,Main version (already correct),done
P11659.cpp,P11659.cpp,P11659,.cpp,,main,f9324f15920b5cae61db7472d8e26b4f95ee46d3932546ea2430edb3909ae17e,keep,Main version (already correct),done
P11664.cpp,P11664.cpp,P11664,.cpp,,main,e317f5d1ce651a6eec5cba69cd3476b01bdbc3d37ab0c72173a43795d4f6822e,keep,Main version (already correct),done
P11885.cpp,P11885.cpp,P11885,.cpp,,main,d8c0e447787178390f31fb9d08b50d17c8d7fd5387224dee143c94ddd11697a4,keep,Main version (already correct),done
P11888.cpp,P11888.cpp,P11888,.cpp,,main,988820fcba56521e286796184e11b3067c9f782e2c50e8dc7a118248ee91168b,keep,Main version (already correct),done
P11993.cpp,P11993.cpp,P11993,.cpp,,main,61bd400128ffe02755edfe5498ab26ac3dcb51150b88cfcc16acf13e58d1d9ba,keep,Main version (already correct),done
P12003.cpp,P12003.cpp,P12003,.cpp,,main,688ccf852dd8daf429ae0832025e338fcede77f5a50154d0e08b207b2d798101,keep,Main version (already correct),done
P12009.cpp,P12009.cpp,P12009,.cpp,,main,aa9b90e3432ebef97bf5579260a09383b718d893f7fa762048569769c28ec120,keep,Main version (already correct),done
P12213.cpp,P12213.cpp,P12213,.cpp,,main,6e0dbba0e432b235f42c3a58f9598f5ad1e8066470abc2a606cbcaaaee9ca8ab,keep,Main version (already correct),done
P12261.cpp,P12261.cpp,P12261,.cpp,,main,786f5de140f6927a16025bdece432b43e08d8e398b47426f8b04ef880cdd67b2,keep,Main version (already correct),done
P12300.cpp,P12300.cpp,P12300,.cpp,,main,41c998bef9b5ffd18122cf3e318eb948c735939f3ecd75ad7f3edf3e2ad1664d,keep,Main version (already correct),done
P12361.cpp,P12361.cpp,P12361,.cpp,,main,8d906d199c0eefb27a0feaf8f15055f7fa5471548e1747718c5c762d30b4717a,keep,Main version (already correct),done
P12364.cpp,P12364.cpp,P12364,.cpp,,main,53137ddd857c6ad20787ac3dc8593a194e56b007a254a444751e05ea377c7b7e,keep,Main version (already correct),done
P12364.py,P12364.py,P12364,.py,,main,6c5b024f21e4e888e1b941b3ab128d589dabe744720e863b37a5bc80772387ee,keep,Main version (already correct),done
P12598.cpp,P12598.cpp,P12598,.cpp,,main,4884f19c1324d01de66107872d9ce8a1dec2603e21508842256c711d8fef377e,keep,Main version (already correct),done
P12671.cpp,P12671.cpp,P12671,.cpp,,main,272b4d51343821c0fb046715de4f80dc77a721b70ecc2b566a9e4dd32663bddb,keep,Main version (already correct),done
P12685.cpp,P12685.cpp,P12685,.cpp,,main,90047ccb7ed4ab80fb4d4415965b31d04d6083ca7ec6a8383ed5fd280980fc16,keep,Main version (already correct),done
P12685(2).cpp,P12685_v2.cpp,P12685,.cpp,2,v2,ea8b26c130974fe6309767fa053689fc929b379955bbb6f99ac136d085213f4d,rename,Standard rename,done
P12685(3).cpp,P12685_v3.cpp,P12685,.cpp,3,v3,171b229fc04201d9d71ecf13270cb0830ede4c01b31255522d1bea115c94090a,rename,Standard rename,done
P12736.cpp,P12736.cpp,P12736,.cpp,,main,875150bc2de9ae08feda9027c03fb409f272e69352e890eeb4ded69d04441856,keep,Main version (already correct),done
P12845.cpp,P12845.cpp,P12845,.cpp,,main,11f95a2f059f372829e9dd943d52081869c2b9e5cf8d5f426424d60568182e62,keep,Main version (already correct),done
P12845(2).cpp,P12845_v2.cpp,P12845,.cpp,2,v2,71d49732c1736f2c9330a8fda411e5c796c738234e74483c7a0b0c77573c4eeb,rename,Standard rename,done
P12846.cpp,P12846.cpp,P12846,.cpp,,main,dec073db85fc4dc10e9744857a54e47bf953579bf9d1d5f021176ee6ceec3f4c,keep,Main version (already correct),done
P12847.cpp,P12847.cpp,P12847,.cpp,,main,4086d1a7c2ffd9fe10d2f2543b0394f8d240411b703f3c0e22a311c16cd1fd5f,keep,Main version (already correct),done
P12848.cpp,P12848.cpp,P12848,.cpp,,main,59c4064329a718044bdaa2c587c6ac6aac8951cea5aacbae124c121f958a4bb8,keep,Main version (already correct),done
P13078.cpp,P13078.cpp,P13078,.cpp,,main,bfcc840a87cb76e32da2a4c5d5c4637ca3a9e07124196bc8a27fc5bf15294dff,keep,Main version (already correct),done
P13556.cpp,P13556.cpp,P13556,.cpp,,main,2a988c7f7e6ad1ceb7dde74b0a5132af926535599ef3083a9723b159137fa531,keep,Main version (already correct),done
P13984.cpp,P13984.cpp,P13984,.cpp,,main,b5665d9da65ba1c873c18ca75d41b50b9fcf6b80a2cc2c74051586492d88b922,keep,Main version (already correct),done
P14420_2.cpp,P14420.cpp,P14420,.cpp,2,main,895de826b78379551f86cde5ddf261fc0b286ed35538186021a533124d2696dd,rename_to_main,Promoted to main (was version 2),done
P15005.cpp,P15005.cpp,P15005,.cpp,,main,14375b4b2651008998248f13910ddc4454a96e512b92930d1758b664e4d28b33,keep,Main version (already correct),done
P15005_2.cpp,P15005_v2.cpp,P15005,.cpp,2,v2,cbf440a5dc2c6405a6b40f6cb91bb0826699f12f3fc9779ca6d1311cdd84116b,rename,Standard rename,done
P15049.cpp,P15049.cpp,P15049,.cpp,,main,a5e5ff96d87d850f5b11924ea91c285045578c4acc11596727f25e7c7607b630,keep,Main version (already correct),done
P15681.cpp,P15681.cpp,P15681,.cpp,,main,cd9de226ccb62366e9c7522a3baf230fdd367f24ff94dd4b133db3cea0615b45,keep,Main version (already correct),done
P15939.cpp,P15939.cpp,P15939,.cpp,,main,52899cc5e669c323157e8d1c5dabaf6edeb7a8d28df5e8b1a6a2b6a09fc53852,keep,Main version (already correct),done
SP116.cpp,SP116.cpp,SP116,.cpp,,main,868bf3e3be6b9bfc1bf5c5b5ced2ff233abe5f6a08c50b666af7520bac75f3ad,keep,Main version (already correct),done
SP1716.cpp,SP1716.cpp,SP1716,.cpp,,main,29743890bb1392724b434994485302cfd75fa6fac0bc640ef0778286d84d72d0,keep,Main version (already correct),done
SP2713.cpp,SP2713.cpp,SP2713,.cpp,,main,f74a181846f42467592b50ebf1a1be0137651aad8d56a05078597c0cf91ebdac,keep,Main version (already correct),done
SP2878.cpp,SP2878.cpp,SP2878,.cpp,,main,db0c1369c58e76d64d92c0bd8b8c8a89000400eea5dc4793c9a4e6b452920bad,keep,Main version (already correct),done
SP3267_2.cpp,SP3267.cpp,SP3267,.cpp,2,main,c8621b809e97dc655469c0f39c774eb54dd65b7da354f126d5a9933f65da9815,rename_to_main,Promoted to main (was version 2),done
SP8791.cpp,SP8791.cpp,SP8791,.cpp,,main,717187e99e0b512c011a6c859caab9e887f0119148e76e8058d30d869f307d99,keep,Main version (already correct),done
SP8791_2.cpp,SP8791_v2.cpp,SP8791,.cpp,2,v2,c6c218a2606d802ff734b864e292425aa7ee938fed7629cffc8d2a288a9e0d50,rename,Standard rename,done
SP10707.cpp,SP10707.cpp,SP10707,.cpp,,main,82c7e305aca8d9f4efc8b30bae4380ff1dc8e045f1abc677cda004291d29bbdd,keep,Main version (already correct),done
SP10707_2.cpp,SP10707_v2.cpp,SP10707,.cpp,2,v2,e4b6001d8b7e22e02166c236b984e4b0ca3c06b0babe674f6eba0c49644f94db,rename,Standard rename,done
SP11470_2.cpp,SP11470.cpp,SP11470,.cpp,2,main,79a56d82fbcf787617a3e0c86ef889e2bfeee2c5d96f7b0d59763fc271113146,rename_to_main,Promoted to main (was version 2),done
SP18185.cpp,SP18185.cpp,SP18185,.cpp,,main,3bd7844a9f2eaf342f702bdf2a72b27bd9d7d49f041f68438f27264ee5743438,keep,Main version (already correct),done
SP18185_2.cpp,SP18185_v2.cpp,SP18185,.cpp,2,v2,c93b44adc9fcdaba6d3d2a7b3081458ecb5fc00704cee884f38e805052ab2c63,rename,Standard rename,done
SP20644.cpp,SP20644.cpp,SP20644,.cpp,,main,872577f6f51c586bee3f5622a679550c657d5588c34ddcfb546400569c205af3,keep,Main version (already correct),done
SP30906.cpp,SP30906.cpp,SP30906,.cpp,,main,0bdb9350ef04639c9574ce2dce31dec4f57371956f1976f5bcba026ff9384df8,keep,Main version (already correct),done
U41492_2.cpp,U41492.cpp,U41492,.cpp,2,main,32f9b700a339f9e155a1fc02c852310e9833df9d56c080fc59c35ff267acc0c9,rename_to_main,Promoted to main (was version 2),done
UVA1391.cpp,UVA1391.cpp,UVA1391,.cpp,,main,d2fcd13e0ad2bc3ad14e708776a8921355e8e0b92300371482697caab38d1f7b,keep,Main version (already correct),done
UVA1464.cpp,UVA1464.cpp,UVA1464,.cpp,,main,116ecaf7977862a779ced771f199f0ea20bcb20493d51dacddd053dd9f57ad81,keep,Main version (already correct),done
UVA11526.cpp,UVA11526.cpp,UVA11526,.cpp,,main,8527dc5b970b35fcdeadf405971737a76cd6844c92c920d065911aea6f69004c,keep,Main version (already correct),done
