current_path,proposed_path,current_category,proposed_category,proposed_subcategory,file_kind,reason,confidence,actual_problem_url,possible_problem_id,has_main,sha256,filename,size_bytes,lines,first_comment_lines,url_count,problem_id_count,function_names,filename_keywords
templates/01分数规划/01分数规划——模板.cpp,templates/数学/01分数规划/01分数规划——模板.cpp,01分数规划,数学,01分数规划,runnable_template,关键词命中: 01分数规划->数学 (via filename) | 含 main | 代码内 URL×2 | 判定: runnable_template,high,https://www.luogu.com.cn/problem/P10505,,true,9d98fd4227c6ebe87f1ff5565cf089fee77504be65f851cf53aee6c22a4e1f45,01分数规划——模板.cpp,1917,69,10,2,0,"MAXN,sml,node,cmp,check,main","01分数规划,模板,cpp,01分数规划——模板"
templates/01分数规划/01分数规划——模板4.cpp,templates/数学/01分数规划/01分数规划——模板4.cpp,01分数规划,数学,01分数规划,runnable_template,关键词命中: 01分数规划->数学 (via filename) | 含 main | 代码内 URL×1 | 判定: runnable_template,high,https://www.luogu.com.cn/problem/P3199,,true,a5ab38f7c2205eb9bcc5bc68c2d5415eb0804c576494e6ff105473c3c347d82e,01分数规划——模板4.cpp,2726,98,10,1,0,"MAXN,MAXM,MAXE,sml,addEdge,dfs,check,main","01分数规划,模板4,cpp,01分数规划——模板4"
templates/01分数规划/01分数规划——模板5.cpp,templates/数学/01分数规划/01分数规划——模板5.cpp,01分数规划,数学,01分数规划,runnable_template,关键词命中: 01分数规划->数学 (via filename) | 含 main | 代码内 URL×1 | 判定: runnable_template,high,https://www.luogu.com.cn/problem/P4322,,true,bc5e24a1d3905d7bf8f5b11e3f335359378e7f0e710bc034e6f00ade30fe6718,01分数规划——模板5.cpp,3544,108,11,1,0,"MAXN,LIMIT,NA,sml,addEdge,dfs,check,main","01分数规划,模板5,cpp,01分数规划——模板5"
templates/01分数规划/01分数规划——结合最小生成树.cpp,templates/数学/01分数规划/01分数规划——结合最小生成树.cpp,01分数规划,数学,01分数规划,runnable_template,关键词命中: 01分数规划->数学 (via filename) | 含 main | 代码内 URL×1 | 判定: runnable_template,high,http://poj.org/problem?id=2728,,true,24e58ba499d9c99f47e464e2846f466c824bc105b82f60947078b4990e8a6fda,01分数规划——结合最小生成树.cpp,3452,94,12,1,0,"MAXN,sml,prim,main","01分数规划,结合最小生成树,cpp,01分数规划——结合最小生成树"
templates/01分数规划/01分数规划——部分参数有限制.cpp,templates/数学/01分数规划/01分数规划——部分参数有限制.cpp,01分数规划,数学,01分数规划,example,关键词命中: 01分数规划->数学 (via filename) | 含 main | 代码内 URL×1 | 判定: example,high,https://www.luogu.com.cn/problem/P4377,,true,fe96b777ffeba0f690968006ed96ac428850915b8962f871a332a296e5e60b01,01分数规划——部分参数有限制.cpp,2382,81,11,1,0,"MAXN,MAXW,NA,sml,check,main","01分数规划,部分参数有限制,cpp,01分数规划——部分参数有限制"
templates/AC自动机/AC自动机——01分数规划.cpp,templates/字符串/AC自动机/AC自动机——01分数规划.cpp,AC自动机,字符串,AC自动机,runnable_template,关键词命中: AC自动机->字符串 (via filename) | 含 main | 代码内 URL×1 | 判定: runnable_template,high,https://www.luogu.com.cn/problem/P5319,,true,90ab0d1de99581d31299937bf2b5c38ecc33082cedb1c639320abe6aa473c340,AC自动机——01分数规划.cpp,3671,159,3,1,0,"eps,INF,MAXN,insert,setfail,check,compute,main","AC自动机,01分数规划,cpp,AC自动机——01分数规划"
templates/AC自动机/AC自动机——fail树.cpp,templates/字符串/AC自动机/AC自动机——fail树.cpp,AC自动机,字符串,AC自动机,runnable_template,关键词命中: AC自动机->字符串 (via filename) | 含 main | 代码内 URL×1 | 判定: runnable_template,high,https://www.luogu.com.cn/problem/P2414,,true,21fba1d34f88d77c4a64ff94d2cca38ae2b93cbcd17c640297d359fff5b4c662,AC自动机——fail树.cpp,4981,188,16,1,0,"MAXN,setfail,addedge,dfs,lowbit,add,query,main","AC自动机,fail树,cpp,AC自动机——fail树"
templates/AC自动机/AC自动机——fail树上差分.cpp,templates/字符串/AC自动机/AC自动机——fail树上差分.cpp,AC自动机,字符串,AC自动机,runnable_template,关键词命中: AC自动机->字符串 (via filename) | 含 main | 代码内 URL×1 | 判定: runnable_template,high,https://www.luogu.com.cn/problem/solution/P5840,,true,0de2c7bf6a385e1811efe7eedd0015adc951e9e1c7f65bd8424d41a044b8c4b2,AC自动机——fail树上差分.cpp,4337,181,8,1,0,"MAXM,MAXN,LIMIT,addedge,insert,setfail,dfs,lca","AC自动机,fail树上差分,cpp,AC自动机——fail树上差分"
templates/AC自动机/AC自动机——出现统计.cpp,templates/字符串/AC自动机/AC自动机——出现统计.cpp,AC自动机,字符串,AC自动机,runnable_template,关键词命中: AC自动机->字符串 (via filename) | 含 main | 代码内 URL×1 | 判定: runnable_template,high,https://www.luogu.com.cn/problem/P8451,,true,189c4f83f2385d01dc0772a205b98f9d40b94329c47c6bba21e9c2ee2603c9dc,AC自动机——出现统计.cpp,4029,180,9,1,0,"MAXN,MAXM,insert,setfail,addedge,addEdge,dfs,lowbit","AC自动机,出现统计,cpp,AC自动机——出现统计"
templates/AC自动机/AC自动机——完备状态.cpp,templates/字符串/AC自动机/AC自动机——完备状态.cpp,AC自动机,字符串,AC自动机,runnable_template,关键词命中: AC自动机->字符串 (via filename) | 含 main | 代码内 URL×1 | 判定: runnable_template,high,https://www.luogu.com.cn/problem/P2444,,true,f04f3b525e625e60a088fcdf27f78ff4c7223cfc7bee2658b2e859d507394a04,AC自动机——完备状态.cpp,2756,129,5,1,0,"MAXN,addedge,insert,setfail,main","AC自动机,完备状态,cpp,AC自动机——完备状态"
templates/AC自动机/AC自动机——应用.cpp,templates/字符串/AC自动机/AC自动机——应用.cpp,AC自动机,字符串,AC自动机,application,关键词命中: AC自动机->字符串 (via filename) | 含 main | 代码内 URL×1 | 判定: application,high,https://www.luogu.com.cn/problem/P3082,,true,a3c14dee6bfc2cfae552077810f4e032cf2e012dd19b739850eae3fa16eca886,AC自动机——应用.cpp,2147,83,1,1,0,"MAXS,MAXN,insert,setFail,main","AC自动机,应用,cpp,AC自动机——应用"
templates/AC自动机/AC自动机——模板.cpp,templates/字符串/AC自动机/AC自动机——模板.cpp,AC自动机,字符串,AC自动机,runnable_template,关键词命中: AC自动机->字符串 (via filename) | 含 main | 代码内 URL×1 | 判定: runnable_template,high,https://www.luogu.com.cn/problem/P5357,,true,e920fb4b9d8a0113b203bc33d4ccfaba57e08954be2cb772db79e4716b2a54f7,AC自动机——模板.cpp,3563,126,8,1,0,"MAXN,MAXS,insert,setFail,addEdge,dfs,main","AC自动机,模板,cpp,AC自动机——模板"
templates/AC自动机/AC自动机——综合应用.cpp,templates/字符串/AC自动机/AC自动机——综合应用.cpp,AC自动机,字符串,AC自动机,application,关键词命中: AC自动机->字符串 (via filename) | 含 main | 判定: application,high,,,true,716358396257af783cf6dbf8220d55c5edcdb8d416ca6a3c6303672529711701,AC自动机——综合应用.cpp,2567,114,2,0,0,"MAXN,MAXS,insert,setFail,main","AC自动机,综合应用,cpp,AC自动机——综合应用"
templates/AC自动机/AC自动机——警报标记.cpp,templates/字符串/AC自动机/AC自动机——警报标记.cpp,AC自动机,字符串,AC自动机,runnable_template,关键词命中: AC自动机->字符串 (via filename) | 含 main | 代码内 URL×1 | 判定: runnable_template,high,https://www.luogu.com.cn/problem/P3311,,true,05e93eee71d72f21c198d5aa1fbf41b4ca348312b6883f831d33e62bb74b81c1,AC自动机——警报标记.cpp,5252,173,12,1,0,"MOD,MAXN,MAXS,clear,insert,setFail,f1,main","AC自动机,警报标记,cpp,AC自动机——警报标记"
templates/AC自动机/基于AC自动机实现的文章词频检测.cpp,templates/字符串/AC自动机/基于AC自动机实现的文章词频检测.cpp,AC自动机,字符串,AC自动机,runnable_template,关键词命中: AC自动机->字符串 (via filename) | 含 main | 判定: runnable_template,high,,,true,6973bfa779373e9116a43c4609e0f9a0d989c27422605598d70c3aa263145bc7,基于AC自动机实现的文章词频检测.cpp,3301,130,0,0,0,"MAXN,MAXS,insert,setFail,addEdge,f1,main","基于AC自动机实现的文章词频检测,cpp"
templates/CDQ分治/CDQ分治——三维偏序.cpp,templates/数据结构/CDQ分治/CDQ分治——三维偏序.cpp,CDQ分治,数据结构,CDQ分治,runnable_template,关键词命中: CDQ分治->数据结构 (via filename) | 含 main | 代码内 URL×1 | 判定: runnable_template,high,https://www.luogu.com.cn/problem/P3810,,true,d5d96a685679813f458c595f1182932f07c8612ad72d72bfc4db36afc987f366,CDQ分治——三维偏序.cpp,3805,139,15,1,0,"MAXN,MAXK,Node,CmpAbc,CmpB,lowbit,add,query","CDQ分治,三维偏序,cpp,CDQ分治——三维偏序"
templates/CDQ分治/CDQ分治——二维空间计数.cpp,templates/数据结构/CDQ分治/CDQ分治——二维空间计数.cpp,CDQ分治,数据结构,CDQ分治,runnable_template,关键词命中: CDQ分治->数据结构 (via filename) | 含 main | 代码内 URL×1 | 判定: runnable_template,high,https://www.luogu.com.cn/problem/P2163,,true,ed174ece1fefc4fef6ea2d85313ab62b941155ef2877db9a543d84d6fc706da5,CDQ分治——二维空间计数.cpp,3343,125,13,1,0,"MAXN,Node,NodeCmp,addTree,addQuery,merge,cdq,main","CDQ分治,二维空间计数,cpp,CDQ分治——二维空间计数"
templates/CDQ分治/CDQ分治——优化dp模板.cpp,templates/数据结构/CDQ分治/CDQ分治——优化dp模板.cpp,CDQ分治,数据结构,CDQ分治,application,关键词命中: CDQ分治->数据结构 (via filename) | 含 main | 代码内 URL×1 | 判定: application,high,https://www.luogu.com.cn/problem/P2487,,true,33210ddc7eadc5e37bb85a870c99eed6b762a7a03206d7a79564cda028c90517,CDQ分治——优化dp模板.cpp,7916,262,20,1,0,"MAXN,Node,Cmp1,Cmp2,lowbit,more,query,clear","CDQ分治,优化dp模板,cpp,CDQ分治——优化dp模板"
templates/CDQ分治/CDQ分治——优化动态规划.cpp,templates/数据结构/CDQ分治/CDQ分治——优化动态规划.cpp,CDQ分治,数据结构,CDQ分治,runnable_template,关键词命中: CDQ分治->数据结构 (via filename) | 含 main | 代码内 URL×1 | 判定: runnable_template,high,https://www.luogu.com.cn/problem/P4093,,true,385ffa74cae0e1a8313f7924429cd9e5a365f2800b04ff831cb68fab31cc0f21,CDQ分治——优化动态规划.cpp,4685,144,20,1,0,"MAXN,Node,CmpV,CmpLv,lowbit,more,query,clear","CDQ分治,优化动态规划,cpp,CDQ分治——优化动态规划"
templates/CDQ分治/CDQ分治——加速计算.cpp,templates/数据结构/CDQ分治/CDQ分治——加速计算.cpp,CDQ分治,数据结构,CDQ分治,runnable_template,关键词命中: CDQ分治->数据结构 (via filename) | 含 main | 代码内 URL×1 | 判定: runnable_template,high,https://www.luogu.com.cn/problem/P5094,,true,f698105c26b38eaa880889b009e0c3908944e0aa932a032d7e930cef824d1f86,CDQ分治——加速计算.cpp,2220,80,11,1,0,"MAXN,Node,NodeCmp,merge,cdq,main","CDQ分治,加速计算,cpp,CDQ分治——加速计算"
templates/CDQ分治/CDQ分治——动态逆序对.cpp,templates/数据结构/CDQ分治/CDQ分治——动态逆序对.cpp,CDQ分治,数据结构,CDQ分治,application,关键词命中: CDQ分治->数据结构 (via filename) | 含 main | 代码内 URL×1 | 判定: application,high,https://www.luogu.com.cn/problem/P3157,,true,e9a822c81dbcd5158435e84635f9ed8d030229b9c21d7c0cd7eedcdf300d3700,CDQ分治——动态逆序对.cpp,4547,156,16,1,0,"MAXN,MAXM,Node,NodeCmp,lowbit,add,query,merge","CDQ分治,动态逆序对,cpp,CDQ分治——动态逆序对"
templates/CDQ分治/CDQ分治——四维偏序.cpp,templates/数据结构/CDQ分治/CDQ分治——四维偏序.cpp,CDQ分治,数据结构,CDQ分治,runnable_template,关键词命中: CDQ分治->数据结构 (via filename) | 含 main | 代码内 URL×1 | 判定: runnable_template,high,https://www.luogu.com.cn/problem/P5621,,true,106c8cc21d64d0bcee52c1b32a2c136c687980d8e15e22f764861b0d079d4278,CDQ分治——四维偏序.cpp,6627,221,20,1,0,"MAXN,Node,Cmp1,Cmp2,Cmp3,lowbit,more,query","CDQ分治,四维偏序,cpp,CDQ分治——四维偏序"
templates/CDQ分治/CDQ分治——四维偏序优化dp.cpp,templates/数据结构/CDQ分治/CDQ分治——四维偏序优化dp.cpp,CDQ分治,数据结构,CDQ分治,runnable_template,关键词命中: CDQ分治->数据结构 (via filename) | 含 main | 代码内 URL×1 | 判定: runnable_template,high,https://www.luogu.com.cn/problem/P4849,,true,b76ebaaa4780a2be18f4bf75871d7ccc385008171c290435c8f1fc6b85ea2ed4,CDQ分治——四维偏序优化dp.cpp,5704,226,11,1,0,"MAXN,MOD,Node,lowbit,Cmp1,Cmp2,Cmp3,more","CDQ分治,四维偏序优化dp,cpp,CDQ分治——四维偏序优化dp"
templates/CDQ分治/CDQ分治——坐标变换.cpp,templates/数据结构/CDQ分治/CDQ分治——坐标变换.cpp,CDQ分治,数据结构,CDQ分治,application,关键词命中: CDQ分治->数据结构 (via filename) | 含 main | 代码内 URL×1 | 判定: application,high,https://www.luogu.com.cn/problem/P4169,,true,dce35a3c2a4ffa710f65097f087971e9b5fd80f6a3fb941f88b1b3cfcc1fecd0,CDQ分治——坐标变换.cpp,4064,176,12,1,0,"MAXN,MAXV,INF,Node,NodeCmp,lowbit,more,query","CDQ分治,坐标变换,cpp,CDQ分治——坐标变换"
templates/CDQ分治/CDQ分治——添加和查询.cpp,templates/数据结构/CDQ分治/CDQ分治——添加和查询.cpp,CDQ分治,数据结构,CDQ分治,runnable_template,关键词命中: CDQ分治->数据结构 (via filename) | 含 main | 代码内 URL×1 | 判定: runnable_template,high,https://www.luogu.com.cn/problem/P4390,,true,638e252b533baac60005ed336f4197b30912f83cf3ad831121ec7ce17d96cf78,CDQ分治——添加和查询.cpp,3260,140,16,1,0,"MAXM,MAXV,INF,Node,NodeCmp,lowbit,add,query","CDQ分治,添加和查询,cpp,CDQ分治——添加和查询"
templates/CDQ分治/CDQ分治——范围窗口.cpp,templates/数据结构/CDQ分治/CDQ分治——范围窗口.cpp,CDQ分治,数据结构,CDQ分治,runnable_template,关键词命中: CDQ分治->数据结构 (via filename) | 含 main | 代码内 URL×2 | 判定: runnable_template,high,https://www.luogu.com.cn/problem/CF1045G,,true,afa020ace716a03a83e2cd7521114ee590c1de4440d056ee10081c2bd6822f52,CDQ分治——范围窗口.cpp,4107,156,17,2,0,"MAXN,Node,CmpY,CmpQ,lowbit,add,sum,query","CDQ分治,范围窗口,cpp,CDQ分治——范围窗口"
templates/CDQ分治/CDQ分治——静态二维空间.cpp,templates/数据结构/CDQ分治/CDQ分治——静态二维空间.cpp,CDQ分治,数据结构,CDQ分治,runnable_template,关键词命中: CDQ分治->数据结构 (via filename) | 含 main | 代码内 URL×1 | 判定: runnable_template,high,https://www.luogu.com.cn/problem/P3755,,true,b9449c6fe4c73b398d592bf2273a4313a78a4763de355d51fbfb62cf25777c3f,CDQ分治——静态二维空间.cpp,2525,115,10,1,0,"MAXN,Node,NodeCmp,addStation,addQuery,merge,cdq,main","CDQ分治,静态二维空间,cpp,CDQ分治——静态二维空间"
templates/KMP/KMP算法——1based.cpp,templates/字符串/KMP算法/KMP算法——1based.cpp,KMP,字符串,KMP算法,runnable_template,关键词命中: KMP->字符串 (via filename) | 含 main | 代码内 URL×1 | 判定: runnable_template,high,https://www.luogu.com.cn/problem/P3375,,true,b218a17b78cc256cae5e17ce15b0be489db53383b7a0d369b60b3cf211347942,KMP算法——1based.cpp,1668,64,3,1,0,"MAXN,calcnext,kmp,main","KMP算法,1based,cpp,KMP算法——1based"
templates/KMP/KMP算法——next数组优化.cpp,templates/字符串/KMP算法/KMP算法——next数组优化.cpp,KMP,字符串,KMP算法,runnable_template,关键词命中: KMP->字符串 (via filename) | 含 main | 代码内 URL×1 | 判定: runnable_template,high,https://www.luogu.com.cn/problem/P3375,,true,d752c7645cb710501b603f52faa760bd87b1bd3e75052722eb065841c87feb91,KMP算法——next数组优化.cpp,2065,82,1,1,0,"MAXN,nextArray,kmp,main","KMP算法,next数组优化,cpp,KMP算法——next数组优化"
templates/KMP/KMP算法——删除s2.cpp,templates/字符串/KMP算法/KMP算法——删除s2.cpp,KMP,字符串,KMP算法,runnable_template,关键词命中: KMP->字符串 (via filename) | 含 main | 代码内 URL×1 | 判定: runnable_template,high,https://www.luogu.com.cn/problem/P4824,,true,3f94f5f116b4da117cb5f0a108edcb39b7037e39f94be0067b5c86dd97a7d9cd,KMP算法——删除s2.cpp,2186,86,11,1,0,"MAXN,calcnext,compute,main","KMP算法,删除s2,cpp,KMP算法——删除s2"
templates/KMP/KMP算法——数位dp.cpp,templates/字符串/KMP算法/KMP算法——数位dp.cpp,KMP,字符串,KMP算法,runnable_template,关键词命中: KMP->字符串 (via filename) | 含 main | 代码内 URL×1 | 判定: runnable_template,high,https://leetcode.cn/problems/find-all-good-strings/,,true,5c06a0b841aac23221e8a78d2bcda612db43733cb3e844d035f59fedb3cf652b,KMP算法——数位dp.cpp,5103,146,6,1,0,"MOD,MAXN,MAXM,Solution,clear,findGoodStrings,kmp,nextArray","KMP算法,数位dp,cpp,KMP算法——数位dp"
templates/KMP/KMP算法——最短循环节.cpp,templates/字符串/KMP算法/KMP算法——最短循环节.cpp,KMP,字符串,KMP算法,runnable_template,关键词命中: KMP->字符串 (via filename) | 含 main | 代码内 URL×1 | 判定: runnable_template,high,https://www.luogu.com.cn/problem/P4391,,true,d0a60f9d33ac8e1b119ebb2219b4b2b03bf6459ad2a3ca1a0f46cacdcbcec4c4,KMP算法——最短循环节.cpp,1544,46,14,1,0,"MAXN,calcnext,main","KMP算法,最短循环节,cpp,KMP算法——最短循环节"
templates/KMP/KMP算法——树上匹配.cpp,templates/字符串/KMP算法/KMP算法——树上匹配.cpp,KMP,字符串,KMP算法,runnable_template,关键词命中: KMP->字符串 (via filename) | 含 main | 代码内 URL×1 | 判定: runnable_template,high,https://leetcode.cn/problems/linked-list-in-binary-tree/,,true,9b98ad49f9d3e4a4a46886b0752dc2042755cb87d476753ae6b77045a6d067ef,KMP算法——树上匹配.cpp,3223,130,6,1,0,"ListNode,TreeNode,nextArray,next,find,isSubPath,main,treeNodes","KMP算法,树上匹配,cpp,KMP算法——树上匹配"
templates/KMP/KMP算法——模板.cpp,templates/字符串/KMP算法/KMP算法——模板.cpp,KMP,字符串,KMP算法,runnable_template,关键词命中: KMP->字符串 (via filename) | 含 main | 代码内 URL×1 | 判定: runnable_template,high,https://www.luogu.com.cn/problem/P3375,,true,7c3f54357d9c6ee6dd24bbc4e7df97450a392b145f94a1d891848a88046c95e8,KMP算法——模板.cpp,1906,77,3,1,0,"MAXN,nextArray,kmp,main","KMP算法,模板,cpp,KMP算法——模板"
templates/KMP/KMP算法——矩阵加速.cpp,templates/字符串/KMP算法/KMP算法——矩阵加速.cpp,KMP,字符串,KMP算法,pure_template,关键词命中: KMP->字符串 (via filename) | 代码内 URL×1 | 判定: pure_template,high,https://www.luogu.com.cn/problem/P10581,,false,aa5e986fa2ad119afdda2a8fd62f6451189a74fcb3b2c90f1a6a9bf4e0d1ab9a,KMP算法——矩阵加速.cpp,3778,122,5,1,0,"MOD,MAXN,calcnext,multiply,ans,power,main","KMP算法,矩阵加速,cpp,KMP算法——矩阵加速"
templates/KMP/失配树——1based模板.cpp,templates/字符串/失配树/失配树——1based模板.cpp,KMP,字符串,失配树,runnable_template,关键词命中: 前缀树->字符串 (via head) | 含 main | 代码内 URL×1 | 判定: runnable_template,medium,https://www.luogu.com.cn/problem/P5829,,true,7c26274102d46f92ce164aa233c7b70cc53d92226d3a439dd3452debe94a2443,失配树——1based模板.cpp,2586,102,7,1,0,"MAXN,LIMIT,calcnext,addedge,dfs,lca,main","失配树,1based模板,cpp,失配树——1based模板"
templates/KMP/失配树——应用.cpp,templates/字符串/失配树/失配树——应用.cpp,KMP,字符串,失配树,application,关键词命中: KMP->字符串 (via head) | 含 main | 代码内 URL×1 | 判定: application,medium,https://www.luogu.com.cn/problem/P2375,,true,4eb60d736938b0bfcee3d9bb10fe13ce3af94c73a7c0308282c7e7a013783f91,失配树——应用.cpp,1919,72,3,1,0,"MOD,MAXN,LIMIT,nextArray,main","失配树,应用,cpp,失配树——应用"
templates/KMP/失配树——模板.cpp,templates/字符串/失配树/失配树——模板.cpp,KMP,字符串,失配树,runnable_template,关键词命中: KMP->字符串 (via head) | 含 main | 代码内 URL×1 | 判定: runnable_template,medium,https://www.luogu.com.cn/problem/P5829,,true,7a1fb602d3977c0be3d26e24494d993843ad99438fec2d9c3b8a03bdc482fc71,失配树——模板.cpp,3310,136,6,1,0,"MAXN,LIMIT,read,nextArray,addedge,dfs,lca,main","失配树,模板,cpp,失配树——模板"
templates/kruskal重构树/kruskal重构树——dfn序st表.cpp,templates/图论/kruskal重构树/kruskal重构树——dfn序st表.cpp,kruskal重构树,图论,kruskal重构树,application,关键词命中: kruskal重构树->图论 (via filename) | 含 main | 代码内 URL×2 | 判定: application,high,https://www.luogu.com.cn/problem/CF1706E,,true,00ac7980198d219a49330a89fa28e7b06b8dbe8ef5bd1c99f711c62cbab6f10c,kruskal重构树——dfn序st表.cpp,5022,196,13,2,0,"MAXN,MAXK,MAXM,MAXH,Edge,cmp,clear,find","kruskal重构树,dfn序st表,cpp,kruskal重构树——dfn序st表"
templates/kruskal重构树/kruskal重构树——到达z个不同点.cpp,templates/图论/kruskal重构树/kruskal重构树——到达z个不同点.cpp,kruskal重构树,图论,kruskal重构树,runnable_template,关键词命中: kruskal重构树->图论 (via filename) | 含 main | 代码内 URL×2 | 判定: runnable_template,high,https://www.luogu.com.cn/problem/AT_agc002_d,,true,dc76b182c3ea1b73dc4346e235f2c73d45245b1c7a61609a1589a28609311c8e,kruskal重构树——到达z个不同点.cpp,3804,147,15,2,0,"MAXK,MAXM,MAXH,Edge,cmp,addEdge,find,kruskalRebuild","kruskal重构树,到达z个不同点,cpp,kruskal重构树——到达z个不同点"
templates/kruskal重构树/kruskal重构树——可持久化线段树.cpp,templates/图论/kruskal重构树/kruskal重构树——可持久化线段树.cpp,kruskal重构树,图论,kruskal重构树,runnable_template,关键词命中: kruskal重构树->图论 (via filename) | 含 main | 代码内 URL×1 | 判定: runnable_template,high,https://www.luogu.com.cn/problem/P7834,,true,f5019c7a2796302a98b9d1331a88975b9dc5992d9c8276d36b194aa1f4d8b390,kruskal重构树——可持久化线段树.cpp,6567,246,15,1,0,"MAXN,MAXK,MAXM,MAXT,MAXH,Edge,cmp,kth","kruskal重构树,可持久化线段树,cpp,kruskal重构树——可持久化线段树"
templates/kruskal重构树/kruskal重构树——最大树.cpp,templates/图论/kruskal重构树/kruskal重构树——最大树.cpp,kruskal重构树,图论,kruskal重构树,runnable_template,关键词命中: kruskal重构树->图论 (via filename) | 含 main | 代码内 URL×1 | 判定: runnable_template,high,https://www.luogu.com.cn/problem/P9638,,true,fde4aed94900bdad93847b92cf1897d3f36ab843d69edaaf6e738591bd9352fb,kruskal重构树——最大树.cpp,4245,142,11,1,0,"MAXK,MAXM,MAXH,Edge,cmp,find,addEdge,kruskalRebuild","kruskal重构树,最大树,cpp,kruskal重构树——最大树"
templates/kruskal重构树/kruskal重构树——最小生成树.cpp,templates/图论/kruskal重构树/kruskal重构树——最小生成树.cpp,kruskal重构树,图论,kruskal重构树,application,关键词命中: kruskal重构树->图论 (via filename) | 含 main | 代码内 URL×1 | 判定: application,high,https://www.luogu.com.cn/problem/P3665,,true,e5187416f514bba46807226e63a58ebda80476edfee80c53c89ef80c69fcb95a,kruskal重构树——最小生成树.cpp,4954,148,18,1,0,"MAXN,node,read,find,main","kruskal重构树,最小生成树,cpp,kruskal重构树——最小生成树"
templates/kruskal重构树/kruskal重构树——模板.cpp,templates/图论/kruskal重构树/kruskal重构树——模板.cpp,kruskal重构树,图论,kruskal重构树,runnable_template,关键词命中: kruskal重构树->图论 (via filename) | 含 main | 代码内 URL×1 | 判定: runnable_template,high,https://www.luogu.com.cn/problem/P2245,,true,4b0fa7f82fd7d891b8f38720a3dab192b082af53ca250323bcf0a82b1053ef48,kruskal重构树——模板.cpp,3585,139,11,1,0,"MAXK,MAXM,MAXH,Edge,cmp,find,addEdge,kruskalRebuild","kruskal重构树,模板,cpp,kruskal重构树——模板"
templates/kruskal重构树/kruskal重构树——线段树.cpp,templates/图论/kruskal重构树/kruskal重构树——线段树.cpp,kruskal重构树,图论,kruskal重构树,runnable_template,关键词命中: kruskal重构树->图论 (via filename) | 含 main | 代码内 URL×2 | 判定: runnable_template,high,https://www.luogu.com.cn/problem/CF1416D,,true,db0f99501e0b3ded333c983fdaeea67eb77105b36de810ca75cddb085aa3de21,kruskal重构树——线段树.cpp,6767,249,19,2,0,"MAXN,MAXK,MAXM,MAXQ,MAXH,Edge,cmp,prepare","kruskal重构树,线段树,cpp,kruskal重构树——线段树"
templates/kruskal重构树/kruskal重构树——结合dijkstra.cpp,templates/图论/kruskal重构树/kruskal重构树——结合dijkstra.cpp,kruskal重构树,图论,kruskal重构树,application,关键词命中: kruskal重构树->图论 (via filename) | 含 main | 代码内 URL×1 | 判定: application,high,https://www.luogu.com.cn/problem/P4768,,true,abeaa45be12730861be2d9769bbdcd62efa9fc911131860c730d2cddd5cf6f12,kruskal重构树——结合dijkstra.cpp,6022,213,19,1,0,"MAXN,MAXK,MAXM,MAXH,INF,Edge,EdgeCmp,HeapNode","kruskal重构树,结合dijkstra,cpp,kruskal重构树——结合dijkstra"
templates/Manacher/Manacher算法——划分子串.cpp,templates/字符串/Manacher算法/Manacher算法——划分子串.cpp,Manacher,字符串,Manacher算法,runnable_template,关键词命中: Manacher->字符串 (via filename) | 含 main | 代码内 URL×1 | 判定: runnable_template,high,https://leetcode.cn/problems/maximum-number-of-non-overlapping-palindrome-substrings/,,true,62463d2cf3c89ea3e14bd5d84e7f5d96ea84049d8024212e9ad2b7aeb9809a2d,Manacher算法——划分子串.cpp,2062,61,8,1,0,"MAXN,manacherss,find,main","Manacher算法,划分子串,cpp,Manacher算法——划分子串"
templates/Manacher/Manacher算法——前k乘积.cpp,templates/字符串/Manacher算法/Manacher算法——前k乘积.cpp,Manacher,字符串,Manacher算法,runnable_template,关键词命中: Manacher->字符串 (via filename) | 含 main | 代码内 URL×1 | 判定: runnable_template,high,https://www.luogu.com.cn/problem/P1659,,true,35e7313b2a8f25761ab9703b05dd52aec8bbf1988f0561f4b840f97b561ecdfe,Manacher算法——前k乘积.cpp,2426,85,9,1,0,"MOD,MAXN,manacherss,manacher,power,main","Manacher算法,前k乘积,cpp,Manacher算法——前k乘积"
templates/Manacher/Manacher算法——双回文子串.cpp,templates/字符串/Manacher算法/Manacher算法——双回文子串.cpp,Manacher,字符串,Manacher算法,runnable_template,关键词命中: Manacher->字符串 (via filename) | 含 main | 代码内 URL×1 | 判定: runnable_template,high,https://www.luogu.com.cn/problem/P4555,,true,51dafb13528425de66ea0a18affa4828e3b1fd7b2d1131e1c61df0c4704fc472,Manacher算法——双回文子串.cpp,2230,70,10,1,0,"MAXN,manacherss,manacher,main","Manacher算法,双回文子串,cpp,Manacher算法——双回文子串"
templates/Manacher/Manacher算法——反演.cpp,templates/字符串/Manacher算法/Manacher算法——反演.cpp,Manacher,字符串,Manacher算法,runnable_template,关键词命中: Manacher->字符串 (via filename) | 含 main | 代码内 URL×1 | 判定: runnable_template,high,https://www.luogu.com.cn/problem/P3279,,true,704c87b9287aa9eb419eddfd2dc7309419d6e7bdff0d9ba61404233e94001599,Manacher算法——反演.cpp,2885,120,4,1,0,"MAXN,addedge,find,un,main","Manacher算法,反演,cpp,Manacher算法——反演"
templates/Manacher/Manacher算法——回文串数量.cpp,templates/字符串/Manacher算法/Manacher算法——回文串数量.cpp,Manacher,字符串,Manacher算法,runnable_template,关键词命中: Manacher->字符串 (via filename) | 含 main | 代码内 URL×1 | 判定: runnable_template,high,https://www.luogu.com.cn/problem/P4287,,true,d0929e7421a27c99950e3d2c2cc28af6e6109abb20374a406ed017975fba961e,Manacher算法——回文串数量.cpp,1938,71,6,1,0,"MAXN,manacherss,manacher,main","Manacher算法,回文串数量,cpp,Manacher算法——回文串数量"
templates/Manacher/Manacher算法——异或运算.cpp,templates/字符串/Manacher算法/Manacher算法——异或运算.cpp,Manacher,字符串,Manacher算法,pure_template,关键词命中: Manacher->字符串 (via filename) | 判定: pure_template,high,,,false,762c1c0b9b5046b66c0acc395fff3ce9ab3013e5d6ba565aab9eef0e4e67f1fb,Manacher算法——异或运算.cpp,1619,56,3,0,0,"MAXN,manacherss,manacher,main","Manacher算法,异或运算,cpp,Manacher算法——异或运算"
templates/Manacher/Manacher算法——模板.cpp,templates/字符串/Manacher算法/Manacher算法——模板.cpp,Manacher,字符串,Manacher算法,runnable_template,关键词命中: Manacher->字符串 (via filename) | 含 main | 代码内 URL×1 | 判定: runnable_template,high,https://www.luogu.com.cn/problem/P3805,,true,b00d1d85d4b7eeca4fae04eb6ce8c9aa54025c5e8c282b1729283d2d01748152,Manacher算法——模板.cpp,1956,55,6,1,0,"MAXN,manacherss,manacher,main","Manacher算法,模板,cpp,Manacher算法——模板"
templates/Manacher/回文自动机——fail指针.cpp,templates/字符串/回文自动机/回文自动机——fail指针.cpp,Manacher,字符串,回文自动机,runnable_template,关键词命中: Manacher->字符串 (via directory) | 含 main | 代码内 URL×1 | 判定: runnable_template,medium,https://www.luogu.com.cn/problem/P3649,,true,5a13d84291f0b9e440e8187442bd301023070fc3c9276032a0049d5c1ffb3a9a,回文自动机——fail指针.cpp,2393,83,7,1,0,"MAXN,init,getfail,insert,main","回文自动机,fail指针,cpp,回文自动机——fail指针"
templates/Manacher/回文自动机——模板.cpp,templates/字符串/回文自动机/回文自动机——模板.cpp,Manacher,字符串,回文自动机,application,关键词命中: 字符串->字符串 (via head) | 含 main | 代码内 URL×1 | 判定: application,medium,https://www.luogu.com.cn/problem/P5496,,true,8264bd7175fa30c611965e80ef90178a34cde8fa6bc3a42be678bd6f82c6fc96,回文自动机——模板.cpp,2801,91,6,1,0,"MAXN,init,getfail,insert,main","回文自动机,模板,cpp,回文自动机——模板"
templates/tarjan/tarjan——LCA应用.cpp,templates/树上算法/LCA/tarjan——LCA应用.cpp,tarjan,树上算法,LCA,application,关键词命中: LCA->树上算法 (via filename) | 含 main | 代码内 URL×1 | 判定: application,high,https://www.luogu.com.cn/problem/P7103,,true,3325ea59951fa2b719b44b2e4e89fdae4962c4ad6eb37b9fb59b7cad0a72eeb3,tarjan——LCA应用.cpp,1729,72,6,1,0,"MAXN,read,addedge,find,dfs,main","tarjan,LCA应用,cpp,tarjan——LCA应用"
templates/tarjan/tarjan——LCA模板.cpp,templates/树上算法/LCA/tarjan——LCA模板.cpp,tarjan,树上算法,LCA,runnable_template,关键词命中: LCA->树上算法 (via filename) | 含 main | 代码内 URL×1 | 判定: runnable_template,high,https://www.luogu.com.cn/problem/P3379,,true,6bae42a115ba7718fcbcc02c6a0e48a383e98fab760ce35419bd6d5da82c2681,tarjan——LCA模板.cpp,2793,108,9,1,0,"MAXN,LIMIT,build,Find,tarjan,main","tarjan,LCA模板,cpp,tarjan——LCA模板"
templates/tarjan/tarjan——割点模板.cpp,templates/图论/tarjan/tarjan——割点模板.cpp,tarjan,图论,tarjan,runnable_template,关键词命中: tarjan->图论 (via filename) | 含 main | 代码内 URL×1 | 判定: runnable_template,high,https://www.luogu.com.cn/problem/P3388,,true,5c013318b9f29a8e202ff47ebdc2b1dd3a966e09be38fd39de67954ffae5e522,tarjan——割点模板.cpp,2655,78,8,1,0,"MAXN,tarjan,main","tarjan,割点模板,cpp,tarjan——割点模板"
templates/tarjan/tarjan——并查集.cpp,templates/基础算法/并查集/tarjan——并查集.cpp,tarjan,基础算法,并查集,application,关键词命中: 并查集->基础算法 (via filename) | 含 main | 代码内 URL×1 | 判定: application,high,https://www.luogu.com.cn/problem/P10875,,true,4adc64f2e169395f4834f37fc0448df3949de81b74cb0523f6d95e99ba395abf,tarjan——并查集.cpp,5058,200,10,1,0,"MAXN,LIMIT,node,read,addedge,find,dfs,lca","tarjan,并查集,cpp,tarjan——并查集"
templates/tarjan/tarjan——桥模板.cpp,templates/图论/tarjan/tarjan——桥模板.cpp,tarjan,图论,tarjan,runnable_template,关键词命中: tarjan->图论 (via filename) | 含 main | 代码内 URL×1 | 判定: runnable_template,high,https://www.luogu.com.cn/problem/P1656,,true,4396b952e2f5b0b1c7149ef1c755c133ba6c7db84299f0ab54a8da608564d6a7,tarjan——桥模板.cpp,1647,69,4,1,0,"MAXN,MAXM,addedge,tarjan,main","tarjan,桥模板,cpp,tarjan——桥模板"
templates/tarjan/tarjan——点双连通分量.cpp,templates/图论/tarjan/tarjan——点双连通分量.cpp,tarjan,图论,tarjan,runnable_template,关键词命中: tarjan->图论 (via filename) | 含 main | 代码内 URL×1 | 判定: runnable_template,high,https://www.luogu.com.cn/problem/P8435,,true,4799d81ca4c8e6efa7a783c4073c3486af14f2e4ef0ff0566d761f22b14988c4,tarjan——点双连通分量.cpp,3400,104,1,1,0,"MAXN,MAXM,read,addedge,tarjan,main","tarjan,点双连通分量,cpp,tarjan——点双连通分量"
templates/tarjan/tarjan——线段树优化建边.cpp,templates/数据结构/线段树/tarjan——线段树优化建边.cpp,tarjan,数据结构,线段树,runnable_template,关键词命中: 线段树->数据结构 (via filename) | 含 main | 代码内 URL×1 | 判定: runnable_template,high,https://www.luogu.com.cn/problem/P5025,,true,7349d8396c730c5cd3c1764cae897da9195340420db7c036c34e7e7ba7dce69c,tarjan——线段树优化建边.cpp,7440,217,1,1,0,"MAXN,MAXM,MOD,Node,find_left,find_right,build,connect","tarjan,线段树优化建边,cpp,tarjan——线段树优化建边"
templates/tarjan/tarjan——缩点.cpp,templates/图论/tarjan/tarjan——缩点.cpp,tarjan,图论,tarjan,runnable_template,关键词命中: tarjan->图论 (via filename) | 含 main | 代码内 URL×1 | 判定: runnable_template,high,https://www.luogu.com.cn/problem/P2746,,true,97e7f69f45875c08fe0a18ee3b23192e19bb558eed5097dbab6ee5b86a935b2c,tarjan——缩点.cpp,2626,96,3,1,0,"MAXN,tarjan,main","tarjan,缩点,cpp,tarjan——缩点"
templates/tarjan/tarjan——边双缩点.cpp,templates/图论/tarjan/tarjan——边双缩点.cpp,tarjan,图论,tarjan,runnable_template,关键词命中: tarjan->图论 (via filename) | 含 main | 代码内 URL×1 | 判定: runnable_template,high,https://www.luogu.com.cn/problem/P10953,,true,e2e948ac0954665c208baabd2603f95c638b002f6e661c02fdd651563333802a,tarjan——边双缩点.cpp,3499,175,2,1,0,"MAXN,MAXM,LIMIT,read,addedge,Addedge,tarjan,dfs","tarjan,边双缩点,cpp,tarjan——边双缩点"
templates/tarjan/tarjan——边双缩点模板.cpp,templates/图论/tarjan/tarjan——边双缩点模板.cpp,tarjan,图论,tarjan,pure_template,关键词命中: tarjan->图论 (via filename) | 代码内 URL×1 | 判定: pure_template,high,https://www.luogu.com.cn/problem/P18867,,false,17d488f3e72d910b739e131d7635f09d6b3eb16785f5e72822dd131c69e85cca,tarjan——边双缩点模板.cpp,4694,178,2,1,0,"MAXN,MAXM,MOD,read,addedge,Addedge,tarjan,dfs1","tarjan,边双缩点模板,cpp,tarjan——边双缩点模板"
templates/tarjan/tarjan——边双连通分量.cpp,templates/图论/tarjan/tarjan——边双连通分量.cpp,tarjan,图论,tarjan,runnable_template,关键词命中: tarjan->图论 (via filename) | 含 main | 代码内 URL×1 | 判定: runnable_template,high,https://www.luogu.com.cn/problem/P8436,,true,5f5c6a6a065cb158a07b6f6a2d6d367aac182aff86fdc421ec99f1a2e02e9cc4,tarjan——边双连通分量.cpp,3328,102,1,1,0,"MAXN,MAXM,read,addedge,tarjan,main","tarjan,边双连通分量,cpp,tarjan——边双连通分量"
templates/tarjan/圆方树——模板.cpp,templates/图论/圆方树/圆方树——模板.cpp,tarjan,图论,圆方树,runnable_template,关键词命中: 最短路->图论 (via head) | 含 main | 代码内 URL×1 | 判定: runnable_template,medium,https://www.luogu.com.cn/problem/P4320,,true,54e95b35e1f7542683df9c0f6b01ea495caa8de4ab407bc2c10b84df70359001,圆方树——模板.cpp,3238,158,4,1,0,"MAXN,MAXM,MAXH,read,addedgeg,addedge,tarjan,dfs","圆方树,模板,cpp,圆方树——模板"
templates/tarjan/强连通分量/强连通分量——出入度.cpp,templates/图论/强连通分量/强连通分量——出入度.cpp,tarjan,图论,强连通分量,runnable_template,关键词命中: 强连通->图论 (via filename) | 含 main | 代码内 URL×1 | 判定: runnable_template,high,https://www.luogu.com.cn/problem/P2341,,true,39af913025d88297d301517757cedb509cd8ee9422a10e424f55577aefe685b2,强连通分量——出入度.cpp,2330,104,10,1,0,"MAXN,MAXM,addEdge,tarjan,main","强连通分量,出入度,cpp,强连通分量——出入度"
templates/tarjan/强连通分量/强连通分量——动态规划.cpp,templates/动态规划/强连通分量/强连通分量——动态规划.cpp,tarjan,动态规划,强连通分量,runnable_template,关键词命中: 动态规划->动态规划 (via filename) | 含 main | 代码内 URL×1 | 判定: runnable_template,high,https://www.luogu.com.cn/problem/P3387,,true,ef279ece40b9887430d51de0ff6a981ec57a8cce1e38ca6023e2ad326c72571d,强连通分量——动态规划.cpp,3274,152,9,1,0,"MAXN,MAXM,addEdge,tarjan,condense,topo,dpOnDAG,main","强连通分量,动态规划,cpp,强连通分量——动态规划"
templates/tarjan/强连通分量/强连通分量——模板.cpp,templates/图论/强连通分量/强连通分量——模板.cpp,tarjan,图论,强连通分量,runnable_template,关键词命中: 强连通->图论 (via filename) | 含 main | 代码内 URL×1 | 判定: runnable_template,high,https://www.luogu.com.cn/problem/B3609,,true,6beb38dff9aa849c4d63bf79da6d6b20a4de6a6a2a7273c59cc18813ac70cc50,强连通分量——模板.cpp,2537,103,11,1,0,"MAXN,MAXM,addEdge,tarjan,main","强连通分量,模板,cpp,强连通分量——模板"
templates/tarjan/点双/割点——应用.cpp,templates/图论/割点/割点——应用.cpp,tarjan,图论,割点,application,关键词命中: 割点->图论 (via filename) | 含 main | 代码内 URL×1 | 判定: application,high,https://www.luogu.com.cn/problem/P5058,,true,f899206d45a2459bad0c4bbec0808f61039c1b2446876bd2d712b6b38250936c,割点——应用.cpp,2361,85,17,1,0,"MAXN,MAXM,addEdge,tarjan,main","割点,应用,cpp,割点——应用"
templates/tarjan/点双/割点——模板.cpp,templates/图论/割点/割点——模板.cpp,tarjan,图论,割点,runnable_template,关键词命中: 割点->图论 (via filename) | 含 main | 代码内 URL×1 | 判定: runnable_template,high,https://www.luogu.com.cn/problem/P3388,,true,b940ee4858b8da7b43c673a3de70881ba763491fc7d8fe0bbeddb5d259eaeb51,割点——模板.cpp,1925,83,8,1,0,"MAXN,MAXM,addEdge,tarjan,main","割点,模板,cpp,割点——模板"
templates/tarjan/点双/圆方树——模板.cpp,templates/图论/圆方树/圆方树——模板.cpp,tarjan,图论,圆方树,runnable_template,关键词命中: tarjan->图论 (via directory) | 含 main | 代码内 URL×1 | 判定: runnable_template,medium,https://www.luogu.com.cn/problem/P4320,,true,ea1445b2ddeb6eda082d7358c5c8ed9c6f85ea1209af9bcd40d234ef064a03ed,圆方树——模板.cpp,3087,136,11,1,0,"MAXN,MAXM,MAXP,addEdge1,addEdge2,tarjan,dfs,getLca","圆方树,模板,cpp,圆方树——模板"
templates/tarjan/点双/圆方树——虚树.cpp,templates/树上算法/圆方树/圆方树——虚树.cpp,tarjan,树上算法,圆方树,runnable_template,关键词命中: 虚树->树上算法 (via filename) | 含 main | 代码内 URL×1 | 判定: runnable_template,high,https://www.luogu.com.cn/problem/P4606,,true,2acc08df5319427827315858f404065bf4aed86a8b840cd544be7725b45f7f71,圆方树——虚树.cpp,4121,169,11,1,0,"MAXN,MAXM,MAXP,addEdge1,addEdge2,tarjan,dfs,getLca","圆方树,虚树,cpp,圆方树——虚树"
templates/tarjan/点双/圆方树——重链剖分.cpp,templates/图论/圆方树/圆方树——重链剖分.cpp,tarjan,图论,圆方树,runnable_template,关键词命中: tarjan->图论 (via directory) | 含 main | 代码内 URL×1 | 判定: runnable_template,medium,https://www.luogu.com.cn/problem/P4334,,true,004080db7bba704c4e9d230784037240b30fdf125472a8321f116d3c34ae3744,圆方树——重链剖分.cpp,4215,179,11,1,0,"MAXN,MAXM,addEdge1,addEdge2,addCut,getCut,tarjan,dfs1","圆方树,重链剖分,cpp,圆方树——重链剖分"
templates/tarjan/点双/点双——圆桌.cpp,templates/图论/点双/点双——圆桌.cpp,tarjan,图论,点双,runnable_template,关键词命中: tarjan->图论 (via directory) | 含 main | 代码内 URL×2 | 判定: runnable_template,medium,https://www.luogu.com.cn/problem/SP2878,,true,d4ed18a7ce1fa368f6bd9c1562fc3384910a00bcbbb8ba0f543e5265d1f8691b,点双——圆桌.cpp,3790,152,11,2,0,"MAXN,MAXM,prepare,addEdge,tarjan,oddLoop,compute,main","点双,圆桌,cpp,点双——圆桌"
templates/tarjan/点双/点双——模板.cpp,templates/图论/点双/点双——模板.cpp,tarjan,图论,点双,runnable_template,关键词命中: tarjan->图论 (via directory) | 含 main | 代码内 URL×1 | 判定: runnable_template,medium,https://www.luogu.com.cn/problem/P8435,,true,136f907bb1ce872853a32aa15920bb4e55443a35ad3ebf3699a317e04507d4e3,点双——模板.cpp,2618,105,11,1,0,"MAXN,MAXM,addEdge,tarjan,main","点双,模板,cpp,点双——模板"
templates/tarjan/边双/temp.cpp,templates/图论/tarjan/temp.cpp,tarjan,图论,tarjan,runnable_template,关键词命中: tarjan->图论 (via directory) | 含 main | 代码内 URL×2 | 判定: runnable_template,medium,https://www.luogu.com.cn/problem/CF555E,,true,e3260fda0a8ae3f85fedc6cf1bcac8aaba2faa709a58ac3f74b2dc680a346f23,temp.cpp,4344,189,10,2,0,"MAXN,MAXM,MAXP,addEdge,tarjan,condense,dfs,getLca","temp,cpp"
templates/tarjan/边双/割边——应用.cpp,templates/图论/割边/割边——应用.cpp,tarjan,图论,割边,application,关键词命中: tarjan->图论 (via directory) | 含 main | 代码内 URL×2 | 判定: application,medium,https://www.luogu.com.cn/problem/CF118E,,true,fb0b80e22df7a385d5f1749a5a89489e197dd004652e5840bffdca87bef2f1d9,割边——应用.cpp,2093,85,11,2,0,"MAXN,MAXM,addEdge,tarjan,main","割边,应用,cpp,割边——应用"
templates/tarjan/边双/割边——模板.cpp,templates/图论/割边/割边——模板.cpp,tarjan,图论,割边,runnable_template,关键词命中: tarjan->图论 (via directory) | 含 main | 代码内 URL×1 | 判定: runnable_template,medium,https://www.luogu.com.cn/problem/U582665,,true,4820e9277f6129afb697ce3f3a04708574b7823be1cb6e212d2060a9e3f8901a,割边——模板.cpp,2201,87,10,1,0,"MAXN,MAXM,addEdge,tarjan,main","割边,模板,cpp,割边——模板"
templates/tarjan/边双/边双——trail.cpp,templates/图论/边双/边双——trail.cpp,tarjan,图论,边双,runnable_template,关键词命中: tarjan->图论 (via directory) | 含 main | 代码内 URL×2 | 判定: runnable_template,medium,https://www.luogu.com.cn/problem/CF652E,,true,4ffcdf8d5ec7dcea2892195c421207105b7f67af3ebe209d71765c1a89dc11ca,边双——trail.cpp,3208,131,12,2,0,"MAXN,MAXM,addEdge,tarjan,condense,check,main","边双,trail,cpp,边双——trail"
templates/tarjan/边双/边双——并查集.cpp,templates/基础算法/边双/边双——并查集.cpp,tarjan,基础算法,边双,runnable_template,关键词命中: 并查集->基础算法 (via filename) | 含 main | 代码内 URL×2 | 判定: runnable_template,high,https://acm.hdu.edu.cn/showproblem.php?pid=2460,,true,23cde989fb61413d1710e270b16e50a7ea6df8a1f18762e07c32ecd14a641a12,边双——并查集.cpp,3458,167,9,2,0,"MAXN,MAXM,prepare,addEdge,tarjan,condense,dfs,find","边双,并查集,cpp,边双——并查集"
templates/tarjan/边双/边双——树的直径.cpp,templates/树上算法/边双/边双——树的直径.cpp,tarjan,树上算法,边双,runnable_template,关键词命中: 树的直径->树上算法 (via filename) | 含 main | 代码内 URL×1 | 判定: runnable_template,high,https://www.luogu.com.cn/problem/P5234,,true,72549dfd73bf190f1af3b5f863ddfddeffa224fdcda08234fe1cfc7ee207e529,边双——树的直径.cpp,4526,155,23,1,0,"MAXN,MAXM,addEdge,tarjan,condense,dpOnTree,check,compute","边双,树的直径,cpp,边双——树的直径"
templates/tarjan/边双/边双——模板.cpp,templates/图论/边双/边双——模板.cpp,tarjan,图论,边双,runnable_template,关键词命中: tarjan->图论 (via directory) | 含 main | 代码内 URL×1 | 判定: runnable_template,medium,https://www.luogu.com.cn/problem/P8436,,true,09097e41b5591987c3259a1ff1a3c4ee398b272be46557842f1f399dc760b186,边双——模板.cpp,2418,99,11,1,0,"MAXN,MAXM,addEdge,tarjan,main","边双,模板,cpp,边双——模板"
templates/tarjan/边双/边双——边差分.cpp,templates/基础算法/边双/边双——边差分.cpp,tarjan,基础算法,边双,runnable_template,关键词命中: 差分->基础算法 (via filename) | 含 main | 代码内 URL×2 | 判定: runnable_template,high,https://www.luogu.com.cn/problem/CF555E,,true,e3260fda0a8ae3f85fedc6cf1bcac8aaba2faa709a58ac3f74b2dc680a346f23,边双——边差分.cpp,4344,189,10,2,0,"MAXN,MAXM,MAXP,addEdge,tarjan,condense,dfs,getLca","边双,边差分,cpp,边双——边差分"
templates/twosat/twosat——前缀优化建图.cpp,templates/图论/twosat/twosat——前缀优化建图.cpp,twosat,图论,twosat,runnable_template,关键词命中: twosat->图论 (via filename) | 含 main | 代码内 URL×1 | 判定: runnable_template,high,https://www.luogu.com.cn/problem/CF1215F,,true,a54e2831dacfd0b9c68f7a861207b8d550ddb49b559ddad1615c3404a69f353e,twosat——前缀优化建图.cpp,3705,162,2,1,0,"MAXN,MAXM,read,addedge,yes,no,tarjan,compute","twosat,前缀优化建图,cpp,twosat——前缀优化建图"
templates/twosat/twosat——模板.cpp,templates/图论/twosat/twosat——模板.cpp,twosat,图论,twosat,runnable_template,关键词命中: twosat->图论 (via filename) | 含 main | 代码内 URL×1 | 判定: runnable_template,high,https://acm.hdu.edu.cn/showproblem.php?pid=3062,,true,c879d2b915e4c05d2fa323b561904cc8869fbe99f32e414c6cbcb8142470ce9c,twosat——模板.cpp,2471,100,2,1,0,"MAXN,MAXM,init,addedge,tarjan,main","twosat,模板,cpp,twosat——模板"
templates/twosat/twosat——经典.cpp,templates/图论/twosat/twosat——经典.cpp,twosat,图论,twosat,application,关键词命中: twosat->图论 (via filename) | 含 main | 代码内 URL×1 | 判定: application,high,https://www.luogu.com.cn/problem/P6378,,true,fc40fb7c6cd5cb63f57001ad4da42a4d9c2309a5ccab84d65eb1fd07c6880f7d,twosat——经典.cpp,3563,130,15,1,0,"MAXN,MAXM,read,addedge,tarjan,main","twosat,经典,cpp,twosat——经典"
templates/twosat/twosat——输出方案.cpp,templates/图论/twosat/twosat——输出方案.cpp,twosat,图论,twosat,runnable_template,关键词命中: twosat->图论 (via filename) | 含 main | 代码内 URL×1 | 判定: runnable_template,high,http://poj.org/problem?id=3683,,true,93022930c98f33f4d0f5e8b77798c1b8fdd474b9270a601d89b8bc78581ea81d,twosat——输出方案.cpp,3283,116,1,1,0,"MAXN,MAXM,addedge,tarjan,main,s1","twosat,输出方案,cpp,twosat——输出方案"
templates/twosat/twosat——输出方案模板.cpp,templates/图论/twosat/twosat——输出方案模板.cpp,twosat,图论,twosat,runnable_template,关键词命中: twosat->图论 (via filename) | 含 main | 代码内 URL×1 | 判定: runnable_template,high,https://www.luogu.com.cn/problem/P5782,,true,92c292de81a77d300c1c4eb5f233540c74ee76b5bda2d35650e99995583e55d6,twosat——输出方案模板.cpp,3363,121,2,1,0,"MAXN,read,addedge,tarjan,main","twosat,输出方案模板,cpp,twosat——输出方案模板"
templates/twosat/twosat——输出方案模板2.cpp,templates/图论/twosat/twosat——输出方案模板2.cpp,twosat,图论,twosat,runnable_template,关键词命中: twosat->图论 (via filename) | 含 main | 判定: runnable_template,high,,,true,0a1098dc226078613716be4e2cef2f1d7c32a7fbd7de7705789e6c1a34b55e69,twosat——输出方案模板2.cpp,2059,97,1,0,0,"MAXN,MAXM,read,addedge,tarjan,main","twosat,输出方案模板2,cpp,twosat——输出方案模板2"
templates/二分图/二分图——HK算法.cpp,templates/图论/二分图/二分图——HK算法.cpp,二分图,图论,二分图,runnable_template,关键词命中: 二分图->图论 (via filename) | 含 main | 代码内 URL×1 | 判定: runnable_template,high,https://www.luogu.com.cn/problem/P3386,,true,98e61cb0c0513ae0614b770b600fa62b9eea283f1327c2d36edd4d7f84d11644,二分图——HK算法.cpp,2526,124,6,1,0,"MAXN,MAXM,INF,read,addedge,bfs,dfs,HK","二分图,HK算法,cpp,二分图——HK算法"
templates/二分图/二分图——匈牙利算法.cpp,templates/图论/二分图/二分图——匈牙利算法.cpp,二分图,图论,二分图,runnable_template,关键词命中: 二分图->图论 (via filename) | 含 main | 代码内 URL×1 | 判定: runnable_template,high,https://www.luogu.com.cn/problem/P3386,,true,feea60fdf53ff615511c2a81708c8a301481f4f9b4244198c7238a0c088f6d35,二分图——匈牙利算法.cpp,1557,64,3,1,0,"MAXN,MAXM,addedge,dfs,main","二分图,匈牙利算法,cpp,二分图——匈牙利算法"
templates/二分图/二分图——最大匹配.cpp,templates/图论/二分图/二分图——最大匹配.cpp,二分图,图论,二分图,runnable_template,关键词命中: 二分图->图论 (via filename) | 含 main | 判定: runnable_template,high,,,true,43ce21fb5bb80842603a5d9766af404c95a434fd118cd1510498bd3b9c49b892,二分图——最大匹配.cpp,1859,77,0,0,0,"MAXN,MAXM,bfs,dfs,hopcroft_karp,main","二分图,最大匹配,cpp,二分图——最大匹配"
templates/二分图/匈牙利算法.cpp,templates/图论/二分图/匈牙利算法.cpp,二分图,图论,二分图,runnable_template,关键词命中: 二分图->图论 (via directory) | 含 main | 判定: runnable_template,medium,,,true,b0eb59776c639b5fc2af385b3146918b04cf2349706e82aa9a7bdc0369b44f9f,匈牙利算法.cpp,1391,64,0,0,0,"match,Hungarian,main","匈牙利算法,cpp"
templates/优化求LCA/优化LCA——dfn序.cpp,templates/树上算法/优化LCA/优化LCA——dfn序.cpp,优化求LCA,树上算法,优化LCA,runnable_template,关键词命中: LCA->树上算法 (via filename) | 含 main | 代码内 URL×1 | 判定: runnable_template,high,https://www.luogu.com.cn/problem/P3379,,true,b23723f70240e575546b980322c60a48f71048a2764a9bca38422b1304a50d7c,优化LCA——dfn序.cpp,2433,105,10,1,0,"MAXN,MAXP,read,addedge,getup,dfs,buildrmq,getlca","优化LCA,dfn序,cpp,优化LCA——dfn序"
templates/优化求LCA/优化LCA——欧拉序.cpp,templates/树上算法/优化LCA/优化LCA——欧拉序.cpp,优化求LCA,树上算法,优化LCA,runnable_template,关键词命中: LCA->树上算法 (via filename) | 含 main | 代码内 URL×1 | 判定: runnable_template,high,https://www.luogu.com.cn/problem/P3379,,true,b6f71af9af83e44be64f7be7738afd538d08cfde5e44515cdeb5fa5e6de2e3cf,优化LCA——欧拉序.cpp,2534,103,11,1,0,"MAXN,MAXP,read,addedge,getup,dfs,buildrmq,getlca","优化LCA,欧拉序,cpp,优化LCA——欧拉序"
templates/倍增st表/倍增和st表——前缀差分.cpp,templates/基础算法/倍增和st表/倍增和st表——前缀差分.cpp,倍增st表,基础算法,倍增和st表,runnable_template,关键词命中: 倍增->基础算法 (via filename) | 含 main | 代码内 URL×1 | 判定: runnable_template,high,https://www.luogu.com.cn/problem/P9019,,true,ab6cc287bb9fafe8b1443ac18fd943ecb38dc5d80a69aff0429a3fe7e700516e,倍增和st表——前缀差分.cpp,4015,115,16,1,0,"MAXN,MAXH,query,main","倍增和st表,前缀差分,cpp,倍增和st表——前缀差分"
templates/倍增st表/倍增和st表——基础.cpp,templates/基础算法/倍增和st表/倍增和st表——基础.cpp,倍增st表,基础算法,倍增和st表,example,关键词命中: 倍增->基础算法 (via filename) | 含 main | 判定: example,high,,,true,a5a14ce79fb8f3e67b1703f9226dbf4497d3c204c22a014d764ce8481a9dd4da,倍增和st表——基础.cpp,1250,50,3,0,0,"show,show1,show2,main","倍增和st表,基础,cpp,倍增和st表——基础"
templates/倍增st表/倍增和st表——并查集.cpp,templates/基础算法/倍增和st表/倍增和st表——并查集.cpp,倍增st表,基础算法,倍增和st表,runnable_template,关键词命中: 倍增->基础算法 (via filename) | 含 main | 代码内 URL×1 | 判定: runnable_template,high,https://www.luogu.com.cn/problem/P3295,,true,2987b747ae87d34ef1a4aa9961924c3fd6348d5e3c15cd667e7937228768442d,倍增和st表——并查集.cpp,2173,92,7,1,0,"MAXN,MAXH,MOD,read,find,un,main","倍增和st表,并查集,cpp,倍增和st表——并查集"
templates/倍增st表/倍增和st表——最大公约数.cpp,templates/基础算法/倍增和st表/倍增和st表——最大公约数.cpp,倍增st表,基础算法,倍增和st表,runnable_template,关键词命中: 倍增->基础算法 (via filename) | 含 main | 代码内 URL×1 | 判定: runnable_template,high,https://www.luogu.com.cn/problem/P1890,,true,a56db91db6e9f6fae63ae05998fccc07b978b9b80434228377c32dcc33d7016e,倍增和st表——最大公约数.cpp,1227,52,7,1,0,"MAXN,LIMIT,gcd,build,query,main","倍增和st表,最大公约数,cpp,倍增和st表——最大公约数"
templates/倍增st表/倍增和st表——查询最值.cpp,templates/基础算法/倍增和st表/倍增和st表——查询最值.cpp,倍增st表,基础算法,倍增和st表,runnable_template,关键词命中: 倍增->基础算法 (via filename) | 含 main | 代码内 URL×1 | 判定: runnable_template,high,https://www.luogu.com.cn/problem/P2880,,true,704a7a9cd74591199ab11abe79da470ff632995608395c901a5a8c3612471514,倍增和st表——查询最值.cpp,1960,60,10,1,0,"MAXN,LIMIT,build,query,main","倍增和st表,查询最值,cpp,倍增和st表——查询最值"
templates/倍增st表/倍增和st表——模板.cpp,templates/基础算法/倍增和st表/倍增和st表——模板.cpp,倍增st表,基础算法,倍增和st表,runnable_template,关键词命中: 倍增->基础算法 (via filename) | 含 main | 代码内 URL×1 | 判定: runnable_template,high,https://www.luogu.com.cn/problem/P4155,,true,d093ea453028940d6474da44b85633d96d3035dee212c1257a12a7f31a39e7ed,倍增和st表——模板.cpp,4215,129,14,1,0,"MAXN,LIMIT,flag,read,cmp,log2,build,jump","倍增和st表,模板,cpp,倍增和st表——模板"
templates/其他/dfn序——综合应用.cpp,templates/搜索/dfn序/dfn序——综合应用.cpp,其他,搜索,dfn序,application,关键词命中: DFS->搜索 (via head) | 含 main | 判定: application,medium,,,true,61a4b10739da9ea6d8bdc04ad61630a6c6ef8c247fc28b3f6809aa49cfd05ea4,dfn序——综合应用.cpp,3023,137,7,0,0,"MAXN,build,addlazy,down,Add,query,read,addedge","dfn序,综合应用,cpp,dfn序——综合应用"
templates/其他/KM算法——指派问题.cpp,templates/图论/KM算法/KM算法——指派问题.cpp,其他,图论,KM算法,runnable_template,关键词命中: KM算法->图论 (via filename) | 含 main | 判定: runnable_template,high,,,true,215699eb03035d52488da6b50cd20cf1078cd6345e8bc31dacb1df072c469d4a,KM算法——指派问题.cpp,3812,115,0,0,0,"INF,dfs,updateLabels,hungarian,main,a","KM算法,指派问题,cpp,KM算法——指派问题"
templates/其他/LCA——三节点.cpp,templates/树上算法/LCA/LCA——三节点.cpp,其他,树上算法,LCA,runnable_template,关键词命中: LCA->树上算法 (via filename) | 含 main | 判定: runnable_template,high,,,true,8768ec51bf3b6640ec5a6b597ff5874ee85f63c202fe68aea7d8622731898282,LCA——三节点.cpp,4327,185,0,0,0,"MAXN,LIMIT,dfs,lca,compute,main","LCA,三节点,cpp,LCA——三节点"
templates/其他/ODT树——应用.cpp,templates/数据结构/ODT树/ODT树——应用.cpp,其他,数据结构,ODT树,application,关键词命中: ODT->数据结构 (via filename) | 含 main | 判定: application,high,,,true,942939ae7622f27b1d828319969c76495a2815535a77442023794c37ce8f55d2,ODT树——应用.cpp,2665,103,1,0,0,"Node,split,assign,compute,query,max,main","ODT树,应用,cpp,ODT树——应用"
templates/其他/ODT树——模板.cpp,templates/数据结构/ODT树/ODT树——模板.cpp,其他,数据结构,ODT树,pure_template,关键词命中: ODT->数据结构 (via filename) | 代码内 URL×1 | 判定: pure_template,high,https://codeforces.com/problemset/problem/896/C,,false,cb793df75210aa91ff843e9a26dccd2cca2edcc881f6bec1323a7157af12a821,ODT树——模板.cpp,4190,135,5,1,0,"Node,split,assign,add,kth,powmod,sum,main","ODT树,模板,cpp,ODT树——模板"
templates/其他/tsp结合三进制状压.cpp,templates/动态规划/状压/tsp结合三进制状压.cpp,其他,动态规划,状压,runnable_template,关键词命中: 状压->动态规划 (via filename) | 含 main | 代码内 URL×1 | 判定: runnable_template,high,https://acm.hdu.edu.cn/showproblem.php?pid=3001,,true,f0dd13cf4e44d334f7f2f6f55e0fa24fccaf4312a642341b1bbcafe914cc169c,tsp结合三进制状压.cpp,2403,97,9,1,0,"MAXN,MAXS,dfs,build,f,compute,main","tsp结合三进制状压,cpp"
templates/其他/三分——模板.cpp,templates/基础算法/三分/三分——模板.cpp,其他,基础算法,三分,application,关键词命中: 三分->基础算法 (via filename) | 含 main | 代码内 URL×1 | 判定: application,high,https://www.luogu.com.cn/problem/P1883,,true,6a78aaa158bd8687a1587ffaa4dbb957b5193c1eb072d0a388e08a72e590aa7d,三分——模板.cpp,1411,62,5,1,0,"eps,MAXN,read,compute,main","三分,模板,cpp,三分——模板"
templates/其他/二分图——染色法判断.cpp,templates/图论/二分图/二分图——染色法判断.cpp,其他,图论,二分图,runnable_template,关键词命中: 二分图->图论 (via filename) | 含 main | 判定: runnable_template,high,,,true,64b8c987a6fe8ae4f89242761476c523e809fe353e8779f3cffc967e90280c42,二分图——染色法判断.cpp,1171,65,0,0,0,"dfs,main","二分图,染色法判断,cpp,二分图——染色法判断"
templates/其他/二分法——吃香蕉.c,templates/基础算法/二分法/二分法——吃香蕉.c,其他,基础算法,二分法,runnable_template,关键词命中: 二分->基础算法 (via filename) | 含 main | 判定: runnable_template,high,,,true,b2ad1b27e5f2ff4d3b594dde2ffc36ea517d34954d602d7f23f6a535851697cd,二分法——吃香蕉.c,699,38,0,0,0,"cmp,f,main","二分法,吃香蕉,二分法——吃香蕉"
templates/其他/二分法——找到最左大于一个数的数字.c,templates/基础算法/二分法/二分法——找到最左大于一个数的数字.c,其他,基础算法,二分法,application,关键词命中: 二分->基础算法 (via filename) | 含 main | 判定: application,high,,,true,091c4b5e5f1746047990acacb613f8fe9963244ae558e8c6ebcb0d8735945caf,二分法——找到最左大于一个数的数字.c,441,25,0,0,0,main,"二分法,找到最左大于一个数的数字,二分法——找到最左大于一个数的数字"
templates/其他/二分法——找峰值.c,templates/基础算法/二分法/二分法——找峰值.c,其他,基础算法,二分法,application,关键词命中: 二分->基础算法 (via filename) | 含 main | 判定: application,high,,,true,451e3600232ac9e4354f89b965435651ec84f7c8ab52be7259fd03b54b5fe49e,二分法——找峰值.c,866,38,0,0,0,main,"二分法,找峰值,二分法——找峰值"
templates/其他/二分法——最小数对距离.c,templates/基础算法/二分法/二分法——最小数对距离.c,其他,基础算法,二分法,runnable_template,关键词命中: 二分->基础算法 (via filename) | 含 main | 判定: runnable_template,high,,,true,2ab4b52a26140fe17f0f5bd2144325fe9ecff79c6028d234ffe77b9dc678c632,二分法——最小数对距离.c,849,42,0,0,0,"cmp,f,main","二分法,最小数对距离,二分法——最小数对距离"
templates/其他/二分法——机器人跳跃.c,templates/基础算法/二分法/二分法——机器人跳跃.c,其他,基础算法,二分法,runnable_template,关键词命中: 二分->基础算法 (via filename) | 含 main | 判定: runnable_template,high,,,true,fb537e76e5953589c1f596a01bf0636dfabf3b5381d5589865d8ab150d1c27e4,二分法——机器人跳跃.c,859,46,0,0,0,"max,f,main","二分法,机器人跳跃,二分法——机器人跳跃"
templates/其他/二分法——杀死怪物.c,templates/基础算法/二分法/二分法——杀死怪物.c,其他,基础算法,二分法,runnable_template,关键词命中: 二分->基础算法 (via filename) | 含 main | 判定: runnable_template,high,,,true,50e84d41f731e43cc5dc1018baba5946a7db997732eba6489062a63741712cf4,二分法——杀死怪物.c,1064,40,0,0,0,"f,fast2,main","二分法,杀死怪物,二分法——杀死怪物"
templates/其他/二分法——水温.c,templates/基础算法/二分法/二分法——水温.c,其他,基础算法,二分法,runnable_template,关键词命中: 二分->基础算法 (via filename) | 含 main | 判定: runnable_template,high,,,true,bfd2505d7f4d1cfb4ddc4c8647361229ec57ae1bc700656e8b96740823ccd206,二分法——水温.c,1505,60,0,0,0,"cmp,check,main","二分法,水温,二分法——水温"
templates/其他/二分法——电脑充电.c,templates/基础算法/二分法/二分法——电脑充电.c,其他,基础算法,二分法,runnable_template,关键词命中: 二分->基础算法 (via filename) | 含 main | 判定: runnable_template,high,,,true,6bebb4310887cf1a46dcae3afa2b7628ccc03d387c2f8bb0fe2ed9fe1e1a9596,二分法——电脑充电.c,730,40,0,0,0,"f,main","二分法,电脑充电,二分法——电脑充电"
templates/其他/二分法——画匠问题.c,templates/基础算法/二分法/二分法——画匠问题.c,其他,基础算法,二分法,runnable_template,关键词命中: 二分->基础算法 (via filename) | 含 main | 判定: runnable_template,high,,,true,5c17f47bd72d15076dedffc224bc3edf1055542f10992baa15d9bfa68b6161b6,二分法——画匠问题.c,787,42,0,0,0,"f,main","二分法,画匠问题,二分法——画匠问题"
templates/其他/二分法——等待时间.c,templates/基础算法/二分法/二分法——等待时间.c,其他,基础算法,二分法,runnable_template,关键词命中: 二分->基础算法 (via filename) | 含 main | 判定: runnable_template,high,,,true,93f8579608753a3d0360e8ef524305136595b6caeada62439c5df0b365fec2e2,二分法——等待时间.c,876,41,0,0,0,"f,waitingTime2,main","二分法,等待时间,二分法——等待时间"
templates/其他/二分法——结合树上问题.cpp,templates/树上算法/二分法/二分法——结合树上问题.cpp,其他,树上算法,二分法,runnable_template,关键词命中: 树上问题->树上算法 (via filename) | 含 main | 判定: runnable_template,high,,,true,1f97ea5c9d4fc19f35d0841be610af0e8860bcc106fdd4583f46f5cc347f7276,二分法——结合树上问题.cpp,3016,123,13,0,0,"MAXN,addedge,dfs,check,main","二分法,结合树上问题,cpp,二分法——结合树上问题"
templates/其他/二叉树.c,templates/数据结构/二叉树/二叉树.c,其他,数据结构,二叉树,runnable_template,关键词命中: 二叉树->数据结构 (via filename) | 含 main | 判定: runnable_template,high,,,true,5e6acf80dc3bd175d21479b3500675aebac193aeba8783badb3752bf80fae667,二叉树.c,1734,79,0,0,0,"TreeNode,preOrder,inOrder,postOrder,main",二叉树
templates/其他/二叉树——前中后遍历.c,templates/数据结构/二叉树/二叉树——前中后遍历.c,其他,数据结构,二叉树,runnable_template,关键词命中: 二叉树->数据结构 (via filename) | 含 main | 判定: runnable_template,high,,,true,0f51edfe1d4def505f4aee02682ca5859eebc93f97fa7070b2023b10cba8dd8f,二叉树——前中后遍历.c,543,27,0,0,0,"build,main","二叉树,前中后遍历,二叉树——前中后遍历"
templates/其他/二进位制打印.c,templates/基础算法/二进位/二进位制打印.c,其他,基础算法,二进位,runnable_template,关键词命中: 二进位->基础算法 (via filename) | 含 main | 判定: runnable_template,high,,,true,59fb6e018e69e8052b9da2f489ca31ddf1fffd42432adeebc24f055d9003a4df,二进位制打印.c,352,25,0,0,0,"B,main",二进位制打印
templates/其他/位图——模板.cpp,templates/基础算法/位图/位图——模板.cpp,其他,基础算法,位图,runnable_template,关键词命中: 位图->基础算法 (via filename) | 含 main | 判定: runnable_template,high,,,true,7cf674378827293e0eede8873b470dc88b13fd7b7df434a11f1b2e9e756dd9d0,位图——模板.cpp,2409,85,0,0,0,"Bitset,add,remove,reverse,contains,main,bitSet","位图,模板,cpp,位图——模板"
templates/其他/位图——状态压缩.cpp,templates/基础算法/位图/位图——状态压缩.cpp,其他,基础算法,位图,application,关键词命中: 位图->基础算法 (via filename) | 含 main | 代码内 URL×1 | 判定: application,high,https://www.luogu.com.cn/problem/P1441,,true,dc5b29259a1478f8bc390aaa544dbefaedf63b62b251095101dba8d3cac0d395,位图——状态压缩.cpp,929,38,2,1,0,main,"位图,状态压缩,cpp,位图——状态压缩"
templates/其他/位运算的加减乘除.c,templates/基础算法/位运算/位运算的加减乘除.c,其他,基础算法,位运算,runnable_template,关键词命中: 位运算->基础算法 (via filename) | 含 main | 判定: runnable_template,high,,,true,d47a676919ead37db208388e7ddabd6917acb10cc2afb799577294664a9a2505,位运算的加减乘除.c,1519,78,1,0,0,"add,minus,multiply,divide,main",位运算的加减乘除
templates/其他/位运算的神奇操作.c,templates/基础算法/位运算/位运算的神奇操作.c,其他,基础算法,位运算,application,关键词命中: 位运算->基础算法 (via filename) | 含 main | 判定: application,high,,,true,ccab0d7b55b46c189774cd221524fd982878cea8177d42a178b679006f98ef90,位运算的神奇操作.c,998,41,1,0,0,main,位运算的神奇操作
templates/其他/前缀信息——最长和值.cpp,templates/基础算法/前缀信息/前缀信息——最长和值.cpp,其他,基础算法,前缀信息,runnable_template,关键词命中: 前缀信息->基础算法 (via filename) | 含 main | 代码内 URL×1 | 判定: runnable_template,high,https://www.nowcoder.com/practice/36fb0fd3c656480c92b569258a1223d5,,true,d28f8a498fb55ad1e989a0187807b4d651afd46f072233ac729320d1a2a2f9df,前缀信息——最长和值.cpp,890,36,8,1,0,"MAXN,main","前缀信息,最长和值,cpp,前缀信息——最长和值"
templates/其他/双指针——奇偶数位.cpp,templates/基础算法/双指针/双指针——奇偶数位.cpp,其他,基础算法,双指针,application,关键词命中: 双指针->基础算法 (via filename) | 含 main | 判定: application,high,,,true,8a06165a627a1c76c7c5d3cb60365d64d401138aa92affd2d2d2ea8fa09109cb,双指针——奇偶数位.cpp,531,30,0,0,0,"swap1,main","双指针,奇偶数位,cpp,双指针——奇偶数位"
templates/其他/双指针——快慢指针.cpp,templates/基础算法/双指针/双指针——快慢指针.cpp,其他,基础算法,双指针,application,关键词命中: 双指针->基础算法 (via filename) | 含 main | 判定: application,high,,,true,4af3aa4e92520dc27b155ba374bd4b44709051fc03e677f7c12e160df949882b,双指针——快慢指针.cpp,431,24,0,0,0,main,"双指针,快慢指针,cpp,双指针——快慢指针"
templates/其他/启发式合并.cpp,templates/树上算法/启发式合并/启发式合并.cpp,其他,树上算法,启发式合并,runnable_template,关键词命中: 启发式合并->树上算法 (via filename) | 含 main | 判定: runnable_template,high,,,true,6b2e36ff7c00854b76ffc09fc7af845613aaed2f5a4ac2c029c2f1d0ccae5dda,启发式合并.cpp,1418,56,1,0,0,"swap,N,read,merge,main","启发式合并,cpp"
templates/其他/带权二分——应用.cpp,templates/基础算法/带权二分/带权二分——应用.cpp,其他,基础算法,带权二分,application,关键词命中: 二分->基础算法 (via filename) | 含 main | 代码内 URL×1 | 判定: application,high,https://www.luogu.com.cn/problem/P2798,,true,67a20bec66cb181bc2265328105996d9d20484dc78131b8ee5a0fe4ab6ff6bf4,带权二分——应用.cpp,1876,97,2,1,0,"MAXN,MAXM,node,read,cmp,find,check,main","带权二分,应用,cpp,带权二分——应用"
templates/其他/带权二分——恰好k个.cpp,templates/基础算法/带权二分/带权二分——恰好k个.cpp,其他,基础算法,带权二分,runnable_template,关键词命中: 二分->基础算法 (via filename) | 含 main | 代码内 URL×1 | 判定: runnable_template,high,https://www.luogu.com.cn/problem/P5633,,true,5de4d33d835a201b9c4fbbef172459050ee0d9213cdfa98a7f4b1fc9d23c39ea,带权二分——恰好k个.cpp,2697,129,3,1,0,"MAXN,MAXM,node,read,find,cmp,query,check","带权二分,恰好k个,cpp,带权二分——恰好k个"
templates/其他/带权二分——模板.cpp,templates/基础算法/带权二分/带权二分——模板.cpp,其他,基础算法,带权二分,runnable_template,关键词命中: 二分->基础算法 (via filename) | 含 main | 代码内 URL×1 | 判定: runnable_template,high,https://www.luogu.com.cn/problem/P2619,,true,67aa15f5205f9218754eff9ec92f1d013a0b22ccbd12fef5308fe31025e5799e,带权二分——模板.cpp,2838,109,10,1,0,"MAXN,MAXM,node,read,cmp,find,check,main","带权二分,模板,cpp,带权二分——模板"
templates/其他/异或的神奇操作.c,templates/基础算法/异或/异或的神奇操作.c,其他,基础算法,异或,application,关键词命中: 异或->基础算法 (via filename) | 含 main | 判定: application,high,,,true,e2b45f49c205e09c8a22f0fb4211b09ae6b8599de901edfe80f81b6f6d337220,异或的神奇操作.c,1364,38,1,0,0,main,异或的神奇操作
templates/其他/归并——逆序对数量.cpp,templates/基础算法/归并/归并——逆序对数量.cpp,其他,基础算法,归并,pure_template,关键词命中: 归并->基础算法 (via filename) | 判定: pure_template,high,,,false,5c2510804f2d3fe82ef320635826f932a1301b3eedc141b3deb0f235058a6071,归并——逆序对数量.cpp,1066,58,0,0,0,"mergesort,merge,main","归并,逆序对数量,cpp,归并——逆序对数量"
templates/其他/归并分治.c,templates/基础算法/归并/归并分治.c,其他,基础算法,归并,runnable_template,关键词命中: 归并->基础算法 (via filename) | 含 main | 判定: runnable_template,high,,,true,98387265042b85606ed464fb084b097b1293680953d7e48ffe6eed9e0125bdea,归并分治.c,1083,54,0,0,0,"smallSum,merge,main",归并分治
templates/其他/归并排序.c,templates/基础算法/排序/归并排序.c,其他,基础算法,排序,runnable_template,关键词命中: 排序->基础算法 (via filename) | 含 main | 判定: runnable_template,high,,,true,27777b1830dcb0462377514537e729357230772e4e21ba726abb3633a45fb0d8,归并排序.c,1635,64,0,0,0,"merge,mergesort2,main",归并排序
templates/其他/扫描线——区间长度.cpp,templates/基础算法/扫描线/扫描线——区间长度.cpp,其他,基础算法,扫描线,runnable_template,关键词命中: 扫描线->基础算法 (via filename) | 含 main | 代码内 URL×1 | 判定: runnable_template,high,https://leetcode.cn/problems/minimum-interval-to-include-each-query/,,true,2b2d0242b0031e66f6a4e3ae2f628fc1612499b42ccd99ef2984e3f44830946f,扫描线——区间长度.cpp,2745,93,9,1,0,"Range,Dot,compare,cmp1,cmp2,main","扫描线,区间长度,cpp,扫描线——区间长度"
templates/其他/扫描线——天际线.cpp,templates/基础算法/扫描线/扫描线——天际线.cpp,其他,基础算法,扫描线,runnable_template,关键词命中: 扫描线->基础算法 (via filename) | 含 main | 代码内 URL×1 | 判定: runnable_template,high,https://leetcode.cn/problems/the-skyline-problem/,,true,8757fdd57d402bf88b615e0b7c4d75a49a657f3a484ab68b16ff9f5dfa755d27,扫描线——天际线.cpp,3949,132,5,1,0,"MAXN,node,cmp,getrank,prepare,Node,Compare,operator","扫描线,天际线,cpp,扫描线——天际线"
templates/其他/扫描线——天际线2.cpp,templates/基础算法/扫描线/扫描线——天际线2.cpp,其他,基础算法,扫描线,runnable_template,关键词命中: 扫描线->基础算法 (via filename) | 含 main | 代码内 URL×1 | 判定: runnable_template,high,https://www.luogu.com.cn/problem/P1904,,true,d1e5bc621783bc19507f1a1ad31c7f3fa47af5dbd5514306f5f8e9390af49ad0,扫描线——天际线2.cpp,3787,125,5,1,0,"MAXN,node,cmp,getrank,prepare,Node,Compare,operator","扫描线,天际线2,cpp,扫描线——天际线2"
templates/其他/排序——三傻排序.c,templates/基础算法/排序/排序——三傻排序.c,其他,基础算法,排序,runnable_template,关键词命中: 排序->基础算法 (via filename) | 含 main | 判定: runnable_template,high,,,true,f15d455f4df54bb4dfb2e8332dd3d0ccac4a9559ce2a25264a59f78e7eff5c48,排序——三傻排序.c,1406,74,0,0,0,"select,bubble,insert,main","排序,三傻排序,排序——三傻排序"
templates/其他/排序——三大高级排序.c,templates/基础算法/排序/排序——三大高级排序.c,其他,基础算法,排序,runnable_template,关键词命中: 排序->基础算法 (via filename) | 含 main | 判定: runnable_template,high,,,true,3bb54c4b0f9e0df4f5774e96795cf0579171cceeb408ac05b53f40cf4586f866,排序——三大高级排序.c,4928,222,0,0,0,"swap,partition,quicksort,partition2,quicksort2,merge,mergesort,mergesort2","排序,三大高级排序,排序——三大高级排序"
templates/其他/排序——基数排序.c,templates/基础算法/排序/排序——基数排序.c,其他,基础算法,排序,runnable_template,关键词命中: 排序->基础算法 (via filename) | 含 main | 判定: runnable_template,high,,,true,d96529808eb386f0b636dd6abb83fc1c17937b0a371ebcb7ba44f9dadb15b169,排序——基数排序.c,1240,63,0,0,0,"radixsort,main","排序,基数排序,排序——基数排序"
templates/其他/排序——堆排序.c,templates/基础算法/排序/排序——堆排序.c,其他,基础算法,排序,runnable_template,关键词命中: 排序->基础算法 (via filename) | 含 main | 判定: runnable_template,high,,,true,718b3755c4e8f967a5799bdbd0f833209b7347cb12c79a78fafc803fd3d5e5cd,排序——堆排序.c,1587,82,0,0,0,"swap,heapinsert,heapify,heapsort1,heapsort2,main","排序,堆排序,排序——堆排序"
templates/其他/排序——随机快速排序.c,templates/基础算法/排序/排序——随机快速排序.c,其他,基础算法,排序,runnable_template,关键词命中: 排序->基础算法 (via filename) | 含 main | 判定: runnable_template,high,,,true,fb849684a86c854481fcbca644f46bd371f03f3f38759a50c46fe6d1061a2fb0,排序——随机快速排序.c,1104,59,0,0,0,"swap,partition,quicksort,main","排序,随机快速排序,排序——随机快速排序"
templates/其他/排序——随机快速排序2.c,templates/基础算法/排序/排序——随机快速排序2.c,其他,基础算法,排序,runnable_template,关键词命中: 排序->基础算法 (via filename) | 含 main | 判定: runnable_template,high,,,true,59eb027b72bf2967b39eccd826e409498a5d0ff1ca019d0cbef60fb0f88ac4b6,排序——随机快速排序2.c,1314,71,0,0,0,"swap,partition,quicksort,main","排序,随机快速排序2,排序——随机快速排序2"
templates/其他/搜索——n皇后.c,templates/搜索/搜索/搜索——n皇后.c,其他,搜索,搜索,runnable_template,关键词命中: 搜索->搜索 (via filename) | 含 main | 判定: runnable_template,high,,,true,cef97772745bdbc39e1f8373018d72d383a82e7bb0ad04faa820c55a8b3fb6e5,搜索——n皇后.c,629,34,0,0,0,"dfs,main","搜索,n皇后,搜索——n皇后"
templates/其他/极大化思想最大子矩阵.cpp,templates/数学/矩阵/极大化思想最大子矩阵.cpp,其他,数学,矩阵,application,关键词命中: 矩阵->数学 (via filename) | 含 main | 判定: application,high,,,true,a6d7d3c4c8f16853958d21c283e3d36599d31d54b82bae5f828f3eccc304bb32,极大化思想最大子矩阵.cpp,1844,85,2,0,0,"read,S,cmp1,cmp2,main","极大化思想最大子矩阵,cpp"
templates/其他/枚举子集——卡常.cpp,templates/基础算法/枚举子集/枚举子集——卡常.cpp,其他,基础算法,枚举子集,runnable_template,关键词命中: 枚举子集->基础算法 (via filename) | 含 main | 判定: runnable_template,high,,,true,db57fe705e524ce32b0cff262e6311abf91ad8e8c206375696fdf2881a788fff,枚举子集——卡常.cpp,1701,54,1,0,0,"read,write,N,main","枚举子集,卡常,cpp,枚举子集——卡常"
templates/其他/社会基尼系数.c,templates/基础算法/排序/社会基尼系数.c,其他,基础算法,排序,runnable_template,关键词命中: 排序->基础算法 (via fallback) | 含 main | 判定: runnable_template,low,,,true,29837511464e988ebe6f44c3f8fe95ee5d52c33e7f72a130f4e5138aadeb5c39,社会基尼系数.c,2223,106,0,0,0,"Gini,main",社会基尼系数
templates/其他/线段最小覆盖问题.cpp,templates/动态规划/DP/线段最小覆盖问题.cpp,其他,动态规划,DP,runnable_template,关键词命中: DP->动态规划 (via fallback) | 含 main | 判定: runnable_template,low,,,true,d1125857f068ac74130a131498e7b4508033e962a9021bc0b380dd374a67992c,线段最小覆盖问题.cpp,2685,134,1,0,0,"MAXL,MAXN,node,up,build,update,query,main","线段最小覆盖问题,cpp"
templates/其他/递归函数.c,templates/基础算法/递归/递归函数.c,其他,基础算法,递归,runnable_template,关键词命中: 递归->基础算法 (via filename) | 含 main | 判定: runnable_template,high,,,true,f2d6d3dc2e7f285f711d56e481dd21d7c25f873b0f06ea0553c4a2307412a252,递归函数.c,401,21,0,0,0,"recursion,main",递归函数
templates/其他/高精度——乘法.c,templates/基础算法/高精度/高精度——乘法.c,其他,基础算法,高精度,application,关键词命中: 高精度->基础算法 (via filename) | 含 main | 判定: application,high,,,true,0a4d77b858ca729278604f390e12992d38c573f783f706b400b3a861a5659bae,高精度——乘法.c,727,41,1,0,0,main,"高精度,乘法,高精度——乘法"
templates/其他/高精度——减法.c,templates/基础算法/高精度/高精度——减法.c,其他,基础算法,高精度,runnable_template,关键词命中: 高精度->基础算法 (via filename) | 含 main | 判定: runnable_template,high,,,true,1a56f1c5a4b28d7a6c65255fe4868c7a5a85ba23eab4665d86aa0f1a3565669c,高精度——减法.c,1178,71,1,0,0,"max,compare,main","高精度,减法,高精度——减法"
templates/其他/高精度——加法.c,templates/基础算法/高精度/高精度——加法.c,其他,基础算法,高精度,application,关键词命中: 高精度->基础算法 (via filename) | 含 main | 判定: application,high,,,true,f3fbfe13168cc9c30fa328da9f5f0dd9f37864e71bc81c9e7a552ae7b83d12af,高精度——加法.c,703,41,1,0,0,"max,main","高精度,加法,高精度——加法"
templates/其他/高精度——除法（高对低）.c,templates/基础算法/高精度/高精度——除法（高对低）.c,其他,基础算法,高精度,application,关键词命中: 高精度->基础算法 (via filename) | 含 main | 判定: application,high,,,true,e90796a2d0f097416df677ba288385b427b18c91a66852618e2fc68f609e8720,高精度——除法（高对低）.c,500,33,1,0,0,main,"高精度,除法（高对低）,高精度——除法（高对低）"
templates/其他/高精度——除法（高对高）.c,templates/基础算法/高精度/高精度——除法（高对高）.c,其他,基础算法,高精度,application,关键词命中: 高精度->基础算法 (via filename) | 含 main | 判定: application,high,,,true,f3fbfe13168cc9c30fa328da9f5f0dd9f37864e71bc81c9e7a552ae7b83d12af,高精度——除法（高对高）.c,703,41,1,0,0,"max,main","高精度,除法（高对高）,高精度——除法（高对高）"
templates/分块 莫队/分块/分块——bfs.cpp,templates/基础算法/分块/分块——bfs.cpp,分块 莫队,基础算法,分块,runnable_template,关键词命中: 分块->基础算法 (via filename) | 含 main | 代码内 URL×2 | 判定: runnable_template,high,https://www.luogu.com.cn/problem/P10590,,true,7d23f90a3de6fa10ade73ddeaa090f4da3cc1f521067a0acaf9e37044c841420,分块——bfs.cpp,4827,128,19,2,0,"MAXN,MAXB,Node,cmp1,cmp2,bfs,prepare,main","分块,bfs,cpp,分块——bfs"
templates/分块 莫队/分块/分块——块长优化.cpp,templates/基础算法/分块/分块——块长优化.cpp,分块 莫队,基础算法,分块,runnable_template,关键词命中: 分块->基础算法 (via filename) | 含 main | 代码内 URL×1 | 判定: runnable_template,high,https://www.luogu.com.cn/problem/P5356,,true,6f81329f2a2d23b0f4e4b37e1fe3683eae7bf514eb46e5c1231295da7f6aeeb7,分块——块长优化.cpp,5676,207,14,1,0,"MAXN,MAXB,innerAdd,add,getMin,getMax,blockCnt,getCnt","分块,块长优化,cpp,分块——块长优化"
templates/分块 莫队/分块/分块——并查集.cpp,templates/基础算法/分块/分块——并查集.cpp,分块 莫队,基础算法,分块,runnable_template,关键词命中: 分块->基础算法 (via filename) | 含 main | 代码内 URL×1 | 判定: runnable_template,high,https://www.luogu.com.cn/problem/P4117,,true,374b2f400ad970b808ca7a74778c49f7701aebfec4154a48d94a8cbfa3e9d67a,分块——并查集.cpp,6084,195,15,1,0,"MAXN,MAXM,MAXV,find,change,down,update,query","分块,并查集,cpp,分块——并查集"
templates/分块 莫队/分块/分块——序列结合树上.cpp,templates/基础算法/分块/分块——序列结合树上.cpp,分块 莫队,基础算法,分块,runnable_template,关键词命中: 分块->基础算法 (via filename) | 含 main | 代码内 URL×2 | 判定: runnable_template,high,https://www.luogu.com.cn/problem/CF1491H,,true,2dedf51b381bff6c8156491402e8086c5220d2fba0f70f065650bcd1190be224,分块——序列结合树上.cpp,3368,130,10,2,0,"MAXN,MAXB,innerUpdate,update,jumpFa,max,jumpOut,lca","分块,序列结合树上,cpp,分块——序列结合树上"
templates/分块 莫队/分块/分块——散整块讨论.cpp,templates/基础算法/分块/分块——散整块讨论.cpp,分块 莫队,基础算法,分块,runnable_template,关键词命中: 分块->基础算法 (via filename) | 含 main | 代码内 URL×1 | 判定: runnable_template,high,https://www.luogu.com.cn/problem/P5046,,true,dc68bcd6a44640fb878bd4a3822181fbf4d8a726afcabb51c5812f976fb1cc52,分块——散整块讨论.cpp,7000,221,15,1,0,"MAXN,MAXB,getChar,read,Node,NodeCmp,lowbit,add","分块,散整块讨论,cpp,分块——散整块讨论"
templates/分块 莫队/分块/分块——节点分块.cpp,templates/基础算法/分块/分块——节点分块.cpp,分块 莫队,基础算法,分块,runnable_template,关键词命中: 分块->基础算法 (via filename) | 含 main | 代码内 URL×1 | 判定: runnable_template,high,https://www.luogu.com.cn/problem/P2325,,true,bdb8c144e259580ee77fe6a3207fac7543e28c4f788d5e208d560bafbbc1c960,分块——节点分块.cpp,2720,87,19,1,0,"MAXN,addEdge,dfs,main","分块,节点分块,cpp,分块——节点分块"
templates/分块 莫队/分块/双层分块——基数排序.cpp,templates/基础算法/双层分块/双层分块——基数排序.cpp,分块 莫队,基础算法,双层分块,runnable_template,关键词命中: 分块->基础算法 (via filename) | 含 main | 代码内 URL×1 | 判定: runnable_template,high,https://www.luogu.com.cn/problem/P6578,,true,35a71ba7ab37bf72c52b11dfdd100b803e686732c46df106c8cc1f4d426eb721,双层分块——基数排序.cpp,6618,209,10,1,0,"MAXN,MAXB,POW,OFFSET,gc,readInt,flush,writeInt","双层分块,基数排序,cpp,双层分块——基数排序"
templates/分块 莫队/分块/双层分块——模板.cpp,templates/基础算法/双层分块/双层分块——模板.cpp,分块 莫队,基础算法,双层分块,runnable_template,关键词命中: 分块->基础算法 (via filename) | 含 main | 代码内 URL×1 | 判定: runnable_template,high,https://www.luogu.com.cn/problem/P4119,,true,9294fcf71ba7e81bb1a28717f69735617a1ba74ffba744d0d92aa49c8cd4b4c4,双层分块——模板.cpp,9718,283,12,1,0,"MAXN,MAXB,getChar,read,build,lazy,down,innerUpdate","双层分块,模板,cpp,双层分块——模板"
templates/分块 莫队/分块/块状链表——懒更新.cpp,templates/基础算法/块状链表/块状链表——懒更新.cpp,分块 莫队,基础算法,块状链表,pure_template,关键词命中: 分块->基础算法 (via directory) | 代码内 URL×1 | 判定: pure_template,medium,https://www.luogu.com.cn/problem/P6707,,false,6e4da0be5bad9b9f566dd80cf433916ecb69af0fe7c04066903d8e48aefa316b,块状链表——懒更新.cpp,6032,284,2,1,0,"MAXN,MAXB,read,prepare,updatelazy,addlazy,down,update","块状链表,懒更新,cpp,块状链表——懒更新"
templates/分块 莫队/分块/块状链表——模板.cpp,templates/字符串/块状链表/块状链表——模板.cpp,分块 莫队,字符串,块状链表,runnable_template,关键词命中: 字符串->字符串 (via head) | 含 main | 代码内 URL×1 | 判定: runnable_template,medium,https://www.luogu.com.cn/problem/P4008,,true,b951ae9ad90383a53ae7552c25a9966b31192464df7ef61d9998f237b12ca94a,块状链表——模板.cpp,6596,202,12,1,0,"MAXN,BLEN,BNUM,prepare,assign,recycle,find,linkAndWrite","块状链表,模板,cpp,块状链表——模板"
templates/分块 莫队/分块/并查集分块——可撤销并查集.cpp,templates/基础算法/并查集分块/并查集分块——可撤销并查集.cpp,分块 莫队,基础算法,并查集分块,runnable_template,关键词命中: 分块->基础算法 (via filename) | 含 main | 代码内 URL×1 | 判定: runnable_template,high,https://www.luogu.com.cn/problem/P5443,,true,1664f775b5b0e8fe8ab27322932bf9b78b50634546b3e6bc12d48723d78da308,并查集分块——可撤销并查集.cpp,6038,211,12,1,0,"MAXN,MAXM,MAXQ,build,find,Union,undo,merge","并查集分块,可撤销并查集,cpp,并查集分块——可撤销并查集"
templates/分块 莫队/分块/并查集分块——可撤销并查集2.cpp,templates/基础算法/并查集分块/并查集分块——可撤销并查集2.cpp,分块 莫队,基础算法,并查集分块,runnable_template,关键词命中: 分块->基础算法 (via filename) | 含 main | 代码内 URL×1 | 判定: runnable_template,high,https://www.luogu.com.cn/problem/P3247,,true,a43388bffad363585a89afb72fe4e3ea4b3375b275a12db10a3c04ccadfd8b47,并查集分块——可撤销并查集2.cpp,4593,160,11,1,0,"MAXN,MAXM,MAXQ,build,find,Union,undo,check","并查集分块,可撤销并查集2,cpp,并查集分块——可撤销并查集2"
templates/分块 莫队/分块/并查集分块——并查集块分析.cpp,templates/基础算法/并查集分块/并查集分块——并查集块分析.cpp,分块 莫队,基础算法,并查集分块,application,关键词命中: 分块->基础算法 (via filename) | 含 main | 代码内 URL×1 | 判定: application,high,https://www.luogu.com.cn/problem/P8360,,true,ec5581e96b7669061a1133ecf55cea2f1d794e566d35b902ad0a8f59a0e5de7a,并查集分块——并查集块分析.cpp,7987,258,14,1,0,"MAXN,MAXB,MAXM,read,prepare,compute,main","并查集分块,并查集块分析,cpp,并查集分块——并查集块分析"
templates/分块 莫队/分块/整除分块——模板.cpp,templates/基础算法/整除分块/整除分块——模板.cpp,分块 莫队,基础算法,整除分块,pure_template,关键词命中: 分块->基础算法 (via filename) | 代码内 URL×1 | 判定: pure_template,high,https://onlinejudge.org/index.php?option=com_onlinejudge&Itemid=8&page=show_problem&problem=2521,,false,107d834ae4b641409cf44a32992ef4ce1c19c64382ac40a774d16f954d70cc17,整除分块——模板.cpp,852,34,4,1,0,"compute,main","整除分块,模板,cpp,整除分块——模板"
templates/分块 莫队/分块/时间分块——序列.cpp,templates/基础算法/时间分块/时间分块——序列.cpp,分块 莫队,基础算法,时间分块,runnable_template,关键词命中: 分块->基础算法 (via filename) | 含 main | 代码内 URL×1 | 判定: runnable_template,high,https://www.luogu.com.cn/problem/P3863,,true,4f50d86243f751066530129076a4678c3b3b5ef76de75365204e8026b9c0773e,时间分块——序列.cpp,5186,183,16,1,0,"MAXN,MAXB,Event,EventCmp,innerAdd,add,innerQuery,getCnt","时间分块,序列,cpp,时间分块——序列"
templates/分块 莫队/分块/普通分块——众数.cpp,templates/基础算法/普通分块/普通分块——众数.cpp,分块 莫队,基础算法,普通分块,runnable_template,关键词命中: 分块->基础算法 (via filename) | 含 main | 代码内 URL×1 | 判定: runnable_template,high,https://www.luogu.com.cn/problem/P4168,,true,190aaccee0abfa10cef2ab2bf779846bcb771061a10cb3d34a3749b3bbd6f6f7,普通分块——众数.cpp,5654,180,13,1,0,"MAXN,MAXB,lower,getCnt,prepare,query,main","普通分块,众数,cpp,普通分块——众数"
templates/分块 莫队/分块/普通分块——众数优化.cpp,templates/基础算法/普通分块/普通分块——众数优化.cpp,分块 莫队,基础算法,普通分块,runnable_template,关键词命中: 分块->基础算法 (via filename) | 含 main | 代码内 URL×1 | 判定: runnable_template,high,https://www.luogu.com.cn/problem/P5048,,true,40e180384f2bae7bd745d34c4c01898b386b2b8a15734ce8361b361bcb058b80,普通分块——众数优化.cpp,4345,128,14,1,0,"MAXN,MAXB,Node,NodeCmp,prepare,query,main","普通分块,众数优化,cpp,普通分块——众数优化"
templates/分块 莫队/分块/普通分块——区间增加.cpp,templates/基础算法/普通分块/普通分块——区间增加.cpp,分块 莫队,基础算法,普通分块,runnable_template,关键词命中: 分块->基础算法 (via filename) | 含 main | 代码内 URL×1 | 判定: runnable_template,high,https://www.luogu.com.cn/problem/P2801,,true,56fcfd3bc300d3eca105a2ef7c55233b84e19d6a26da58684542dfd2b80be02d,普通分块——区间增加.cpp,3485,131,13,1,0,"MAXN,MAXB,build,getCnt,innerQuery,query,innerAdd,add","普通分块,区间增加,cpp,普通分块——区间增加"
templates/分块 莫队/分块/普通分块——单点修改.cpp,templates/基础算法/普通分块/普通分块——单点修改.cpp,分块 莫队,基础算法,普通分块,runnable_template,关键词命中: 分块->基础算法 (via filename) | 含 main | 代码内 URL×2 | 判定: runnable_template,high,https://www.luogu.com.cn/problem/SP18185,,true,68c0627af98432eacc597b070f0365f30d6ec7d8254152f40a6f8b63aa328a26,普通分块——单点修改.cpp,3610,122,11,2,0,"MAXN,MAXB,build,getCnt,query,update,main","普通分块,单点修改,cpp,普通分块——单点修改"
templates/分块 莫队/分块/普通分块——频率偶数个数.cpp,templates/基础算法/普通分块/普通分块——频率偶数个数.cpp,分块 莫队,基础算法,普通分块,runnable_template,关键词命中: 分块->基础算法 (via filename) | 含 main | 代码内 URL×1 | 判定: runnable_template,high,https://www.luogu.com.cn/problem/P4135,,true,59eda6131a3b68e6d9bb0988f2eee2cde0dde10941bc9fff89de24cccbe9194a,普通分块——频率偶数个数.cpp,3775,130,10,1,0,"MAXN,MAXB,getCnt,delta,prepare,query,main","普通分块,频率偶数个数,cpp,普通分块——频率偶数个数"
templates/分块 莫队/分块/树上分块——重链序列分块.cpp,templates/树上算法/树上分块/树上分块——重链序列分块.cpp,分块 莫队,树上算法,树上分块,runnable_template,关键词命中: 树上分块->树上算法 (via filename) | 含 main | 代码内 URL×1 | 判定: runnable_template,high,https://www.luogu.com.cn/problem/P3603,,true,d3ee06c6fe00993751dbda01be8fa7da8944bd910d26b62ffa731faf92c120f7,树上分块——重链序列分块.cpp,4563,174,14,1,0,"MAXN,MAXB,MAXV,addEdge,dfs1,dfs2,query,updateAns","树上分块,重链序列分块,cpp,树上分块——重链序列分块"
templates/分块 莫队/分块/树上分块——随机撒点.cpp,templates/树上算法/树上分块/树上分块——随机撒点.cpp,分块 莫队,树上算法,树上分块,runnable_template,关键词命中: 树上分块->树上算法 (via filename) | 含 main | 代码内 URL×1 | 判定: runnable_template,high,https://www.luogu.com.cn/problem/P3603,,true,8817ace6e399e9cde0e163e947a4e84f36f39fb4e9ac6448f57e5f03be23f104,树上分块——随机撒点.cpp,5372,183,16,1,0,"MAXN,MAXB,MAXV,MAXP,addEdge,dfs,lca,query","树上分块,随机撒点,cpp,树上分块——随机撒点"
templates/分块 莫队/分块/根号分治——二分.cpp,templates/基础算法/根号分治/根号分治——二分.cpp,分块 莫队,基础算法,根号分治,runnable_template,关键词命中: 二分->基础算法 (via filename) | 含 main | 代码内 URL×2 | 判定: runnable_template,high,https://www.luogu.com.cn/problem/CF786C,,true,ef90cdb370f5eef3c67a710cca8028c70830d2115329b382c38fd1960f78e218,根号分治——二分.cpp,3043,100,15,2,0,"MAXN,query,jump,compute,prepare,main","根号分治,二分,cpp,根号分治——二分"
templates/分块 莫队/分块/根号分治——分块.cpp,templates/基础算法/根号分治/根号分治——分块.cpp,分块 莫队,基础算法,根号分治,runnable_template,关键词命中: 分块->基础算法 (via filename) | 含 main | 代码内 URL×1 | 判定: runnable_template,high,https://www.luogu.com.cn/problem/P5309,,true,e5ceb04f83cf993bfdf77d2a25a93412878b0ac21609170324e2a53ef360ff45,根号分治——分块.cpp,4062,124,19,1,0,"MAXN,MAXB,MOD,add,querySum,query,prepare,main","根号分治,分块,cpp,根号分治——分块"
templates/分块 莫队/分块/根号分治——动态规划.cpp,templates/动态规划/根号分治/根号分治——动态规划.cpp,分块 莫队,动态规划,根号分治,runnable_template,关键词命中: 动态规划->动态规划 (via filename) | 含 main | 代码内 URL×2 | 判定: runnable_template,high,https://www.luogu.com.cn/problem/CF797E,,true,1c444503055e72fc8da4216add64a6357fa7ec4d307c32da45a27fa9a5e5a99f,根号分治——动态规划.cpp,1593,57,11,2,0,"MAXN,MAXB,query,prepare,main","根号分治,动态规划,cpp,根号分治——动态规划"
templates/分块 莫队/分块/根号分治——最短路.cpp,templates/图论/根号分治/根号分治——最短路.cpp,分块 莫队,图论,根号分治,runnable_template,关键词命中: 最短路->图论 (via filename) | 含 main | 代码内 URL×2 | 判定: runnable_template,high,https://www.luogu.com.cn/problem/P3645,,true,613791d5bc87081a26ce59649a02431205b7c7ddc580f3d8e0c190fcf0e48e37,根号分治——最短路.cpp,3365,107,15,2,0,"MAXN,Node,add,trigger,extend,bfs,main","根号分治,最短路,cpp,根号分治——最短路"
templates/分块 莫队/分块/根号分治——树形dp.cpp,templates/动态规划/根号分治/根号分治——树形dp.cpp,分块 莫队,动态规划,根号分治,runnable_template,关键词命中: DP->动态规划 (via filename) | 含 main | 代码内 URL×2 | 判定: runnable_template,high,https://www.luogu.com.cn/problem/CF1039D,,true,e499e82ec4282434a919772dd15bae23fc047096727ca3c02ed881ec2a8d32e3,根号分治——树形dp.cpp,3863,132,13,2,0,"MAXN,addEdge,dfs,query,jump,compute,prepare,main","根号分治,树形dp,cpp,根号分治——树形dp"
templates/分块 莫队/分块/根号分治——模板.cpp,templates/基础算法/根号分治/根号分治——模板.cpp,分块 莫队,基础算法,根号分治,application,关键词命中: 分块->基础算法 (via head) | 含 main | 代码内 URL×1 | 判定: application,medium,https://www.luogu.com.cn/problem/P3396,,true,170eb1140747c2b97a5832cecf08be8cc1b854b101c58c09a5a0ceebfff9ca1e,根号分治——模板.cpp,1964,69,12,1,0,"MAXN,MAXB,query,update,prepare,main","根号分治,模板,cpp,根号分治——模板"
templates/分块 莫队/分块/根号分治——等差数列.cpp,templates/基础算法/根号分治/根号分治——等差数列.cpp,分块 莫队,基础算法,根号分治,runnable_template,关键词命中: 分块->基础算法 (via directory) | 含 main | 代码内 URL×2 | 判定: runnable_template,medium,https://www.luogu.com.cn/problem/CF1921F,,true,97b6c120b1264ca69ad343474254c01869ca401564edffc6dcf89ae976960354,根号分治——等差数列.cpp,2131,69,12,2,0,"MAXN,MAXB,query,prepare,main","根号分治,等差数列,cpp,根号分治——等差数列"
templates/分块 莫队/分块/根号分治——轻重点.cpp,templates/基础算法/根号分治/根号分治——轻重点.cpp,分块 莫队,基础算法,根号分治,runnable_template,关键词命中: 分块->基础算法 (via directory) | 含 main | 代码内 URL×1 | 判定: runnable_template,medium,https://www.luogu.com.cn/problem/P9132,,true,bf790dc443a50098b9e11ae60159cd14db501947ceb13930c924d0ed88c7e0f8,根号分治——轻重点.cpp,4877,191,13,1,0,"INF,MAXN,MAXM,MAXB,point,addedge,cmp,compute","根号分治,轻重点,cpp,根号分治——轻重点"
templates/分块 莫队/分块/根号分治——长链剖分.cpp,templates/树上算法/根号分治/根号分治——长链剖分.cpp,分块 莫队,树上算法,根号分治,runnable_template,关键词命中: LCA->树上算法 (via head) | 含 main | 代码内 URL×1 | 判定: runnable_template,medium,https://www.luogu.com.cn/problem/solution/P3591,,true,5293298e043b2daef4119b6416099ad2c77e34dc0f4f329e1bd8f58fb0accff0,根号分治——长链剖分.cpp,4421,218,3,1,0,"MAXN,MAXB,MAXH,read,addedge,setup,getup,setdown","根号分治,长链剖分,cpp,根号分治——长链剖分"
templates/分块 莫队/莫队/只删回滚莫队——模板.cpp,templates/基础算法/只删回滚莫队/只删回滚莫队——模板.cpp,分块 莫队,基础算法,只删回滚莫队,runnable_template,关键词命中: 莫队->基础算法 (via filename) | 含 main | 代码内 URL×1 | 判定: runnable_template,high,https://www.luogu.com.cn/problem/P4137,,true,dd382c8a5ce9016d923041561e33160d0b85757505b011ad73da5220d1097450,只删回滚莫队——模板.cpp,3382,121,11,1,0,"MAXN,MAXB,Query,QueryCmp,del,add,compute,prepare","只删回滚莫队,模板,cpp,只删回滚莫队——模板"
templates/分块 莫队/莫队/只删回滚莫队——链表.cpp,templates/基础算法/只删回滚莫队/只删回滚莫队——链表.cpp,分块 莫队,基础算法,只删回滚莫队,runnable_template,关键词命中: 莫队->基础算法 (via filename) | 含 main | 代码内 URL×1 | 判定: runnable_template,high,https://www.luogu.com.cn/problem/P8078,,true,863b3bef47842b99a7e582c266237d2ce3036faf8d4558e7a3f5a1ba72e4a6b5,只删回滚莫队——链表.cpp,4020,140,15,1,0,"MAXN,Query,QueryCmp,del,add,prepare,compute,main","只删回滚莫队,链表,cpp,只删回滚莫队——链表"
templates/分块 莫队/莫队/只增回滚莫队——前缀和.cpp,templates/基础算法/只增回滚莫队/只增回滚莫队——前缀和.cpp,分块 莫队,基础算法,只增回滚莫队,runnable_template,关键词命中: 莫队->基础算法 (via filename) | 含 main | 代码内 URL×2 | 判定: runnable_template,high,https://www.luogu.com.cn/problem/SP20644,,true,f96e7d55449735d0a2d3d1015657acee16120eafd81301c523afe166bf904d90,只增回滚莫队——前缀和.cpp,4439,178,9,2,0,"MAXN,MAXB,Query,QueryCmp,kth,force,addRight,addLeft","只增回滚莫队,前缀和,cpp,只增回滚莫队——前缀和"
templates/分块 莫队/莫队/只增回滚莫队——区间距离.cpp,templates/基础算法/只增回滚莫队/只增回滚莫队——区间距离.cpp,分块 莫队,基础算法,只增回滚莫队,runnable_template,关键词命中: 莫队->基础算法 (via filename) | 含 main | 代码内 URL×1 | 判定: runnable_template,high,https://www.luogu.com.cn/problem/P5906,,true,b746c8158f50e869159bcc69b0d8bf013c17653a9729dc657ab411b11f56a028,只增回滚莫队——区间距离.cpp,4658,175,10,1,0,"MAXN,MAXB,Query,QueryCmp,kth,force,addRight,addLeft","只增回滚莫队,区间距离,cpp,只增回滚莫队——区间距离"
templates/分块 莫队/莫队/只增回滚莫队——最小众数.cpp,templates/基础算法/只增回滚莫队/只增回滚莫队——最小众数.cpp,分块 莫队,基础算法,只增回滚莫队,pure_template,关键词命中: 莫队->基础算法 (via filename) | 代码内 URL×1 | 判定: pure_template,high,https://leetcode.cn/problems/threshold-majority-queries/,,false,39cacaad2b3d4422e1f6ec89ca980faba5f0ea682d891d8f9ff3e6ae1cf7ebdf,只增回滚莫队——最小众数.cpp,4489,172,10,1,0,"MAXN,MAXM,MAXB,Query,QueryCmp,kth,force,add","只增回滚莫队,最小众数,cpp,只增回滚莫队——最小众数"
templates/分块 莫队/莫队/只增回滚莫队——模板.cpp,templates/基础算法/只增回滚莫队/只增回滚莫队——模板.cpp,分块 莫队,基础算法,只增回滚莫队,runnable_template,关键词命中: 莫队->基础算法 (via filename) | 含 main | 代码内 URL×2 | 判定: runnable_template,high,https://www.luogu.com.cn/problem/AT_joisc2014_c,,true,c837a00adcefd50d5e6eb24397112002e1d04d72819c66e63113057474fcf5c4,只增回滚莫队——模板.cpp,5299,168,19,2,0,"MAXN,MAXB,Query,QueryCmp,kth,force,add,del","只增回滚莫队,模板,cpp,只增回滚莫队——模板"
templates/分块 莫队/莫队/带修莫队——mex.cpp,templates/基础算法/带修莫队/带修莫队——mex.cpp,分块 莫队,基础算法,带修莫队,runnable_template,关键词命中: 莫队->基础算法 (via filename) | 含 main | 代码内 URL×2 | 判定: runnable_template,high,https://www.luogu.com.cn/problem/CF940F,,true,aab974204478d6720f8347cb683ebb51d3223ba68094b1edbb92eecde8e3a773,带修莫队——mex.cpp,4566,179,12,2,0,"MAXN,Query,Update,QueryCmp,kth,del,add,moveTime","带修莫队,mex,cpp,带修莫队——mex"
templates/分块 莫队/莫队/带修莫队——模板.cpp,templates/基础算法/带修莫队/带修莫队——模板.cpp,分块 莫队,基础算法,带修莫队,runnable_template,关键词命中: 莫队->基础算法 (via filename) | 含 main | 代码内 URL×1 | 判定: runnable_template,high,https://www.luogu.com.cn/problem/P1903,,true,ab9ea853c63f2d19f9103dc71d07ad34d5e31f77c51c863af62c47cf6695fca1,带修莫队——模板.cpp,3414,144,9,1,0,"MAXN,MAXV,Query,Update,QueryCmp,del,add,moveTime","带修莫队,模板,cpp,带修莫队——模板"
templates/分块 莫队/莫队/带修莫队——词频.cpp,templates/基础算法/带修莫队/带修莫队——词频.cpp,分块 莫队,基础算法,带修莫队,runnable_template,关键词命中: 莫队->基础算法 (via filename) | 含 main | 代码内 URL×2 | 判定: runnable_template,high,https://www.luogu.com.cn/problem/SP30906,,true,9927f8b301f2cc69b2b06bc9a72ada08f2af7f46986bad6099b108798befc7e8,带修莫队——词频.cpp,3425,145,9,2,0,"MAXN,Query,Update,QueryCmp,del,add,moveTime,compute","带修莫队,词频,cpp,带修莫队——词频"
templates/分块 莫队/莫队/树上莫队——带修莫队.cpp,templates/树上算法/树上莫队/树上莫队——带修莫队.cpp,分块 莫队,树上算法,树上莫队,runnable_template,关键词命中: 树上莫队->树上算法 (via filename) | 含 main | 代码内 URL×1 | 判定: runnable_template,high,https://www.luogu.com.cn/problem/P4074,,true,bb2237eef6e37c31d56ad7623a6320f433f5d8e44b3a048f43875c73fee59ef3,树上莫队——带修莫队.cpp,6011,234,13,1,0,"MAXN,MAXP,Query,Update,addEdge,dfs,lca,QueryCmp","树上莫队,带修莫队,cpp,树上莫队——带修莫队"
templates/分块 莫队/莫队/树上莫队——模板.cpp,templates/树上算法/树上莫队/树上莫队——模板.cpp,分块 莫队,树上算法,树上莫队,runnable_template,关键词命中: 树上莫队->树上算法 (via filename) | 含 main | 代码内 URL×2 | 判定: runnable_template,high,https://www.luogu.com.cn/problem/SP10707,,true,84c788974adda9196f0c9991e4fa6fb50df8e940f809bfd4523f1a9019155181,树上莫队——模板.cpp,5409,229,10,2,0,"MAXN,MAXM,MAXP,Query,addEdge,kth,dfs,lca","树上莫队,模板,cpp,树上莫队——模板"
templates/分块 莫队/莫队/莫队——众数次数.cpp,templates/基础算法/莫队/莫队——众数次数.cpp,分块 莫队,基础算法,莫队,runnable_template,关键词命中: 莫队->基础算法 (via filename) | 含 main | 代码内 URL×1 | 判定: runnable_template,high,https://www.luogu.com.cn/problem/P3709,,true,b4a454c92c4c0aa99065b5031be21fe41a3ccada5b42ed6d261d1ec9efed4fdf,莫队——众数次数.cpp,3054,129,8,1,0,"MAXN,Query,QueryCmp,kth,del,add,prepare,compute","莫队,众数次数,cpp,莫队——众数次数"
templates/分块 莫队/莫队/莫队——位图.cpp,templates/基础算法/莫队/莫队——位图.cpp,分块 莫队,基础算法,莫队,runnable_template,关键词命中: 莫队->基础算法 (via filename) | 含 main | 代码内 URL×1 | 判定: runnable_template,high,https://www.luogu.com.cn/problem/P4688,,true,68dc5262d54e05e9ca7f60a6ca22c3e64247fb44b26e835fb83c470cf06c9738,莫队——位图.cpp,4109,153,13,1,0,"MAXN,MAXT,Query,kth,QueryCmp,add,del,compute","莫队,位图,cpp,莫队——位图"
templates/分块 莫队/莫队/莫队——哈希.cpp,templates/基础算法/莫队/莫队——哈希.cpp,分块 莫队,基础算法,莫队,runnable_template,关键词命中: 莫队->基础算法 (via filename) | 含 main | 代码内 URL×1 | 判定: runnable_template,high,https://www.luogu.com.cn/problem/P5112,,true,055098d5d59f6f978317a21cd883651eeb6f699bc15d19bd4b54a96b45a4c600,莫队——哈希.cpp,4174,153,13,1,0,"MAXN,MAXM,Query,kth,QueryCmp,add,del,compute","莫队,哈希,cpp,莫队——哈希"
templates/分块 莫队/莫队/莫队——根号分治.cpp,templates/基础算法/莫队/莫队——根号分治.cpp,分块 莫队,基础算法,莫队,runnable_template,关键词命中: 莫队->基础算法 (via filename) | 含 main | 代码内 URL×1 | 判定: runnable_template,high,https://www.luogu.com.cn/problem/P5355,,true,2bc3abe5504ef6c175c3637fff8c43368d160b8092d343c46c35806b81f36d84,莫队——根号分治.cpp,5197,183,17,1,0,"MAXN,MAXV,MAXB,Query,addSpecial,QueryCmp,add,del","莫队,根号分治,cpp,莫队——根号分治"
templates/分块 莫队/莫队/莫队——模板.cpp,templates/基础算法/莫队/莫队——模板.cpp,分块 莫队,基础算法,莫队,runnable_template,关键词命中: 莫队->基础算法 (via filename) | 含 main | 代码内 URL×2 | 判定: runnable_template,high,https://www.luogu.com.cn/problem/SP3267,,true,0e689ca7c7f4f01e8d58e5eff14880adf8913d57f1c1fe700b04f5d080754807,莫队——模板.cpp,2378,109,10,2,0,"MAXN,MAXV,MAXQ,Query,QueryCmp1,QueryCmp2,del,add","莫队,模板,cpp,莫队——模板"
templates/分块 莫队/莫队/莫队——线段树.cpp,templates/数据结构/莫队/莫队——线段树.cpp,分块 莫队,数据结构,莫队,runnable_template,关键词命中: 线段树->数据结构 (via filename) | 含 main | 代码内 URL×1 | 判定: runnable_template,high,https://www.luogu.com.cn/problem/P4477,,true,e3c07c2b49c0db511367c27e0836a8b03880b64db536b6d1af2d610bd03294c6,莫队——线段树.cpp,5342,173,21,1,0,"MAXN,MAXM,MAXQ,Query,QueryCmp,up,build,add","莫队,线段树,cpp,莫队——线段树"
templates/分块 莫队/莫队/莫队——链表.cpp,templates/基础算法/莫队/莫队——链表.cpp,分块 莫队,基础算法,莫队,runnable_template,关键词命中: 莫队->基础算法 (via filename) | 含 main | 代码内 URL×1 | 判定: runnable_template,high,https://www.luogu.com.cn/problem/P5072,,true,27c6d03cea467da4c894597cac91338f05ebe2129c4bfd4d7df7138103c013de,莫队——链表.cpp,5752,187,19,1,0,"MAXN,MAXB,Query,QueryCmp,addNode,delNode,add,del","莫队,链表,cpp,莫队——链表"
templates/分块 莫队/莫队/莫队二次离线——分块.cpp,templates/基础算法/莫队二次离线/莫队二次离线——分块.cpp,分块 莫队,基础算法,莫队二次离线,runnable_template,关键词命中: 分块->基础算法 (via filename) | 含 main | 代码内 URL×1 | 判定: runnable_template,high,https://www.luogu.com.cn/problem/P5047,,true,aee82d9ad66d8a88d5158a31e461909880e8a1d511928dd4ce5cc6e746ee149a,莫队二次离线——分块.cpp,6804,256,12,1,0,"MAXN,MAXB,Query,QueryCmp,kth,lowbit,add,sum","莫队二次离线,分块,cpp,莫队二次离线——分块"
templates/分块 莫队/莫队/莫队二次离线——方式二.cpp,templates/基础算法/莫队二次离线/莫队二次离线——方式二.cpp,分块 莫队,基础算法,莫队二次离线,runnable_template,关键词命中: 莫队->基础算法 (via filename) | 含 main | 代码内 URL×1 | 判定: runnable_template,high,https://www.luogu.com.cn/problem/P5501,,true,54860ea41e66c4cf973031fe3debe2f089bbf5b191986603e569c0c4ee89471a,莫队二次离线——方式二.cpp,5768,213,12,1,0,"MAXN,MAXV,MAXB,Query,QueryCmp,addOffline,lowbit,add","莫队二次离线,方式二,cpp,莫队二次离线——方式二"
templates/分块 莫队/莫队/莫队二次离线——根号分治.cpp,templates/基础算法/莫队二次离线/莫队二次离线——根号分治.cpp,分块 莫队,基础算法,莫队二次离线,runnable_template,关键词命中: 莫队->基础算法 (via filename) | 含 main | 代码内 URL×1 | 判定: runnable_template,high,https://www.luogu.com.cn/problem/P5398,,true,a81a1fc024cd06047ef27380eecd3c4a123ad1956d5b66b1f87337bf70608eac,莫队二次离线——根号分治.cpp,6097,204,11,1,0,"MAXN,MAXF,LIMIT,Query,QueryCmp,addFactors,addOffline,compute","莫队二次离线,根号分治,cpp,莫队二次离线——根号分治"
templates/分块 莫队/莫队/莫队二次离线——模板.cpp,templates/基础算法/莫队二次离线/莫队二次离线——模板.cpp,分块 莫队,基础算法,莫队二次离线,runnable_template,关键词命中: 莫队->基础算法 (via filename) | 含 main | 代码内 URL×1 | 判定: runnable_template,high,https://www.luogu.com.cn/problem/P4887,,true,a5c7c0c6ff0800145db00dc99bc99ad78f0bfd4ecf169f9fd736d6e6d6cf2559,莫队二次离线——模板.cpp,5721,197,13,1,0,"MAXN,MAXV,Query,QueryCmp,lowbit,countOne,addLeftOffline,addRightOffline","莫队二次离线,模板,cpp,莫队二次离线——模板"
templates/前缀树/前缀树——前k大异或值之和.cpp,templates/字符串/前缀树/前缀树——前k大异或值之和.cpp,前缀树,字符串,前缀树,example,关键词命中: 前缀树->字符串 (via filename) | 含 main | 代码内 URL×2 | 判定: example,high,https://www.luogu.com.cn/problem/CF241B,,true,51ac53ede7df4706bad5be541917945f3ac3ff9f153700ecf4d9ba8d6787a4bf,前缀树——前k大异或值之和.cpp,4892,168,15,2,0,"MAXN,MAXT,BIT,MOD,INV2,insert,dfs,moreEqual","前缀树,前k大异或值之和,cpp,前缀树——前k大异或值之和"
templates/前缀树/前缀树——异或最大值.cpp,templates/字符串/前缀树/前缀树——异或最大值.cpp,前缀树,字符串,前缀树,runnable_template,关键词命中: 前缀树->字符串 (via filename) | 含 main | 代码内 URL×1 | 判定: runnable_template,high,https://leetcode.cn/problems/maximum-xor-of-two-numbers-in-an-array/,,true,9ff7bf26e359f40358483eaeafccc933213b839f08b5bc360016cf81a0f47deb,前缀树——异或最大值.cpp,1939,75,5,1,0,"MAXN,MAXM,insert,build,maxXor,main","前缀树,异或最大值,cpp,前缀树——异或最大值"
templates/前缀树/前缀树——搜索字符(2).cpp,templates/字符串/前缀树/前缀树——搜索字符(2).cpp,前缀树,字符串,前缀树,runnable_template,关键词命中: 前缀树->字符串 (via filename) | 含 main | 判定: runnable_template,high,,,true,2a5d10e074b52fc0f27645e090273ff21c494a50375b010ad94a3e5ca1fe0f20,前缀树——搜索字符(2).cpp,3247,128,0,0,0,"TrieNode,Trie,insert,clear,clearHelper,Solution,findWords,visited","前缀树,搜索字符(2),cpp,前缀树——搜索字符(2)"
templates/前缀树/前缀树——搜索字符.cpp,templates/字符串/前缀树/前缀树——搜索字符.cpp,前缀树,字符串,前缀树,runnable_template,关键词命中: 前缀树->字符串 (via filename) | 含 main | 代码内 URL×1 | 判定: runnable_template,high,https://leetcode.cn/problems/word-search-ii/,,true,5ab77a56fdf81a2b6dfda253f205f4073955c4f7666ef97be5e8445ed2f3e68a,前缀树——搜索字符.cpp,3552,114,9,1,0,"MAXN,dfs,build,main","前缀树,搜索字符,cpp,前缀树——搜索字符"
templates/前缀树/前缀树——树形dp.cpp,templates/字符串/前缀树/前缀树——树形dp.cpp,前缀树,字符串,前缀树,runnable_template,关键词命中: 前缀树->字符串 (via filename) | 含 main | 代码内 URL×1 | 判定: runnable_template,high,https://www.luogu.com.cn/problem/P6623,,true,0a70c0ed1fc19c28600bfbc129b83b6cb761af3a6b42d279b85bc3f964544cce,前缀树——树形dp.cpp,3664,149,5,1,0,"MAXN,MAXT,read,addedge,update,addone,insert,merge","前缀树,树形dp,cpp,前缀树——树形dp"
templates/前缀树/前缀树——模板.cpp,templates/字符串/前缀树/前缀树——模板.cpp,前缀树,字符串,前缀树,runnable_template,关键词命中: 前缀树->字符串 (via filename) | 含 main | 判定: runnable_template,high,,,true,390c5af95ac339cdd7f78ec0bb9650ba640d2f429c1e8a70d4f274b6b8eaf174,前缀树——模板.cpp,2291,88,0,0,0,"MAXN,insert,search,preword,erase,clear,main","前缀树,模板,cpp,前缀树——模板"
templates/前缀树/前缀树——贪心.cpp,templates/字符串/前缀树/前缀树——贪心.cpp,前缀树,字符串,前缀树,runnable_template,关键词命中: 前缀树->字符串 (via filename) | 含 main | 代码内 URL×1 | 判定: runnable_template,high,https://www.luogu.com.cn/problem/P3294,,true,e18786dbc94aafcf1a6e17707f1b66d6354ea7ecdc8f53d202ff5203b4bfed43,前缀树——贪心.cpp,2561,102,9,1,0,"MAXM,MAXN,insert,dfs,cmp,main","前缀树,贪心,cpp,前缀树——贪心"
templates/前缀树/前缀树——通配符.cpp,templates/字符串/前缀树/前缀树——通配符.cpp,前缀树,字符串,前缀树,runnable_template,关键词命中: 前缀树->字符串 (via filename) | 含 main | 代码内 URL×1 | 判定: runnable_template,high,https://www.luogu.com.cn/problem/P2536,,true,5c768af106341ecca00a83ae69c0a17e08487e51de61490aea99303ede613736,前缀树——通配符.cpp,2022,97,1,1,0,"MAXN,insert,dfs,main","前缀树,通配符,cpp,前缀树——通配符"
templates/前缀树/可持久化前缀树——01trie.cpp,templates/字符串/可持久化前缀树/可持久化前缀树——01trie.cpp,前缀树,字符串,可持久化前缀树,runnable_template,关键词命中: 前缀树->字符串 (via filename) | 含 main | 代码内 URL×1 | 判定: runnable_template,high,https://www.luogu.com.cn/problem/P4735,,true,f603df38870a7ba073c866298593bac984981106b8b7b0f36b014f79813cfe0a,可持久化前缀树——01trie.cpp,3134,95,15,1,0,"MAXN,MAXT,BIT,insert,query,main","可持久化前缀树,01trie,cpp,可持久化前缀树——01trie"
templates/前缀树/可持久化前缀树——dfn序.cpp,templates/字符串/可持久化前缀树/可持久化前缀树——dfn序.cpp,前缀树,字符串,可持久化前缀树,runnable_template,关键词命中: 前缀树->字符串 (via filename) | 含 main | 代码内 URL×1 | 判定: runnable_template,high,https://www.luogu.com.cn/problem/P4592,,true,ea2ff9a0d7881acd67f08c75968322db118975d2157429e12a7e9db7f42eaeaa,可持久化前缀树——dfn序.cpp,4343,159,10,1,0,"MAXN,MAXT,MAXH,BIT,addEdge,insert,query,dfs1","可持久化前缀树,dfn序,cpp,可持久化前缀树——dfn序"
templates/前缀树/可持久化前缀树——trie模版.cpp,templates/字符串/可持久化前缀树/可持久化前缀树——trie模版.cpp,前缀树,字符串,可持久化前缀树,runnable_template,关键词命中: 前缀树->字符串 (via filename) | 含 main | 代码内 URL×1 | 判定: runnable_template,high,https://www.luogu.com.cn/problem/P6088,,true,26a93e95d6a92458138fe61c01c06c19211ea927c2c5b21e23ce217d6ba73708,可持久化前缀树——trie模版.cpp,3324,132,10,1,0,"addEdge,num,clone,insert,query,dfs,lca,compute","可持久化前缀树,trie模版,cpp,可持久化前缀树——trie模版"
templates/前缀树/可持久化前缀树——二维异或值第k大.cpp,templates/字符串/可持久化前缀树/可持久化前缀树——二维异或值第k大.cpp,前缀树,字符串,可持久化前缀树,runnable_template,关键词命中: 前缀树->字符串 (via filename) | 含 main | 代码内 URL×1 | 判定: runnable_template,high,https://www.luogu.com.cn/problem/P5795,,true,fb7adb373134f23ba7e51e6dc519b37bbbf3a42c732ef7dc4fe6ab7004d1f969,可持久化前缀树——二维异或值第k大.cpp,3578,106,15,1,0,"MAXN,MAXT,BIT,insert,maxKth,main","可持久化前缀树,二维异或值第k大,cpp,可持久化前缀树——二维异或值第k大"
templates/前缀树/可持久化前缀树——次大值的异或.cpp,templates/字符串/可持久化前缀树/可持久化前缀树——次大值的异或.cpp,前缀树,字符串,可持久化前缀树,runnable_template,关键词命中: 前缀树->字符串 (via filename) | 含 main | 代码内 URL×1 | 判定: runnable_template,high,https://www.luogu.com.cn/problem/P4098,,true,f20e9abaa8be8d4b938e7b0880ec6c8065ea4bf2bef0921e83f92889cba27c2a,可持久化前缀树——次大值的异或.cpp,3089,109,11,1,0,"MAXN,MAXT,BIT,insert,query,prepare,compute,main","可持久化前缀树,次大值的异或,cpp,可持久化前缀树——次大值的异或"
templates/前缀树/可持久化前缀树——结合可持久化线段树.cpp,templates/字符串/可持久化前缀树/可持久化前缀树——结合可持久化线段树.cpp,前缀树,字符串,可持久化前缀树,runnable_template,关键词命中: 前缀树->字符串 (via filename) | 含 main | 代码内 URL×1 | 判定: runnable_template,high,https://www.luogu.com.cn/problem/P3293,,true,983661bff8a20254e748328e8a52e2179e8c1ecac4a519162653a89565883815,可持久化前缀树——结合可持久化线段树.cpp,2926,112,10,1,0,"MAXN,MAXT,BIT,build,insert,query,prepare,compute","可持久化前缀树,结合可持久化线段树,cpp,可持久化前缀树——结合可持久化线段树"
templates/动态规划/三进制状压dp.cpp,templates/动态规划/DP/三进制状压dp.cpp,动态规划,动态规划,DP,runnable_template,关键词命中: DP->动态规划 (via filename) | 含 main | 代码内 URL×1 | 判定: runnable_template,high,https://leetcode.cn/problems/maximize-grid-happiness/,,true,1a19d072764173301724c3090bfa9d1eb759fb3098a937629113ffa5b0e0c86a,三进制状压dp.cpp,2985,102,12,1,0,"MAXN,MAXM,MAXP,MAXS,get,set,f,main","三进制状压dp,cpp"
templates/动态规划/三进制状压dp2.cpp,templates/动态规划/状压/三进制状压dp2.cpp,动态规划,动态规划,状压,runnable_template,关键词命中: 状压->动态规划 (via filename) | 含 main | 代码内 URL×1 | 判定: runnable_template,high,https://leetcode.cn/problems/painting-a-grid-with-three-different-colors/,,true,a13eab5aba8ca7a04edc9c6e023dbfb551d553b311269de3965a53c6ec42a984,三进制状压dp2.cpp,2750,108,10,1,0,"MAXN,MAXM,MAXS,MOD,get,set,dfs,f","三进制状压dp2,cpp"
templates/动态规划/动态规划——01背包.c,templates/动态规划/动态规划/动态规划——01背包.c,动态规划,动态规划,动态规划,runnable_template,关键词命中: 动态规划->动态规划 (via filename) | 含 main | 判定: runnable_template,high,,,true,b8710fadc7266eed691f5d57b18fb2ac413816f4fa54b97e77f1ceff2c69048d,动态规划——01背包.c,821,44,0,0,0,"max,compute,main","动态规划,01背包,动态规划——01背包"
templates/动态规划/动态规划——一和零.c,templates/动态规划/动态规划/动态规划——一和零.c,动态规划,动态规划,动态规划,runnable_template,关键词命中: 动态规划->动态规划 (via filename) | 含 main | 判定: runnable_template,high,,,true,fcd2ae09f901260680ce7470a06799b21cf5653f408c00d968389c3cf308ae6a,动态规划——一和零.c,1324,58,0,0,0,"main,zerosAndOnes,f1,findMaxForm","动态规划,一和零,动态规划——一和零"
templates/动态规划/动态规划——三角形之积最小.c,templates/动态规划/动态规划/动态规划——三角形之积最小.c,动态规划,动态规划,动态规划,runnable_template,关键词命中: 动态规划->动态规划 (via filename) | 含 main | 判定: runnable_template,high,,,true,b86424b49de3081ef0932a9d56d6f354f879eafe5d35ebd474e533e18a3b4f16,动态规划——三角形之积最小.c,1149,53,4,0,0,"min,f,minScoreTriangulation1,main","动态规划,三角形之积最小,动态规划——三角形之积最小"
templates/动态规划/动态规划——不相邻元素最大累加和.c,templates/动态规划/动态规划/动态规划——不相邻元素最大累加和.c,动态规划,动态规划,动态规划,runnable_template,关键词命中: 动态规划->动态规划 (via filename) | 含 main | 判定: runnable_template,high,,,true,9b5792edfe7bc020574d2b3344a47c981ca6b151e9272a779ba77a8d8aafab8b,动态规划——不相邻元素最大累加和.c,1702,58,7,0,0,main,"动态规划,不相邻元素最大累加和,动态规划——不相邻元素最大累加和"
templates/动态规划/动态规划——中括号和小括号.c,templates/动态规划/动态规划/动态规划——中括号和小括号.c,动态规划,动态规划,动态规划,runnable_template,关键词命中: 动态规划->动态规划 (via filename) | 含 main | 判定: runnable_template,high,,,true,5b42d04a0489a2da0125001955a8d7045eb46a901b192a4e0d1a1d8a86e03f57,动态规划——中括号和小括号.c,1442,67,8,0,0,"min,f1,compute,main","动态规划,中括号和小括号,动态规划——中括号和小括号"
templates/动态规划/动态规划——主附件.c,templates/动态规划/动态规划/动态规划——主附件.c,动态规划,动态规划,动态规划,application,关键词命中: 动态规划->动态规划 (via filename) | 含 main | 判定: application,high,,,true,1ba167b87424b4dcfe241e72a726a33fd80969955388e33efaa7ea524b9e7260,动态规划——主附件.c,2868,80,0,0,0,"max,main","动态规划,主附件,动态规划——主附件"
templates/动态规划/动态规划——二叉树结构.c,templates/数据结构/动态规划/动态规划——二叉树结构.c,动态规划,数据结构,动态规划,runnable_template,关键词命中: 二叉树->数据结构 (via filename) | 含 main | 判定: runnable_template,high,,,true,459815e5cf66eee0e27448bc081891bfa8a80d685600f73cfcd75f5c2adfd9af,动态规划——二叉树结构.c,1124,45,7,0,0,"compute,main","动态规划,二叉树结构,动态规划——二叉树结构"
templates/动态规划/动态规划——优惠与预期.c,templates/动态规划/动态规划/动态规划——优惠与预期.c,动态规划,动态规划,动态规划,runnable_template,关键词命中: 动态规划->动态规划 (via filename) | 含 main | 判定: runnable_template,high,,,true,2b895b9085f1b938489b99cc0e777049ca9042ed37ed904293f326ccac7a8e7b,动态规划——优惠与预期.c,992,51,0,0,0,"max,compute,main","动态规划,优惠与预期,动态规划——优惠与预期"
templates/动态规划/动态规划——俄罗斯套娃信封.c,templates/动态规划/动态规划/动态规划——俄罗斯套娃信封.c,动态规划,动态规划,动态规划,runnable_template,关键词命中: 动态规划->动态规划 (via filename) | 含 main | 判定: runnable_template,high,,,true,19ac3fe3622d5b9fe0254c2f497f43a2b2c0c9944ab52ba1f742a284b1918364,动态规划——俄罗斯套娃信封.c,1728,71,1,0,0,"compare,binarySearch,maxEnvelopes,main","动态规划,俄罗斯套娃信封,动态规划——俄罗斯套娃信封"
templates/动态规划/动态规划——俄罗斯套娃信封2.c,templates/动态规划/动态规划/动态规划——俄罗斯套娃信封2.c,动态规划,动态规划,动态规划,runnable_template,关键词命中: 动态规划->动态规划 (via filename) | 含 main | 判定: runnable_template,high,,,true,a8ce661f25a8b4eafc5b827266599e8f8e157f269aa6b66f74e58efdca6cf5af,动态规划——俄罗斯套娃信封2.c,1978,93,0,0,0,"select,bs1,lengthOfLIS2,main","动态规划,俄罗斯套娃信封2,动态规划——俄罗斯套娃信封2"
templates/动态规划/动态规划——切棍子.c,templates/动态规划/动态规划/动态规划——切棍子.c,动态规划,动态规划,动态规划,runnable_template,关键词命中: 动态规划->动态规划 (via filename) | 含 main | 判定: runnable_template,high,,,true,23ee7cb9f52f43478bee32d8685c22d095d05defd1b75935c1da7536f4e7b735,动态规划——切棍子.c,1575,83,0,0,0,"merge,mergesort,min,f,minCost1,main","动态规划,切棍子,动态规划——切棍子"
templates/动态规划/动态规划——卖股票获利.c,templates/动态规划/动态规划/动态规划——卖股票获利.c,动态规划,动态规划,动态规划,application,关键词命中: 动态规划->动态规划 (via filename) | 含 main | 判定: application,high,,,true,84ee2b32148a0bad2b08d8af33b9543fc74c32ea6e52cd4e0130cf4ecb5e1a57,动态规划——卖股票获利.c,435,26,0,0,0,"min,main","动态规划,卖股票获利,动态规划——卖股票获利"
templates/动态规划/动态规划——反转后的最大累加和.c,templates/动态规划/动态规划/动态规划——反转后的最大累加和.c,动态规划,动态规划,动态规划,application,关键词命中: 动态规划->动态规划 (via filename) | 含 main | 判定: application,high,,,true,aa5b3de7cb7ad3613ba7e490b9b9d2c29514b1c74bed1d06e42a9b30f76c4b97,动态规划——反转后的最大累加和.c,1103,44,0,0,0,"max,main","动态规划,反转后的最大累加和,动态规划——反转后的最大累加和"
templates/动态规划/动态规划——合并石头.c,templates/动态规划/动态规划/动态规划——合并石头.c,动态规划,动态规划,动态规划,application,关键词命中: 动态规划->动态规划 (via filename) | 含 main | 判定: application,high,,,true,008663bbefb9f65e4fbef0a28a1cc9a1c2a3e93d4c2717344b1fa78a5f5d380e,动态规划——合并石头.c,1087,49,0,0,0,"min,main","动态规划,合并石头,动态规划——合并石头"
templates/动态规划/动态规划——回文串数量.c,templates/动态规划/动态规划/动态规划——回文串数量.c,动态规划,动态规划,动态规划,runnable_template,关键词命中: 动态规划->动态规划 (via filename) | 含 main | 判定: runnable_template,high,,,true,07feb96c4c25ef2fe3cc6c795c471f403f9d3b3165e6caff66d27f11cba998e7,动态规划——回文串数量.c,2184,71,0,0,0,main,"动态规划,回文串数量,动态规划——回文串数量"
templates/动态规划/动态规划——处理后效性.cpp,templates/动态规划/动态规划/动态规划——处理后效性.cpp,动态规划,动态规划,动态规划,runnable_template,关键词命中: 动态规划->动态规划 (via filename) | 含 main | 判定: runnable_template,high,,,true,60a22cb7a235277e7031547ba091e3b181984e4be7dab80efacb8d6d10ccad8a,动态规划——处理后效性.cpp,1405,55,1,0,0,"MAXN,node,cmp,main","动态规划,处理后效性,cpp,动态规划——处理后效性"
templates/动态规划/动态规划——多重背包.c,templates/动态规划/动态规划/动态规划——多重背包.c,动态规划,动态规划,动态规划,application,关键词命中: 动态规划->动态规划 (via filename) | 含 main | 判定: application,high,,,true,9fb5614b98d2e29dad0c14e3a6e2f1b7c9edb3ce7f308d513d713ff8a282fdf1,动态规划——多重背包.c,613,29,0,0,0,"max,main","动态规划,多重背包,动态规划——多重背包"
templates/动态规划/动态规划——多重背包.cpp,templates/动态规划/动态规划/动态规划——多重背包.cpp,动态规划,动态规划,动态规划,runnable_template,关键词命中: 动态规划->动态规划 (via filename) | 含 main | 代码内 URL×1 | 判定: runnable_template,high,https://www.luogu.com.cn/article/dz9q3o65,,true,652b5397ce9917ce5e3272b2975bf87c44e481251c8a80fbfffab59fa8e80f02,动态规划——多重背包.cpp,1197,58,2,1,0,"MAXM,MAXN,read,main","动态规划,多重背包,cpp,动态规划——多重背包"
templates/动态规划/动态规划——子序列问题.c,templates/动态规划/动态规划/动态规划——子序列问题.c,动态规划,动态规划,动态规划,runnable_template,关键词命中: 动态规划->动态规划 (via filename) | 含 main | 判定: runnable_template,high,,,true,97e8c016d6aea3b5f3e3029459bdf76141d0e8b6c214a535bbd28c1f0877a1a3,动态规划——子序列问题.c,1067,44,7,0,0,"f1,main","动态规划,子序列问题,动态规划——子序列问题"
templates/动态规划/动态规划——字典序最小的递增子序列.c,templates/动态规划/动态规划/动态规划——字典序最小的递增子序列.c,动态规划,动态规划,动态规划,runnable_template,关键词命中: 动态规划->动态规划 (via filename) | 含 main | 判定: runnable_template,high,,,true,1c82aa617eb8b8334f3f1176dc7a75f1c9694357b4daf6a0ca982beed6222934,动态规划——字典序最小的递增子序列.c,1448,74,0,0,0,"lis,dp_fill,binary_search,main","动态规划,字典序最小的递增子序列,动态规划——字典序最小的递增子序列"
templates/动态规划/动态规划——完全背包.c,templates/动态规划/动态规划/动态规划——完全背包.c,动态规划,动态规划,动态规划,application,关键词命中: 动态规划->动态规划 (via filename) | 含 main | 判定: application,high,,,true,9f2dbfccb68ddeece51cfae3f436d1903286bf3efc00d90e5bb5fffafef5b7bd,动态规划——完全背包.c,867,42,0,0,0,"max,main","动态规划,完全背包,动态规划——完全背包"
templates/动态规划/动态规划——寻找单词.c,templates/动态规划/动态规划/动态规划——寻找单词.c,动态规划,动态规划,动态规划,application,关键词命中: 动态规划->动态规划 (via filename) | 含 main | 判定: application,high,,,true,c0ac21725b002acd65cbb68f5186f0cdef0941a5d6f18c5eb6d0605c8c4fd580,动态规划——寻找单词.c,624,30,0,0,0,main,"动态规划,寻找单词,动态规划——寻找单词"
templates/动态规划/动态规划——干草问题.c,templates/动态规划/动态规划/动态规划——干草问题.c,动态规划,动态规划,动态规划,application,关键词命中: 动态规划->动态规划 (via filename) | 含 main | 判定: application,high,,,true,ec7ae869b73ce94b56361312f0a618409ca05925a7ccaca77ece8825a00f6cde,动态规划——干草问题.c,849,39,0,0,0,"min,main","动态规划,干草问题,动态规划——干草问题"
templates/动态规划/动态规划——快速最长递增子序列.cpp,templates/动态规划/动态规划/动态规划——快速最长递增子序列.cpp,动态规划,动态规划,动态规划,runnable_template,关键词命中: 动态规划->动态规划 (via filename) | 含 main | 判定: runnable_template,high,,,true,93d60c808dcc1ad6e8b8f325e851921b43afee131ab9732df33d548c7cf0ff46,动态规划——快速最长递增子序列.cpp,1475,76,1,0,0,"MAXN,compute,bs,main","动态规划,快速最长递增子序列,cpp,动态规划——快速最长递增子序列"
templates/动态规划/动态规划——悬线法.cpp,templates/动态规划/动态规划/动态规划——悬线法.cpp,动态规划,动态规划,动态规划,runnable_template,关键词命中: 动态规划->动态规划 (via filename) | 含 main | 判定: runnable_template,high,,,true,841c90521b07ceddad398ad33faf5d4d2d5605685fbefc440fca40e89aa679d1,动态规划——悬线法.cpp,1529,56,4,0,0,"MAXN,main","动态规划,悬线法,cpp,动态规划——悬线法"
templates/动态规划/动态规划——戳气球.c,templates/动态规划/动态规划/动态规划——戳气球.c,动态规划,动态规划,动态规划,runnable_template,关键词命中: 动态规划->动态规划 (via filename) | 含 main | 代码内 URL×1 | 判定: runnable_template,high,https://leetcode.cn/problems/burst-balloons/,,true,74d847305f77dea2caf01d97b448fe920d73308f40cad9e17a66284c36e19d45,动态规划——戳气球.c,1881,76,10,1,0,"max,f,maxCoins1,main","动态规划,戳气球,动态规划——戳气球"
templates/动态规划/动态规划——拼合字符.c,templates/动态规划/动态规划/动态规划——拼合字符.c,动态规划,动态规划,动态规划,runnable_template,关键词命中: 动态规划->动态规划 (via filename) | 含 main | 判定: runnable_template,high,,,true,dd2aaa076d76ef811be89e4c310b6452132680e6f243de696a2e88fcfe9766ae,动态规划——拼合字符.c,1317,57,0,0,0,"isInterleave1,main","动态规划,拼合字符,动态规划——拼合字符"
templates/动态规划/动态规划——插入字符形成回文串.c,templates/动态规划/动态规划/动态规划——插入字符形成回文串.c,动态规划,动态规划,动态规划,runnable_template,关键词命中: 动态规划->动态规划 (via filename) | 含 main | 判定: runnable_template,high,,,true,81fcde6b15465c7ca156efcbcd97b5e355f0a9e1e5a639dd08fb4bd8d1669502,动态规划——插入字符形成回文串.c,1140,55,0,0,0,"min,f1,f2,main","动态规划,插入字符形成回文串,动态规划——插入字符形成回文串"
templates/动态规划/动态规划——数位dp——windy数.c,templates/动态规划/动态规划/动态规划——数位dp——windy数.c,动态规划,动态规划,动态规划,runnable_template,关键词命中: DP->动态规划 (via filename) | 含 main | 代码内 URL×1 | 判定: runnable_template,high,https://www.luogu.com.cn/problem/P2657,,true,9a712b9f399a1436caa2a093a844edf3a8086d93521ea491d2c4f63b04a19cd4,动态规划——数位dp——windy数.c,3454,114,7,1,0,"build,f,cnt,main","动态规划,数位dp,windy数,动态规划——数位dp——windy数"
templates/动态规划/动态规划——数位dp——丑数.c,templates/动态规划/动态规划/动态规划——数位dp——丑数.c,动态规划,动态规划,动态规划,runnable_template,关键词命中: DP->动态规划 (via filename) | 含 main | 判定: runnable_template,high,,,true,1c3a0778722cd45f6e8a9a693d6f4018b61000e5c68fb74b5d06ac871ffc244a,动态规划——数位dp——丑数.c,1096,58,4,0,0,"min,main","动态规划,数位dp,丑数,动态规划——数位dp——丑数"
templates/动态规划/动态规划——数位dp——丑数优化.c,templates/动态规划/动态规划/动态规划——数位dp——丑数优化.c,动态规划,动态规划,动态规划,runnable_template,关键词命中: DP->动态规划 (via filename) | 含 main | 判定: runnable_template,high,,,true,bc182e5ff46b71da95db1862984deca59733a8b81502ba1df0d180ee02d019ae,动态规划——数位dp——丑数优化.c,754,40,1,0,0,"min,main","动态规划,数位dp,丑数优化,动态规划——数位dp——丑数优化"
templates/动态规划/动态规划——数位dp——互不相同的数字.c,templates/动态规划/动态规划/动态规划——数位dp——互不相同的数字.c,动态规划,动态规划,动态规划,runnable_template,关键词命中: DP->动态规划 (via filename) | 含 main | 代码内 URL×1 | 判定: runnable_template,high,https://leetcode.cn/problems/count-special-integers/,,true,adf79ad4e62429aa8d8672de3ed23f2a1971c27ed0b5912defc37e6fe7846437,动态规划——数位dp——互不相同的数字.c,2680,92,3,1,0,"f,countSpecialNumbers,main","动态规划,数位dp,互不相同的数字,动态规划——数位dp——互不相同的数字"
templates/动态规划/动态规划——数位dp——分配重复数字.c,templates/动态规划/动态规划/动态规划——数位dp——分配重复数字.c,动态规划,动态规划,动态规划,runnable_template,关键词命中: DP->动态规划 (via filename) | 含 main | 判定: runnable_template,high,,,true,27c7abcb7e08dfd99b829825587a070c24bae3ae7d53805cc198ad277371c935,动态规划——数位dp——分配重复数字.c,3056,132,5,0,0,"merge,mergesort,f,main","动态规划,数位dp,分配重复数字,动态规划——数位dp——分配重复数字"
templates/动态规划/动态规划——数位dp——合成不超过n的数字.c,templates/动态规划/动态规划/动态规划——数位dp——合成不超过n的数字.c,动态规划,动态规划,动态规划,runnable_template,关键词命中: DP->动态规划 (via filename) | 含 main | 判定: runnable_template,high,,,true,31af352269afaea85d07d73862c70dd51e22d4d7474c2ffe4c1f053cc913323e,动态规划——数位dp——合成不超过n的数字.c,1249,53,0,0,0,"fun,main","动态规划,数位dp,合成不超过n的数字,动态规划——数位dp——合成不超过n的数字"
templates/动态规划/动态规划——数位dp——非连续1.c,templates/动态规划/动态规划/动态规划——数位dp——非连续1.c,动态规划,动态规划,动态规划,runnable_template,关键词命中: DP->动态规划 (via filename) | 含 main | 代码内 URL×1 | 判定: runnable_template,high,https://leetcode.cn/problems/non-negative-integers-without-consecutive-ones/,,true,6c3babd5c5d1b7bbb4371ca08d4b8a310568af1f418c4ec4e3de355978b8ab57,动态规划——数位dp——非连续1.c,2194,77,4,1,0,"f,findIntegers1,findIntegersIterative,main","动态规划,数位dp,非连续1,动态规划——数位dp——非连续1"
templates/动态规划/动态规划——数码个数.c,templates/动态规划/动态规划/动态规划——数码个数.c,动态规划,动态规划,动态规划,runnable_template,关键词命中: 动态规划->动态规划 (via filename) | 含 main | 判定: runnable_template,high,,,true,4fd6868e1e5323780fb1624c4a23fa7090b1f06b09518d8086f0b16465efee28,动态规划——数码个数.c,1966,75,0,0,0,"count,digitsCount,main","动态规划,数码个数,动态规划——数码个数"
templates/动态规划/动态规划——无重叠三个最大子数组之和.c,templates/动态规划/动态规划/动态规划——无重叠三个最大子数组之和.c,动态规划,动态规划,动态规划,application,关键词命中: 动态规划->动态规划 (via filename) | 含 main | 判定: application,high,,,true,322df57762de077b89aee94d184701b90ebb832b4b7d3ff065e1b5b03f24417f,动态规划——无重叠三个最大子数组之和.c,1689,66,0,0,0,main,"动态规划,无重叠三个最大子数组之和,动态规划——无重叠三个最大子数组之和"
templates/动态规划/动态规划——最低票价.c,templates/动态规划/动态规划/动态规划——最低票价.c,动态规划,动态规划,动态规划,runnable_template,关键词命中: 动态规划->动态规划 (via filename) | 含 main | 代码内 URL×1 | 判定: runnable_template,high,https://leetcode.cn/problems/minimum-cost-for-tickets/,,true,58ebb831f77fbddd33e121f994114145e32209114ad478693f0c2bc0bdfc0e5b,动态规划——最低票价.c,2607,95,15,1,0,"f1,mincostTickets2,f2,main","动态规划,最低票价,动态规划——最低票价"
templates/动态规划/动态规划——最大字符串长度.c,templates/动态规划/动态规划/动态规划——最大字符串长度.c,动态规划,动态规划,动态规划,runnable_template,关键词命中: 动态规划->动态规划 (via filename) | 含 main | 判定: runnable_template,high,,,true,c97bf530f2e88618aa49ac41bbb151f36a8a609424965097514b1c0e26f74e5d,动态规划——最大字符串长度.c,733,38,0,0,0,main,"动态规划,最大字符串长度,动态规划——最大字符串长度"
templates/动态规划/动态规划——最大环形两段和.cpp,templates/动态规划/动态规划/动态规划——最大环形两段和.cpp,动态规划,动态规划,动态规划,runnable_template,关键词命中: 动态规划->动态规划 (via filename) | 含 main | 判定: runnable_template,high,,,true,d2746de9960e14d2775869d93de15f05b2f825530f3d61fa8ccdf0a22af98260,动态规划——最大环形两段和.cpp,1161,41,1,0,0,"INF,N,query,main","动态规划,最大环形两段和,cpp,动态规划——最大环形两段和"
templates/动态规划/动态规划——最小路径和.c,templates/动态规划/动态规划/动态规划——最小路径和.c,动态规划,动态规划,动态规划,application,关键词命中: 动态规划->动态规划 (via filename) | 含 main | 判定: application,high,,,true,a70708878ba87afcac5af2983417486eb1f7d51510ce9e3b4e5de345a913f0f1,动态规划——最小路径和.c,822,37,0,0,0,main,"动态规划,最小路径和,动态规划——最小路径和"
templates/动态规划/动态规划——最长公共子序列.c,templates/动态规划/动态规划/动态规划——最长公共子序列.c,动态规划,动态规划,动态规划,runnable_template,关键词命中: 动态规划->动态规划 (via filename) | 含 main | 代码内 URL×1 | 判定: runnable_template,high,https://leetcode.cn/problems/longest-common-subsequence/,,true,e638232f5e119871f19746a59ff97f03923c98ff4f2e17ee64b4a1368f589ecf,动态规划——最长公共子序列.c,2815,114,8,1,0,"max,f1,f2,f3,longest,longest2,main","动态规划,最长公共子序列,动态规划——最长公共子序列"
templates/动态规划/动态规划——最长公共子序列.cpp,templates/动态规划/动态规划/动态规划——最长公共子序列.cpp,动态规划,动态规划,动态规划,runnable_template,关键词命中: 动态规划->动态规划 (via filename) | 含 main | 代码内题号×1 | 判定: runnable_template,high,,P1439,true,27ca0c820448794924bbcd337ff525012773277d3faa2f9e6fec7cdf7d3302df,动态规划——最长公共子序列.cpp,2023,98,1,0,1,"MAXN,f1,max,f2,f3,longest,longest2,main","动态规划,最长公共子序列,cpp,动态规划——最长公共子序列"
templates/动态规划/动态规划——最长有效括号长度.c,templates/动态规划/动态规划/动态规划——最长有效括号长度.c,动态规划,动态规划,动态规划,runnable_template,关键词命中: 动态规划->动态规划 (via filename) | 含 main | 代码内 URL×1 | 判定: runnable_template,high,https://leetcode.cn/problems/longest-valid-parentheses/,,true,00b32013aec28559efdb7d0bae821f60e72a4740fb8a411eb7359a4c9879376b,动态规划——最长有效括号长度.c,852,36,6,1,0,main,"动态规划,最长有效括号长度,动态规划——最长有效括号长度"
templates/动态规划/动态规划——最长递增子序列长度.c,templates/动态规划/动态规划/动态规划——最长递增子序列长度.c,动态规划,动态规划,动态规划,runnable_template,关键词命中: 动态规划->动态规划 (via filename) | 含 main | 判定: runnable_template,high,,,true,d3576901e3f1fb5aaa71e0cf432809c6a85771f090cbf8a4b493d49fcd00f842,动态规划——最长递增子序列长度.c,1908,76,0,0,0,"bs1,lengthOfLIS2,main","动态规划,最长递增子序列长度,动态规划——最长递增子序列长度"
templates/动态规划/动态规划——最长递增数字串长度.c,templates/动态规划/动态规划/动态规划——最长递增数字串长度.c,动态规划,动态规划,动态规划,runnable_template,关键词命中: 动态规划->动态规划 (via filename) | 含 main | 判定: runnable_template,high,,,true,81efcbcdbb1321a9ac84ff5b818fafb5528e5918bb118f6edf2029cf1583d5b2,动态规划——最长递增数字串长度.c,1030,50,0,0,0,"f1,max,main","动态规划,最长递增数字串长度,动态规划——最长递增数字串长度"
templates/动态规划/动态规划——树形dp  bst.cpp,templates/动态规划/动态规划/动态规划——树形dp  bst.cpp,动态规划,动态规划,动态规划,runnable_template,关键词命中: DP->动态规划 (via filename) | 含 main | 代码内 URL×1 | 判定: runnable_template,high,https://leetcode.cn/problems/largest-bst-subtree/,,true,b39b78858c8c2995d7891de73be066a59af7acfbb6c1847d051a5617d43fef4f,动态规划——树形dp  bst.cpp,2465,78,9,1,0,"TreeNode,Info,f,largestBSTSubtree,main","动态规划,树形dp  bst,cpp,动态规划——树形dp  bst"
templates/动态规划/动态规划——树形dp  bst求和.cpp,templates/动态规划/动态规划/动态规划——树形dp  bst求和.cpp,动态规划,动态规划,动态规划,runnable_template,关键词命中: DP->动态规划 (via filename) | 含 main | 代码内 URL×1 | 判定: runnable_template,high,https://leetcode.cn/problems/maximum-sum-bst-in-binary-tree/,,true,2952789c97540f89d69fd6211b6afb716891616ac1ba04b10930e443fe687e16,动态规划——树形dp  bst求和.cpp,2367,83,8,1,0,"TreeNode,Info,f,largestBSTSubtree,main","动态规划,树形dp  bst求和,cpp,动态规划——树形dp  bst求和"
templates/动态规划/动态规划——树形dp  dfn序.cpp,templates/动态规划/动态规划/动态规划——树形dp  dfn序.cpp,动态规划,动态规划,动态规划,runnable_template,关键词命中: DP->动态规划 (via filename) | 含 main | 代码内 URL×1 | 判定: runnable_template,high,https://leetcode.cn/problems/minimum-score-after-removals-on-a-tree/,,true,5aeb9dfbb09c064d487778643916599a72182200ffbcbafb63c18b816fd4cc4b,动态规划——树形dp  dfn序.cpp,2791,92,10,1,0,"MAXN,f,main","动态规划,树形dp  dfn序,cpp,动态规划——树形dp  dfn序"
templates/动态规划/动态规划——树形dp  区间和.cpp,templates/动态规划/动态规划/动态规划——树形dp  区间和.cpp,动态规划,动态规划,动态规划,runnable_template,关键词命中: DP->动态规划 (via filename) | 含 main | 代码内 URL×1 | 判定: runnable_template,high,https://leetcode.cn/problems/path-sum-iii/,,true,f3a17f9894db4fb3ae4cdc7284284fba6bfc00c12d6bfb13ef11018b13c08865,动态规划——树形dp  区间和.cpp,1571,53,6,1,0,"TreeNode,f,pathSum,main","动态规划,树形dp  区间和,cpp,动态规划——树形dp  区间和"
templates/动态规划/动态规划——树形dp  字符.cpp,templates/动态规划/动态规划/动态规划——树形dp  字符.cpp,动态规划,动态规划,动态规划,runnable_template,关键词命中: DP->动态规划 (via filename) | 含 main | 代码内 URL×1 | 判定: runnable_template,high,https://leetcode.cn/problems/longest-path-with-different-adjacent-characters/,,true,6200faba405648a20dbb74c657a56750af2973269e4a1e791533a901c068c15f,动态规划——树形dp  字符.cpp,2165,74,10,1,0,"MAXN,Info,f,main","动态规划,树形dp  字符,cpp,动态规划——树形dp  字符"
templates/动态规划/动态规划——树形dp  油耗.cpp,templates/动态规划/动态规划/动态规划——树形dp  油耗.cpp,动态规划,动态规划,动态规划,runnable_template,关键词命中: DP->动态规划 (via filename) | 含 main | 代码内 URL×1 | 判定: runnable_template,high,https://leetcode.cn/problems/minimum-fuel-cost-to-report-to-the-capital/,,true,957fdfa89cd5ebdaa9b2eec6a8047e95edf62c61a67cf7e0eed5a6c6b44d1b68,动态规划——树形dp  油耗.cpp,1770,57,11,1,0,"MAXN,f,main","动态规划,树形dp  油耗,cpp,动态规划——树形dp  油耗"
templates/动态规划/动态规划——树形dp  监视.cpp,templates/动态规划/动态规划/动态规划——树形dp  监视.cpp,动态规划,动态规划,动态规划,runnable_template,关键词命中: DP->动态规划 (via filename) | 含 main | 代码内 URL×1 | 判定: runnable_template,high,https://leetcode.cn/problems/binary-tree-cameras/,,true,59cc1af533b4c6b0289af6faaeb06deb02bb53de31e69714457f256c6c94ce5c,动态规划——树形dp  监视.cpp,1589,62,5,1,0,"TreeNode,f,minCameraCover,main","动态规划,树形dp  监视,cpp,动态规划——树形dp  监视"
templates/动态规划/动态规划——树形dp  直径.cpp,templates/动态规划/动态规划/动态规划——树形dp  直径.cpp,动态规划,动态规划,动态规划,runnable_template,关键词命中: DP->动态规划 (via filename) | 含 main | 代码内 URL×1 | 判定: runnable_template,high,https://leetcode.cn/problems/diameter-of-binary-tree/,,true,b874123a79db49d892b3740c2762282c7acbd4c0ec3ce20f297d4ed518e5f5b1,动态规划——树形dp  直径.cpp,1364,55,6,1,0,"TreeNode,Info,f,diametertree,main","动态规划,树形dp  直径,cpp,动态规划——树形dp  直径"
templates/动态规划/动态规划——树形dp  移金币.cpp,templates/动态规划/动态规划/动态规划——树形dp  移金币.cpp,动态规划,动态规划,动态规划,runnable_template,关键词命中: DP->动态规划 (via filename) | 含 main | 代码内 URL×1 | 判定: runnable_template,high,https://leetcode.cn/problems/distribute-coins-in-binary-tree/,,true,e5be8a8c6465ac6d697ca8c7e5aeb232478a73e8703ba4e04199ffb157c9dd6a,动态规划——树形dp  移金币.cpp,1543,58,8,1,0,"TreeNode,Info,f,movestree,main","动态规划,树形dp  移金币,cpp,动态规划——树形dp  移金币"
templates/动态规划/动态规划——树形dp  舞会.cpp,templates/动态规划/动态规划/动态规划——树形dp  舞会.cpp,动态规划,动态规划,动态规划,runnable_template,关键词命中: DP->动态规划 (via filename) | 含 main | 代码内 URL×2 | 判定: runnable_template,high,https://www.luogu.com.cn/problem/P1352,,true,7bcf3d99ca6ff368eaed1a22806126247b46e0c755fbcf399bcc568fe5e99f2f,动态规划——树形dp  舞会.cpp,1834,72,15,2,0,"MAXN,f,main","动态规划,树形dp  舞会,cpp,动态规划——树形dp  舞会"
templates/动态规划/动态规划——树形dp  选课.cpp,templates/动态规划/动态规划/动态规划——树形dp  选课.cpp,动态规划,动态规划,动态规划,runnable_template,关键词命中: DP->动态规划 (via filename) | 含 main | 代码内 URL×1 | 判定: runnable_template,high,https://www.luogu.com.cn/problem/P2014,,true,54d5c194fcce56cc744a2628398c78eb7eedafdb90923e4c70979ab9c312857d,动态规划——树形dp  选课.cpp,2170,75,11,1,0,"MAXN,f,main","动态规划,树形dp  选课,cpp,动态规划——树形dp  选课"
templates/动态规划/动态规划——树形dp  高度.cpp,templates/动态规划/动态规划/动态规划——树形dp  高度.cpp,动态规划,动态规划,动态规划,runnable_template,关键词命中: DP->动态规划 (via filename) | 含 main | 代码内 URL×1 | 判定: runnable_template,high,https://leetcode.cn/problems/height-of-binary-tree-after-subtree-removal-queries/,,true,284336505789cc6bdce71797475a3b082f48c94a38814799a813918e41f4af12,动态规划——树形dp  高度.cpp,2836,97,13,1,0,"MAXN,TreeNode,f,treeQueries,main","动态规划,树形dp  高度,cpp,动态规划——树形dp  高度"
templates/动态规划/动态规划——求余除7.c,templates/动态规划/动态规划/动态规划——求余除7.c,动态规划,动态规划,动态规划,runnable_template,关键词命中: 动态规划->动态规划 (via filename) | 含 main | 判定: runnable_template,high,,,true,b1dc5508ae453523a551c497107edb9f2c5a8a7bf5b6ba24858d8cebd43f83e7,动态规划——求余除7.c,1037,43,4,0,0,"max,main","动态规划,求余除7,动态规划——求余除7"
templates/动态规划/动态规划——涂木板.c,templates/动态规划/动态规划/动态规划——涂木板.c,动态规划,动态规划,动态规划,runnable_template,关键词命中: 动态规划->动态规划 (via filename) | 含 main | 判定: runnable_template,high,,,true,704bd5d4cad4a166cc92d27379296234ac3ef6c63f81ff85d018a90b8217d124,动态规划——涂木板.c,1294,56,9,0,0,"min,compute,main","动态规划,涂木板,动态规划——涂木板"
templates/动态规划/动态规划——状压dp.cpp,templates/动态规划/动态规划/动态规划——状压dp.cpp,动态规划,动态规划,动态规划,runnable_template,关键词命中: DP->动态规划 (via filename) | 含 main | 代码内 URL×1 | 判定: runnable_template,high,https://www.luogu.com.cn/problem/P1879,,true,4b891a9744d55ebf7f95f56ba03ebab441880ee8ca89cefc485d0cb89e263bd7,动态规划——状压dp.cpp,2309,89,11,1,0,"MAXN,MAXM,MOD,MAXS,f,get,set,dfs","动态规划,状压dp,cpp,动态规划——状压dp"
templates/动态规划/动态规划——状压dp——tsp问题.c,templates/动态规划/动态规划/动态规划——状压dp——tsp问题.c,动态规划,动态规划,动态规划,runnable_template,关键词命中: DP->动态规划 (via filename) | 含 main | 判定: runnable_template,high,,,true,f9a398a6da46a3a4c3b640589314aed655de3c7bf151eece7d685da5466c4b99,动态规划——状压dp——tsp问题.c,942,50,0,0,0,"min,f,main","动态规划,状压dp,tsp问题,动态规划——状压dp——tsp问题"
templates/动态规划/动态规划——状压dp——拼火柴.c,templates/动态规划/动态规划/动态规划——状压dp——拼火柴.c,动态规划,动态规划,动态规划,runnable_template,关键词命中: DP->动态规划 (via filename) | 含 main | 判定: runnable_template,high,,,true,97e8d71d0350128982fa8ee6cea5a15e2ec896d60e71351e7d36ba0ae72eb5a6,动态规划——状压dp——拼火柴.c,1620,63,0,0,0,"f,makesquare,main","动态规划,状压dp,拼火柴,动态规划——状压dp——拼火柴"
templates/动态规划/动态规划——状态压缩——好子集.c,templates/动态规划/动态规划/动态规划——状态压缩——好子集.c,动态规划,动态规划,动态规划,runnable_template,关键词命中: 动态规划->动态规划 (via filename) | 含 main | 判定: runnable_template,high,,,true,cd1f45901b0db493f930d91b49e859c3e7bdb2456cbcb93ee225d3fac9421648,动态规划——状态压缩——好子集.c,2402,106,0,0,0,"f1,numberOfGoodSubsets1,main","动态规划,状态压缩,好子集,动态规划——状态压缩——好子集"
templates/动态规划/动态规划——相邻元素最大乘积.c,templates/动态规划/动态规划/动态规划——相邻元素最大乘积.c,动态规划,动态规划,动态规划,runnable_template,关键词命中: 动态规划->动态规划 (via filename) | 含 main | 判定: runnable_template,high,,,true,403120e91796f41ba34a8794a5dbaf80b93a034eb46a86ef9e894960e7e772a7,动态规划——相邻元素最大乘积.c,951,41,5,0,0,"minest,maxest,main","动态规划,相邻元素最大乘积,动态规划——相邻元素最大乘积"
templates/动态规划/动态规划——相邻元素最大累加和.c,templates/动态规划/动态规划/动态规划——相邻元素最大累加和.c,动态规划,动态规划,动态规划,application,关键词命中: 动态规划->动态规划 (via filename) | 含 main | 判定: application,high,,,true,d485a2dc5075fbba422849dd00ca85f1578878916df92bf895003a803b0b0683,动态规划——相邻元素最大累加和.c,392,23,0,0,0,main,"动态规划,相邻元素最大累加和,动态规划——相邻元素最大累加和"
templates/动态规划/动态规划——累加和接近一半.c,templates/动态规划/动态规划/动态规划——累加和接近一半.c,动态规划,动态规划,动态规划,application,关键词命中: 动态规划->动态规划 (via filename) | 含 main | 判定: application,high,,,true,d72c561b880262b8f98a7da05e5f9ecad045e827b01039d5ba161c3e1770a427,动态规划——累加和接近一半.c,575,29,0,0,0,"max,main","动态规划,累加和接近一半,动态规划——累加和接近一半"
templates/动态规划/动态规划——组合数字小于n.c,templates/数学/动态规划/动态规划——组合数字小于n.c,动态规划,数学,动态规划,runnable_template,关键词命中: 组合数->数学 (via filename) | 含 main | 判定: runnable_template,high,,,true,4b38c2244d2e54c6a9d9f1bd60c6829a6ad9a5406c6c975072d2004f05347f13,动态规划——组合数字小于n.c,2840,98,0,0,0,"f1,f2,main","动态规划,组合数字小于n,动态规划——组合数字小于n"
templates/动态规划/动态规划——统计整数.c,templates/动态规划/动态规划/动态规划——统计整数.c,动态规划,动态规划,动态规划,runnable_template,关键词命中: 动态规划->动态规划 (via filename) | 含 main | 代码内 URL×1 | 判定: runnable_template,high,https://leetcode.cn/problems/count-of-integers/,,true,d77a2778f6241ccfb547c0641a8664d8f8482fdb1bd1887a4a1505f76852a1e3,动态规划——统计整数.c,2745,104,9,1,0,"build,f,count,main","动态规划,统计整数,动态规划——统计整数"
templates/动态规划/动态规划——编辑距离.c,templates/动态规划/动态规划/动态规划——编辑距离.c,动态规划,动态规划,动态规划,application,关键词命中: 动态规划->动态规划 (via filename) | 含 main | 判定: application,high,,,true,3fef24786c6c8fa74e0ccebd1a49db7a2dbc6281f53ba2a1fdca49187fdda1dd,动态规划——编辑距离.c,2610,82,20,0,0,"min,f1,main","动态规划,编辑距离,动态规划——编辑距离"
templates/动态规划/动态规划——股票交易（k次交易）.c,templates/动态规划/动态规划/动态规划——股票交易（k次交易）.c,动态规划,动态规划,动态规划,runnable_template,关键词命中: 动态规划->动态规划 (via filename) | 含 main | 判定: runnable_template,high,,,true,672530fb167931de6b48fe7a1df81075bf4db7b79091eac91bfbd4bce116ac6b,动态规划——股票交易（k次交易）.c,1250,55,0,0,0,"max,maxprofit,maxprofit2,main","动态规划,股票交易（k次交易）,动态规划——股票交易（k次交易）"
templates/动态规划/动态规划——股票交易（两次交易）.c,templates/动态规划/动态规划/动态规划——股票交易（两次交易）.c,动态规划,动态规划,动态规划,runnable_template,关键词命中: 动态规划->动态规划 (via filename) | 含 main | 判定: runnable_template,high,,,true,11bd98744c025471e5d80fbe4095a3c818e30cb0c5250544e8ca082fb2ce7fb7,动态规划——股票交易（两次交易）.c,2617,111,0,0,0,"max,min,maxprofit,maxprofit2,maxprofit3,maxprofit4,main","动态规划,股票交易（两次交易）,动态规划——股票交易（两次交易）"
templates/动态规划/动态规划——股票交易（手续费）.c,templates/动态规划/动态规划/动态规划——股票交易（手续费）.c,动态规划,动态规划,动态规划,runnable_template,关键词命中: 动态规划->动态规划 (via filename) | 含 main | 判定: runnable_template,high,,,true,8e7de1104a11a2fc3fe081cd13bdcb3bca75c3336d48f3744b29f014aa7a28c4,动态规划——股票交易（手续费）.c,995,30,0,0,0,"maxProfit,main","动态规划,股票交易（手续费）,动态规划——股票交易（手续费）"
templates/动态规划/动态规划——解码方法.c,templates/动态规划/动态规划/动态规划——解码方法.c,动态规划,动态规划,动态规划,runnable_template,关键词命中: 动态规划->动态规划 (via filename) | 含 main | 判定: runnable_template,high,,,true,dd848aaaf08a45ade00f1a52798b11ecbcb62ba5f8fc33c8948d90caddf2bd59,动态规划——解码方法.c,1745,86,4,0,0,"f1,kinds,f2,kinds2,main","动态规划,解码方法,动态规划——解码方法"
templates/动态规划/动态规划——超长最长公共子序列.cpp,templates/动态规划/动态规划/动态规划——超长最长公共子序列.cpp,动态规划,动态规划,动态规划,application,关键词命中: 动态规划->动态规划 (via filename) | 含 main | 判定: application,high,,,true,25f6eed9e924b5b98b573c1b4035876b72c732b6f3274f578dcd27f6dbf1b7f7,动态规划——超长最长公共子序列.cpp,736,39,1,0,0,main,"动态规划,超长最长公共子序列,cpp,动态规划——超长最长公共子序列"
templates/动态规划/动态规划——选择数字.c,templates/动态规划/动态规划/动态规划——选择数字.c,动态规划,动态规划,动态规划,runnable_template,关键词命中: 动态规划->动态规划 (via filename) | 含 main | 判定: runnable_template,high,,,true,63041dae326312826571a34c7cb35125209034144ed6436ce314f23b86d571ab,动态规划——选择数字.c,1894,70,0,0,0,"f,canIWin,main","动态规划,选择数字,动态规划——选择数字"
templates/动态规划/动态规划——重复利用结合dfs.cpp,templates/动态规划/动态规划/动态规划——重复利用结合dfs.cpp,动态规划,动态规划,动态规划,application,关键词命中: 动态规划->动态规划 (via filename) | 含 main | 判定: application,high,,,true,421dfc332638215d1b07392e7f6c18bb2d1fc111cd0e40785c1d18ff1efa97a8,动态规划——重复利用结合dfs.cpp,2078,82,1,0,0,"MAXN,MAXM,check,dfs,main","动态规划,重复利用结合dfs,cpp,动态规划——重复利用结合dfs"
templates/动态规划/动态规划——预测赢家.c,templates/动态规划/动态规划/动态规划——预测赢家.c,动态规划,动态规划,动态规划,runnable_template,关键词命中: 动态规划->动态规划 (via filename) | 含 main | 判定: runnable_template,high,,,true,9ddf1224a908f74f8a7639a1f9fdaaa3aaf0ddc7628d043a95bb4413d1e64639,动态规划——预测赢家.c,2190,103,0,0,0,"max,min,f1,predict,f2,predict2,main","动态规划,预测赢家,动态规划——预测赢家"
templates/动态规划/动态规划优化.cpp,templates/动态规划/动态规划/动态规划优化.cpp,动态规划,动态规划,动态规划,runnable_template,关键词命中: 动态规划->动态规划 (via filename) | 含 main | 代码内 URL×1 | 判定: runnable_template,high,https://leetcode.cn/problems/cherry-pickup/,,true,6d4d79f8fb9f79a7ab69848586eec555f7f0712ebc8f5c94cbdfa6fb0ca3e422,动态规划优化.cpp,1721,64,12,1,0,"f,main","动态规划优化,cpp"
templates/动态规划/动态规划优化——优化转移方程.cpp,templates/动态规划/动态规划优化/动态规划优化——优化转移方程.cpp,动态规划,动态规划,动态规划优化,runnable_template,关键词命中: 动态规划->动态规划 (via filename) | 含 main | 判定: runnable_template,high,,,true,2c6958e2b94b0633aec925822e2b593ca9608a3d570c96fc1e3bd8c22d087005,动态规划优化——优化转移方程.cpp,2917,108,13,0,0,"MAXN,f,best1,best2,random,main","动态规划优化,优化转移方程,cpp,动态规划优化——优化转移方程"
templates/动态规划/动态规划优化——倍增优化.cpp,templates/基础算法/动态规划优化/动态规划优化——倍增优化.cpp,动态规划,基础算法,动态规划优化,runnable_template,关键词命中: 倍增->基础算法 (via filename) | 含 main | 代码内 URL×1 | 判定: runnable_template,high,https://www.luogu.com.cn/problem/P1613,,true,f0d95166ba0d0cfd3aa80a320570917670a38da5dbc885699f552de2bcdb8b47,动态规划优化——倍增优化.cpp,1907,72,9,1,0,"MAXN,MAXP,NA,compute,main","动态规划优化,倍增优化,cpp,动态规划优化——倍增优化"
templates/动态规划/动态规划优化——公共字符串.cpp,templates/动态规划/动态规划优化/动态规划优化——公共字符串.cpp,动态规划,动态规划,动态规划优化,example,关键词命中: 动态规划->动态规划 (via filename) | 含 main | 判定: example,high,,,true,b79a4085e99f3a6af4c1349def1d999cded0344f5bd4ad29425b6ed09eab37c4,动态规划优化——公共字符串.cpp,4518,166,8,0,0,"randomString,lcs1,dp,MAXN,MAXM,NA,build,f","动态规划优化,公共字符串,cpp,动态规划优化——公共字符串"
templates/动态规划/动态规划优化——单调sumsum.cpp,templates/动态规划/动态规划优化/动态规划优化——单调sumsum.cpp,动态规划,动态规划,动态规划优化,runnable_template,关键词命中: 动态规划->动态规划 (via filename) | 含 main | 代码内 URL×1 | 判定: runnable_template,high,https://leetcode.cn/problems/sum-of-total-strength-of-wizards/,,true,33045a0524af4f45f671c09d08130d466332105610a8538b850b65a6f196c2c2,动态规划优化——单调sumsum.cpp,1685,64,8,1,0,"MOD,sum,main","动态规划优化,单调sumsum,cpp,动态规划优化——单调sumsum"
templates/动态规划/动态规划优化——单调刷木板.cpp,templates/动态规划/动态规划优化/动态规划优化——单调刷木板.cpp,动态规划,动态规划,动态规划优化,runnable_template,关键词命中: 动态规划->动态规划 (via filename) | 含 main | 代码内 URL×1 | 判定: runnable_template,high,http://poj.org/problem?id=1821,,true,31b82bba5d2293d449d9f64b240fbd754c6a369e0ed22c9df5339d0081de451b,动态规划优化——单调刷木板.cpp,1707,65,12,1,0,"worker,cmp,value,main","动态规划优化,单调刷木板,cpp,动态规划优化——单调刷木板"
templates/动态规划/动态规划优化——单调收集能量.cpp,templates/动态规划/动态规划优化/动态规划优化——单调收集能量.cpp,动态规划,动态规划,动态规划优化,runnable_template,关键词命中: 动态规划->动态规划 (via filename) | 含 main | 代码内 URL×1 | 判定: runnable_template,high,https://www.luogu.com.cn/problem/P3800,,true,63274b487ec01bbd711df52c62852307d774e783e8f1883679e2feb3b2729e48,动态规划优化——单调收集能量.cpp,1448,61,12,1,0,"add,overdue,main","动态规划优化,单调收集能量,cpp,动态规划优化——单调收集能量"
templates/动态规划/动态规划优化——单调求和.cpp,templates/动态规划/动态规划优化/动态规划优化——单调求和.cpp,动态规划,动态规划,动态规划优化,runnable_template,关键词命中: 动态规划->动态规划 (via filename) | 含 main | 代码内 URL×1 | 判定: runnable_template,high,https://www.luogu.com.cn/problem/P2627,,true,28434d07efa00e3483bfbd436e5c908f1596f6ad05ca584c8e3c63dab4fdd1bf,动态规划优化——单调求和.cpp,1063,47,8,1,0,"value,main","动态规划优化,单调求和,cpp,动态规划优化——单调求和"
templates/动态规划/动态规划优化——单调移动.cpp,templates/动态规划/动态规划优化/动态规划优化——单调移动.cpp,动态规划,动态规划,动态规划优化,runnable_template,关键词命中: 动态规划->动态规划 (via filename) | 含 main | 代码内 URL×1 | 判定: runnable_template,high,https://leetcode.cn/problems/minimum-total-distance-traveled/,,true,9a7031a7dae8c4faaa184895324380be4d3cb20eed05ab567a0ff5ac50b61709,动态规划优化——单调移动.cpp,2764,103,11,1,0,"NA,MAXN,MAXM,node,cmp,dist,abs,value","动态规划优化,单调移动,cpp,动态规划优化——单调移动"
templates/动态规划/动态规划优化——单调跳跃.cpp,templates/动态规划/动态规划优化/动态规划优化——单调跳跃.cpp,动态规划,动态规划,动态规划优化,runnable_template,关键词命中: 动态规划->动态规划 (via filename) | 含 main | 代码内 URL×1 | 判定: runnable_template,high,https://www.luogu.com.cn/problem/P1725,,true,9d6569a743eb1836abab8e32ab35f3c181cc1dc81ea7e841df6de1a676a014e4,动态规划优化——单调跳跃.cpp,1184,55,10,1,0,"add,overdue,main","动态规划优化,单调跳跃,cpp,动态规划优化——单调跳跃"
templates/动态规划/动态规划优化——单调运货.cpp,templates/动态规划/动态规划优化/动态规划优化——单调运货.cpp,动态规划,动态规划,动态规划优化,runnable_template,关键词命中: 动态规划->动态规划 (via filename) | 含 main | 代码内 URL×1 | 判定: runnable_template,high,https://leetcode.cn/problems/delivering-boxes-from-storage-to-ports/,,true,b2acd0f8d557505845fc82e50fab5674c2bc2f303cf4af626dd6e33ea8676a8b,动态规划优化——单调运货.cpp,2004,54,11,1,0,main,"动态规划优化,单调运货,cpp,动态规划优化——单调运货"
templates/动态规划/动态规划优化——开会.cpp,templates/动态规划/动态规划优化/动态规划优化——开会.cpp,动态规划,动态规划,动态规划优化,runnable_template,关键词命中: 动态规划->动态规划 (via filename) | 含 main | 代码内 URL×1 | 判定: runnable_template,high,https://leetcode.cn/problems/maximum-number-of-events-that-can-be-attended-ii/,,true,5ba1b64c39b9e0f4a4569bc8a50eda55187fbbc7e8403b486fb2c84acea9d29c,动态规划优化——开会.cpp,1796,64,10,1,0,"meeting,cmp,find,main,dp","动态规划优化,开会,cpp,动态规划优化——开会"
templates/动态规划/动态规划优化——扔鸡蛋.cpp,templates/动态规划/动态规划优化/动态规划优化——扔鸡蛋.cpp,动态规划,动态规划,动态规划优化,runnable_template,关键词命中: 动态规划->动态规划 (via filename) | 含 main | 代码内 URL×1 | 判定: runnable_template,high,https://leetcode.cn/problems/super-egg-drop/,,true,d5f75b5d00bb460535a1ee870e54f630202b994309275ecfd4da8da6b527e3cd,动态规划优化——扔鸡蛋.cpp,744,33,8,1,0,main,"动态规划优化,扔鸡蛋,cpp,动态规划优化——扔鸡蛋"
templates/动态规划/动态规划优化——放珠子.cpp,templates/动态规划/动态规划优化/动态规划优化——放珠子.cpp,动态规划,动态规划,动态规划优化,runnable_template,关键词命中: 动态规划->动态规划 (via filename) | 含 main | 代码内 URL×1 | 判定: runnable_template,high,https://leetcode.cn/problems/put-marbles-in-bags/,,true,d24fd0a9c8fa788bcf4d19301a5157ad33a9b9ca76bbb896386291612a6c5aa2,动态规划优化——放珠子.cpp,1005,36,11,1,0,main,"动态规划优化,放珠子,cpp,动态规划优化——放珠子"
templates/动态规划/动态规划优化——放盘子.cpp,templates/动态规划/动态规划优化/动态规划优化——放盘子.cpp,动态规划,动态规划,动态规划优化,runnable_template,关键词命中: 动态规划->动态规划 (via filename) | 含 main | 判定: runnable_template,high,,,true,ce72840f217575ca93b3432742da92730796abb3b3b7cf80eb96371e76dff07e,动态规划优化——放盘子.cpp,2351,106,7,0,0,"MOD,f1,dp1,dp2,multiply,ans,power,dp3","动态规划优化,放盘子,cpp,动态规划优化——放盘子"
templates/动态规划/动态规划优化——最近与次近.cpp,templates/动态规划/动态规划优化/动态规划优化——最近与次近.cpp,动态规划,动态规划,动态规划优化,runnable_template,关键词命中: 动态规划->动态规划 (via filename) | 含 main | 判定: runnable_template,high,,,true,5f9e2b4ba5ce1e307fe70b545227d958102bd847824808d6a428676e6ebde63e,动态规划优化——最近与次近.cpp,3846,143,12,0,0,"MAXN,update,near1,near2,randomFill,check,a,main","动态规划优化,最近与次近,cpp,动态规划优化——最近与次近"
templates/动态规划/动态规划优化——来回多次变一次.cpp,templates/动态规划/动态规划优化/动态规划优化——来回多次变一次.cpp,动态规划,动态规划,动态规划优化,runnable_template,关键词命中: 动态规划->动态规划 (via filename) | 含 main | 代码内 URL×1 | 判定: runnable_template,high,https://www.luogu.com.cn/problem/P8775,,true,f8c15efd393da8f34097d13ce81c69ced83322e0e447071e4cde587b8d20d418,动态规划优化——来回多次变一次.cpp,1294,42,13,1,0,main,"动态规划优化,来回多次变一次,cpp,动态规划优化——来回多次变一次"
templates/动态规划/动态规划优化——枚举二进制位.cpp,templates/动态规划/动态规划优化/动态规划优化——枚举二进制位.cpp,动态规划,动态规划,动态规划优化,runnable_template,关键词命中: 动态规划->动态规划 (via filename) | 含 main | 代码内 URL×1 | 判定: runnable_template,high,https://www.luogu.com.cn/problem/P4310,,true,b48aa973bbc69fdc4494627d03c531279d2662cd4fd4e539932c6ad84e12009d,动态规划优化——枚举二进制位.cpp,1048,42,8,1,0,main,"动态规划优化,枚举二进制位,cpp,动态规划优化——枚举二进制位"
templates/动态规划/动态规划优化——树二维.cpp,templates/动态规划/动态规划优化/动态规划优化——树二维.cpp,动态规划,动态规划,动态规划优化,runnable_template,关键词命中: 动态规划->动态规划 (via filename) | 含 main | 代码内 URL×1 | 判定: runnable_template,high,https://www.luogu.com.cn/problem/P3287,,true,2d35efb3b46c1dd830456d5ad8b08b67f02e7532891a06663a49be11240f72a8,动态规划优化——树二维.cpp,1442,59,9,1,0,"MAXN,MAXK,MAXH,update,querymax,main","动态规划优化,树二维,cpp,动态规划优化——树二维"
templates/动态规划/动态规划优化——树数字和.cpp,templates/动态规划/动态规划优化/动态规划优化——树数字和.cpp,动态规划,动态规划,动态规划优化,runnable_template,关键词命中: 动态规划->动态规划 (via filename) | 含 main | 代码内 URL×1 | 判定: runnable_template,high,https://leetcode.cn/problems/count-of-range-sum/,,true,6ad9a99893a316c144695b18556c0231959bb150b5a750d807f544b48cd28334,动态规划优化——树数字和.cpp,4302,178,9,1,0,"MAXN,add,sum,ran,build,countRangeSum,main,nums","动态规划优化,树数字和,cpp,动态规划优化——树数字和"
templates/动态规划/动态规划优化——树求和.cpp,templates/动态规划/动态规划优化/动态规划优化——树求和.cpp,动态规划,动态规划,动态规划优化,runnable_template,关键词命中: 动态规划->动态规划 (via filename) | 含 main | 代码内 URL×1 | 判定: runnable_template,high,https://leetcode.cn/problems/maximum-balanced-subsequence-sum/,,true,7cb4d7063fe5ec54363a8da3ce1c002dcbda5fcaa823e97a069f545f132e441a,动态规划优化——树求和.cpp,2239,94,9,1,0,"MAXN,Rank,update,querymax,build,main","动态规划优化,树求和,cpp,动态规划优化——树求和"
templates/动态规划/动态规划优化——树相邻字符.cpp,templates/动态规划/动态规划优化/动态规划优化——树相邻字符.cpp,动态规划,动态规划,动态规划优化,runnable_template,关键词命中: 动态规划->动态规划 (via filename) | 含 main | 代码内 URL×1 | 判定: runnable_template,high,https://leetcode.cn/problems/longest-ideal-subsequence/,,true,1f7bff488a767fcd17c1d14c26cea6c74e2c61d2f709b611dbb599a68bac6696,动态规划优化——树相邻字符.cpp,2040,83,9,1,0,"MAXN,up,update,queryMax,longestIdealString,main","动态规划优化,树相邻字符,cpp,动态规划优化——树相邻字符"
templates/动态规划/动态规划优化——苹果盘子.cpp,templates/动态规划/动态规划优化/动态规划优化——苹果盘子.cpp,动态规划,动态规划,动态规划优化,runnable_template,关键词命中: 动态规划->动态规划 (via filename) | 含 main | 代码内 URL×1 | 判定: runnable_template,high,https://www.luogu.com.cn/problem/P1025,,true,d589c25492e96dd3e1a549beee9c01718a743fc6411d7f57d565717741caf75b,动态规划优化——苹果盘子.cpp,1182,54,6,1,0,"MAXN,MAXK,f,main","动态规划优化,苹果盘子,cpp,动态规划优化——苹果盘子"
templates/动态规划/动态规划优化——重复次数.cpp,templates/动态规划/动态规划优化/动态规划优化——重复次数.cpp,动态规划,动态规划,动态规划优化,runnable_template,关键词命中: 动态规划->动态规划 (via filename) | 含 main | 代码内 URL×1 | 判定: runnable_template,high,https://leetcode.cn/problems/count-the-repetitions/,,true,7cd644a7b3c16ecd16d1260aaa403381fff077326502c26e0c33dff0d13411fe,动态规划优化——重复次数.cpp,2454,86,9,1,0,"find,right,getMaxRepetitions,next,st,main","动态规划优化,重复次数,cpp,动态规划优化——重复次数"
templates/动态规划/动态规划优化——预处理——开会时间.cpp,templates/动态规划/动态规划优化/动态规划优化——预处理——开会时间.cpp,动态规划,动态规划,动态规划优化,runnable_template,关键词命中: 动态规划->动态规划 (via filename) | 含 main | 判定: runnable_template,high,,,true,7e0fb449beddc2ef24a313ca226bcde185150cb275640e5f73926c8bea9fe354,动态规划优化——预处理——开会时间.cpp,2377,86,11,0,0,"best1,dp,best2,jump,randomArray,arr,main","动态规划优化,预处理,开会时间,cpp,动态规划优化——预处理——开会时间"
templates/动态规划/动态规划优化——预处理——枚举状态.cpp,templates/动态规划/动态规划优化/动态规划优化——预处理——枚举状态.cpp,动态规划,动态规划,动态规划优化,runnable_template,关键词命中: 动态规划->动态规划 (via filename) | 含 main | 代码内 URL×1 | 判定: runnable_template,high,https://www.luogu.com.cn/problem/P2704,,true,195c91131f9391f6329215010a81d92bf7890804ccced2bab778113004e2e9e6,动态规划优化——预处理——枚举状态.cpp,2593,83,11,1,0,"MAXN,MAXM,MAXS,prepare,onecnt,main","动态规划优化,预处理,枚举状态,cpp,动态规划优化——预处理——枚举状态"
templates/动态规划/动态规划优化——预处理——结构转换.cpp,templates/动态规划/动态规划优化/动态规划优化——预处理——结构转换.cpp,动态规划,动态规划,动态规划优化,example,关键词命中: 动态规划->动态规划 (via filename) | 含 main | 代码内 URL×1 | 判定: example,high,https://www.luogu.com.cn/problem/P1437,,true,1af44a443db6939439b0c92e9babf3c995efd86e4ad6633b550457cb0189b172,动态规划优化——预处理——结构转换.cpp,2091,69,22,1,0,"MAXN,MAXM,prepare,main","动态规划优化,预处理,结构转换,cpp,动态规划优化——预处理——结构转换"
templates/动态规划/动态规划优化——预处理——还原.cpp,templates/动态规划/动态规划优化/动态规划优化——预处理——还原.cpp,动态规划,动态规划,动态规划优化,runnable_template,关键词命中: 动态规划->动态规划 (via filename) | 含 main | 代码内 URL×1 | 判定: runnable_template,high,https://www.nowcoder.com/practice/49c5284278974cbda474ec13d8bd86a9,,true,a27c8cbd5ca1e405be60b1a0ec1624b3a2c522bc9d8e58db5210be09f976c3e5,动态规划优化——预处理——还原.cpp,3419,95,21,1,0,"MOD,MAXN,M,prepare,compute,main","动态规划优化,预处理,还原,cpp,动态规划优化——预处理——还原"
templates/动态规划/区间dp——断环为链.cpp,templates/动态规划/区间dp/区间dp——断环为链.cpp,动态规划,动态规划,区间dp,application,关键词命中: DP->动态规划 (via filename) | 含 main | 判定: application,high,,,true,8e1c5f0af08082e1e5dde3656a4ffbcab1bfa3a33f8a9d51b45c291ae447f432,区间dp——断环为链.cpp,1440,52,1,0,0,main,"区间dp,断环为链,cpp,区间dp——断环为链"
templates/动态规划/区间dp——释放囚犯.cpp,templates/动态规划/区间dp/区间dp——释放囚犯.cpp,动态规划,动态规划,区间dp,application,关键词命中: DP->动态规划 (via filename) | 含 main | 判定: application,high,,,true,6860bfc13c05275ee2b498606d848bc0497e17bc84170e623fab2c138be99862,区间dp——释放囚犯.cpp,605,28,1,0,0,main,"区间dp,释放囚犯,cpp,区间dp——释放囚犯"
templates/动态规划/多重背包——单调队列优化.cpp,templates/基础算法/多重背包/多重背包——单调队列优化.cpp,动态规划,基础算法,多重背包,runnable_template,关键词命中: 单调队列->基础算法 (via filename) | 含 main | 判定: runnable_template,high,,,true,c31739ebd2437714167f38e9bcf83611bad205ad9e47316fecf2982d54a001ff,多重背包——单调队列优化.cpp,2972,102,2,0,0,"MAXM,MAXN,read,main","多重背包,单调队列优化,cpp,多重背包——单调队列优化"
templates/动态规划/康拓展开——结合数位dp.cpp,templates/动态规划/康拓展开/康拓展开——结合数位dp.cpp,动态规划,动态规划,康拓展开,pure_template,关键词命中: DP->动态规划 (via filename) | 判定: pure_template,high,,,false,66b95b320db8113a866f0a8143025bec30e7c03121f4b791b01ad1e2fcecd12a,康拓展开——结合数位dp.cpp,1473,65,4,0,0,"MAXN,c,compute,main","康拓展开,结合数位dp,cpp,康拓展开——结合数位dp"
templates/动态规划/数位dp——windy数.cpp,templates/动态规划/数位dp/数位dp——windy数.cpp,动态规划,动态规划,数位dp,pure_template,关键词命中: DP->动态规划 (via filename) | 代码内 URL×2 | 判定: pure_template,high,https://www.luogu.com.cn/problem/P2657,,false,7c6693d20d96f3ab832925bd270ce9d43b5688fea2a2fcaad264aae0a67c9de0,数位dp——windy数.cpp,4138,116,8,2,0,"build,f,cnt,main","数位dp,windy数,cpp,数位dp——windy数"
templates/动态规划/数位dp——不连续的1.cpp,templates/动态规划/数位dp/数位dp——不连续的1.cpp,动态规划,动态规划,数位dp,runnable_template,关键词命中: DP->动态规划 (via filename) | 含 main | 代码内 URL×1 | 判定: runnable_template,high,https://leetcode.cn/problems/non-negative-integers-without-consecutive-ones/,,true,baba35bab6a280cd3ebfe2ec7a9cb8bcba426f64d1d6f8bfe28c06e194a67119,数位dp——不连续的1.cpp,1374,43,4,1,0,"f,main","数位dp,不连续的1,cpp,数位dp——不连续的1"
templates/动态规划/数位dp——出现次数大于一半.cpp,templates/动态规划/数位dp/数位dp——出现次数大于一半.cpp,动态规划,动态规划,数位dp,pure_template,关键词命中: DP->动态规划 (via filename) | 代码内 URL×1 | 判定: pure_template,high,https://www.luogu.com.cn/problem/P3107,,false,abe669e822c5cdf887488bb0a220434f20304c04b65cb7731266e753edc15533,数位dp——出现次数大于一半.cpp,3285,96,1,1,0,"MAXN,dfs1,calc1,dfs2,calc2,main","数位dp,出现次数大于一半,cpp,数位dp——出现次数大于一半"
templates/动态规划/数位dp——反向计算.cpp,templates/动态规划/数位dp/数位dp——反向计算.cpp,动态规划,动态规划,数位dp,pure_template,关键词命中: DP->动态规划 (via filename) | 代码内 URL×1 | 判定: pure_template,high,https://www.luogu.com.cn/problem/P7415,,false,98d20c5f24ed5452f9fbda46b0bc43f5a13df8de95e0a0b6725100962fa36dad,数位dp——反向计算.cpp,2018,66,2,1,0,"MAXN,check,dfs,main","数位dp,反向计算,cpp,数位dp——反向计算"
templates/动态规划/数位dp——后缀背包.cpp,templates/动态规划/数位dp/数位dp——后缀背包.cpp,动态规划,动态规划,数位dp,pure_template,关键词命中: DP->动态规划 (via filename) | 代码内 URL×1 | 判定: pure_template,high,https://www.luogu.com.cn/problem/P2481,,false,b30083325d24ad25feb562565f75b7ead6dbc77ce6aa0e723c2d0ae9a2b12dfc,数位dp——后缀背包.cpp,4497,131,10,1,0,"MOD,MAXN,power,comb,main","数位dp,后缀背包,cpp,数位dp——后缀背包"
templates/动态规划/数位dp——数码统计.cpp,templates/动态规划/数位dp/数位dp——数码统计.cpp,动态规划,动态规划,数位dp,runnable_template,关键词命中: DP->动态规划 (via filename) | 含 main | 代码内 URL×1 | 判定: runnable_template,high,https://www.luogu.com.cn/problem/P2602,,true,b5cfd66ceebc818171c855751d54eb641315bc52b10a534e6a3bf9a799187a8a,数位dp——数码统计.cpp,1767,46,8,1,0,"count,main","数位dp,数码统计,cpp,数位dp——数码统计"
templates/动态规划/数位dp——模板.cpp,templates/动态规划/数位dp/数位dp——模板.cpp,动态规划,动态规划,数位dp,runnable_template,关键词命中: DP->动态规划 (via filename) | 含 main | 代码内 URL×1 | 判定: runnable_template,high,https://leetcode.cn/problems/numbers-at-most-n-given-digit-set/,,true,da946e9422513837095b5561efd43b23699fc4fa3d2ce02021d8bc6ce93eda04,数位dp——模板.cpp,2748,74,13,1,0,"f1,main","数位dp,模板,cpp,数位dp——模板"
templates/动态规划/数位dp——模板2.cpp,templates/动态规划/数位dp/数位dp——模板2.cpp,动态规划,动态规划,数位dp,runnable_template,关键词命中: DP->动态规划 (via filename) | 含 main | 代码内 URL×1 | 判定: runnable_template,high,https://leetcode.cn/problems/numbers-at-most-n-given-digit-set/,,true,1fe40c73ffac32ef5a3c240131e85dad10b6670fca50a172947b7b3709a01958,数位dp——模板2.cpp,2369,69,9,1,0,"f2,main","数位dp,模板2,cpp,数位dp——模板2"
templates/动态规划/数位dp——没有重复数字.cpp,templates/动态规划/数位dp/数位dp——没有重复数字.cpp,动态规划,动态规划,数位dp,runnable_template,关键词命中: DP->动态规划 (via filename) | 含 main | 代码内 URL×1 | 判定: runnable_template,high,https://leetcode.cn/problems/count-special-integers/,,true,a9d3856852b15eeb5a2dfe4838ee7e49093a6ef77ffb201a02ea0c625f52d844,数位dp——没有重复数字.cpp,3587,92,3,1,0,"f,main","数位dp,没有重复数字,cpp,数位dp——没有重复数字"
templates/动态规划/数位dp——状态压缩.cpp,templates/动态规划/数位dp/数位dp——状态压缩.cpp,动态规划,动态规划,数位dp,pure_template,关键词命中: DP->动态规划 (via filename) | 代码内 URL×1 | 判定: pure_template,high,https://www.luogu.com.cn/problem/P8766,,false,a14a90334ae20c5765c4f82688ffad102765e707fba44b485550123abec8be2d,数位dp——状态压缩.cpp,2183,74,10,1,0,"MAXN,dfs,main","数位dp,状态压缩,cpp,数位dp——状态压缩"
templates/动态规划/数位dp——累加贡献.cpp,templates/动态规划/数位dp/数位dp——累加贡献.cpp,动态规划,动态规划,数位dp,pure_template,关键词命中: DP->动态规划 (via filename) | 代码内 URL×1 | 判定: pure_template,high,https://www.luogu.com.cn/problem/P3286,,false,a2ce46c500ced6508118fdca04223213f2dc665bdd643e81d58485f95d0249ef,数位dp——累加贡献.cpp,2493,79,8,1,0,"MAXH,dfs,compute,main","数位dp,累加贡献,cpp,数位dp——累加贡献"
templates/动态规划/数位dp——统计整数.cpp,templates/动态规划/数位dp/数位dp——统计整数.cpp,动态规划,动态规划,数位dp,runnable_template,关键词命中: DP->动态规划 (via filename) | 含 main | 代码内 URL×1 | 判定: runnable_template,high,https://leetcode.cn/problems/count-of-integers/,,true,7fdf5909bfed8cf4000db489dfedb67b734bba2dd13127631dd7de32756b12af,数位dp——统计整数.cpp,3146,105,9,1,0,"MOD,build,f,check,main","数位dp,统计整数,cpp,数位dp——统计整数"
templates/动态规划/数位dp——萌数.cpp,templates/动态规划/数位dp/数位dp——萌数.cpp,动态规划,动态规划,数位dp,runnable_template,关键词命中: DP->动态规划 (via filename) | 含 main | 代码内 URL×1 | 判定: runnable_template,high,https://www.luogu.com.cn/problem/P3413,,true,33e2ce16b6e2f9be5b20a12055bfc5b3d8c957752a2f6cd73f2618ab390a5a05,数位dp——萌数.cpp,3763,124,9,1,0,"MOD,f,check,build,cnt,main","数位dp,萌数,cpp,数位dp——萌数"
templates/动态规划/树形dp——最低覆盖.cpp,templates/动态规划/树形dp/树形dp——最低覆盖.cpp,动态规划,动态规划,树形dp,runnable_template,关键词命中: DP->动态规划 (via filename) | 含 main | 代码内 URL×1 | 判定: runnable_template,high,https://www.luogu.com.cn/problem/P2279,,true,3382a0ed2fe2ef2eba0609d32e5fe3897c9cfbb08ee7505d849e2ed42c81a41e,树形dp——最低覆盖.cpp,637,32,1,1,0,"cmp,main","树形dp,最低覆盖,cpp,树形dp——最低覆盖"
templates/动态规划/树的直径——树形dp.cpp,templates/树上算法/树的直径/树的直径——树形dp.cpp,动态规划,树上算法,树的直径,runnable_template,关键词命中: 树的直径->树上算法 (via filename) | 含 main | 代码内 URL×1 | 判定: runnable_template,high,https://www.luogu.com.cn/problem/U81904,,true,b9047bc4b1745d433ae5a3876aca811c74643df65f37a7a62e1e3ff012d49f61,树的直径——树形dp.cpp,1811,76,5,1,0,"MAXN,dp,main","树的直径,树形dp,cpp,树的直径——树形dp"
templates/动态规划/状压dp——tsp问题.cpp,templates/动态规划/状压dp/状压dp——tsp问题.cpp,动态规划,动态规划,状压dp,runnable_template,关键词命中: DP->动态规划 (via filename) | 含 main | 代码内 URL×1 | 判定: runnable_template,high,https://www.luogu.com.cn/problem/P1171,,true,fec06553522d972260477d1f6e7ac939ffb541ef2042dc8668d193f1c362a180,状压dp——tsp问题.cpp,1402,55,12,1,0,"f,main","状压dp,tsp问题,cpp,状压dp——tsp问题"
templates/动态规划/状压dp——分配.cpp,templates/动态规划/状压dp/状压dp——分配.cpp,动态规划,动态规划,状压dp,runnable_template,关键词命中: DP->动态规划 (via filename) | 含 main | 代码内 URL×1 | 判定: runnable_template,high,https://leetcode.cn/problems/distribute-repeating-integers/,,true,2e90445b0d20c006e28070975c63e629ecdbf81fe763aa22742532cb187212d6,状压dp——分配.cpp,2041,82,7,1,0,"f,main","状压dp,分配,cpp,状压dp——分配"
templates/动态规划/状压dp——分配喜欢的帽子.cpp,templates/动态规划/状压dp/状压dp——分配喜欢的帽子.cpp,动态规划,动态规划,状压dp,runnable_template,关键词命中: DP->动态规划 (via filename) | 含 main | 代码内 URL×1 | 判定: runnable_template,high,https://leetcode.cn/problems/number-of-ways-to-wear-different-hats-to-each-other,,true,21ee3917ed2e3bf821e22b78c0d7c116e4d12937deaab96a36c7e583bb6284e9,状压dp——分配喜欢的帽子.cpp,1708,67,6,1,0,"MOD,f1,main","状压dp,分配喜欢的帽子,cpp,状压dp——分配喜欢的帽子"
templates/动态规划/状压dp——划分成k个组.cpp,templates/动态规划/状压dp/状压dp——划分成k个组.cpp,动态规划,动态规划,状压dp,runnable_template,关键词命中: DP->动态规划 (via filename) | 含 main | 代码内 URL×1 | 判定: runnable_template,high,https://leetcode.cn/problems/partition-to-k-equal-sum-subsets/,,true,5f0bc6f6fe70623ec2ccea2b27d2f8db814e4473b1bb2954111f8b959798f876,状压dp——划分成k个组.cpp,1611,75,4,1,0,"f,subsets,main","状压dp,划分成k个组,cpp,状压dp——划分成k个组"
templates/动态规划/状压dp——枚举子集.cpp,templates/基础算法/状压dp/状压dp——枚举子集.cpp,动态规划,基础算法,状压dp,pure_template,关键词命中: 枚举子集->基础算法 (via filename) | 判定: pure_template,high,,,false,ac860ee93fa5a907c3511e7b48df009bb85adbeab731971b9173ef505debec25,状压dp——枚举子集.cpp,1226,52,2,0,0,"node,main","状压dp,枚举子集,cpp,状压dp——枚举子集"
templates/动态规划/状压dp——模板.cpp,templates/动态规划/状压dp/状压dp——模板.cpp,动态规划,动态规划,状压dp,runnable_template,关键词命中: DP->动态规划 (via filename) | 含 main | 代码内 URL×1 | 判定: runnable_template,high,https://leetcode.cn/problems/can-i-win/,,true,9f8d50eea261afcd2216d100b29551f9444bb2301a008607b33e87dbd13642bd,状压dp——模板.cpp,1846,70,8,1,0,"f,canIWin,main","状压dp,模板,cpp,状压dp——模板"
templates/动态规划/状压dp——火柴拼接正方形.cpp,templates/动态规划/状压dp/状压dp——火柴拼接正方形.cpp,动态规划,动态规划,状压dp,runnable_template,关键词命中: DP->动态规划 (via filename) | 含 main | 代码内 URL×1 | 判定: runnable_template,high,https://leetcode.cn/problems/matchsticks-to-square/,,true,085a54ca740bac6ad482321c73696e652529781311683dae66d094c26dd6e2d1,状压dp——火柴拼接正方形.cpp,2085,70,7,1,0,"f,makesquare,main","状压dp,火柴拼接正方形,cpp,状压dp——火柴拼接正方形"
templates/动态规划/状压dp——账单.cpp,templates/动态规划/状压dp/状压dp——账单.cpp,动态规划,动态规划,状压dp,runnable_template,关键词命中: DP->动态规划 (via filename) | 含 main | 代码内 URL×1 | 判定: runnable_template,high,https://leetcode.cn/problems/optimal-account-balancing/,,true,56dbc351c00a1bbf68f9a662563028cb45a1f4c662dd87867b973b27477e59be,状压dp——账单.cpp,1910,71,6,1,0,"f,main","状压dp,账单,cpp,状压dp——账单"
templates/动态规划/轮廓线dp——国王.cpp,templates/动态规划/轮廓线dp/轮廓线dp——国王.cpp,动态规划,动态规划,轮廓线dp,runnable_template,关键词命中: DP->动态规划 (via filename) | 含 main | 代码内 URL×1 | 判定: runnable_template,high,https://www.luogu.com.cn/problem/P1896,,true,30208e4bb24e66d22172e0260f3b0ee6ad599c35f6d5df9479612455ad2663e1,轮廓线dp——国王.cpp,1864,68,9,1,0,"get,set,f,main","轮廓线dp,国王,cpp,轮廓线dp——国王"
templates/动态规划/轮廓线dp——模板.cpp,templates/动态规划/轮廓线dp/轮廓线dp——模板.cpp,动态规划,动态规划,轮廓线dp,runnable_template,关键词命中: DP->动态规划 (via filename) | 含 main | 代码内 URL×1 | 判定: runnable_template,high,https://www.luogu.com.cn/problem/P1879,,true,f57df0d62f06dbc5c7c833e81d3e78dddd96c9bba7dfe3221aae18c145b39fdc,轮廓线dp——模板.cpp,2464,76,9,1,0,"MAXN,MAXM,MOD,MAXS,get,set,f,main","轮廓线dp,模板,cpp,轮廓线dp——模板"
templates/动态规划/轮廓线dp——贴瓷砖.cpp,templates/动态规划/轮廓线dp/轮廓线dp——贴瓷砖.cpp,动态规划,动态规划,轮廓线dp,runnable_template,关键词命中: DP->动态规划 (via filename) | 含 main | 代码内 URL×1 | 判定: runnable_template,high,http://poj.org/problem?id=2411,,true,4d5d52296084c23f450953c6462c40ebd19dcc2a784044e16fce9ef0a329fec5,轮廓线dp——贴瓷砖.cpp,1594,66,7,1,0,"get,set,f,main","轮廓线dp,贴瓷砖,cpp,轮廓线dp——贴瓷砖"
templates/动态规划/轮廓线dp——贴瓷砖空间压缩.cpp,templates/动态规划/轮廓线dp/轮廓线dp——贴瓷砖空间压缩.cpp,动态规划,动态规划,轮廓线dp,runnable_template,关键词命中: DP->动态规划 (via filename) | 含 main | 代码内 URL×1 | 判定: runnable_template,high,http://poj.org/problem?id=2411,,true,55756c4b1cf79b1c4b9cb494dc177a4cdd042d8bb3ab004a725756ba956c14af,轮廓线dp——贴瓷砖空间压缩.cpp,2046,66,7,1,0,"get,set,main","轮廓线dp,贴瓷砖空间压缩,cpp,轮廓线dp——贴瓷砖空间压缩"
templates/动态规划/轮廓线dp——颜色.cpp,templates/动态规划/轮廓线dp/轮廓线dp——颜色.cpp,动态规划,动态规划,轮廓线dp,runnable_template,关键词命中: DP->动态规划 (via filename) | 含 main | 代码内 URL×1 | 判定: runnable_template,high,https://www.luogu.com.cn/problem/P2435,,true,0dd632de7eeec3af3780ce013e05d57a868252a8f261f25c969b07e406a2bc00,轮廓线dp——颜色.cpp,3405,121,14,1,0,"MOD,get,set,special,different,f,compute,main","轮廓线dp,颜色,cpp,轮廓线dp——颜色"
templates/动态规划/轮廓线dp——颜色空间压缩.cpp,templates/动态规划/轮廓线dp/轮廓线dp——颜色空间压缩.cpp,动态规划,动态规划,轮廓线dp,runnable_template,关键词命中: DP->动态规划 (via filename) | 含 main | 代码内 URL×1 | 判定: runnable_template,high,https://www.luogu.com.cn/problem/P2435,,true,a6836a22810582c28f180eccec6a7504fefbf636c18761052acc8ac3bae9726a,轮廓线dp——颜色空间压缩.cpp,3168,110,13,1,0,"MOD,get,set,special,different,compute,main","轮廓线dp,颜色空间压缩,cpp,轮廓线dp——颜色空间压缩"
templates/单调队列单调栈/单调栈——区间最小值之和.cpp,templates/基础算法/单调栈/单调栈——区间最小值之和.cpp,单调队列单调栈,基础算法,单调栈,runnable_template,关键词命中: 单调栈->基础算法 (via filename) | 含 main | 代码内 URL×1 | 判定: runnable_template,high,https://leetcode.cn/problems/sum-of-subarray-minimums/,,true,344a450d7380d113f85050947c65eb6e1df56cf7f3ebc96db93f0f31733aa290,单调栈——区间最小值之和.cpp,1042,37,4,1,0,"MOD,main","单调栈,区间最小值之和,cpp,单调栈——区间最小值之和"
templates/单调队列单调栈/单调栈——大鱼吃小鱼.cpp,templates/基础算法/单调栈/单调栈——大鱼吃小鱼.cpp,单调队列单调栈,基础算法,单调栈,runnable_template,关键词命中: 单调栈->基础算法 (via filename) | 含 main | 代码内 URL×2 | 判定: runnable_template,high,https://www.nowcoder.com/practice/77199defc4b74b24b8ebf6244e1793de,,true,e1a8f0ec2766280c075b2359de5f7bba09c6e382ddec630481f098b4fa1248f8,单调栈——大鱼吃小鱼.cpp,1388,42,14,2,0,"fish,main","单调栈,大鱼吃小鱼,cpp,单调栈——大鱼吃小鱼"
templates/单调队列单调栈/单调栈——字典序最小.cpp,templates/基础算法/单调栈/单调栈——字典序最小.cpp,单调队列单调栈,基础算法,单调栈,runnable_template,关键词命中: 单调栈->基础算法 (via filename) | 含 main | 代码内 URL×1 | 判定: runnable_template,high,https://leetcode.cn/problems/remove-duplicate-letters/,,true,fadaf5db331216dc756769f9442001b1b293a2e9de96295a3432e16a30c95400,单调栈——字典序最小.cpp,1515,42,6,1,0,main,"单调栈,字典序最小,cpp,单调栈——字典序最小"
templates/单调队列单调栈/单调栈——底层分析.cpp,templates/基础算法/单调栈/单调栈——底层分析.cpp,单调队列单调栈,基础算法,单调栈,runnable_template,关键词命中: 单调栈->基础算法 (via filename) | 含 main | 判定: runnable_template,high,,,true,9ee5ddcaad3e07224021fd6c9bfae9eb7252b45d21dbd385bc74c0be8f6d43ad,单调栈——底层分析.cpp,1224,51,2,0,0,main,"单调栈,底层分析,cpp,单调栈——底层分析"
templates/单调队列单调栈/单调栈——底层分析矩形个数.cpp,templates/基础算法/单调栈/单调栈——底层分析矩形个数.cpp,单调队列单调栈,基础算法,单调栈,runnable_template,关键词命中: 单调栈->基础算法 (via filename) | 含 main | 代码内 URL×1 | 判定: runnable_template,high,https://www.luogu.com.cn/problem/P1950,,true,59710ed5f7ce60f0a4facd3bfb110f21e69f870a33f5db58fcaea0f3a7670f49,单调栈——底层分析矩形个数.cpp,2821,84,34,1,0,"MAXN,main","单调栈,底层分析矩形个数,cpp,单调栈——底层分析矩形个数"
templates/单调队列单调栈/单调栈——最大矩形面积.cpp,templates/基础算法/单调栈/单调栈——最大矩形面积.cpp,单调队列单调栈,基础算法,单调栈,runnable_template,关键词命中: 单调栈->基础算法 (via filename) | 含 main | 代码内 URL×1 | 判定: runnable_template,high,https://leetcode.cn/problems/largest-rectangle-in-histogram,,true,31faad7f203039022860223650cd7358a5736c8ff40abc722b8d7524098442ba,单调栈——最大矩形面积.cpp,1106,38,4,1,0,main,"单调栈,最大矩形面积,cpp,单调栈——最大矩形面积"
templates/单调队列单调栈/单调栈——模板.cpp,templates/基础算法/单调栈/单调栈——模板.cpp,单调队列单调栈,基础算法,单调栈,example,关键词命中: 单调栈->基础算法 (via filename) | 含 main | 判定: example,high,,,true,92cbea511d3c1f76ad2da0dc291633a299e1914e0c9da3cbae67a3e3db1c908f,单调栈——模板.cpp,1771,52,8,0,0,main,"单调栈,模板,cpp,单调栈——模板"
templates/单调队列单调栈/单调队列——不等式最大值.cpp,templates/基础算法/单调队列/单调队列——不等式最大值.cpp,单调队列单调栈,基础算法,单调队列,runnable_template,关键词命中: 单调队列->基础算法 (via filename) | 含 main | 代码内 URL×1 | 判定: runnable_template,high,https://leetcode.cn/problems/max-value-of-equation/,,true,d206cc2996c1779c0b1e49a968eea9c1f018b2f4723a4ebcce0ca70e61a15fb0,单调队列——不等式最大值.cpp,1289,41,9,1,0,"node,main","单调队列,不等式最大值,cpp,单调队列——不等式最大值"
templates/单调队列单调栈/单调队列——二分结合贪心.cpp,templates/基础算法/单调队列/单调队列——二分结合贪心.cpp,单调队列单调栈,基础算法,单调队列,runnable_template,关键词命中: 单调队列->基础算法 (via filename) | 含 main | 代码内 URL×1 | 判定: runnable_template,high,https://leetcode.cn/problems/maximum-number-of-tasks-you-can-assign/,,true,42fcc6fbdae77f927a58a2013798ce9e29788c29d209df30f318deb6d7670c1f,单调队列——二分结合贪心.cpp,3412,82,12,1,0,"check,main","单调队列,二分结合贪心,cpp,单调队列——二分结合贪心"
templates/单调队列单调栈/单调队列——二维.cpp,templates/基础算法/单调队列/单调队列——二维.cpp,单调队列单调栈,基础算法,单调队列,runnable_template,关键词命中: 单调队列->基础算法 (via filename) | 含 main | 判定: runnable_template,high,,,true,dd1dcef88ab7b1775244e04b4c55b2cc978ed935766b3e71c2d0deec25c73f5b,单调队列——二维.cpp,1922,74,0,0,0,"MAXN,main","单调队列,二维,cpp,单调队列——二维"
templates/单调队列单调栈/单调队列——模板.cpp,templates/基础算法/单调队列/单调队列——模板.cpp,单调队列单调栈,基础算法,单调队列,example,关键词命中: 单调队列->基础算法 (via filename) | 含 main | 代码内 URL×1 | 判定: example,high,https://leetcode.cn/problems/sliding-window-maximum/,,true,7c87344d2b34d64922540cfa04bd152c1486337ab88483e68ecf6a18bd8d4248,单调队列——模板.cpp,1165,33,7,1,0,main,"单调队列,模板,cpp,单调队列——模板"
templates/单调队列单调栈/单调队列——限制值.cpp,templates/基础算法/单调队列/单调队列——限制值.cpp,单调队列单调栈,基础算法,单调队列,runnable_template,关键词命中: 单调队列->基础算法 (via filename) | 含 main | 代码内 URL×1 | 判定: runnable_template,high,https://leetcode.cn/problems/longest-continuous-subarray-with-absolute-diff-less-than-or-equal-to-limit/,,true,197b389150205930d39d8577881ada651ff8853fc8185604199ced4098f37cfd,单调队列——限制值.cpp,2407,72,6,1,0,"push,pop,ok,longest,main","单调队列,限制值,cpp,单调队列——限制值"
templates/博弈论/博弈论——ED游戏.c,templates/数学/博弈论/博弈论——ED游戏.c,博弈论,数学,博弈论,runnable_template,关键词命中: 博弈论->数学 (via filename) | 含 main | 判定: runnable_template,high,,,true,6ab685c814a1fb5f34eb493cbb6b63bb9c0d0a43f8b05c5ee13ab8e183f18428,博弈论——ED游戏.c,1012,44,0,0,0,"lowZero,main","博弈论,ED游戏,博弈论——ED游戏"
templates/博弈论/博弈论——knim博弈.cpp,templates/数学/博弈论/博弈论——knim博弈.cpp,博弈论,数学,博弈论,pure_template,关键词命中: 博弈论->数学 (via filename) | 代码内 URL×1 | 判定: pure_template,high,https://www.luogu.com.cn/problem/P2490,,false,ebbd2158ec5d0fe9cf76bdfe6ab5d2ce5cf97bdfea6e5b4feda0b66217a2f2fa,博弈论——knim博弈.cpp,2510,79,7,1,0,"MOD,MAXN,MAXM,LEN,power,prepare,comb,main","博弈论,knim博弈,cpp,博弈论——knim博弈"
templates/博弈论/博弈论——sg两堆巴什博奕.cpp,templates/数学/博弈论/博弈论——sg两堆巴什博奕.cpp,博弈论,数学,博弈论,runnable_template,关键词命中: 博弈论->数学 (via filename) | 含 main | 判定: runnable_template,high,,,true,06527163ffe4ea317a07b21681fb559834684865e393fd6d0455d576213f383e,博弈论——sg两堆巴什博奕.cpp,3087,102,5,0,0,"MAXN,win1,win2,sg,appear,win3,main","博弈论,sg两堆巴什博奕,cpp,博弈论——sg两堆巴什博奕"
templates/博弈论/博弈论——sg函数.cpp,templates/数学/博弈论/博弈论——sg函数.cpp,博弈论,数学,博弈论,runnable_template,关键词命中: 博弈论->数学 (via filename) | 含 main | 代码内 URL×1 | 判定: runnable_template,high,https://www.luogu.com.cn/problem/P3185,,true,0b8a313a1e6b7a28d08796f6d1839fe0c99c8ac8750f8058419726a46fa7fa72,博弈论——sg函数.cpp,3886,92,16,1,0,"MAXN,MAXV,build,compute,to_string,main","博弈论,sg函数,cpp,博弈论——sg函数"
templates/博弈论/博弈论——sg函数打表找规律.cpp,templates/数学/博弈论/博弈论——sg函数打表找规律.cpp,博弈论,数学,博弈论,runnable_template,关键词命中: 博弈论->数学 (via filename) | 含 main | 代码内 URL×1 | 判定: runnable_template,high,https://www.luogu.com.cn/problem/P2148,,true,a29cd150d6c5db92501b5d485a969fce1f723e75d7dd819048e9564093fbb181,博弈论——sg函数打表找规律.cpp,1588,50,14,1,0,"lowZero,main","博弈论,sg函数打表找规律,cpp,博弈论——sg函数打表找规律"
templates/博弈论/博弈论——三堆石头斐波那契.c,templates/数学/博弈论/博弈论——三堆石头斐波那契.c,博弈论,数学,博弈论,runnable_template,关键词命中: 博弈论->数学 (via filename) | 含 main | 判定: runnable_template,high,,,true,10d98a80b5272988872403c26d2f1d173652268df08e678352157cc3136d15dc,博弈论——三堆石头斐波那契.c,875,47,0,0,0,"build1,build,win2,main","博弈论,三堆石头斐波那契,博弈论——三堆石头斐波那契"
templates/博弈论/博弈论——二维博弈论.c,templates/数学/博弈论/博弈论——二维博弈论.c,博弈论,数学,博弈论,application,关键词命中: 博弈论->数学 (via filename) | 含 main | 判定: application,high,,,true,ff268386fc42d041e8c7df762111426e249373f684b493b34d434fb4a31fe1ad,博弈论——二维博弈论.c,619,27,1,0,0,main,"博弈论,二维博弈论,博弈论——二维博弈论"
templates/博弈论/博弈论——反常游戏.cpp,templates/数学/博弈论/博弈论——反常游戏.cpp,博弈论,数学,博弈论,runnable_template,关键词命中: 博弈论->数学 (via filename) | 含 main | 代码内 URL×1 | 判定: runnable_template,high,https://www.luogu.com.cn/problem/P4279,,true,82e6830468bcf7f9e9f4dbc8616e04fce77fdc7b6b4fd4d62942afaa98ac2ef3,博弈论——反常游戏.cpp,2061,52,17,1,0,"MAXN,stones,compute,main","博弈论,反常游戏,cpp,博弈论——反常游戏"
templates/博弈论/博弈论——威佐夫博弈.cpp,templates/数学/博弈论/博弈论——威佐夫博弈.cpp,博弈论,数学,博弈论,runnable_template,关键词命中: 博弈论->数学 (via filename) | 含 main | 代码内 URL×1 | 判定: runnable_template,high,https://www.luogu.com.cn/problem/P2252,,true,e4b30595c78800984f19b1bbe3f7a651a07381f4f36d36cba37e8c51d8535b6c,博弈论——威佐夫博弈.cpp,1314,41,11,1,0,"compute,main","博弈论,威佐夫博弈,cpp,博弈论——威佐夫博弈"
templates/博弈论/博弈论——尼姆博弈.cpp,templates/数学/博弈论/博弈论——尼姆博弈.cpp,博弈论,数学,博弈论,runnable_template,关键词命中: 博弈论->数学 (via filename) | 含 main | 代码内 URL×1 | 判定: runnable_template,high,https://www.luogu.com.cn/problem/P2197,,true,f9433f0e42c947c341fca0e50d85db5a3e0a0309088d8c1ac3a0d8128a855f02,博弈论——尼姆博弈.cpp,1096,35,10,1,0,main,"博弈论,尼姆博弈,cpp,博弈论——尼姆博弈"
templates/博弈论/博弈论——巴什博奕扩展.cpp,templates/数学/博弈论/博弈论——巴什博奕扩展.cpp,博弈论,数学,博弈论,runnable_template,关键词命中: 博弈论->数学 (via filename) | 含 main | 代码内 URL×1 | 判定: runnable_template,high,https://www.luogu.com.cn/problem/P4018,,true,db19ee30247a51a7fbc5159f047240460d188d1332e790ed438b9c35f4329613,博弈论——巴什博奕扩展.cpp,1153,33,14,1,0,main,"博弈论,巴什博奕扩展,cpp,博弈论——巴什博奕扩展"
templates/博弈论/博弈论——斐波那契博弈.cpp,templates/数学/博弈论/博弈论——斐波那契博弈.cpp,博弈论,数学,博弈论,runnable_template,关键词命中: 博弈论->数学 (via filename) | 含 main | 代码内 URL×1 | 判定: runnable_template,high,https://www.luogu.com.cn/problem/P6487,,true,9733047f2f44d79676f957146802784666e54b82a1bb808cf7d21b22626faa91,博弈论——斐波那契博弈.cpp,1970,74,11,1,0,"MAXM,f,build,bs,compute,main","博弈论,斐波那契博弈,cpp,博弈论——斐波那契博弈"
templates/博弈论/博弈论——阶梯博弈.cpp,templates/数学/博弈论/博弈论——阶梯博弈.cpp,博弈论,数学,博弈论,pure_template,关键词命中: 博弈论->数学 (via filename) | 代码内 URL×2 | 判定: pure_template,high,https://www.luogu.com.cn/problem/P5363,,false,4510380a74d204ba6b86e22913bf68cf4291527d9e18e5103a50b546c49142fe,博弈论——阶梯博弈.cpp,3033,102,13,2,0,"MOD,MAXN,MAXM,LEN,power,C,main","博弈论,阶梯博弈,cpp,博弈论——阶梯博弈"
templates/后缀数组 后缀自动机/后缀数组——模板.cpp,templates/字符串/后缀数组/后缀数组——模板.cpp,后缀数组 后缀自动机,字符串,后缀数组,application,关键词命中: 后缀数组->字符串 (via filename) | 含 main | 代码内 URL×1 | 判定: application,high,https://www.luogu.com.cn/problem/P3809,,true,bf7aa461f1cbef421d343faa74e543f4d762bc6727d70e4ed7ffac0e0fdb0031,后缀数组——模板.cpp,3262,125,7,1,0,"MAXN,getsa,getheight,main","后缀数组,模板,cpp,后缀数组——模板"
templates/后缀数组 后缀自动机/后缀自动机——模板.cpp,templates/字符串/后缀自动机/后缀自动机——模板.cpp,后缀数组 后缀自动机,字符串,后缀自动机,runnable_template,关键词命中: 后缀自动机->字符串 (via filename) | 含 main | 代码内 URL×1 | 判定: runnable_template,high,https://www.luogu.com.cn/problem/P3804,,true,d173d5a0d4266cda1bafff8f7ab36a071c9a29adb0e7dbc5f0cec56ff1d4f60b,后缀自动机——模板.cpp,3165,125,6,1,0,"MAXN,addedge,extend,buildtree,dfs,compute,main","后缀自动机,模板,cpp,后缀自动机——模板"
templates/哈希/哈希——允许差异的匹配.cpp,templates/数据结构/哈希/哈希——允许差异的匹配.cpp,哈希,数据结构,哈希,pure_template,关键词命中: 哈希->数据结构 (via filename) | 代码内 URL×1 | 判定: pure_template,high,https://www.luogu.com.cn/problem/P3763,,false,efc1161053e44fdbff7d3e8380846577904935449077f7a2d86479f7345caf72,哈希——允许差异的匹配.cpp,2559,100,9,1,0,"MAXN,BASE,prepare,gethash,check,compute,main","哈希,允许差异的匹配,cpp,哈希——允许差异的匹配"
templates/哈希/哈希——动态哈希.cpp,templates/数据结构/哈希/哈希——动态哈希.cpp,哈希,数据结构,哈希,pure_template,关键词命中: 哈希->数据结构 (via filename) | 代码内 URL×1 | 判定: pure_template,high,https://www.luogu.com.cn/problem/P10634,,false,d03ace7f5cafb29e538cedace524849202e196fd6ee95397927c4012376a4bef,哈希——动态哈希.cpp,3228,150,4,1,0,"MAXN,MAXM,MAXK,BASE,read,build,gethash,hashval","哈希,动态哈希,cpp,哈希——动态哈希"
templates/哈希/哈希——双哈希.cpp,templates/数据结构/哈希/哈希——双哈希.cpp,哈希,数据结构,哈希,pure_template,关键词命中: 哈希->数据结构 (via filename) | 代码内 URL×1 | 判定: pure_template,high,https://www.luogu.com.cn/problem/P5018,,false,e76714a802f894ba5dfc617cc97a9d579ccb82a6bd00fc3ef71b86dc4c7913bc,哈希——双哈希.cpp,2385,93,6,1,0,"MAXN,BASE1,BASE2,BASE3,BASE4,BASE5,BASE6,MOD1","哈希,双哈希,cpp,哈希——双哈希"
templates/哈希/哈希——回文双哈希.cpp,templates/数据结构/哈希/哈希——回文双哈希.cpp,哈希,数据结构,哈希,pure_template,关键词命中: 哈希->数据结构 (via filename) | 代码内 URL×1 | 判定: pure_template,high,https://www.luogu.com.cn/problem/P3449,,false,04fb8582600778d265ec74ba683cb7d9d204aeb80287312890cd7f2670cf1cde,哈希——回文双哈希.cpp,1597,76,4,1,0,"BASE,MOD,BASE2,MOD2,MAXN,power,gethash,gethash2","哈希,回文双哈希,cpp,哈希——回文双哈希"
templates/哈希/哈希——字符串哈希值.cpp,templates/字符串/哈希/哈希——字符串哈希值.cpp,哈希,字符串,哈希,runnable_template,关键词命中: 字符串->字符串 (via filename) | 含 main | 代码内 URL×1 | 判定: runnable_template,high,https://www.luogu.com.cn/problem/P3370,,true,3510361edbe92a6d19556ebcea10477ffc62c28e18a89099586b43b1eb9c5052,哈希——字符串哈希值.cpp,1630,74,5,1,0,"MAXN,BASE,nums,v,value,cnt,main","哈希,字符串哈希值,cpp,哈希——字符串哈希值"
templates/哈希/哈希——循环节.cpp,templates/数据结构/哈希/哈希——循环节.cpp,哈希,数据结构,哈希,runnable_template,关键词命中: 哈希->数据结构 (via filename) | 含 main | 代码内 URL×1 | 判定: runnable_template,high,https://www.luogu.com.cn/problem/P3538,,true,d36ed958f819115ec3b269aa1cfd03e64d0747161f5de2e23571f798616d42c0,哈希——循环节.cpp,2558,105,3,1,0,"MAXN,BASE,read,build,getHash,euler,main","哈希,循环节,cpp,哈希——循环节"
templates/哈希/哈希——算法模板.cpp,templates/数据结构/哈希/哈希——算法模板.cpp,哈希,数据结构,哈希,runnable_template,关键词命中: 哈希->数据结构 (via filename) | 含 main | 代码内 URL×1 | 判定: runnable_template,high,https://leetcode.cn/problems/substring-with-concatenation-of-all-words/,,true,95249cf4520e37fdff547cee10ba863df78d87cb342acda5ec4f3a2eba64b125,哈希——算法模板.cpp,5701,169,11,1,0,"MAXN,BASE,build,getHash,hashString,findSubstring,main","哈希,算法模板,cpp,哈希——算法模板"
templates/哈希/哈希——结合fhq.cpp,templates/数据结构/哈希/哈希——结合fhq.cpp,哈希,数据结构,哈希,pure_template,关键词命中: 哈希->数据结构 (via filename) | 代码内 URL×1 | 判定: pure_template,high,https://www.luogu.com.cn/problem/P4036,,false,ea3452b75b2f6508be87ac25b3f7fcb14563a2a1d37e561ea78c57650fdd8c7f,哈希——结合fhq.cpp,3233,161,1,1,0,"BASE,MOD,MAXN,up,split,merge,create,insert","哈希,结合fhq,cpp,哈希——结合fhq"
templates/哈希/哈希——通配符.cpp,templates/数据结构/哈希/哈希——通配符.cpp,哈希,数据结构,哈希,runnable_template,关键词命中: 哈希->数据结构 (via filename) | 含 main | 代码内 URL×1 | 判定: runnable_template,high,https://www.luogu.com.cn/problem/P3167,,true,50e5136448ada216ed91a01da76b2efaffdb96be5dc0f1a40bc80143b69c1220,哈希——通配符.cpp,1957,70,2,1,0,"MAXN,BASE,get,main","哈希,通配符,cpp,哈希——通配符"
templates/哈希/哈希——重叠检验子串.cpp,templates/数据结构/哈希/哈希——重叠检验子串.cpp,哈希,数据结构,哈希,runnable_template,关键词命中: 哈希->数据结构 (via filename) | 含 main | 代码内 URL×1 | 判定: runnable_template,high,https://leetcode.cn/problems/repeated-string-match/,,true,c2229bc2a978fb1b99f68f8f9f1531bbb0c3192e63491d5039c8787b84e081e0,哈希——重叠检验子串.cpp,1573,71,7,1,0,"MAXN,base,zi,main","哈希,重叠检验子串,cpp,哈希——重叠检验子串"
templates/哈希/哈希——随机权值.cpp,templates/数据结构/哈希/哈希——随机权值.cpp,哈希,数据结构,哈希,application,关键词命中: 哈希->数据结构 (via filename) | 含 main | 代码内 URL×1 | 判定: application,high,https://www.luogu.com.cn/problem/P11262,,true,796168c418f2ec06c161925f2e21942d349f99c9ee9af59c259c51d32ae17c6d,哈希——随机权值.cpp,3196,113,10,1,0,"MAXN,node,read,up,build,query,main","哈希,随机权值,cpp,哈希——随机权值"
templates/哈希/异或哈希——模板.cpp,templates/基础算法/异或哈希/异或哈希——模板.cpp,哈希,基础算法,异或哈希,pure_template,关键词命中: 异或->基础算法 (via filename) | 代码内 URL×1 | 判定: pure_template,high,https://www.luogu.com.cn/problem/CF1175F,,false,10a7ad10d91a6014582014ab3e10f9a3821818669b2e961336ac072ef36c40e3,异或哈希——模板.cpp,1861,69,2,1,0,"MAXN,main","异或哈希,模板,cpp,异或哈希——模板"
templates/哈希/树上哈希——换根dp.cpp,templates/动态规划/树上哈希/树上哈希——换根dp.cpp,哈希,动态规划,树上哈希,pure_template,关键词命中: DP->动态规划 (via filename) | 代码内 URL×1 | 判定: pure_template,high,https://www.luogu.com.cn/problem/P4323,,false,5f693264f790beaadeaf34731f42d857511330c093f4ad7a061cfef23f388df4,树上哈希——换根dp.cpp,3634,178,3,1,0,"MAXM,MAXN,read,euler,addedge,Addedge,dfs1,dfs2","树上哈希,换根dp,cpp,树上哈希——换根dp"
templates/哈希/随机化——k倍问题.cpp,templates/基础算法/随机化/随机化——k倍问题.cpp,哈希,基础算法,随机化,pure_template,关键词命中: 前缀和->基础算法 (via head) | 代码内 URL×1 | 判定: pure_template,medium,https://www.luogu.com.cn/problem/CF1746F,,false,cc868ea56dbd112223de92c9e9cc1d24f8461ec456be0f383d63658fbad7bfeb,随机化——k倍问题.cpp,3305,153,5,1,0,"MAXN,MOD,rng,read,lowbit,add,query,find","随机化,k倍问题,cpp,随机化——k倍问题"
templates/哈希/随机化——异或.cpp,templates/基础算法/随机化/随机化——异或.cpp,哈希,基础算法,随机化,runnable_template,关键词命中: 异或->基础算法 (via filename) | 含 main | 代码内 URL×1 | 判定: runnable_template,high,https://www.luogu.com.cn/problem/P3587,,true,7176a7ad99c3c1b423f69534b598e6d0a0aa983086b678b5538b72c17974f23d,随机化——异或.cpp,3954,125,7,1,0,"MAXN,MAXM,rng,read,find,calc,abs,main","随机化,异或,cpp,随机化——异或"
templates/图论/01bfs——模板.cpp,templates/图论/01bfs/01bfs——模板.cpp,图论,图论,01bfs,runnable_template,关键词命中: 01bfs->图论 (via filename) | 含 main | 代码内 URL×1 | 判定: runnable_template,high,https://leetcode.cn/problems/minimum-obstacle-removal-to-reach-corner/,,true,96f39cfeb65746be1ffcdfd975cc6bf6a449cd657dc187211b2507ca12f52f4b,01bfs——模板.cpp,2639,80,9,1,0,"minimumObstacles,distance,main,grid","01bfs,模板,cpp,01bfs——模板"
templates/图论/01bfs——模板升级.cpp,templates/图论/01bfs/01bfs——模板升级.cpp,图论,图论,01bfs,runnable_template,关键词命中: 01bfs->图论 (via filename) | 含 main | 代码内 URL×1 | 判定: runnable_template,high,https://leetcode.cn/problems/minimum-cost-to-make-at-least-one-valid-path-in-a-grid/,,true,76ed6ea34b5483c03280d06f1a046ffb22d35fe8d230f6b642f5bac4728c9381,01bfs——模板升级.cpp,2845,71,15,1,0,"minCost,distance,main,grid","01bfs,模板升级,cpp,01bfs——模板升级"
templates/图论/DJ算法——分层最短路.cpp,templates/图论/DJ算法/DJ算法——分层最短路.cpp,图论,图论,DJ算法,runnable_template,关键词命中: 最短路->图论 (via filename) | 含 main | 代码内 URL×1 | 判定: runnable_template,high,https://leetcode.cn/problems/DFPeFJ/,,true,1d76fa9b6f07996fd1192b94d9abd8f5477971c05ccea4dee08b768ec7b13b4b,DJ算法——分层最短路.cpp,3793,102,9,1,0,"MAXN,MAXM,MAXCNT,Range,compare,main","DJ算法,分层最短路,cpp,DJ算法——分层最短路"
templates/图论/DJ算法——分层最短路模板.cpp,templates/图论/DJ算法/DJ算法——分层最短路模板.cpp,图论,图论,DJ算法,runnable_template,关键词命中: 最短路->图论 (via filename) | 含 main | 代码内 URL×1 | 判定: runnable_template,high,https://www.luogu.com.cn/problem/P4568,,true,479e5d2f6024243cc8646371d801b361d37a515b9e278987c08b822f67e6bb75,DJ算法——分层最短路模板.cpp,2902,91,11,1,0,"MAXN,MAXM,MAXK,Range,compare,main","DJ算法,分层最短路模板,cpp,DJ算法——分层最短路模板"
templates/图论/DJ算法——分层最短路类似状压.cpp,templates/图论/DJ算法/DJ算法——分层最短路类似状压.cpp,图论,图论,DJ算法,runnable_template,关键词命中: 最短路->图论 (via filename) | 含 main | 代码内 URL×1 | 判定: runnable_template,high,https://leetcode.cn/problems/shortest-path-to-get-all-keys,,true,049f8ad25aab94126f306469cbbebc54c35663d29b73f053bc603f7376a59582,DJ算法——分层最短路类似状压.cpp,3647,105,13,1,0,"MAXN,MAXM,MAXK,build,main","DJ算法,分层最短路类似状压,cpp,DJ算法——分层最短路类似状压"
templates/图论/DJ算法——多源最短路.cpp,templates/图论/DJ算法/DJ算法——多源最短路.cpp,图论,图论,DJ算法,runnable_template,关键词命中: 最短路->图论 (via filename) | 含 main | 代码内 URL×1 | 判定: runnable_template,high,https://www.luogu.com.cn/problem/P10193,,true,237d1d105f240233d646c8d640584b30ad3d2a25566d2b8c916c61df1f540489,DJ算法——多源最短路.cpp,2216,99,3,1,0,"MAXN,MAXM,node,Compare,operator,read,addedge,dijkstra","DJ算法,多源最短路,cpp,DJ算法——多源最短路"
templates/图论/DJ算法——最小化路径最大值.cpp,templates/图论/DJ算法/DJ算法——最小化路径最大值.cpp,图论,图论,DJ算法,runnable_template,关键词命中: 图论->图论 (via directory) | 含 main | 代码内 URL×1 | 判定: runnable_template,medium,https://leetcode.cn/problems/path-with-minimum-effort/,,true,c0299a97f9790e18a7703b905cb9787a3619c00d1d8cd3cea75fd2e68a1b9ba6,DJ算法——最小化路径最大值.cpp,2553,78,9,1,0,"MAXN,MAXM,Range,compare,main","DJ算法,最小化路径最大值,cpp,DJ算法——最小化路径最大值"
templates/图论/DJ算法——最短路模版.cpp,templates/图论/DJ算法/DJ算法——最短路模版.cpp,图论,图论,DJ算法,runnable_template,关键词命中: 最短路->图论 (via filename) | 含 main | 代码内 URL×1 | 判定: runnable_template,high,https://www.luogu.com.cn/problem/P4779,,true,be8e419bc927322d942eb92e1c3772c01e2b2f6e07bd717a56313c793f4fbbb3,DJ算法——最短路模版.cpp,2187,75,6,1,0,"MAXN,MAXM,main","DJ算法,最短路模版,cpp,DJ算法——最短路模版"
templates/图论/DJ算法——次短路问题.cpp,templates/图论/DJ算法/DJ算法——次短路问题.cpp,图论,图论,DJ算法,runnable_template,关键词命中: 次短路->图论 (via filename) | 含 main | 判定: runnable_template,high,,,true,78fe1c1338f83153ab114fa66044b70c58d323ece5d46d3c2c6c8fc1ae37752d,DJ算法——次短路问题.cpp,2440,99,3,0,0,"MAXN,MAXM,node,Compare,operator,addedge,dijkstra,main","DJ算法,次短路问题,cpp,DJ算法——次短路问题"
templates/图论/floyd算法——修改边权.cpp,templates/图论/floyd算法/floyd算法——修改边权.cpp,图论,图论,floyd算法,runnable_template,关键词命中: floyd->图论 (via filename) | 含 main | 判定: runnable_template,high,,,true,f8bedcb2d37a73c91d82719de601785bc1f79132cd0418004b8b9c9c683e1f7d,floyd算法——修改边权.cpp,2193,77,6,0,0,"floyd,restore,main","floyd算法,修改边权,cpp,floyd算法——修改边权"
templates/图论/floyd算法——更新点.cpp,templates/图论/floyd算法/floyd算法——更新点.cpp,图论,图论,floyd算法,runnable_template,关键词命中: floyd->图论 (via filename) | 含 main | 判定: runnable_template,high,,,true,ca835a8b10d627f5d1a966585f0f280a4326b05126b13a5044719df0b224bd96,floyd算法——更新点.cpp,1395,60,4,0,0,"updata,main","floyd算法,更新点,cpp,floyd算法——更新点"
templates/图论/floyd算法——本质应用.cpp,templates/图论/floyd算法/floyd算法——本质应用.cpp,图论,图论,floyd算法,application,关键词命中: floyd->图论 (via filename) | 含 main | 判定: application,high,,,true,07988b93de140ca2ab1c334ae09f1eb11a07be31c9fe1f328207a581eeb20900,floyd算法——本质应用.cpp,1958,78,5,0,0,"MAXN,MAXM,INF,node,read,cmp,floyd,main","floyd算法,本质应用,cpp,floyd算法——本质应用"
templates/图论/floyd算法——模板.cpp,templates/图论/floyd算法/floyd算法——模板.cpp,图论,图论,floyd算法,runnable_template,关键词命中: floyd->图论 (via filename) | 含 main | 代码内 URL×1 | 判定: runnable_template,high,https://www.luogu.com.cn/problem/P2910,,true,45721a629a17493c448f96fea5a7cdfea838ab2ed2f5ed671a710573f4db6e34,floyd算法——模板.cpp,1913,65,5,1,0,"MAXN,MAXM,build,floyd,main","floyd算法,模板,cpp,floyd算法——模板"
templates/图论/johnson——模板.cpp,templates/图论/johnson/johnson——模板.cpp,图论,图论,johnson,pure_template,关键词命中: johnson->图论 (via filename) | 代码内 URL×1 | 判定: pure_template,high,https://www.luogu.com.cn/problem/P5905,,false,3a14ac19f767c2e5fc1908e3b07dc0c5d620af28be2a0496d4993a0c130ac215,johnson——模板.cpp,2744,134,2,1,0,"MAXN,MAXM,INF,cmp,operator,addedge,spfa,dijkstra","johnson,模板,cpp,johnson——模板"
templates/图论/分层最短路.cpp,templates/图论/最短路/分层最短路.cpp,图论,图论,最短路,runnable_template,关键词命中: 最短路->图论 (via filename) | 含 main | 判定: runnable_template,high,,,true,8661749bcaa82d1eeaf13d53e541597f4da625037b5c6239833bcf2535169c0d,分层最短路.cpp,2619,115,1,0,0,"MAXN,point,addedge,read,cmp,cmp1,dijkstra,main","分层最短路,cpp"
templates/图论/分层最短路——01bfs.cpp,templates/图论/分层最短路/分层最短路——01bfs.cpp,图论,图论,分层最短路,runnable_template,关键词命中: 最短路->图论 (via filename) | 含 main | 判定: runnable_template,high,,,true,b071f4fc9e70264217fb08cb7c05684163cef87c345d3a4c920141705ee362b4,分层最短路——01bfs.cpp,2332,107,3,0,0,"MAXK,MAXN,MAXM,read,addedge,main","分层最短路,01bfs,cpp,分层最短路——01bfs"
templates/图论/分层最短路——层际连边.cpp,templates/图论/分层最短路/分层最短路——层际连边.cpp,图论,图论,分层最短路,runnable_template,关键词命中: 最短路->图论 (via filename) | 含 main | 判定: runnable_template,high,,,true,faad0e98da437ef346dd0cb865e49feaa7dbac3915dadde50d1fcce812750b06,分层最短路——层际连边.cpp,1831,84,3,0,0,"MAXN,MAXM,compare,operator,addedge,dijkstra,main","分层最短路,层际连边,cpp,分层最短路——层际连边"
templates/图论/同余最短路——01bfs.cpp,templates/图论/同余最短路/同余最短路——01bfs.cpp,图论,图论,同余最短路,runnable_template,关键词命中: 最短路->图论 (via filename) | 含 main | 代码内 URL×2 | 判定: runnable_template,high,https://www.luogu.com.cn/problem/AT_arc084_b,,true,c110c2ad592ee8e632b7c1e9b4b8e8014be092e333e03d8a78693188b73380c3,同余最短路——01bfs.cpp,1544,47,8,2,0,"MAXK,bfs,main","同余最短路,01bfs,cpp,同余最短路——01bfs"
templates/图论/同余最短路——DJ算法.cpp,templates/图论/同余最短路/同余最短路——DJ算法.cpp,图论,图论,同余最短路,runnable_template,关键词命中: 最短路->图论 (via filename) | 含 main | 代码内 URL×1 | 判定: runnable_template,high,https://www.luogu.com.cn/problem/P2371,,true,9fa694e0a970d8c602e011e5edb3d2a02c7daea325c998b098ac05afc00ebb65,同余最短路——DJ算法.cpp,2500,94,10,1,0,"MAXN,MAXM,addEdge,dijkstra,compute,main","同余最短路,DJ算法,cpp,同余最短路——DJ算法"
templates/图论/同余最短路——DJ算法2.cpp,templates/图论/同余最短路/同余最短路——DJ算法2.cpp,图论,图论,同余最短路,runnable_template,关键词命中: 最短路->图论 (via filename) | 含 main | 代码内 URL×1 | 判定: runnable_template,high,https://www.luogu.com.cn/problem/P2662,,true,2cfb15fff586edb1781e6506ae422ed3a77b4fe4ca1ca2d3661c67f46e70ede1,同余最短路——DJ算法2.cpp,2874,109,11,1,0,"MAXN,MAXV,MAXM,addEdge,dijkstra,compute,main","同余最短路,DJ算法2,cpp,同余最短路——DJ算法2"
templates/图论/同余最短路——二次转圈法.cpp,templates/图论/同余最短路/同余最短路——二次转圈法.cpp,图论,图论,同余最短路,runnable_template,关键词命中: 最短路->图论 (via filename) | 含 main | 代码内 URL×1 | 判定: runnable_template,high,https://www.luogu.com.cn/problem/P2371,,true,afe198be6d5358c73b1f3c400c3075126496cf667f99c3131c29ecdefc830bb6,同余最短路——二次转圈法.cpp,2583,80,12,1,0,"MAXN,gcd,compute,main","同余最短路,二次转圈法,cpp,同余最短路——二次转圈法"
templates/图论/同余最短路——二次转圈结合背包.cpp,templates/图论/同余最短路/同余最短路——二次转圈结合背包.cpp,图论,图论,同余最短路,runnable_template,关键词命中: 最短路->图论 (via filename) | 含 main | 代码内 URL×1 | 判定: runnable_template,high,https://www.luogu.com.cn/problem/P9140,,true,2bb7fabaf4435a9d0f9ea6f737964dc2f4473bf89c16b5919fd62089f7486271,同余最短路——二次转圈结合背包.cpp,2583,84,12,1,0,"MAXN,gcd,compute,main","同余最短路,二次转圈结合背包,cpp,同余最短路——二次转圈结合背包"
templates/图论/同余最短路——模板.cpp,templates/图论/同余最短路/同余最短路——模板.cpp,图论,图论,同余最短路,pure_template,关键词命中: 最短路->图论 (via filename) | 代码内 URL×1 | 判定: pure_template,high,https://www.luogu.com.cn/problem/P3403,,false,99b7c9a6a3c85911fcc2f4fe741d2b66038368ead666ba0b79e0beaf5f04eff4,同余最短路——模板.cpp,2458,94,11,1,0,"MAXN,MAXM,addEdge,dijkstra,compute,main","同余最短路,模板,cpp,同余最短路——模板"
templates/图论/图——邻接表.cpp,templates/图论/图论/图——邻接表.cpp,图论,图论,图论,runnable_template,关键词命中: 图论->图论 (via directory) | 含 main | 判定: runnable_template,medium,,,true,0eec7312710edecbb1eced049d742739f64f42bf6674e2eef2e1f2f79bb1dd03,图——邻接表.cpp,2187,108,0,0,0,"MAXN,MAXM,build,directgraph,showgraph,main","邻接表,cpp,图——邻接表"
templates/图论/图论——Astar.cpp,templates/图论/图论/图论——Astar.cpp,图论,图论,图论,runnable_template,关键词命中: 图论->图论 (via filename) | 含 main | 判定: runnable_template,high,,,true,1616b7d9dd1438b54e4f9c4aaa21229ed0cf74843b3fbeaec76052bb61048b9d,图论——Astar.cpp,5952,163,0,0,0,"minDistance1,distance,visited,f1,minDistance2,f2,f3,randomGrid","图论,Astar,cpp,图论——Astar"
templates/图论/图论——A星展示.cpp,templates/图论/图论/图论——A星展示.cpp,图论,图论,图论,example,关键词命中: 图论->图论 (via filename) | 含 main | 判定: example,high,,,true,eb49c1ca7aacc6c27bff8df7be1d5af29a795e598c93a3c96df86c4bb66aecbe,图论——A星展示.cpp,5943,166,0,0,0,"minDistance1,distance,visited,f1,abs,f2,max,f3","图论,A星展示,cpp,图论——A星展示"
templates/图论/图论——A星（k短路）模板.cpp,templates/图论/图论/图论——A星（k短路）模板.cpp,图论,图论,图论,example,关键词命中: 图论->图论 (via filename) | 含 main | 判定: example,high,,,true,ceac80947ada8950b38c199f66c781489a5c91f47436757338acc9ae4dc9a415,图论——A星（k短路）模板.cpp,2946,120,4,0,0,"MAXN,MAXM,MAXT,addedge,Addedge,dijkstra,Astar,main","图论,A星（k短路）模板,cpp,图论——A星（k短路）模板"
templates/图论/图论——bellman(SPFA).cpp,templates/图论/图论/图论——bellman(SPFA).cpp,图论,图论,图论,runnable_template,关键词命中: 图论->图论 (via filename) | 含 main | 代码内 URL×1 | 判定: runnable_template,high,https://www.luogu.com.cn/problem/P3385,,true,708315001602230081203aedb58515eb7defca1c9a5d6b08d137074a612ff05f,图论——bellman(SPFA).cpp,3129,110,7,1,0,"MAXN,MAXM,MAXQ,build,addEdge,spfa,main","图论,bellman(SPFA),cpp,图论——bellman(SPFA)"
templates/图论/图论——bellman2  必须k次.cpp,templates/图论/图论/图论——bellman2  必须k次.cpp,图论,图论,图论,application,关键词命中: 图论->图论 (via filename) | 含 main | 代码内 URL×1 | 判定: application,high,https://leetcode.cn/problems/cheapest-flights-within-k-stops/,,true,ca65ac9489bbe5e7149bd40eac988e41ee76770c483254f1672b1f4f68175b93,图论——bellman2  必须k次.cpp,2289,58,8,1,0,"MAXN,MAXM,main","图论,bellman2  必须k次,cpp,图论——bellman2  必须k次"
templates/图论/图论——IDA星应用.cpp,templates/图论/图论/图论——IDA星应用.cpp,图论,图论,图论,application,关键词命中: 图论->图论 (via filename) | 含 main | 判定: application,high,,,true,99ba9752e722fa0e7f72c8ce815baf8c350457000606ffabfe9290df3842ce6c,图论——IDA星应用.cpp,1618,82,4,0,0,"MAXN,predict,find,IDAdfs,main","图论,IDA星应用,cpp,图论——IDA星应用"
templates/图论/图论——IDA星模板.cpp,templates/图论/图论/图论——IDA星模板.cpp,图论,图论,图论,application,关键词命中: 图论->图论 (via filename) | 含 main | 代码内 URL×2 | 判定: application,high,https://acm.hdu.edu.cn/showproblem.php?pid=1560,,true,6e7918f7a1913ad1dad894c6e437402aad89b733302f377415d47121d1f1caa2,图论——IDA星模板.cpp,2520,104,7,2,0,"GetPri,ID_A_Star,main","图论,IDA星模板,cpp,图论——IDA星模板"
templates/图论/图论——IDA星（进阶）.cpp,templates/图论/图论/图论——IDA星（进阶）.cpp,图论,图论,图论,runnable_template,关键词命中: 图论->图论 (via filename) | 含 main | 代码内 URL×2 | 判定: runnable_template,high,https://acm.hdu.edu.cn/showproblem.php?pid=1667,,true,3638f330e37c8a0372552a80281bfaa6e4f09891e351ac1ccdbe365289e35480,图论——IDA星（进阶）.cpp,4249,128,10,2,0,"getPosition,getPriority,performMove,undoMove,aStarSearch,main","图论,IDA星（进阶）,cpp,图论——IDA星（进阶）"
templates/图论/图论——spfa模板.cpp,templates/图论/图论/图论——spfa模板.cpp,图论,图论,图论,example,关键词命中: 图论->图论 (via filename) | 含 main | 判定: example,high,,,true,8468631a6bab1c46d4b91c21a741b2a86e82d49d41638f0528c82a11e601181c,图论——spfa模板.cpp,2256,87,4,0,0,"MAXN,MAXM,addedge,spfa,main","图论,spfa模板,cpp,图论——spfa模板"
templates/图论/差分约束——两种形式综合.cpp,templates/基础算法/差分约束/差分约束——两种形式综合.cpp,图论,基础算法,差分约束,runnable_template,关键词命中: 差分->基础算法 (via filename) | 含 main | 代码内 URL×1 | 判定: runnable_template,high,https://www.luogu.com.cn/problem/P4878,,true,bd0c367fec0ee96518f2e5931e2d83bf17af05c1da7c49cc3d47ee2dc8e804ee,差分约束——两种形式综合.cpp,3374,108,13,1,0,"MAXN,MAXM,addEdge,spfa,main","差分约束,两种形式综合,cpp,差分约束——两种形式综合"
templates/图论/差分约束——模板形式一.cpp,templates/基础算法/差分约束/差分约束——模板形式一.cpp,图论,基础算法,差分约束,runnable_template,关键词命中: 差分->基础算法 (via filename) | 含 main | 代码内 URL×1 | 判定: runnable_template,high,https://www.luogu.com.cn/problem/P5960,,true,5bc48cb1255b985c33541718ef543832b7f918455c67ccaa171dbe21a81604e5,差分约束——模板形式一.cpp,3059,99,10,1,0,"MAXN,MAXM,addEdge,spfa,main","差分约束,模板形式一,cpp,差分约束——模板形式一"
templates/图论/差分约束——模板形式二.cpp,templates/基础算法/差分约束/差分约束——模板形式二.cpp,图论,基础算法,差分约束,runnable_template,关键词命中: 差分->基础算法 (via filename) | 含 main | 代码内 URL×1 | 判定: runnable_template,high,https://www.luogu.com.cn/problem/P5960,,true,6749ebfa5ea486a9be0d9bb4aa59f9a253e55f4f32810f31efb9b046ddfab71e,差分约束——模板形式二.cpp,2797,96,10,1,0,"MAXN,MAXM,addEdge,spfa,main","差分约束,模板形式二,cpp,差分约束——模板形式二"
templates/图论/差分约束——结合floyd.cpp,templates/基础算法/差分约束/差分约束——结合floyd.cpp,图论,基础算法,差分约束,runnable_template,关键词命中: 差分->基础算法 (via filename) | 含 main | 代码内 URL×1 | 判定: runnable_template,high,https://www.luogu.com.cn/problem/P2474,,true,08a75bc60315934044965dcc32a4f42b04ceab5241894ab388b6d2b4ec0697a8,差分约束——结合floyd.cpp,3012,87,11,1,0,"MAXN,compute,main","差分约束,结合floyd,cpp,差分约束——结合floyd"
templates/图论/差分约束——限制性超级源点.cpp,templates/基础算法/差分约束/差分约束——限制性超级源点.cpp,图论,基础算法,差分约束,runnable_template,关键词命中: 差分->基础算法 (via filename) | 含 main | 代码内 URL×1 | 判定: runnable_template,high,https://www.luogu.com.cn/problem/P4926,,true,977bfd4a3ce9bf74668beefa225c74a4fd24c19093f8e1ba19bcf98b081d4502,差分约束——限制性超级源点.cpp,4506,154,15,1,0,"MAXN,MAXM,MAXQ,INF,sml,addedge,build,spfa","差分约束,限制性超级源点,cpp,差分约束——限制性超级源点"
templates/图论/拓扑排序——入度删除法.cpp,templates/图论/拓扑排序/拓扑排序——入度删除法.cpp,图论,图论,拓扑排序,pure_template,关键词命中: 拓扑排序->图论 (via filename) | 代码内 URL×1 | 判定: pure_template,high,https://leetcode.cn/problems/course-schedule-ii/,,false,0fb06d62e50cd36e78a39bd64460bf2cc6010dd37012cb47df8a2e9d90892835,拓扑排序——入度删除法.cpp,1928,65,10,1,0,"MAXN,MAXM,MOD,main","拓扑排序,入度删除法,cpp,拓扑排序——入度删除法"
templates/图论/拓扑排序——最多员工数量.cpp,templates/图论/拓扑排序/拓扑排序——最多员工数量.cpp,图论,图论,拓扑排序,runnable_template,关键词命中: 拓扑排序->图论 (via filename) | 含 main | 代码内 URL×1 | 判定: runnable_template,high,https://leetcode.cn/problems/maximum-employees-to-be-invited-to-a-meeting/,,true,9260c3fd6fa27d120f17501a641ac2fef51f9e334db38db15149c887b643ed75,拓扑排序——最多员工数量.cpp,2114,63,8,1,0,"MAXN,main","拓扑排序,最多员工数量,cpp,拓扑排序——最多员工数量"
templates/图论/拓扑排序——求最长公共路径.cpp,templates/图论/拓扑排序/拓扑排序——求最长公共路径.cpp,图论,图论,拓扑排序,runnable_template,关键词命中: 拓扑排序->图论 (via filename) | 含 main | 判定: runnable_template,high,,,true,0998510d71eb364378e990e922e311e8239b4d1c805d2ef028edff0b4ec2c190,拓扑排序——求最长公共路径.cpp,3863,167,3,0,0,"MAXN,MAXM,read,addedge,addedge1,dijkstra,topo,main","拓扑排序,求最长公共路径,cpp,拓扑排序——求最长公共路径"
templates/图论/拓扑排序——结合前缀树.cpp,templates/字符串/拓扑排序/拓扑排序——结合前缀树.cpp,图论,字符串,拓扑排序,runnable_template,关键词命中: 前缀树->字符串 (via filename) | 含 main | 判定: runnable_template,high,,,true,3a34e9a51cca415d8cd09890d7422280e3b4351ef688152a3ff1d6b9ed83699d,拓扑排序——结合前缀树.cpp,2464,114,4,0,0,"MAXN,MAXM,build,topo,check,insert,main","拓扑排序,结合前缀树,cpp,拓扑排序——结合前缀树"
templates/图论/树上换根——最短路.cpp,templates/树上算法/树上换根/树上换根——最短路.cpp,图论,树上算法,树上换根,runnable_template,关键词命中: 树上换根->树上算法 (via filename) | 含 main | 代码内 URL×1 | 判定: runnable_template,high,https://www.luogu.com.cn/problem/P6419,,true,70937dcd1a77dc817af87f6947c21dfd70adfe59a6634d5e9870f88cad474842,树上换根——最短路.cpp,3101,109,10,1,0,"MAXN,dfs1,dfs2,main","树上换根,最短路,cpp,树上换根——最短路"
templates/图论/欧拉图——应用.cpp,templates/图论/欧拉图/欧拉图——应用.cpp,图论,图论,欧拉图,application,关键词命中: 欧拉回路->图论 (via head) | 含 main | 代码内 URL×1 | 判定: application,medium,https://www.luogu.com.cn/problem/P1127,,true,09bd0d8d4ee6618969f96c3c92fa1efa25a8dd7d74dc3f0f5ac1757619e0eaf7,欧拉图——应用.cpp,2913,127,6,1,0,"MAXN,MAXM,find,un,dfs,main","欧拉图,应用,cpp,欧拉图——应用"
templates/图论/欧拉图——欧拉路径模板.cpp,templates/基础算法/欧拉图/欧拉图——欧拉路径模板.cpp,图论,基础算法,欧拉图,runnable_template,关键词命中: 排序->基础算法 (via head) | 含 main | 代码内 URL×1 | 判定: runnable_template,medium,https://www.luogu.com.cn/problem/P7771,,true,e68ea7474fe9820e1b2b9367b50b7af006ff3f95cd9be0f03184263e2c33866f,欧拉图——欧拉路径模板.cpp,2078,83,5,1,0,"MAXN,read,dfs,main","欧拉图,欧拉路径模板,cpp,欧拉图——欧拉路径模板"
templates/图论/欧拉图——欧拉路径模板（无向图）.cpp,templates/图论/欧拉图/欧拉图——欧拉路径模板（无向图）.cpp,图论,图论,欧拉图,runnable_template,关键词命中: 图论->图论 (via directory) | 含 main | 代码内 URL×1 | 判定: runnable_template,medium,https://www.luogu.com.cn/problem/P2731,,true,16740eb61c8453a67fcd4f91861773d3f7997742d7ac67da47b64854d2c3c118,欧拉图——欧拉路径模板（无向图）.cpp,1369,64,4,1,0,"MAXN,MAXM,dfs,main","欧拉图,欧拉路径模板（无向图）,cpp,欧拉图——欧拉路径模板（无向图）"
templates/图论/线段树优化建图——模板.cpp,templates/数据结构/线段树优化建图/线段树优化建图——模板.cpp,图论,数据结构,线段树优化建图,runnable_template,关键词命中: 线段树->数据结构 (via filename) | 含 main | 代码内 URL×1 | 代码内题号×3 | 判定: runnable_template,high,https://www.luogu.com.cn/problem/CF786B,P6348,true,26e00e009dc2542b31ad2832c71f0bcede9d7e2cdf3335a2bf2c619133f15861,线段树优化建图——模板.cpp,4235,182,8,1,3,"MAXN,MAXM,node,compare,operator,read,addedge,build1","线段树优化建图,模板,cpp,线段树优化建图——模板"
templates/图论/线段树优化建图——虚点.cpp,templates/数据结构/线段树优化建图/线段树优化建图——虚点.cpp,图论,数据结构,线段树优化建图,runnable_template,关键词命中: 线段树->数据结构 (via filename) | 含 main | 代码内 URL×1 | 判定: runnable_template,high,https://www.luogu.com.cn/problem/P3588,,true,298950f2348ded550bb57982182529c06a32d8104cd3b1d5833fd1df47a05785,线段树优化建图——虚点.cpp,4154,201,3,1,0,"MAXN,MAXM,INF,point,read,addedge,build,cmp","线段树优化建图,虚点,cpp,线段树优化建图——虚点"
templates/左偏树/k短路——左偏树.cpp,templates/数据结构/k短路/k短路——左偏树.cpp,左偏树,数据结构,k短路,runnable_template,关键词命中: 左偏树->数据结构 (via filename) | 含 main | 代码内 URL×1 | 判定: runnable_template,high,https://www.luogu.com.cn/problem/P2483,,true,0d58e0644061f101c046c847ca65c293fab1dec16e8c542ed7ccf9666867438b,k短路——左偏树.cpp,7748,273,11,1,0,"MAXN,MAXM,MAXT,MAXH,INF,addEdgeG,addEdgeR,init","k短路,左偏树,cpp,k短路——左偏树"
templates/左偏树/可持久化左偏树.cpp,templates/数据结构/左偏树/可持久化左偏树.cpp,左偏树,数据结构,左偏树,runnable_template,关键词命中: 左偏树->数据结构 (via filename) | 含 main | 判定: runnable_template,high,,,true,6dca4b8ee34d0161e2c62383cb7f4336c329c6164e0891482bae53489ed284a5,可持久化左偏树.cpp,5312,219,1,0,0,"MAXN,MAXV,MAXT,init,clone,merge,pop,treeAdd","可持久化左偏树,cpp"
templates/左偏树/可持久化左偏树2.cpp,templates/数据结构/左偏树/可持久化左偏树2.cpp,左偏树,数据结构,左偏树,runnable_template,关键词命中: 左偏树->数据结构 (via filename) | 含 main | 代码内 URL×1 | 判定: runnable_template,high,https://www.luogu.com.cn/problem/P2409,,true,76e210fce837438ba892e149d8409c2550cb3e024f10f9b228765a5f61ebb0cd,可持久化左偏树2.cpp,4374,166,11,1,0,"MAXN,MAXM,MAXK,MAXT,INF,init,clone,merge","可持久化左偏树2,cpp"
templates/左偏树/左偏树——删除任意节点模板.cpp,templates/数据结构/左偏树/左偏树——删除任意节点模板.cpp,左偏树,数据结构,左偏树,runnable_template,关键词命中: 左偏树->数据结构 (via filename) | 含 main | 代码内 URL×1 | 判定: runnable_template,high,https://www.luogu.com.cn/problem/P4971,,true,f5ada9e183b5412de838da7c20fef911d2eaf6ff912d4108fae093846d1d12c3,左偏树——删除任意节点模板.cpp,5557,168,25,1,0,"MAXN,prepare,find,merge,remove,reduce,compute,main","左偏树,删除任意节点模板,cpp,左偏树——删除任意节点模板"
templates/左偏树/左偏树——单调栈.cpp,templates/数据结构/左偏树/左偏树——单调栈.cpp,左偏树,数据结构,左偏树,application,关键词命中: 左偏树->数据结构 (via filename) | 含 main | 代码内 URL×1 | 判定: application,high,https://www.luogu.com.cn/problem/P4331,,true,bc0d8d5db11b7f28d57e625f01e34ae84397dc13a3a0287bf0f32d5b4a91e3e6,左偏树——单调栈.cpp,3801,130,13,1,0,"MAXN,prepare,find,merge,pop,compute,main","左偏树,单调栈,cpp,左偏树——单调栈"
templates/左偏树/左偏树——合并堆.cpp,templates/数据结构/左偏树/左偏树——合并堆.cpp,左偏树,数据结构,左偏树,runnable_template,关键词命中: 左偏树->数据结构 (via filename) | 含 main | 代码内 URL×1 | 判定: runnable_template,high,https://www.luogu.com.cn/problem/P1456,,true,4d1eaae73a1b9cc92e9308a628174b41bf954760449e89e5a652917c60424721,左偏树——合并堆.cpp,2856,99,14,1,0,"MAXN,prepare,find,merge,pop,fight,main","左偏树,合并堆,cpp,左偏树——合并堆"
templates/左偏树/左偏树——启发式合并.cpp,templates/树上算法/左偏树/左偏树——启发式合并.cpp,左偏树,树上算法,左偏树,application,关键词命中: 启发式合并->树上算法 (via filename) | 含 main | 代码内 URL×1 | 判定: application,high,https://www.luogu.com.cn/problem/P3273,,true,3b039806fa0d0996d58cd80bda043e8af771efb7a9e76f58471d386caee1ec72,左偏树——启发式合并.cpp,7228,244,19,1,0,"MAXN,minusHead,addHead,prepare,find,merge,remove,down","左偏树,启发式合并,cpp,左偏树——启发式合并"
templates/左偏树/左偏树——大根堆.cpp,templates/数据结构/左偏树/左偏树——大根堆.cpp,左偏树,数据结构,左偏树,runnable_template,关键词命中: 左偏树->数据结构 (via filename) | 含 main | 代码内 URL×1 | 判定: runnable_template,high,https://www.luogu.com.cn/problem/P1552,,true,221326c241037aff919db3bf6b64d5da3116ba19c912746e003c0e70780ec253,左偏树——大根堆.cpp,3498,113,14,1,0,"MAXN,find,merge,pop,prepare,compute,main","左偏树,大根堆,cpp,左偏树——大根堆"
templates/左偏树/左偏树——懒更新.cpp,templates/数据结构/左偏树/左偏树——懒更新.cpp,左偏树,数据结构,左偏树,runnable_template,关键词命中: 左偏树->数据结构 (via filename) | 含 main | 代码内 URL×1 | 判定: runnable_template,high,https://www.luogu.com.cn/problem/P3261,,true,bafda57d18ce0128be06f6e1eb8be9a25f76d1f85d63cc259fc502e196af7bdb,左偏树——懒更新.cpp,6694,196,14,1,0,"MAXN,prepare,upgrade,down,merge,pop,compute,main","左偏树,懒更新,cpp,左偏树——懒更新"
templates/左偏树/左偏树——模板.cpp,templates/数据结构/左偏树/左偏树——模板.cpp,左偏树,数据结构,左偏树,runnable_template,关键词命中: 左偏树->数据结构 (via filename) | 含 main | 代码内 URL×1 | 判定: runnable_template,high,https://www.luogu.com.cn/problem/P3377,,true,99362d68b0c08e15b7e6cb3d1a4b5b9666e694103bc12f23934041f1d036512d,左偏树——模板.cpp,3897,119,13,1,0,"MAXN,prepare,find,merge,pop,main","左偏树,模板,cpp,左偏树——模板"
templates/差分前缀和/前缀和——01正方形.cpp,templates/基础算法/前缀和/前缀和——01正方形.cpp,差分前缀和,基础算法,前缀和,runnable_template,关键词命中: 前缀和->基础算法 (via filename) | 含 main | 判定: runnable_template,high,,,true,2a425fee8a82c5306bec737a3eb2100dea053429dc9444bdfff06f70bc2fcd21,前缀和——01正方形.cpp,917,37,0,0,0,"MAXN,fun,main","前缀和,01正方形,cpp,前缀和——01正方形"
templates/差分前缀和/前缀和——二维前缀和.cpp,templates/基础算法/前缀和/前缀和——二维前缀和.cpp,差分前缀和,基础算法,前缀和,runnable_template,关键词命中: 前缀和->基础算法 (via filename) | 含 main | 判定: runnable_template,high,,,true,481ae60927dab4d321954780e6d6731b221b71b2ddc7285d058635155f77c255,前缀和——二维前缀和.cpp,746,33,0,0,0,"MAXN,fun,main","前缀和,二维前缀和,cpp,前缀和——二维前缀和"
templates/差分前缀和/差分——一维模板.cpp,templates/基础算法/差分/差分——一维模板.cpp,差分前缀和,基础算法,差分,runnable_template,关键词命中: 差分->基础算法 (via filename) | 含 main | 代码内 URL×1 | 判定: runnable_template,high,https://leetcode.cn/problems/corporate-flight-bookings/,,true,10dd083513bed676c860dd1a3757c5c05247cb07ef74d33b7589d1cd7050d6dd,差分——一维模板.cpp,839,29,8,1,0,main,"差分,一维模板,cpp,差分——一维模板"
templates/差分前缀和/差分——二维应用.cpp,templates/基础算法/差分/差分——二维应用.cpp,差分前缀和,基础算法,差分,application,关键词命中: 差分->基础算法 (via filename) | 含 main | 代码内 URL×1 | 判定: application,high,https://leetcode.cn/problems/xepqZ5/,,true,e4a466a9a7d20688189ab337be7995564c354c399b8ef99958742273f235b275,差分——二维应用.cpp,2926,95,10,1,0,"rank1,add,sort1,main","差分,二维应用,cpp,差分——二维应用"
templates/差分前缀和/差分——二维模板.cpp,templates/基础算法/差分/差分——二维模板.cpp,差分前缀和,基础算法,差分,runnable_template,关键词命中: 差分->基础算法 (via filename) | 含 main | 代码内 URL×1 | 判定: runnable_template,high,https://www.luogu.com.cn/problem/P3397,,true,0f3c0d0e4d5fb9b3d44e7dbe6aae169d046f0dbffd48d27f4f3b9fe931ae0811,差分——二维模板.cpp,1010,44,5,1,0,"Set,build,main","差分,二维模板,cpp,差分——二维模板"
templates/差分前缀和/差分——求和.cpp,templates/基础算法/差分/差分——求和.cpp,差分前缀和,基础算法,差分,runnable_template,关键词命中: 差分->基础算法 (via filename) | 含 main | 代码内 URL×1 | 判定: runnable_template,high,https://leetcode.cn/problems/stamping-the-grid/,,true,5ba35fde74de7f0fbf61d3c3223432264820d3a3c67796d15093fafd5e668b98,差分——求和.cpp,2217,67,11,1,0,"fun,Set,main","差分,求和,cpp,差分——求和"
templates/差分前缀和/差分——等差数列.cpp,templates/基础算法/差分/差分——等差数列.cpp,差分前缀和,基础算法,差分,runnable_template,关键词命中: 差分->基础算法 (via filename) | 含 main | 代码内 URL×1 | 判定: runnable_template,high,https://www.luogu.com.cn/problem/P4231,,true,2efa8e7bd3bde62f34ec7387cfa87cdd00bc28ba9e5580705da62989ece6520a,差分——等差数列.cpp,1612,59,8,1,0,"read,Set,build,main","差分,等差数列,cpp,差分——等差数列"
templates/差分前缀和/差分——等差数列升级.cpp,templates/基础算法/差分/差分——等差数列升级.cpp,差分前缀和,基础算法,差分,runnable_template,关键词命中: 差分->基础算法 (via filename) | 含 main | 代码内 URL×1 | 判定: runnable_template,high,https://www.luogu.com.cn/problem/P5026,,true,1f633ec51c4e24abd198cf40febee69cf3e0a06f6ff07c9d024fd0c1528963ad,差分——等差数列升级.cpp,1231,52,6,1,0,"offset,Set,build,fall,main","差分,等差数列升级,cpp,差分——等差数列升级"
templates/平衡树/AVL树——模板.cpp,templates/数据结构/AVL树/AVL树——模板.cpp,平衡树,数据结构,AVL树,runnable_template,关键词命中: 平衡树->数据结构 (via directory) | 含 main | 代码内 URL×1 | 判定: runnable_template,medium,https://www.luogu.com.cn/problem/P3369,,true,f3a1629fdd84e3ffb19d2c923b0d5a1bad12f243e45e13b936ecdb61d78077b5,AVL树——模板.cpp,9184,294,12,1,0,"MAXN,up,leftRotate,rightRotate,maintain,add,small,getrank","AVL树,模板,cpp,AVL树——模板"
templates/平衡树/FHQ treap——区间移动.cpp,templates/数据结构/FHQ treap/FHQ treap——区间移动.cpp,平衡树,数据结构,FHQ treap,runnable_template,关键词命中: treap->数据结构 (via filename) | 含 main | 代码内 URL×1 | 判定: runnable_template,high,https://www.luogu.com.cn/problem/P4008,,true,b2f4fbf0ce4c75076e36d734f969508ca24b48ee2da32a9fd44c4c7d0948d4a5,FHQ treap——区间移动.cpp,3884,130,13,1,0,"MAXN,up,split,merge,inorder,main","FHQ treap,区间移动,cpp,FHQ treap——区间移动"
templates/平衡树/FHQ treap——区间翻转.cpp,templates/数据结构/FHQ treap/FHQ treap——区间翻转.cpp,平衡树,数据结构,FHQ treap,runnable_template,关键词命中: treap->数据结构 (via filename) | 含 main | 代码内 URL×1 | 判定: runnable_template,high,https://www.luogu.com.cn/problem/P3391,,true,a860aa116ddb52c22bd2adf828b06eeb778a1c9a335890bf6ec855274f9f5994,FHQ treap——区间翻转.cpp,2887,114,9,1,0,"MAXN,up,down,split,merge,inorder,main","FHQ treap,区间翻转,cpp,FHQ treap——区间翻转"
templates/平衡树/FHQ treap——可持久化平衡树.cpp,templates/数据结构/FHQ treap/FHQ treap——可持久化平衡树.cpp,平衡树,数据结构,FHQ treap,runnable_template,关键词命中: 平衡树->数据结构 (via filename) | 含 main | 代码内 URL×1 | 判定: runnable_template,high,https://www.luogu.com.cn/problem/P3835,,true,2f268a32bf5b0eca46871b900c373ac4188dbdc2de0989b0ce51b80e451d6d38,FHQ treap——可持久化平衡树.cpp,5194,176,17,1,0,"MAXN,MAXM,copy,up,split,merge,add,remove","FHQ treap,可持久化平衡树,cpp,FHQ treap——可持久化平衡树"
templates/平衡树/FHQ treap——可持久化线段树.cpp,templates/数据结构/FHQ treap/FHQ treap——可持久化线段树.cpp,平衡树,数据结构,FHQ treap,runnable_template,关键词命中: 线段树->数据结构 (via filename) | 含 main | 代码内 URL×1 | 判定: runnable_template,high,https://www.luogu.com.cn/problem/P5055,,true,e047fb7678506ee8032386a44df0386b34b437a308260e7ef74c870fd518adfe,FHQ treap——可持久化线段树.cpp,4767,161,16,1,0,"MAXN,MAXM,copy,up,down,split,merge,main","FHQ treap,可持久化线段树,cpp,FHQ treap——可持久化线段树"
templates/平衡树/FHQ treap——有序表.cpp,templates/数据结构/FHQ treap/FHQ treap——有序表.cpp,平衡树,数据结构,FHQ treap,runnable_template,关键词命中: treap->数据结构 (via filename) | 含 main | 代码内 URL×1 | 判定: runnable_template,high,https://www.luogu.com.cn/problem/P6136,,true,4978a88e8bb15b2728eb33a741ded98ab9c8fb898af5fd8083c13e2144cb317a,FHQ treap——有序表.cpp,3514,156,6,1,0,"MAXN,up,split,merge,add,remove,getRank,index","FHQ treap,有序表,cpp,FHQ treap——有序表"
templates/平衡树/FHQ treap——词频不压缩版.cpp,templates/数据结构/FHQ treap/FHQ treap——词频不压缩版.cpp,平衡树,数据结构,FHQ treap,runnable_template,关键词命中: treap->数据结构 (via filename) | 含 main | 代码内 URL×1 | 判定: runnable_template,high,https://www.luogu.com.cn/problem/P3369,,true,63ccd4880d74ca2655516e4f69eab16948242ba677aa11f029d51a5cb53a9fa6,FHQ treap——词频不压缩版.cpp,4405,163,14,1,0,"MAXN,up,split,merge,add,remove,getRank,index","FHQ treap,词频不压缩版,cpp,FHQ treap——词频不压缩版"
templates/平衡树/FHQ treap——词频压缩版.cpp,templates/数据结构/FHQ treap/FHQ treap——词频压缩版.cpp,平衡树,数据结构,FHQ treap,runnable_template,关键词命中: treap->数据结构 (via filename) | 含 main | 代码内 URL×1 | 判定: runnable_template,high,https://www.luogu.com.cn/problem/P3369,,true,e57679507611c1a2b3276f8f546c00f3fa083a3e369269eae3f98aedf56de6de,FHQ treap——词频压缩版.cpp,6998,225,16,1,0,"MAXN,up,split,merge,find,changeCount,add,remove","FHQ treap,词频压缩版,cpp,FHQ treap——词频压缩版"
templates/平衡树/splay树——全局变量辅助.cpp,templates/数据结构/splay树/splay树——全局变量辅助.cpp,平衡树,数据结构,splay树,runnable_template,关键词命中: 平衡树->数据结构 (via directory) | 含 main | 代码内 URL×1 | 判定: runnable_template,medium,https://www.luogu.com.cn/problem/P1486,,true,0df9902e11188281d5313e84659117745c975189a22415afc6d08281e0e52f4a,splay树——全局变量辅助.cpp,4437,179,14,1,0,"MAXN,up,lr,rotate,splay,add,index,departure","splay树,全局变量辅助,cpp,splay树——全局变量辅助"
templates/平衡树/splay树——区间移动.cpp,templates/数据结构/splay树/splay树——区间移动.cpp,平衡树,数据结构,splay树,runnable_template,关键词命中: 平衡树->数据结构 (via directory) | 含 main | 代码内 URL×1 | 判定: runnable_template,medium,https://www.luogu.com.cn/problem/P2596,,true,abf559935828b2a1f411bb809c0615b18dd155c19d1da718fc5c746a0e2cfd8a,splay树——区间移动.cpp,4406,175,12,1,0,"MAXN,up,lr,rotate,splay,find,add,ask","splay树,区间移动,cpp,splay树——区间移动"
templates/平衡树/splay树——区间翻转.cpp,templates/数据结构/splay树/splay树——区间翻转.cpp,平衡树,数据结构,splay树,runnable_template,关键词命中: 平衡树->数据结构 (via head) | 含 main | 代码内 URL×1 | 判定: runnable_template,medium,https://www.luogu.com.cn/problem/P3391,,true,058132592f9319054c1eeaec3eeeb0d5b23adcad8f00fe678d28d5a8f368f7fe,splay树——区间翻转.cpp,4341,183,13,1,0,"MAXN,up,lr,rotate,splay,down,find,add","splay树,区间翻转,cpp,splay树——区间翻转"
templates/平衡树/splay树——展示.cpp,templates/数据结构/splay树/splay树——展示.cpp,平衡树,数据结构,splay树,example,关键词命中: 平衡树->数据结构 (via directory) | 含 main | 判定: example,medium,,,true,bf2b6e5a42d3e6b81b8fb0ba1ad5d615bdb873549535fbdbdbdbd46af5df0362,splay树——展示.cpp,4764,159,0,0,0,"MAXN,up,lr,rotate,splay,build1,build2,height","splay树,展示,cpp,splay树——展示"
templates/平衡树/splay树——有序表.cpp,templates/数据结构/splay树/splay树——有序表.cpp,平衡树,数据结构,splay树,runnable_template,关键词命中: 平衡树->数据结构 (via directory) | 含 main | 代码内 URL×1 | 判定: runnable_template,medium,https://www.luogu.com.cn/problem/P6136,,true,966094e93dce6423dbb7effa5616db774dfa7ed4706ccf097feb4a35f276b229,splay树——有序表.cpp,4891,228,6,1,0,"MAXN,up,lr,rotate,splay,find,add,getRank","splay树,有序表,cpp,splay树——有序表"
templates/平衡树/splay树——模板.cpp,templates/数据结构/splay树/splay树——模板.cpp,平衡树,数据结构,splay树,runnable_template,关键词命中: 平衡树->数据结构 (via directory) | 含 main | 代码内 URL×1 | 判定: runnable_template,medium,https://www.luogu.com.cn/problem/P3369,,true,86e0a9d2b4a4a9a27f1ade52aa733b7a045249d1127d1790a1b84f9fdc30e13a,splay树——模板.cpp,5911,234,13,1,0,"MAXN,up,lr,rotate,splay,find,add,getRank","splay树,模板,cpp,splay树——模板"
templates/平衡树/splay树——线段树.cpp,templates/数据结构/splay树/splay树——线段树.cpp,平衡树,数据结构,splay树,runnable_template,关键词命中: 线段树->数据结构 (via filename) | 含 main | 代码内 URL×1 | 判定: runnable_template,high,https://www.luogu.com.cn/problem/P2042,,true,8f5f11fcc8762cdfa88c0e9e080515c3546ff5f8dc8bba9aadd30483da9b20d9,splay树——线段树.cpp,7162,285,16,1,0,"MAXN,INF,up,lr,rotate,splay,setValue,setReverse","splay树,线段树,cpp,splay树——线段树"
templates/平衡树/Treap树——模板.cpp,templates/数据结构/Treap树/Treap树——模板.cpp,平衡树,数据结构,Treap树,application,关键词命中: treap->数据结构 (via filename) | 含 main | 代码内 URL×1 | 判定: application,high,https://www.luogu.com.cn/problem/P3369,,true,16af809055d2a52515ac522a3aa585732ee512f1355776c4c2c1a1c9e1ea2c61,Treap树——模板.cpp,5860,216,16,1,0,"MAXN,up,leftRotate,rightRotate,add,small,getRank,index","Treap树,模板,cpp,Treap树——模板"
templates/平衡树/有序表——使用.cpp,templates/数据结构/有序表/有序表——使用.cpp,平衡树,数据结构,有序表,pure_template,关键词命中: 平衡树->数据结构 (via directory) | 判定: pure_template,medium,,,false,9830069ff6de253e11219bcc21c440b0d3f6e4d38a25ba5a60d3a7d917583be5,有序表——使用.cpp,4662,221,1,0,0,"MAXN,up,leftRotate,rightRotate,maintain,add,getRank,removeMostLeft","有序表,使用,cpp,有序表——使用"
templates/平衡树/有序表——替罪羊树.cpp,templates/数据结构/有序表/有序表——替罪羊树.cpp,平衡树,数据结构,有序表,runnable_template,关键词命中: 平衡树->数据结构 (via directory) | 含 main | 代码内 URL×1 | 判定: runnable_template,medium,https://www.luogu.com.cn/problem/P3369,,true,e2d08ff12e0271e667f7600b1a0739e86c1c967f34bb6924150303b12dca59f5,有序表——替罪羊树.cpp,6480,255,13,1,0,"ALPHA,MAXN,init,up,inorder,build,rebuild,balance","有序表,替罪羊树,cpp,有序表——替罪羊树"
templates/平衡树/有序表——替罪羊树重构因子测试.cpp,templates/数据结构/有序表/有序表——替罪羊树重构因子测试.cpp,平衡树,数据结构,有序表,runnable_template,关键词命中: 平衡树->数据结构 (via directory) | 含 main | 判定: runnable_template,medium,,,true,08b1b4eb93e7bb209a220dc70c3fceb8cc48ff8a69c788a3ed4aa391cb2fd07d,有序表——替罪羊树重构因子测试.cpp,5583,239,8,0,0,"MAXN,deep,max,init,up,inorder,build,rebuild","有序表,替罪羊树重构因子测试,cpp,有序表——替罪羊树重构因子测试"
templates/平衡树/有序表——跳表.cpp,templates/数据结构/有序表/有序表——跳表.cpp,平衡树,数据结构,有序表,runnable_template,关键词命中: 平衡树->数据结构 (via directory) | 含 main | 代码内 URL×1 | 判定: runnable_template,medium,https://www.luogu.com.cn/problem/P3369,,true,3dcbe2134ced76f5e94d9ff5529f383dceffabc53754d22a818cbd8f985c0438,有序表——跳表.cpp,8417,293,13,1,0,"MAXL,MAXN,build,clear,randomLevel,min,find,addCount","有序表,跳表,cpp,有序表——跳表"
templates/平衡树/笛卡尔树——方案计数.cpp,templates/数据结构/笛卡尔树/笛卡尔树——方案计数.cpp,平衡树,数据结构,笛卡尔树,runnable_template,关键词命中: 平衡树->数据结构 (via directory) | 含 main | 代码内 URL×2 | 判定: runnable_template,medium,https://www.luogu.com.cn/problem/CF1748E,,true,63d65eb2e1aa71fe4cd47bfd6bc3740c4782acd43968686c7488a632e7e395d9,笛卡尔树——方案计数.cpp,2603,89,12,2,0,"MOD,MAXN,build,dfs,clear,compute,dp,main","笛卡尔树,方案计数,cpp,笛卡尔树——方案计数"
templates/平衡树/笛卡尔树——期望.cpp,templates/数据结构/笛卡尔树/笛卡尔树——期望.cpp,平衡树,数据结构,笛卡尔树,pure_template,关键词命中: 平衡树->数据结构 (via directory) | 代码内 URL×2 | 判定: pure_template,medium,https://www.luogu.com.cn/problem/AT_agc028_b,,false,d9718f8ae6f0e0965c31bb62367d1903307dec810b488950a7f5af7203057682,笛卡尔树——期望.cpp,2805,61,23,2,0,"MOD,MAXN,build,main","笛卡尔树,期望,cpp,笛卡尔树——期望"
templates/平衡树/笛卡尔树——树的序.cpp,templates/数据结构/笛卡尔树/笛卡尔树——树的序.cpp,平衡树,数据结构,笛卡尔树,runnable_template,关键词命中: 二叉树->数据结构 (via head) | 含 main | 代码内 URL×1 | 判定: runnable_template,medium,https://www.luogu.com.cn/problem/P1377,,true,dac3b2b4a962782c300810784dc36b487f1939e0273a09e3395a620b97273b51,笛卡尔树——树的序.cpp,2354,73,17,1,0,"MAXN,build,pre,main","笛卡尔树,树的序,cpp,笛卡尔树——树的序"
templates/平衡树/笛卡尔树——模板.cpp,templates/数据结构/笛卡尔树/笛卡尔树——模板.cpp,平衡树,数据结构,笛卡尔树,runnable_template,关键词命中: 二叉树->数据结构 (via head) | 含 main | 代码内 URL×1 | 判定: runnable_template,medium,https://www.luogu.com.cn/problem/P5854,,true,fc0af1ce4d37f3aab5d39d2659cbad8d7268c609ad0ba7a2fcef01072b6c8a8c,笛卡尔树——模板.cpp,2254,68,13,1,0,"MAXN,build,main","笛卡尔树,模板,cpp,笛卡尔树——模板"
templates/平衡树/笛卡尔树——表格填数.cpp,templates/数据结构/笛卡尔树/笛卡尔树——表格填数.cpp,平衡树,数据结构,笛卡尔树,pure_template,关键词命中: 平衡树->数据结构 (via directory) | 代码内 URL×1 | 判定: pure_template,medium,https://www.luogu.com.cn/problem/P6453,,false,700c5cf18ca1ae7ab1d91486a197d223da357e55bb4f3961fb73f247d5bc92fa,笛卡尔树——表格填数.cpp,3349,117,10,1,0,"MOD,MAXN,MAXH,power,c,build,dfs,compute","笛卡尔树,表格填数,cpp,笛卡尔树——表格填数"
templates/并查集/可持久化并查集——模板.cpp,templates/基础算法/可持久化并查集/可持久化并查集——模板.cpp,并查集,基础算法,可持久化并查集,runnable_template,关键词命中: 并查集->基础算法 (via filename) | 含 main | 代码内 URL×1 | 判定: runnable_template,high,https://www.luogu.com.cn/problem/P3402,,true,608820f9a1e60bc08edfb5d3263b25f91b6c428910c17f2ba400ba3c57161014,可持久化并查集——模板.cpp,5063,151,12,1,0,"MAXM,MAXT,buildfa,buildsiz,update,query,find,Union","可持久化并查集,模板,cpp,可持久化并查集——模板"
templates/并查集/可撤销并查集——最小生成树.cpp,templates/图论/可撤销并查集/可撤销并查集——最小生成树.cpp,并查集,图论,可撤销并查集,runnable_template,关键词命中: 生成树->图论 (via filename) | 含 main | 代码内 URL×2 | 判定: runnable_template,high,https://www.luogu.com.cn/problem/CF891C,,true,d2588a3f3419e16ea6d70d8474656a8240eeace7646da00abf19f102ebd5a9e9,可撤销并查集——最小生成树.cpp,4935,161,17,2,0,"MAXN,Edge,EdgeCmp,Query,QueryCmp,find,Union,undo","可撤销并查集,最小生成树,cpp,可撤销并查集——最小生成树"
templates/并查集/可撤销并查集——模板.cpp,templates/基础算法/可撤销并查集/可撤销并查集——模板.cpp,并查集,基础算法,可撤销并查集,application,关键词命中: 并查集->基础算法 (via filename) | 含 main | 代码内 URL×2 | 判定: application,high,https://www.luogu.com.cn/problem/AT_abc302_h,,true,434cc9c6ac12debe485430cab169e8627dde4bee9ceeecf39db54a8141242a20,可撤销并查集——模板.cpp,4101,145,15,2,0,"MAXN,addEdge,find,Union,undo,dfs,main","可撤销并查集,模板,cpp,可撤销并查集——模板"
templates/并查集/可撤销并查集——类似二分图.cpp,templates/图论/可撤销并查集/可撤销并查集——类似二分图.cpp,并查集,图论,可撤销并查集,application,关键词命中: 二分图->图论 (via filename) | 含 main | 代码内 URL×2 | 判定: application,high,https://www.luogu.com.cn/problem/CF1444C,,true,315f110f5ca06abad389e872be4a998a73e6e0bdd996807d319f83f5ad2d96c6,可撤销并查集——类似二分图.cpp,5515,170,17,2,0,"MAXN,CrossEdge,CrossEdgeCmp,find,Union,undo,filter,compute","可撤销并查集,类似二分图,cpp,可撤销并查集——类似二分图"
templates/并查集/带权并查集——乘除关系.cpp,templates/基础算法/带权并查集/带权并查集——乘除关系.cpp,并查集,基础算法,带权并查集,runnable_template,关键词命中: 并查集->基础算法 (via filename) | 含 main | 代码内 URL×1 | 判定: runnable_template,high,https://leetcode.cn/problems/evaluate-division/,,true,694af852c57591fc885701afe1b7020ebb3838cb3ed55ea6e6b74ecfe466af12,带权并查集——乘除关系.cpp,2623,86,11,1,0,"prepare,find,union_sets,query,calcEquation,main","带权并查集,乘除关系,cpp,带权并查集——乘除关系"
templates/并查集/带权并查集——加减关系.cpp,templates/基础算法/带权并查集/带权并查集——加减关系.cpp,并查集,基础算法,带权并查集,runnable_template,关键词命中: 并查集->基础算法 (via filename) | 含 main | 代码内 URL×1 | 判定: runnable_template,high,https://www.luogu.com.cn/problem/P1196,,true,b5a849de3c5d2fda20b941aac881eb1112eb4710dda7c6f71ba5ea7393c4d744,带权并查集——加减关系.cpp,2031,74,12,1,0,"MAXN,prepare,find,un,query,abs,main","带权并查集,加减关系,cpp,带权并查集——加减关系"
templates/并查集/带权并查集——异或关系.cpp,templates/基础算法/带权并查集/带权并查集——异或关系.cpp,并查集,基础算法,带权并查集,runnable_template,关键词命中: 并查集->基础算法 (via filename) | 含 main | 代码内 URL×3 | 判定: runnable_template,high,https://www.luogu.com.cn/problem/UVA12232,,true,fd86edb9044928f1254f8dd12f1567c35b8cfeb9dec25c76c548f37c0927cc81,带权并查集——异或关系.cpp,4985,176,17,3,0,"MAXN,MAXK,prepare,find,opi,opq,main,iss","带权并查集,异或关系,cpp,带权并查集——异或关系"
templates/并查集/带权并查集——模板.cpp,templates/基础算法/带权并查集/带权并查集——模板.cpp,并查集,基础算法,带权并查集,runnable_template,关键词命中: 并查集->基础算法 (via filename) | 含 main | 代码内 URL×1 | 判定: runnable_template,high,https://www.luogu.com.cn/problem/P8779,,true,4262f94305de893dbb4ff64c96a30de76cd72f181a34cc797c4233748cc9d716,带权并查集——模板.cpp,2174,76,11,1,0,"MAXN,prepare,find,un,query,main","带权并查集,模板,cpp,带权并查集——模板"
templates/并查集/带权并查集——模板合理性检验.cpp,templates/基础算法/带权并查集/带权并查集——模板合理性检验.cpp,并查集,基础算法,带权并查集,runnable_template,关键词命中: 并查集->基础算法 (via filename) | 含 main | 代码内 URL×1 | 判定: runnable_template,high,https://www.luogu.com.cn/problem/P2294,,true,80a542daec734b73ce61fb7fce37103c7707c959c9a8069bdbd593af6e1e93a2,带权并查集——模板合理性检验.cpp,2103,81,9,1,0,"MAXN,prepare,find,un,check,main","带权并查集,模板合理性检验,cpp,带权并查集——模板合理性检验"
templates/并查集/带权并查集——模板合理性统计.cpp,templates/基础算法/带权并查集/带权并查集——模板合理性统计.cpp,并查集,基础算法,带权并查集,runnable_template,关键词命中: 并查集->基础算法 (via filename) | 含 main | 代码内 URL×2 | 判定: runnable_template,high,https://acm.hdu.edu.cn/showproblem.php?pid=3038,,true,104aaee5408375e3bb27f5152e753e53d677c0d7e69338b8483b2733c8547526,带权并查集——模板合理性统计.cpp,1961,73,10,2,0,"MAXN,prepare,find,un,check,main","带权并查集,模板合理性统计,cpp,带权并查集——模板合理性统计"
templates/并查集/带权并查集——种类关系.cpp,templates/基础算法/带权并查集/带权并查集——种类关系.cpp,并查集,基础算法,带权并查集,runnable_template,关键词命中: 并查集->基础算法 (via filename) | 含 main | 代码内 URL×1 | 判定: runnable_template,high,https://www.luogu.com.cn/problem/P2024,,true,8cfbfd037cba8c4706395011d0871a7e1158a348412f2bdc2f0074b9b517f7dc,带权并查集——种类关系.cpp,2398,88,12,1,0,"MAXN,prepare,find,un,check,main","带权并查集,种类关系,cpp,带权并查集——种类关系"
templates/并查集/并查集——寻找岛屿.c,templates/基础算法/并查集/并查集——寻找岛屿.c,并查集,基础算法,并查集,runnable_template,关键词命中: 并查集->基础算法 (via filename) | 含 main | 代码内 URL×1 | 判定: runnable_template,high,https://leetcode.cn/problems/number-of-islands/,,true,59f46c26eb9a2ee725050f694bebdab523e4d54642a36cea192656a1a476e728,并查集——寻找岛屿.c,1915,79,5,1,0,"getindex,build,find,un,numIslands,main","并查集,寻找岛屿,并查集——寻找岛屿"
templates/并查集/并查集——情侣牵手问题.c,templates/基础算法/并查集/并查集——情侣牵手问题.c,并查集,基础算法,并查集,runnable_template,关键词命中: 并查集->基础算法 (via filename) | 含 main | 代码内 URL×1 | 判定: runnable_template,high,https://leetcode.cn/problems/couples-holding-hands/,,true,9449c411dbc87a06ca98f19c63559879f507a8b83a4e7ed2a234f70edfbdd059,并查集——情侣牵手问题.c,1253,50,7,1,0,"build,find,un,main","并查集,情侣牵手问题,并查集——情侣牵手问题"
templates/并查集/并查集——模板.c,templates/基础算法/并查集/并查集——模板.c,并查集,基础算法,并查集,runnable_template,关键词命中: 并查集->基础算法 (via filename) | 含 main | 判定: runnable_template,high,,,true,14958a844753e490ef7edb401831ff7796db9fdc22b1717908d543e02cb45ab0,并查集——模板.c,801,48,0,0,0,"build,find,issameset,un,main","并查集,模板,并查集——模板"
templates/并查集/并查集——模板2.c,templates/基础算法/并查集/并查集——模板2.c,并查集,基础算法,并查集,runnable_template,关键词命中: 并查集->基础算法 (via filename) | 含 main | 判定: runnable_template,high,,,true,84a7157cb0b19939f7206165cbf6c3fa897f5afa6cc46a06e2e073c19ca3653e,并查集——模板2.c,456,32,0,0,0,"build,find,issameset,un,main","并查集,模板2,并查集——模板2"
templates/并查集/并查集——正反集.cpp,templates/基础算法/并查集/并查集——正反集.cpp,并查集,基础算法,并查集,runnable_template,关键词命中: 并查集->基础算法 (via filename) | 含 main | 代码内 URL×1 | 判定: runnable_template,high,https://www.luogu.com.cn/problem/P1525,,true,f633598c4c51a700ef9153c49ab43ba90bd2dcb750e777ddb110ab51f206d295,并查集——正反集.cpp,2610,93,10,1,0,"MAXN,MAXM,prepare,find,unionSets,sameSet,compute,main","并查集,正反集,cpp,并查集——正反集"
templates/并查集/并查集——正反集延伸.cpp,templates/基础算法/并查集/并查集——正反集延伸.cpp,并查集,基础算法,并查集,application,关键词命中: 并查集->基础算法 (via filename) | 含 main | 代码内 URL×1 | 判定: application,high,https://www.luogu.com.cn/problem/P2024,,true,51b8f61a74ed03eeccbbb52b2062d590a382875c0fa90e4cc09c215aacad8328,并查集——正反集延伸.cpp,1326,56,4,1,0,"MAXN,read,find,main","并查集,正反集延伸,cpp,并查集——正反集延伸"
templates/并查集/并查集——相似字符串.c,templates/基础算法/并查集/并查集——相似字符串.c,并查集,基础算法,并查集,runnable_template,关键词命中: 并查集->基础算法 (via filename) | 含 main | 代码内 URL×1 | 判定: runnable_template,high,https://leetcode.cn/problems/similar-string-groups/,,true,1d0532209a34227b41f961e15e582080e7c7c99d0c98f2d09ba5a22a7d971b49,并查集——相似字符串.c,2290,73,12,1,0,"build,find,union_sets,numSimilarGroups,main","并查集,相似字符串,并查集——相似字符串"
templates/并查集/并查集——结合生成树.cpp,templates/图论/并查集/并查集——结合生成树.cpp,并查集,图论,并查集,runnable_template,关键词命中: 生成树->图论 (via filename) | 含 main | 代码内 URL×1 | 判定: runnable_template,high,https://www.luogu.com.cn/problem/P3639,,true,e1cea7e16d170165de08737c07f8b723853e4150cf73dd3bb04d0e7a895e3700,并查集——结合生成树.cpp,6666,260,5,1,0,"MAXN,MAXM,MAXK,node,read,cmp,find,add","并查集,结合生成树,cpp,并查集——结合生成树"
templates/并查集/并查集——维护序列连通性.cpp,templates/基础算法/并查集/并查集——维护序列连通性.cpp,并查集,基础算法,并查集,runnable_template,关键词命中: 并查集->基础算法 (via filename) | 含 main | 代码内 URL×1 | 判定: runnable_template,high,https://www.luogu.com.cn/problem/P2391,,true,118e5bc950f5c5e0942efa16db360a7bc9934062e98e108ddad9b2d916c93bc9,并查集——维护序列连通性.cpp,979,42,6,1,0,"MAXN,find,main","并查集,维护序列连通性,cpp,并查集——维护序列连通性"
templates/扩展KMP/扩展KMP(Z算法)——e数组应用.cpp,templates/字符串/扩展KMP(Z算法)/扩展KMP(Z算法)——e数组应用.cpp,扩展KMP,字符串,扩展KMP(Z算法),application,关键词命中: 扩展KMP->字符串 (via filename) | 含 main | 代码内 URL×1 | 判定: application,high,https://www.luogu.com.cn/problem/P8112,,true,462653f350c71d21977831490f0ee1fee457b87ab79667adb884504428ef97f6,扩展KMP(Z算法)——e数组应用.cpp,2228,86,1,1,0,"MAXN,zArray,eArray,main","扩展KMP(Z算法),e数组应用,cpp,扩展KMP(Z算法)——e数组应用"
templates/扩展KMP/扩展KMP(Z算法)——Z数组应用.cpp,templates/字符串/扩展KMP(Z算法)/扩展KMP(Z算法)——Z数组应用.cpp,扩展KMP,字符串,扩展KMP(Z算法),application,关键词命中: 扩展KMP->字符串 (via filename) | 含 main | 代码内 URL×1 | 代码内题号×1 | 判定: application,high,https://leetcode.cn/problems/minimum-time-to-revert-word-to-initial-state-ii/,P10716,true,c757ab10dae8bbc8497ee75c379547d68a5e95b4a3c3042d65de94cd0bfdbd04,扩展KMP(Z算法)——Z数组应用.cpp,1739,61,13,1,1,"MAXN,zArray,main","扩展KMP(Z算法),Z数组应用,cpp,扩展KMP(Z算法)——Z数组应用"
templates/扩展KMP/扩展KMP(Z算法)——应用.cpp,templates/字符串/扩展KMP(Z算法)/扩展KMP(Z算法)——应用.cpp,扩展KMP,字符串,扩展KMP(Z算法),application,关键词命中: 扩展KMP->字符串 (via filename) | 含 main | 代码内 URL×1 | 判定: application,high,https://codeforces.com/problemset/problem/126/B,,true,94541f2cbae075e30c51d205b038516ff6d6aade3497e46020def6a61e2e9a2a,扩展KMP(Z算法)——应用.cpp,1042,51,1,1,0,"MAXN,zArray,main","扩展KMP(Z算法),应用,cpp,扩展KMP(Z算法)——应用"
templates/扩展KMP/扩展KMP(Z算法)——循环节.cpp,templates/字符串/扩展KMP(Z算法)/扩展KMP(Z算法)——循环节.cpp,扩展KMP,字符串,扩展KMP(Z算法),runnable_template,关键词命中: 扩展KMP->字符串 (via filename) | 含 main | 代码内 URL×1 | 判定: runnable_template,high,https://onlinejudge.org/index.php?option=onlinejudge&page=show_problem&problem=396,,true,2edc2a824b1504f41cfe6270d14faada85a6f2029f902f7e2ec5bb646c93856f,扩展KMP(Z算法)——循环节.cpp,1377,50,5,1,0,"MAXN,zArray,main","扩展KMP(Z算法),循环节,cpp,扩展KMP(Z算法)——循环节"
templates/扩展KMP/扩展KMP(Z算法)——循环节个数.cpp,templates/字符串/扩展KMP(Z算法)/扩展KMP(Z算法)——循环节个数.cpp,扩展KMP,字符串,扩展KMP(Z算法),runnable_template,关键词命中: 扩展KMP->字符串 (via filename) | 含 main | 代码内 URL×1 | 判定: runnable_template,high,https://codeforces.com/problemset/problem/432/D,,true,8c79864c70a44c11e97c2b7911dfce1ba20c9a2f2b184bc0f23b221ddf4d4ee1,扩展KMP(Z算法)——循环节个数.cpp,1020,51,1,1,0,"MAXN,zArray,main","扩展KMP(Z算法),循环节个数,cpp,扩展KMP(Z算法)——循环节个数"
templates/扩展KMP/扩展KMP(Z算法)——模板.cpp,templates/字符串/扩展KMP(Z算法)/扩展KMP(Z算法)——模板.cpp,扩展KMP,字符串,扩展KMP(Z算法),runnable_template,关键词命中: 扩展KMP->字符串 (via filename) | 含 main | 代码内 URL×1 | 判定: runnable_template,high,https://www.luogu.com.cn/problem/P5410,,true,d1be5436644459e742c382770ea14a9f888d78e97f877632ccca3a8d0f78084c,扩展KMP(Z算法)——模板.cpp,3000,96,11,1,0,"MAXN,zArray,eArray,eor,main","扩展KMP(Z算法),模板,cpp,扩展KMP(Z算法)——模板"
templates/搜索/dfs——结合模拟 等分面积.cpp,templates/搜索/DFS/dfs——结合模拟 等分面积.cpp,搜索,搜索,DFS,runnable_template,关键词命中: DFS->搜索 (via filename) | 含 main | 判定: runnable_template,high,,,true,497ffe54e26600e95ab08bb2fef65567141647e9bedcb5e105a732aca9bac85f,dfs——结合模拟 等分面积.cpp,939,33,5,0,0,"dfs,max,main","dfs,结合模拟 等分面积,cpp,dfs——结合模拟 等分面积"
templates/搜索/搜索——dfs经典.cpp,templates/搜索/搜索/搜索——dfs经典.cpp,搜索,搜索,搜索,example,关键词命中: DFS->搜索 (via filename) | 含 main | 判定: example,high,,,true,e118be8dcabc8bee04b8d0579af9f0fd11136c7608fdca73585ce7e8e62611a2,搜索——dfs经典.cpp,1389,62,5,0,0,"dfs,main","搜索,dfs经典,cpp,搜索——dfs经典"
templates/搜索/搜索——双向广搜.cpp,templates/搜索/搜索/搜索——双向广搜.cpp,搜索,搜索,搜索,runnable_template,关键词命中: 搜索->搜索 (via filename) | 含 main | 代码内 URL×1 | 判定: runnable_template,high,https://leetcode.cn/problems/word-ladder/,,true,76fc7d30238b255ef35ab647ac0723933f18f12c4575ea13c33e27cf6b39d2b8,搜索——双向广搜.cpp,2924,85,12,1,0,"ladderLength,dict,main","搜索,双向广搜,cpp,搜索——双向广搜"
templates/搜索/搜索——双向广搜差值绝对值最少.cpp,templates/搜索/搜索/搜索——双向广搜差值绝对值最少.cpp,搜索,搜索,搜索,runnable_template,关键词命中: 搜索->搜索 (via filename) | 含 main | 代码内 URL×1 | 判定: runnable_template,high,https://leetcode.cn/problems/closest-subsequence-sum/,,true,fcbfff41a21b98c6125bbdc8efbfca42a4d1daa5ebd8643328ac667fe2beea66,搜索——双向广搜差值绝对值最少.cpp,2367,84,11,1,0,"collect,main,abs","搜索,双向广搜差值绝对值最少,cpp,搜索——双向广搜差值绝对值最少"
templates/搜索/搜索——双向广搜模板.cpp,templates/搜索/搜索/搜索——双向广搜模板.cpp,搜索,搜索,搜索,runnable_template,关键词命中: 搜索->搜索 (via filename) | 含 main | 代码内 URL×1 | 判定: runnable_template,high,https://www.luogu.com.cn/problem/P4799,,true,8344273c63152c8b7ab9ccc04a805e608a5255364670d53d5857dcf0e02ee3de,搜索——双向广搜模板.cpp,2642,74,17,1,0,"MAXN,MAXM,f,compute,main","搜索,双向广搜模板,cpp,搜索——双向广搜模板"
templates/搜索/搜索——多源bfs.cpp,templates/搜索/搜索/搜索——多源bfs.cpp,搜索,搜索,搜索,runnable_template,关键词命中: BFS->搜索 (via filename) | 含 main | 判定: runnable_template,high,,,true,ae8bf4d2855b3bcaa7be581bbf1384e27295e5143fe5b9e8e46a255616966299,搜索——多源bfs.cpp,1122,53,0,0,0,"coord,main","搜索,多源bfs,cpp,搜索——多源bfs"
templates/搜索/搜索——数独.c,templates/搜索/搜索/搜索——数独.c,搜索,搜索,搜索,runnable_template,关键词命中: 搜索->搜索 (via filename) | 含 main | 判定: runnable_template,high,,,true,c9546ab32dbbb2952d43f0cb49a80436d915464ab88271880d7f8c073d029103,搜索——数独.c,851,39,0,0,0,"dfs,main","搜索,数独,搜索——数独"
templates/搜索/搜索——数独2.c,templates/搜索/搜索/搜索——数独2.c,搜索,搜索,搜索,runnable_template,关键词命中: 搜索->搜索 (via filename) | 含 main | 判定: runnable_template,high,,,true,413fba63fcf7bb2dd75c8b8bebeaf9ac14bc106e227a934049d37db5cf4cdd6d,搜索——数独2.c,880,42,0,0,0,"dfs,main","搜索,数独2,搜索——数独2"
templates/搜索/洪水填充——包围的01.c,templates/搜索/洪水填充/洪水填充——包围的01.c,搜索,搜索,洪水填充,runnable_template,关键词命中: 搜索->搜索 (via directory) | 含 main | 判定: runnable_template,medium,,,true,5fd71f3bee3789536f7f75f749d93c2e5b9dcabaab64892521b18a600e3ae6f0,洪水填充——包围的01.c,1248,70,0,0,0,"dfs,main","洪水填充,包围的01,洪水填充——包围的01"
templates/搜索/洪水填充——岛屿数量.c,templates/搜索/洪水填充/洪水填充——岛屿数量.c,搜索,搜索,洪水填充,runnable_template,关键词命中: 搜索->搜索 (via directory) | 含 main | 判定: runnable_template,medium,,,true,457a48ce82743f18d696c2a11b207c1060439eb677b105c2d52faa0a6b0fdea5,洪水填充——岛屿数量.c,760,40,0,0,0,"dfs,main","洪水填充,岛屿数量,洪水填充——岛屿数量"
templates/搜索/洪水填充——最大的岛屿.c,templates/搜索/洪水填充/洪水填充——最大的岛屿.c,搜索,搜索,洪水填充,runnable_template,关键词命中: 搜索->搜索 (via directory) | 含 main | 判定: runnable_template,medium,,,true,4b7e691987b627982e8c6aa67bd11eabf798b4b4366ab58287a13876670d4037,洪水填充——最大的岛屿.c,2429,99,0,0,0,"max,dfs,main","洪水填充,最大的岛屿,洪水填充——最大的岛屿"
templates/数学/BSGS——模板.cpp,templates/数学/BSGS/BSGS——模板.cpp,数学,数学,BSGS,pure_template,关键词命中: BSGS->数学 (via filename) | 代码内 URL×1 | 判定: pure_template,high,https://www.luogu.com.cn/problem/P3846,,false,ab1569a51a17e2a6f6221c75e00780506f381ef7c772db59620c39d1a88023ca,BSGS——模板.cpp,2333,76,8,1,0,"power,bsgs,main","BSGS,模板,cpp,BSGS——模板"
templates/数学/中国剩余定理——扩展加推理.cpp,templates/数学/中国剩余定理/中国剩余定理——扩展加推理.cpp,数学,数学,中国剩余定理,runnable_template,关键词命中: 中国剩余->数学 (via filename) | 含 main | 代码内 URL×1 | 判定: runnable_template,high,https://www.luogu.com.cn/problem/P4774,,true,f2a1d6cfb51ff0d57d0e55f838c5959a1e1b01c286671431f24e49e871baeac4,中国剩余定理——扩展加推理.cpp,6112,157,12,1,0,"MAXN,multiply,exgcd,allocate,compute,main","中国剩余定理,扩展加推理,cpp,中国剩余定理——扩展加推理"
templates/数学/中国剩余定理——扩展模板.cpp,templates/数学/中国剩余定理/中国剩余定理——扩展模板.cpp,数学,数学,中国剩余定理,runnable_template,关键词命中: 中国剩余->数学 (via filename) | 含 main | 代码内 URL×2 | 判定: runnable_template,high,https://www.luogu.com.cn/problem/P4777,,true,b041e6c015b2e3034dc3389778e7275ef65e55b851b0afc3cb07c8e8f290b8a4,中国剩余定理——扩展模板.cpp,2791,97,10,2,0,"MAXN,multiply,exgcd,excrt,main","中国剩余定理,扩展模板,cpp,中国剩余定理——扩展模板"
templates/数学/中国剩余定理——模板.cpp,templates/数学/中国剩余定理/中国剩余定理——模板.cpp,数学,数学,中国剩余定理,runnable_template,关键词命中: 中国剩余->数学 (via filename) | 含 main | 代码内 URL×1 | 判定: runnable_template,high,https://www.luogu.com.cn/problem/P1495,,true,30d5100c36f9a5f7d99e8eaa1f4148b7e1540b23b2368b913f7821ce3431b78b,中国剩余定理——模板.cpp,2411,84,9,1,0,"MAXN,multiply,exgcd,crt,main","中国剩余定理,模板,cpp,中国剩余定理——模板"
templates/数学/中国剩余定理——转换.cpp,templates/数学/中国剩余定理/中国剩余定理——转换.cpp,数学,数学,中国剩余定理,runnable_template,关键词命中: 中国剩余->数学 (via filename) | 含 main | 代码内 URL×1 | 判定: runnable_template,high,https://www.luogu.com.cn/problem/P3868,,true,3c15353b7703d78c362290058b57553a6b3cc752b1562c97ba1f3ecb74ccec75,中国剩余定理——转换.cpp,2298,88,10,1,0,"MAXN,multiply,exgcd,crt,main","中国剩余定理,转换,cpp,中国剩余定理——转换"
templates/数学/二项式反演——分特产.cpp,templates/数学/二项式反演/二项式反演——分特产.cpp,数学,数学,二项式反演,pure_template,关键词命中: 数学->数学 (via directory) | 代码内 URL×1 | 判定: pure_template,medium,https://www.luogu.com.cn/problem/P5505,,false,60808589190306c600bd7d105fbb02e2e8e63c575cf53d744135caea620f1ebd,二项式反演——分特产.cpp,1447,56,8,1,0,"MAXN,MAXK,MOD,compute,main","二项式反演,分特产,cpp,二项式反演——分特产"
templates/数学/二项式反演——钦定系列结合树上问题.cpp,templates/树上算法/二项式反演/二项式反演——钦定系列结合树上问题.cpp,数学,树上算法,二项式反演,runnable_template,关键词命中: 树上问题->树上算法 (via filename) | 含 main | 代码内 URL×1 | 判定: runnable_template,high,https://www.luogu.com.cn/problem/P6478,,true,50298bdb908182d29eb0ce3b6e6bc4ca72a7fd907392d32ddec127bc12f84745,二项式反演——钦定系列结合树上问题.cpp,4601,145,12,1,0,"MAXN,MOD,build,addEdge,dfs,compute,main","二项式反演,钦定系列结合树上问题,cpp,二项式反演——钦定系列结合树上问题"
templates/数学/二项式反演——钦定系列结合背包.cpp,templates/数学/二项式反演/二项式反演——钦定系列结合背包.cpp,数学,数学,二项式反演,runnable_template,关键词命中: 数学->数学 (via directory) | 含 main | 代码内 URL×1 | 判定: runnable_template,medium,https://www.luogu.com.cn/problem/P4859,,true,c3f7ad7c5ae2be73fa1fa4603b8221d500b0ad6791fafd668b1e78a8a70dc187,二项式反演——钦定系列结合背包.cpp,2854,96,14,1,0,"MAXN,MOD,build,compute,main","二项式反演,钦定系列结合背包,cpp,二项式反演——钦定系列结合背包"
templates/数学/二项式反演——错排问题.cpp,templates/数学/二项式反演/二项式反演——错排问题.cpp,数学,数学,二项式反演,runnable_template,关键词命中: 数学->数学 (via directory) | 含 main | 代码内 URL×1 | 判定: runnable_template,medium,https://www.luogu.com.cn/problem/P1595,,true,607a53c9f619d27fa1904380fe1db7c0498ef985bba19b2769f05d2f7d263eee,二项式反演——错排问题.cpp,1438,56,8,1,0,"ways1,ways2,main","二项式反演,错排问题,cpp,二项式反演——错排问题"
templates/数学/二项式反演——集合计数.cpp,templates/数学/二项式反演/二项式反演——集合计数.cpp,数学,数学,二项式反演,runnable_template,关键词命中: 数学->数学 (via directory) | 含 main | 代码内 URL×1 | 判定: runnable_template,medium,https://www.luogu.com.cn/problem/P10596,,true,930d440fb3be37dfaba17455e41e18aa0cbaeaa92295a369b9fa46e5bea9a04c,二项式反演——集合计数.cpp,2152,84,11,1,0,"MAXN,MOD,power,build,c,compute,main","二项式反演,集合计数,cpp,二项式反演——集合计数"
templates/数学/二项式定理——分割的方法.cpp,templates/数学/二项式定理/二项式定理——分割的方法.cpp,数学,数学,二项式定理,runnable_template,关键词命中: 数学->数学 (via directory) | 含 main | 判定: runnable_template,medium,,,true,c18f40a60d6c1766aa674faf8f6e8bdade5a57a2016db99998c63057817f7993,二项式定理——分割的方法.cpp,4648,152,11,0,0,"MOD,power,f,c,ways1,ways2,randomArray,ans","二项式定理,分割的方法,cpp,二项式定理——分割的方法"
templates/数学/二项式定理——杨辉三角.cpp,templates/数学/二项式定理/二项式定理——杨辉三角.cpp,数学,数学,二项式定理,runnable_template,关键词命中: 数学->数学 (via directory) | 含 main | 代码内 URL×1 | 判定: runnable_template,medium,https://www.luogu.com.cn/problem/P5732,,true,cea7d02ebff9ef1f3a137032c31cf3e6539bcda873471a373afe576d922331e0,二项式定理——杨辉三角.cpp,704,31,5,1,0,main,"二项式定理,杨辉三角,cpp,二项式定理——杨辉三角"
templates/数学/二项式定理——系数.cpp,templates/数学/二项式定理/二项式定理——系数.cpp,数学,数学,二项式定理,runnable_template,关键词命中: 数学->数学 (via directory) | 含 main | 代码内 URL×1 | 判定: runnable_template,medium,https://www.luogu.com.cn/problem/P1313,,true,e7227bdbfa4a959e2a0a891c0e44545288b84ee0596156871abbf128295301db,二项式定理——系数.cpp,1345,54,8,1,0,"MOD,power,build,c,main","二项式定理,系数,cpp,二项式定理——系数"
templates/数学/二项式定理——组合数.cpp,templates/数学/二项式定理/二项式定理——组合数.cpp,数学,数学,二项式定理,runnable_template,关键词命中: 组合数->数学 (via filename) | 含 main | 代码内 URL×1 | 判定: runnable_template,high,https://www.luogu.com.cn/problem/P2822,,true,7e03cbf34b4522ebcda65f471a8b33b5ea0b3f938fdaafb6b9e6c480c34533ff,二项式定理——组合数.cpp,1624,56,12,1,0,"MAXV,MAXN,build,main","二项式定理,组合数,cpp,二项式定理——组合数"
templates/数学/卡特兰数——二叉树应用.cpp,templates/数据结构/卡特兰数/卡特兰数——二叉树应用.cpp,数学,数据结构,卡特兰数,application,关键词命中: 二叉树->数据结构 (via filename) | 含 main | 代码内 URL×1 | 判定: application,high,https://www.luogu.com.cn/problem/P3978,,true,3a3894c74f3fea5ccc785c50aeb2521223a93cbacf44f165501522ffa2b89819,卡特兰数——二叉树应用.cpp,576,17,7,1,0,main,"卡特兰数,二叉树应用,cpp,卡特兰数——二叉树应用"
templates/数学/卡特兰数——公式4.cpp,templates/数学/卡特兰数/卡特兰数——公式4.cpp,数学,数学,卡特兰数,runnable_template,关键词命中: 卡特兰->数学 (via filename) | 含 main | 代码内 URL×1 | 判定: runnable_template,high,https://www.luogu.com.cn/problem/P1722,,true,fb69f0f1ee28e55dc3ce9113a0a5be5e5b675e1f2eedbefc756db8aa969d897c,卡特兰数——公式4.cpp,884,35,6,1,0,"MOD,MAXN,compute4,main","卡特兰数,公式4,cpp,卡特兰数——公式4"
templates/数学/卡特兰数——因子计数法.cpp,templates/数学/卡特兰数/卡特兰数——因子计数法.cpp,数学,数学,卡特兰数,runnable_template,关键词命中: 卡特兰->数学 (via filename) | 含 main | 代码内 URL×1 | 判定: runnable_template,high,https://www.luogu.com.cn/problem/P3200,,true,eb95a6481b6a823edad1add682b083366a7a8752d82c0e7e3ba213d0b77465ed,卡特兰数——因子计数法.cpp,3051,104,8,1,0,"MAXN,euler,power,compute,main","卡特兰数,因子计数法,cpp,卡特兰数——因子计数法"
templates/数学/卡特兰数——左右相乘.cpp,templates/数学/卡特兰数/卡特兰数——左右相乘.cpp,数学,数学,卡特兰数,runnable_template,关键词命中: 卡特兰->数学 (via filename) | 含 main | 代码内 URL×1 | 判定: runnable_template,high,https://www.luogu.com.cn/problem/P2532,,true,b6177c677b38614ef65964e89a1517ace549cf23545b24123e84844353930d5f,卡特兰数——左右相乘.cpp,2493,99,7,1,0,"get_primes,is_prime,get_exponent,multiply,main","卡特兰数,左右相乘,cpp,卡特兰数——左右相乘"
templates/数学/卡特兰数——模板.cpp,templates/数学/卡特兰数/卡特兰数——模板.cpp,数学,数学,卡特兰数,runnable_template,关键词命中: 卡特兰->数学 (via filename) | 含 main | 代码内 URL×1 | 判定: runnable_template,high,https://www.luogu.com.cn/problem/P1044,,true,bebf2410f3911b184491d0359978e0254e4eed5e1f91bb9c52d77e6fdb2c2676,卡特兰数——模板.cpp,2505,104,6,1,0,"MOD,MAXN,power,build1,build2,c,compute1,compute2","卡特兰数,模板,cpp,卡特兰数——模板"
templates/数学/卡特兰数——路径计数模板.cpp,templates/数学/卡特兰数/卡特兰数——路径计数模板.cpp,数学,数学,卡特兰数,runnable_template,关键词命中: 卡特兰->数学 (via filename) | 含 main | 代码内 URL×1 | 判定: runnable_template,high,https://www.luogu.com.cn/problem/P1976,,true,a7e79c30a2619122ba533c47d09dbb8843f5af993c370f2d026a3a0ea38e7adc,卡特兰数——路径计数模板.cpp,1672,67,6,1,0,"MOD,MAXN,power,build1,build2,c,compute1,main","卡特兰数,路径计数模板,cpp,卡特兰数——路径计数模板"
templates/数学/卡特兰数——路径选择.cpp,templates/数学/卡特兰数/卡特兰数——路径选择.cpp,数学,数学,卡特兰数,runnable_template,关键词命中: 卡特兰->数学 (via filename) | 含 main | 代码内 URL×1 | 判定: runnable_template,high,https://www.luogu.com.cn/problem/P1641,,true,cfd7949f0aa228d662fea2ca5e9401cb7f7bb3b33fdf9fbb76ed3777de1a8102,卡特兰数——路径选择.cpp,1574,56,9,1,0,"MOD,MAXN,power,build,c,main","卡特兰数,路径选择,cpp,卡特兰数——路径选择"
templates/数学/卢卡斯定理——模板.cpp,templates/数学/卢卡斯定理/卢卡斯定理——模板.cpp,数学,数学,卢卡斯定理,runnable_template,关键词命中: 卢卡斯->数学 (via filename) | 含 main | 代码内 URL×1 | 判定: runnable_template,high,https://www.luogu.com.cn/problem/P3807,,true,cd7e0caa7e951527297940390da187acf2fee353e265008ad5d1e3a8e7433032,卢卡斯定理——模板.cpp,864,51,2,1,0,"power,comb,lucas,main","卢卡斯定理,模板,cpp,卢卡斯定理——模板"
templates/数学/原根——模板.cpp,templates/数学/原根/原根——模板.cpp,数学,数学,原根,runnable_template,关键词命中: 原根->数学 (via filename) | 含 main | 代码内 URL×1 | 判定: runnable_template,high,https://www.luogu.com.cn/problem/P6091,,true,58f2fa214764aa01e44d76e679c4fcc6e4789edf7ad91f72658a8ed5b91a123e,原根——模板.cpp,4401,150,1,1,0,"MAXN,qpow,gcd,sieve,main","原根,模板,cpp,原根——模板"
templates/数学/康拓展开——模板.cpp,templates/数学/康拓展开/康拓展开——模板.cpp,数学,数学,康拓展开,pure_template,关键词命中: 数学->数学 (via directory) | 代码内 URL×1 | 判定: pure_template,medium,https://www.luogu.com.cn/problem/P5367,,false,ba90289f384dd9a3f7697971a81d30cf184262d8c903e8f2da23040aff47b8d3,康拓展开——模板.cpp,1721,74,5,1,0,"MAXN,MOD,lowbit,add,sum,query,main","康拓展开,模板,cpp,康拓展开——模板"
templates/数学/康拓展开——正反过程综合.cpp,templates/数学/康拓展开/康拓展开——正反过程综合.cpp,数学,数学,康拓展开,pure_template,关键词命中: 数学->数学 (via directory) | 代码内 URL×1 | 判定: pure_template,medium,https://www.luogu.com.cn/problem/P3014,,false,02e8336ff472e69875aa04d5e92b43904d8eaaa67fe6fa13939595b7950e66d7,康拓展开——正反过程综合.cpp,3508,135,3,1,0,"MAXN,build,add,Sum,getAndDelete,compute,main","康拓展开,正反过程综合,cpp,康拓展开——正反过程综合"
templates/数学/康拓展开——阶乘进制 逆过程 树状数组.cpp,templates/数据结构/康拓展开/康拓展开——阶乘进制 逆过程 树状数组.cpp,数学,数据结构,康拓展开,runnable_template,关键词命中: 树状数组->数据结构 (via filename) | 含 main | 代码内 URL×1 | 判定: runnable_template,high,https://www.luogu.com.cn/problem/U72177,,true,d6143065034062dfab20b66b359a3ecafe3730a523a36026481c7db3e6a6af88,康拓展开——阶乘进制 逆过程 树状数组.cpp,2962,110,8,1,0,"MAXN,lowbit,add,sum,solve,compute,main","康拓展开,阶乘进制 逆过程 树状数组,cpp,康拓展开——阶乘进制 逆过程 树状数组"
templates/数学/康拓展开——阶乘进制 逆过程 线段树.cpp,templates/数据结构/康拓展开/康拓展开——阶乘进制 逆过程 线段树.cpp,数学,数据结构,康拓展开,runnable_template,关键词命中: 线段树->数据结构 (via filename) | 含 main | 代码内 URL×1 | 判定: runnable_template,high,https://www.luogu.com.cn/problem/U72177,,true,654323468cea5ae3b4ad1f002a524e26bf3c06aed1cd7342b81e13d894f6e608,康拓展开——阶乘进制 逆过程 线段树.cpp,3882,128,8,1,0,"MAXN,build,add,Sum,getAndDelete,compute,main","康拓展开,阶乘进制 逆过程 线段树,cpp,康拓展开——阶乘进制 逆过程 线段树"
templates/数学/快速幂——乘法和矩阵快速幂.cpp,templates/数学/快速幂/快速幂——乘法和矩阵快速幂.cpp,数学,数学,快速幂,pure_template,关键词命中: 矩阵->数学 (via filename) | 判定: pure_template,high,,,false,e767b00a4d4d0ff3b674270a09c4e14e76ba84d01c971130a15e44eedf78d946,快速幂——乘法和矩阵快速幂.cpp,2307,84,1,0,0,"MOD,power,multiply,ans,main","快速幂,乘法和矩阵快速幂,cpp,快速幂——乘法和矩阵快速幂"
templates/数学/快速幂——乘法快速幂.cpp,templates/数学/快速幂/快速幂——乘法快速幂.cpp,数学,数学,快速幂,runnable_template,关键词命中: 数学->数学 (via directory) | 含 main | 代码内 URL×1 | 判定: runnable_template,medium,https://www.luogu.com.cn/problem/P1226,,true,f87c3dee94f7ad70cf4f7b289271ba98684e324cc487dd19dd4312e7ce04a39c,快速幂——乘法快速幂.cpp,736,28,6,1,0,"power,main","快速幂,乘法快速幂,cpp,快速幂——乘法快速幂"
templates/数学/快速幂——元音字母.c,templates/数学/快速幂/快速幂——元音字母.c,数学,数学,快速幂,runnable_template,关键词命中: 数学->数学 (via directory) | 含 main | 判定: runnable_template,medium,,,true,5ff2f7142a16493cf1439bdf950539c4dce4b6d4dd662b0d15f30579af9e0fcf,快速幂——元音字母.c,2786,107,0,0,0,"print,freeMatrix,main","快速幂,元音字母,快速幂——元音字母"
templates/数学/快速幂——取模.c,templates/数学/快速幂/快速幂——取模.c,数学,数学,快速幂,application,关键词命中: 数学->数学 (via directory) | 含 main | 判定: application,medium,,,true,10c61912a57069a80ce49bdb9032265b49a2268d4a998e22ceef30ca18e975b3,快速幂——取模.c,360,19,0,0,0,main,"快速幂,取模,快速幂——取模"
templates/数学/快速幂——多米洛和拓米洛.c,templates/数学/快速幂/快速幂——多米洛和拓米洛.c,数学,数学,快速幂,runnable_template,关键词命中: 数学->数学 (via directory) | 含 main | 判定: runnable_template,medium,,,true,19d8fda29cb301bd1743f75942e4c87814b414c65fd3321a0ad5943a33994caf,快速幂——多米洛和拓米洛.c,2531,102,1,0,0,"print,freeMatrix,main","快速幂,多米洛和拓米洛,快速幂——多米洛和拓米洛"
templates/数学/快速幂——斐波那契数列.c,templates/数学/快速幂/快速幂——斐波那契数列.c,数学,数学,快速幂,runnable_template,关键词命中: 数学->数学 (via directory) | 含 main | 判定: runnable_template,medium,,,true,2546ec9aa9b525bcc3bf7701d95d6ac1ca5025763f7450702e644a30329ec262,快速幂——斐波那契数列.c,2428,100,0,0,0,"print,freeMatrix,main","快速幂,斐波那契数列,快速幂——斐波那契数列"
templates/数学/快速幂——斐波那契数列2.c,templates/数学/快速幂/快速幂——斐波那契数列2.c,数学,数学,快速幂,runnable_template,关键词命中: 数学->数学 (via directory) | 含 main | 判定: runnable_template,medium,,,true,21abe2cff1efc8fec5dc7289224c1b2e81d005ca5aba29ee94d325b7ff1d3065,快速幂——斐波那契数列2.c,2288,94,0,0,0,"freeMatrix,fib2,main","快速幂,斐波那契数列2,快速幂——斐波那契数列2"
templates/数学/快速幂——泰波那契数.c,templates/数学/快速幂/快速幂——泰波那契数.c,数学,数学,快速幂,runnable_template,关键词命中: 数学->数学 (via directory) | 含 main | 判定: runnable_template,medium,,,true,4f2c2ed59091ad93842be589fea1d22f3c4ff19c0b45342ce2ec61148aeb8928,快速幂——泰波那契数.c,2521,103,0,0,0,"print,freeMatrix,main","快速幂,泰波那契数,快速幂——泰波那契数"
templates/数学/快速幂——爬楼梯.c,templates/数学/快速幂/快速幂——爬楼梯.c,数学,数学,快速幂,runnable_template,关键词命中: 数学->数学 (via directory) | 含 main | 判定: runnable_template,medium,,,true,097a2df48ed60afa04f72826918effc462c84c34eec3f57cab8deec67be0fb95,快速幂——爬楼梯.c,2428,100,0,0,0,"print,freeMatrix,main","快速幂,爬楼梯,快速幂——爬楼梯"
templates/数学/快速幂——矩阵乘法.c,templates/数学/快速幂/快速幂——矩阵乘法.c,数学,数学,快速幂,runnable_template,关键词命中: 矩阵乘法->数学 (via filename) | 含 main | 判定: runnable_template,high,,,true,a62e88e2ce58cbf5ce436f42f0a1395b7ba913e1e8605158d048685f14574965,快速幂——矩阵乘法.c,2137,94,0,0,0,"multiply,print,freeMatrix,main","快速幂,矩阵乘法,快速幂——矩阵乘法"
templates/数学/快速幂——矩阵乘法展示.cpp,templates/数学/快速幂/快速幂——矩阵乘法展示.cpp,数学,数学,快速幂,example,关键词命中: 矩阵乘法->数学 (via filename) | 含 main | 判定: example,high,,,true,de30fc3243b64ebbd9d32dd7a4eedd401d33572ecea11de53bbc66ea2a15a225,快速幂——矩阵乘法展示.cpp,4496,156,0,0,0,"multiply,ans,power,print,f1,f2,f3,f4","快速幂,矩阵乘法展示,cpp,快速幂——矩阵乘法展示"
templates/数学/快速幂——矩阵快速幂.cpp,templates/数学/快速幂/快速幂——矩阵快速幂.cpp,数学,数学,快速幂,runnable_template,关键词命中: 矩阵->数学 (via filename) | 含 main | 代码内 URL×1 | 判定: runnable_template,high,https://leetcode.cn/problems/fibonacci-number/,,true,8ce52575d37b3a23e90394908893d5e3262ae350e904d6799d38c7acb5060bc2,快速幂——矩阵快速幂.cpp,2231,90,4,1,0,"fib1,multiply,ans,power,fib2,main","快速幂,矩阵快速幂,cpp,快速幂——矩阵快速幂"
templates/数学/快速幂——考勤表.c,templates/数学/快速幂/快速幂——考勤表.c,数学,数学,快速幂,runnable_template,关键词命中: 数学->数学 (via directory) | 含 main | 判定: runnable_template,medium,,,true,6cabdc119240e750e9a938166803fd9e649dc4a28dbeb274adf77282a61fda40,快速幂——考勤表.c,2957,110,0,0,0,"print,freeMatrix,main","快速幂,考勤表,快速幂——考勤表"
templates/数学/扩展欧几里得——一元二次方程.cpp,templates/数学/扩展欧几里得/扩展欧几里得——一元二次方程.cpp,数学,数学,扩展欧几里得,runnable_template,关键词命中: 数学->数学 (via directory) | 含 main | 代码内 URL×1 | 判定: runnable_template,medium,https://www.luogu.com.cn/problem/P5656,,true,2011ac25fede01be17cc9539800e8fd9c9dbf8941ac715a3a90b113e8c956492,扩展欧几里得——一元二次方程.cpp,2828,80,16,1,0,"exgcd,main","扩展欧几里得,一元二次方程,cpp,扩展欧几里得——一元二次方程"
templates/数学/扩展欧几里得——区域.cpp,templates/数学/扩展欧几里得/扩展欧几里得——区域.cpp,数学,数学,扩展欧几里得,runnable_template,关键词命中: 数学->数学 (via directory) | 含 main | 代码内 URL×1 | 判定: runnable_template,medium,http://poj.org/problem?id=1265,,true,aa53ec7f991d23c96c2b847afb88ff59fa4b1de999df6f33724357aa8dd2cebe,扩展欧几里得——区域.cpp,1728,45,10,1,0,"gcd,main","扩展欧几里得,区域,cpp,扩展欧几里得——区域"
templates/数学/扩展欧几里得——格点.cpp,templates/数学/扩展欧几里得/扩展欧几里得——格点.cpp,数学,数学,扩展欧几里得,runnable_template,关键词命中: 数学->数学 (via directory) | 含 main | 代码内 URL×1 | 判定: runnable_template,medium,https://lightoj.com/problem/how-many-points,,true,cc12e91780219c1dda9cab092f704e1b1750fd7885696c02c30a9635612257e3,扩展欧几里得——格点.cpp,890,27,8,1,0,"gcd,main","扩展欧几里得,格点,cpp,扩展欧几里得——格点"
templates/数学/扩展欧几里得——模板.cpp,templates/数学/扩展欧几里得/扩展欧几里得——模板.cpp,数学,数学,扩展欧几里得,application,关键词命中: 逆元->数学 (via head) | 含 main | 代码内 URL×1 | 判定: application,medium,https://www.luogu.com.cn/problem/P1082,,true,93189ab6a4739d0e5a7b0566badfc8068122146b9d30f1e28fbba144fdc8be05,扩展欧几里得——模板.cpp,1119,41,7,1,0,"exgcd,main","扩展欧几里得,模板,cpp,扩展欧几里得——模板"
templates/数学/扩展欧几里得——洗牌.cpp,templates/数学/扩展欧几里得/扩展欧几里得——洗牌.cpp,数学,数学,扩展欧几里得,runnable_template,关键词命中: 数学->数学 (via directory) | 含 main | 代码内 URL×1 | 判定: runnable_template,medium,https://www.luogu.com.cn/problem/P2054,,true,23adcf356b9709ded41110183a049953c6fbb4721e03dd7242c292758ffffcec,扩展欧几里得——洗牌.cpp,2961,91,19,1,0,"exgcd,multiply,power,compute,main","扩展欧几里得,洗牌,cpp,扩展欧几里得——洗牌"
templates/数学/扩展欧几里得——环形.cpp,templates/数学/扩展欧几里得/扩展欧几里得——环形.cpp,数学,数学,扩展欧几里得,runnable_template,关键词命中: 数学->数学 (via directory) | 含 main | 代码内 URL×1 | 判定: runnable_template,medium,https://www.luogu.com.cn/problem/P1516,,true,bf1349ac9304cd55d013a0c1fa4c08ae0c3a535539e424ef101f386882e2e857,扩展欧几里得——环形.cpp,1784,65,11,1,0,"exgcd,main","扩展欧几里得,环形,cpp,扩展欧几里得——环形"
templates/数学/扩展欧几里得——算法展示.cpp,templates/数学/扩展欧几里得/扩展欧几里得——算法展示.cpp,数学,数学,扩展欧几里得,example,关键词命中: 数学->数学 (via directory) | 含 main | 判定: example,medium,,,true,e74aac6389def66fcdebb4ca43bb0cca7ffac2acb165ffb442b7bb79a8c6b388,扩展欧几里得——算法展示.cpp,1774,67,0,0,0,"exgcd,power,fermat,main","扩展欧几里得,算法展示,cpp,扩展欧几里得——算法展示"
templates/数学/扩展欧几里得——组成.cpp,templates/数学/扩展欧几里得/扩展欧几里得——组成.cpp,数学,数学,扩展欧几里得,runnable_template,关键词命中: 数学->数学 (via directory) | 含 main | 代码内 URL×1 | 判定: runnable_template,medium,https://www.luogu.com.cn/problem/P3951,,true,8bb977720d706439e3df472950f4e542d50c44127f6758a3e1a5c3681dc7a4aa,扩展欧几里得——组成.cpp,984,24,14,1,0,main,"扩展欧几里得,组成,cpp,扩展欧几里得——组成"
templates/数学/扩展欧拉定理——模板.cpp,templates/数学/扩展欧拉定理/扩展欧拉定理——模板.cpp,数学,数学,扩展欧拉定理,runnable_template,关键词命中: 数学->数学 (via directory) | 含 main | 代码内 URL×1 | 判定: runnable_template,medium,https://www.luogu.com.cn/problem/P1405,,true,9a4a57e557aa0fef4055cdf264b3246c4af143363cc2b11213129a6813468771,扩展欧拉定理——模板.cpp,1398,84,2,1,0,"MAXN,read,power,geteuler,exeuler,main","扩展欧拉定理,模板,cpp,扩展欧拉定理——模板"
templates/数学/数论——全家桶.cpp,templates/数学/数论/数论——全家桶.cpp,数学,数学,数论,runnable_template,关键词命中: 数论->数学 (via filename) | 含 main | 代码内 URL×1 | 判定: runnable_template,high,https://www.luogu.com.cn/problem/P2480,,true,865bd35fe21d96ea9e7cef02ad4026f1193175187be31711d5308201fdc4831b,数论——全家桶.cpp,2501,106,2,1,0,"qpow,init,C,Lucas,calc,CRT,main","数论,全家桶,cpp,数论——全家桶"
templates/数学/欧拉函数——线性递推欧拉筛.cpp,templates/数学/欧拉函数/欧拉函数——线性递推欧拉筛.cpp,数学,数学,欧拉函数,runnable_template,关键词命中: 欧拉函数->数学 (via filename) | 含 main | 代码内 URL×1 | 判定: runnable_template,high,https://www.luogu.com.cn/problem/P1891,,true,0d77da64ba1a365b758b2ea75ff64508da7ea2baaf82bcbaac69130e1f5664ba,欧拉函数——线性递推欧拉筛.cpp,1784,88,4,1,0,"MAXN,euler,geteuler,read,main","欧拉函数,线性递推欧拉筛,cpp,欧拉函数——线性递推欧拉筛"
templates/数学/欧拉函数——阶乘.cpp,templates/数学/欧拉函数/欧拉函数——阶乘.cpp,数学,数学,欧拉函数,pure_template,关键词命中: 欧拉函数->数学 (via filename) | 代码内 URL×1 | 判定: pure_template,high,https://www.luogu.com.cn/problem/P2155,,false,24f90b589cd15d276b0abd1613a3ce911016d2665a8c42de79aeb149e67fba67,欧拉函数——阶乘.cpp,2372,109,12,1,0,"MAXN,prepare,geteuler,power,main","欧拉函数,阶乘,cpp,欧拉函数——阶乘"
templates/数学/矩阵乘法——线段树操作.cpp,templates/数据结构/矩阵乘法/矩阵乘法——线段树操作.cpp,数学,数据结构,矩阵乘法,application,关键词命中: 线段树->数据结构 (via filename) | 含 main | 判定: application,high,,,true,0f96be41cd300eb9b0178021f35353f090e6c5e877be1438cfcf83a3015c86fe,矩阵乘法——线段树操作.cpp,3882,192,1,0,0,"MOD,MAXN,read,mat,multiply,vec,add,pre","矩阵乘法,线段树操作,cpp,矩阵乘法——线段树操作"
templates/数学/矩阵乘法——经典.cpp,templates/数学/矩阵乘法/矩阵乘法——经典.cpp,数学,数学,矩阵乘法,example,关键词命中: 矩阵乘法->数学 (via filename) | 含 main | 判定: example,high,,,true,fa91bb5de3d9e8160a800081a5afe64e090786f9fa1969a0fba04afaaeba6550,矩阵乘法——经典.cpp,1989,91,8,0,0,"MOD,mat,ans,power,base,main,g","矩阵乘法,经典,cpp,矩阵乘法——经典"
templates/数学/矩阵乘法——结合图论.cpp,templates/数学/矩阵乘法/矩阵乘法——结合图论.cpp,数学,数学,矩阵乘法,runnable_template,关键词命中: 矩阵乘法->数学 (via filename) | 含 main | 判定: runnable_template,high,,,true,a85efd7e0f121b326d88afd15bd81df3b47a22b33674b88e11075fab5545f031,矩阵乘法——结合图论.cpp,1466,61,1,0,0,"MOD,multiply,ans,power,main","矩阵乘法,结合图论,cpp,矩阵乘法——结合图论"
templates/数学/约瑟夫环.cpp,templates/数学/数学/约瑟夫环.cpp,数学,数学,数学,runnable_template,关键词命中: 数学->数学 (via directory) | 含 main | 代码内 URL×1 | 判定: runnable_template,medium,https://www.luogu.com.cn/problem/P8671,,true,79464fed00353f1078ecbb51aad744ea89078866c0d9931c9a5696555705ab6f,约瑟夫环.cpp,568,22,8,1,0,main,"约瑟夫环,cpp"
templates/数学/约瑟夫环加强.cpp,templates/数学/数学/约瑟夫环加强.cpp,数学,数学,数学,runnable_template,关键词命中: 数学->数学 (via directory) | 含 main | 判定: runnable_template,medium,,,true,ba2f30b3ead74a3606c9bbe70a57c12675f7c4e3c46fe156ef74149af42fd48d,约瑟夫环加强.cpp,793,29,9,0,0,main,"约瑟夫环加强,cpp"
templates/数学/线性基——向量模板.cpp,templates/数学/线性基/线性基——向量模板.cpp,数学,数学,线性基,runnable_template,关键词命中: 线性基->数学 (via filename) | 含 main | 代码内 URL×1 | 判定: runnable_template,high,https://www.luogu.com.cn/problem/P3265,,true,727b57922c3788022cec6952c6b1d37ad92b658ccfb786efe0326c7e6b4f355e,线性基——向量模板.cpp,2311,74,13,1,0,"MAXN,MAXM,sml,insert,compute,main","线性基,向量模板,cpp,线性基——向量模板"
templates/数学/线性基——向量模板4.cpp,templates/数学/线性基/线性基——向量模板4.cpp,数学,数学,线性基,runnable_template,关键词命中: 线性基->数学 (via filename) | 含 main | 代码内 URL×1 | 判定: runnable_template,high,https://www.luogu.com.cn/problem/P4151,,true,6bf30c8bb788f69665a06134a8a960c563894cdc6d0acb2cebc31a8fecd37603,线性基——向量模板4.cpp,2355,93,13,1,0,"MAXN,MAXM,BIT,addEdge,insert,dfs,query,main","线性基,向量模板4,cpp,线性基——向量模板4"
templates/数学/线性基——向量结合树上倍增.cpp,templates/树上算法/线性基/线性基——向量结合树上倍增.cpp,数学,树上算法,线性基,runnable_template,关键词命中: 树上倍增->树上算法 (via filename) | 含 main | 代码内 URL×1 | 判定: runnable_template,high,https://www.luogu.com.cn/problem/P3292,,true,08f1222459fb186a74d59e2813109d3c30e50338ff142a81bab42e03f5a99e14,线性基——向量结合树上倍增.cpp,5690,202,12,1,0,"MAXN,LIMIT,BIT,log2,addEdge,insertReplace,lca,dfs","线性基,向量结合树上倍增,cpp,线性基——向量结合树上倍增"
templates/数学/线性基——向量结合线段树.cpp,templates/数据结构/线性基/线性基——向量结合线段树.cpp,数学,数据结构,线性基,runnable_template,关键词命中: 线段树->数据结构 (via filename) | 含 main | 代码内 URL×1 | 判定: runnable_template,high,https://www.luogu.com.cn/problem/P4839,,true,2826971db1511969e096973c29bb3ca87f06c36c15a52013fefe593c255f86b1,线性基——向量结合线段树.cpp,2670,99,10,1,0,"MAXN,BIT,insert,add,merge,query,main","线性基,向量结合线段树,cpp,线性基——向量结合线段树"
templates/数学/线性基——异或所有结果个数.cpp,templates/数学/线性基/线性基——异或所有结果个数.cpp,数学,数学,线性基,runnable_template,关键词命中: 线性基->数学 (via filename) | 含 main | 代码内 URL×1 | 判定: runnable_template,high,https://www.luogu.com.cn/problem/P3857,,true,e3cbaac66008ac3916b779ee43b2c5379c2b0cd15e2751574792b1a7a54d692c,线性基——异或所有结果个数.cpp,1404,63,10,1,0,"MOD,MAXN,insert,compute,main","线性基,异或所有结果个数,cpp,线性基——异或所有结果个数"
templates/数学/线性基——异或普通消元法.cpp,templates/数学/线性基/线性基——异或普通消元法.cpp,数学,数学,线性基,runnable_template,关键词命中: 线性基->数学 (via filename) | 含 main | 代码内 URL×1 | 判定: runnable_template,high,https://www.luogu.com.cn/problem/P3812,,true,360e0269b5bc4fe49d64047d7eaac0f7dd0527b89563c5c89c7b4d0f1f5a5e5f,线性基——异或普通消元法.cpp,1288,54,8,1,0,"MAXN,BIT,insert,compute,main","线性基,异或普通消元法,cpp,线性基——异或普通消元法"
templates/数学/线性基——异或过程展示.cpp,templates/数学/线性基/线性基——异或过程展示.cpp,数学,数学,线性基,example,关键词命中: 线性基->数学 (via filename) | 含 main | 判定: example,high,,,true,74c2ba714eb8c27eefff0d3d8fbeb9eef3405a3e800a82ec7b6952bb589beb5f,线性基——异或过程展示.cpp,7372,230,0,0,0,"MAXN,BIT,arr,basis1,insert,compute1,basis2,swap","线性基,异或过程展示,cpp,线性基——异或过程展示"
templates/数学/线性基——异或运算应用.cpp,templates/数学/线性基/线性基——异或运算应用.cpp,数学,数学,线性基,application,关键词命中: 线性基->数学 (via filename) | 含 main | 代码内 URL×1 | 判定: application,high,https://www.luogu.com.cn/problem/P4570,,true,faad34fc5483c22ddd5ecbf6ec66f464bfb34a8ff418e742e7012a7a0e618fb6,线性基——异或运算应用.cpp,2050,72,10,1,0,"MAXN,BIT,Node,cmp,insert,compute,main","线性基,异或运算应用,cpp,线性基——异或运算应用"
templates/数学/线性基——异或高斯消元法.cpp,templates/数学/线性基/线性基——异或高斯消元法.cpp,数学,数学,线性基,runnable_template,关键词命中: 线性基->数学 (via filename) | 含 main | 代码内 URL×1 | 判定: runnable_template,high,https://loj.ac/p/114,,true,0b5137468b904b70164a6a1b058e2aae97f7f302007c83d4510bab0a6a04b4c6,线性基——异或高斯消元法.cpp,2389,93,11,1,0,"MAXN,BIT,swap,compute,query,main","线性基,异或高斯消元法,cpp,线性基——异或高斯消元法"
templates/数学/莫比乌斯函数——模板.cpp,templates/数学/莫比乌斯函数/莫比乌斯函数——模板.cpp,数学,数学,莫比乌斯函数,runnable_template,关键词命中: 莫比乌斯->数学 (via filename) | 含 main | 代码内 URL×1 | 判定: runnable_template,high,https://www.luogu.com.cn/problem/P4450,,true,a3b5cda179916af4a40a1c74be9aecba57557ad16372a940bb7d8703bfabd77d,莫比乌斯函数——模板.cpp,1184,51,6,1,0,"MAXN,prepare,main","莫比乌斯函数,模板,cpp,莫比乌斯函数——模板"
templates/数学/裴蜀定理——模板.cpp,templates/数学/裴蜀定理/裴蜀定理——模板.cpp,数学,数学,裴蜀定理,application,关键词命中: 裴蜀->数学 (via filename) | 含 main | 代码内 URL×1 | 判定: application,high,https://www.luogu.com.cn/problem/P4549,,true,efb0d56694fc9a7e0e4f343d04834260e8398d373c7134c34f1963b0615f4d8b,裴蜀定理——模板.cpp,907,30,10,1,0,"gcd,main","裴蜀定理,模板,cpp,裴蜀定理——模板"
templates/数学/裴蜀定理——类似博弈论.cpp,templates/数学/裴蜀定理/裴蜀定理——类似博弈论.cpp,数学,数学,裴蜀定理,runnable_template,关键词命中: 博弈论->数学 (via filename) | 含 main | 代码内 URL×2 | 判定: runnable_template,high,https://acm.hdu.edu.cn/showproblem.php?pid=5512,,true,b6cd9d98303e298b339008c9cbfa65316f75f5f1dc7cbe2271e63c58449df90b,裴蜀定理——类似博弈论.cpp,1450,37,15,2,0,"gcd,main","裴蜀定理,类似博弈论,cpp,裴蜀定理——类似博弈论"
templates/数学/质数——Miller-Rabin素数测试.c,templates/数学/质数/质数——Miller-Rabin素数测试.c,数学,数学,质数,runnable_template,关键词命中: 质数->数学 (via filename) | 含 main | 代码内 URL×1 | 判定: runnable_template,high,https://www.luogu.com.cn/problem/U148828,,true,feefa91d7f87ffe713976fbb54bd49cf38e4ecfc19248a05acb57508f505f60c,质数——Miller-Rabin素数测试.c,2396,80,12,1,0,"qpow,miller_rabin,main","质数,Miller-Rabin素数测试,质数——Miller-Rabin素数测试,质数——Miller,Rabin素数测试"
templates/数学/质数——结合数论.cpp,templates/数学/质数/质数——结合数论.cpp,数学,数学,质数,runnable_template,关键词命中: 数论->数学 (via filename) | 含 main | 代码内 URL×1 | 判定: runnable_template,high,https://www.luogu.com.cn/problem/P4397,,true,b3d49ae678e31faf8c4b2e9f793c07aeb29912461a00bbb5831851e9eda5095b,质数——结合数论.cpp,3266,88,5,1,0,"MAXN,euler,isprime,dfs,main","质数,结合数论,cpp,质数——结合数论"
templates/数学/质数——质数并查集.c,templates/基础算法/质数/质数——质数并查集.c,数学,基础算法,质数,runnable_template,关键词命中: 并查集->基础算法 (via filename) | 含 main | 判定: runnable_template,high,,,true,3bd6786849b64d9d35b1c6f13039fcf8cff41c0c73189a24e3ec97a8d76898e5,质数——质数并查集.c,2410,113,0,0,0,"build,find,unionSet,maxSize,printFactors,largestComponentSize,main","质数,质数并查集,质数——质数并查集"
templates/数学/质数——质数筛.cpp,templates/数学/质数/质数——质数筛.cpp,数学,数学,质数,runnable_template,关键词命中: 质数->数学 (via filename) | 含 main | 代码内 URL×1 | 判定: runnable_template,high,https://leetcode.cn/problems/count-primes/,,true,63e44b50735638feb517db0f926dab5aaf8e8a0667d227ccbec0b46468cd47da,质数——质数筛.cpp,2792,96,6,1,0,"MAXN,ehrlich,euler,ehrlich2,main","质数,质数筛,cpp,质数——质数筛"
templates/数学/质数——较小的数字.c,templates/数学/质数/质数——较小的数字.c,数学,数学,质数,runnable_template,关键词命中: 质数->数学 (via filename) | 含 main | 判定: runnable_template,high,,,true,18b7862722011de5ffd1e60b7b46a8506ad89143aad603ee561bd00be5ea94d2,质数——较小的数字.c,1699,71,0,0,0,"power,witness,millerRabin,main","质数,较小的数字,质数——较小的数字"
templates/数学/逆元——单个除数求逆元.cpp,templates/数学/逆元/逆元——单个除数求逆元.cpp,数学,数学,逆元,runnable_template,关键词命中: 逆元->数学 (via filename) | 含 main | 判定: runnable_template,high,,,true,aec6cee97edca95f98ef84d0bda06edc40429af0159deb64c03c1c475853335f,逆元——单个除数求逆元.cpp,1173,48,3,0,0,"power,compute2,compute1,main","逆元,单个除数求逆元,cpp,逆元——单个除数求逆元"
templates/数学/逆元——模板.cpp,templates/数学/逆元/逆元——模板.cpp,数学,数学,逆元,runnable_template,关键词命中: 逆元->数学 (via filename) | 含 main | 判定: runnable_template,high,,,true,0ea7ad48edb360e8cda88d42b7f1dcfa28955c4531ab173fc8e4867d8508bf2e,逆元——模板.cpp,1641,68,4,0,0,"MAXN,power,compute,build,main","逆元,模板,cpp,逆元——模板"
templates/数学/逆元——连续数字逆元.cpp,templates/数学/逆元/逆元——连续数字逆元.cpp,数学,数学,逆元,runnable_template,关键词命中: 逆元->数学 (via filename) | 含 main | 代码内 URL×1 | 判定: runnable_template,high,https://www.luogu.com.cn/problem/P3811,,true,96111fcdb46a2b852f241ddba9c50f1e3e9b54df88a849290236c4b107e758c1,逆元——连续数字逆元.cpp,945,33,9,1,0,"MAXN,build,main","逆元,连续数字逆元,cpp,逆元——连续数字逆元"
templates/数学/逆元——连续数字阶乘的逆元.cpp,templates/数学/逆元/逆元——连续数字阶乘的逆元.cpp,数学,数学,逆元,runnable_template,关键词命中: 逆元->数学 (via filename) | 含 main | 判定: runnable_template,high,,,true,0b8a69c61d10165ad6ffec76f4a4721fba2cc9d0dff96d6f0e7be3fb5a6b6b6b,逆元——连续数字阶乘的逆元.cpp,2525,97,5,0,0,"MOD,LIMIT,power,build,c2,c1,main","逆元,连续数字阶乘的逆元,cpp,逆元——连续数字阶乘的逆元"
templates/数学/高斯消元——加法判断解的情况.cpp,templates/数学/高斯消元/高斯消元——加法判断解的情况.cpp,数学,数学,高斯消元,runnable_template,关键词命中: 高斯消元->数学 (via filename) | 含 main | 代码内 URL×1 | 判定: runnable_template,high,https://www.luogu.com.cn/problem/P2455,,true,7e919536e5b297663dcca91093868d33a343c5fcb85edc83619a7644a4161028,高斯消元——加法判断解的情况.cpp,3070,96,9,1,0,"MAXN,sml,swap,gauss,main","高斯消元,加法判断解的情况,cpp,高斯消元——加法判断解的情况"
templates/数学/高斯消元——加法提炼矩阵.cpp,templates/数学/高斯消元/高斯消元——加法提炼矩阵.cpp,数学,数学,高斯消元,example,关键词命中: 矩阵->数学 (via filename) | 含 main | 代码内 URL×1 | 判定: example,high,https://www.luogu.com.cn/problem/P4035,,true,b225e92827eb95a5285495ef9269ee70718c88a53ea6cbcf38071cbd911b7c00,高斯消元——加法提炼矩阵.cpp,3292,92,14,1,0,"MAXN,sml,swap,gauss,main","高斯消元,加法提炼矩阵,cpp,高斯消元——加法提炼矩阵"
templates/数学/高斯消元——加法检测错误数据.cpp,templates/数学/高斯消元/高斯消元——加法检测错误数据.cpp,数学,数学,高斯消元,runnable_template,关键词命中: 高斯消元->数学 (via filename) | 含 main | 代码内 URL×1 | 判定: runnable_template,high,https://www.luogu.com.cn/problem/P5027,,true,755e112ea61388c5d17bd50f6edfb63c350f24229ac46c2f97f55219fdd6dfb0,高斯消元——加法检测错误数据.cpp,4364,140,14,1,0,"MAXN,sml,swap,swapdata,gauss,check,main","高斯消元,加法检测错误数据,cpp,高斯消元——加法检测错误数据"
templates/数学/高斯消元——加法模板.cpp,templates/数学/高斯消元/高斯消元——加法模板.cpp,数学,数学,高斯消元,runnable_template,关键词命中: 高斯消元->数学 (via filename) | 含 main | 代码内 URL×1 | 判定: runnable_template,high,https://www.luogu.com.cn/problem/P3389,,true,23133fbb166e25d154fc85fc12f2b17c05de5a21650f60012b9f2dc64f0e91b8,高斯消元——加法模板.cpp,3029,93,8,1,0,"MAXN,sml,swap,gauss,main","高斯消元,加法模板,cpp,高斯消元——加法模板"
templates/数学/高斯消元——加法运算展示.cpp,templates/数学/高斯消元/高斯消元——加法运算展示.cpp,数学,数学,高斯消元,example,关键词命中: 高斯消元->数学 (via filename) | 含 main | 判定: example,high,,,true,85b388f857f7eb254ffe0170a163da17d909672e149a0e69cdbe9bedbdeb8a5f,高斯消元——加法运算展示.cpp,6752,190,1,0,0,"MAXN,sml,swap,gauss,print,main","高斯消元,加法运算展示,cpp,高斯消元——加法运算展示"
templates/数学/高斯消元——同余模板.cpp,templates/数学/高斯消元/高斯消元——同余模板.cpp,数学,数学,高斯消元,runnable_template,关键词命中: 高斯消元->数学 (via filename) | 含 main | 代码内 URL×1 | 判定: runnable_template,high,https://acm.hdu.edu.cn/showproblem.php?pid=5755,,true,9007d96cda7f8dc4b18ae0b59ac3ada4894dad0904053ba7062446552868f8cd,高斯消元——同余模板.cpp,4464,136,11,1,0,"MOD,MAXS,compute_inv,gcd,swap,prepare,gauss,main","高斯消元,同余模板,cpp,高斯消元——同余模板"
templates/数学/高斯消元——同余模板2.cpp,templates/数学/高斯消元/高斯消元——同余模板2.cpp,数学,数学,高斯消元,runnable_template,关键词命中: 高斯消元->数学 (via filename) | 含 main | 代码内 URL×1 | 判定: runnable_template,high,http://poj.org/problem?id=2947,,true,9e3ddabc71e6269214a5b647a8162ae2fbe450ee55f8c57bce520f92c8e6577f,高斯消元——同余模板2.cpp,5526,168,14,1,0,"MOD,MAXN,compute_inv,gcd,swap,day,prepare,gauss","高斯消元,同余模板2,cpp,高斯消元——同余模板2"
templates/数学/高斯消元——同余运算展示.cpp,templates/数学/高斯消元/高斯消元——同余运算展示.cpp,数学,数学,高斯消元,example,关键词命中: 高斯消元->数学 (via filename) | 含 main | 判定: example,high,,,true,cf1a3ad6c9c22f6305d2972bbcd1845017fec2a2dd25a185beffff1637f656e0,高斯消元——同余运算展示.cpp,6865,182,0,0,0,"MOD,MAXN,mat,inv,power,fermat,compute_inv,gcd","高斯消元,同余运算展示,cpp,高斯消元——同余运算展示"
templates/数学/高斯消元——异或主元与自由元.cpp,templates/数学/高斯消元/高斯消元——异或主元与自由元.cpp,数学,数学,高斯消元,runnable_template,关键词命中: 高斯消元->数学 (via filename) | 含 main | 代码内 URL×1 | 判定: runnable_template,high,https://acm.hdu.edu.cn/showproblem.php?pid=5833,,true,cddcc3eeb61bc0efdc6f0ae4c9f7aa84c3d8e1ada968ead562966950fd8666b6,高斯消元——异或主元与自由元.cpp,4038,129,16,1,0,"MOD,MAXV,MAXN,prepare,swap,gauss,compute,main","高斯消元,异或主元与自由元,cpp,高斯消元——异或主元与自由元"
templates/数学/高斯消元——异或模板.cpp,templates/数学/高斯消元/高斯消元——异或模板.cpp,数学,数学,高斯消元,runnable_template,关键词命中: 高斯消元->数学 (via filename) | 含 main | 代码内 URL×1 | 判定: runnable_template,high,https://www.luogu.com.cn/problem/P2962,,true,d23b236abeb550f750471f66d7b9dc3a1129cd3967df4a331d538b1a966a7e34,高斯消元——异或模板.cpp,4192,130,15,1,0,"MAXN,prepare,gauss,dfs,main","高斯消元,异或模板,cpp,高斯消元——异或模板"
templates/数学/高斯消元——异或结合位图.cpp,templates/数学/高斯消元/高斯消元——异或结合位图.cpp,数学,数学,高斯消元,runnable_template,关键词命中: 高斯消元->数学 (via filename) | 含 main | 代码内 URL×1 | 判定: runnable_template,high,https://www.luogu.com.cn/problem/P2447,,true,57b0c69899370138c0d00cd8d7b5b3d99ddd2838b2c7bd600cf855a6efc567b0,高斯消元——异或结合位图.cpp,3445,113,16,1,0,"MAXN,BIT,MAXM,setsta,get,eor,gauss,main","高斯消元,异或结合位图,cpp,高斯消元——异或结合位图"
templates/数学/高斯消元——异或运算展示.cpp,templates/数学/高斯消元/高斯消元——异或运算展示.cpp,数学,数学,高斯消元,example,关键词命中: 高斯消元->数学 (via filename) | 含 main | 判定: example,high,,,true,270c1a3a459721e0136c8f0b1f5c76ded32dc7c6bbc7fafbfce21e7eaa714e1d,高斯消元——异或运算展示.cpp,4159,114,0,0,0,"MAXN,mat,swap,gauss,print,main","高斯消元,异或运算展示,cpp,高斯消元——异或运算展示"
templates/数学/高精度——模板.cpp,templates/基础算法/高精度/高精度——模板.cpp,数学,基础算法,高精度,runnable_template,关键词命中: 高精度->基础算法 (via filename) | 含 main | 判定: runnable_template,high,,,true,524dd5318001a2fd696deb56ce50258bc62556c5ddd65bd56947bac5e06d710b,高精度——模板.cpp,5327,184,4,0,0,"removeLeadingZeros,compare,add,sub,mul,res,make_pair,div","高精度,模板,cpp,高精度——模板"
templates/数论/FFT——迭代版模板.cpp,templates/数学/FFT/FFT——迭代版模板.cpp,数论,数学,FFT,runnable_template,关键词命中: FFT->数学 (via filename) | 含 main | 代码内 URL×1 | 判定: runnable_template,high,https://www.luogu.com.cn/problem/P3803,,true,a771b930779e9a24667b5a34e688116aa196d4dfc7e7825ab2033258224ec397,FFT——迭代版模板.cpp,1768,72,1,1,0,"MAXN,MAXT,PI,Complex,FFT,w1,wk,main","FFT,迭代版模板,cpp,FFT——迭代版模板"
templates/数论/FFT——递归版模板.cpp,templates/数学/FFT/FFT——递归版模板.cpp,数论,数学,FFT,runnable_template,关键词命中: FFT->数学 (via filename) | 含 main | 代码内 URL×1 | 判定: runnable_template,high,https://www.luogu.com.cn/problem/P3803,,true,7231fa7152cd6bab57ca3f1efd9b9d7db91159fd47f230fbef5cd82933075e5e,FFT——递归版模板.cpp,1333,57,1,1,0,"MAXN,MAXT,PI,FFT,w1,wk,main","FFT,递归版模板,cpp,FFT——递归版模板"
templates/数论/NTT——模板.cpp,templates/数学/NTT/NTT——模板.cpp,数论,数学,NTT,pure_template,关键词命中: NTT->数学 (via filename) | 代码内 URL×1 | 判定: pure_template,high,https://www.luogu.com.cn/problem/P3803,,false,41f81d91832b8dc0eb454b179294f7d863905031739211cfe84b01598b88b246,NTT——模板.cpp,2004,91,1,1,0,"MAXN,g,P,power,NTT,main","NTT,模板,cpp,NTT——模板"
templates/数论/杜教筛——模板.cpp,templates/基础算法/杜教筛/杜教筛——模板.cpp,数论,基础算法,杜教筛,pure_template,关键词命中: 前缀和->基础算法 (via head) | 代码内 URL×1 | 判定: pure_template,medium,https://www.luogu.com.cn/problem/P4213,,false,831b58f86bfbc53946c06052e40886293e9ba5f1b7424c06f0a3e129420446f0,杜教筛——模板.cpp,1827,89,3,1,0,"MAXN,prepare,du_phi,du_mu,main","杜教筛,模板,cpp,杜教筛——模板"
templates/数论/莫比乌斯函数——模板.cpp,templates/数学/莫比乌斯函数/莫比乌斯函数——模板.cpp,数论,数学,莫比乌斯函数,pure_template,关键词命中: 莫比乌斯->数学 (via filename) | 判定: pure_template,high,,,false,01656440cdd8abf9ac7a81566013a920a394ae516449289f71bb18f613aab31e,莫比乌斯函数——模板.cpp,945,39,3,0,0,"MAXN,prepare","莫比乌斯函数,模板,cpp,莫比乌斯函数——模板"
templates/整体二分/整体二分——二维1.cpp,templates/基础算法/整体二分/整体二分——二维1.cpp,整体二分,基础算法,整体二分,runnable_template,关键词命中: 整体二分->基础算法 (via filename) | 含 main | 代码内 URL×1 | 判定: runnable_template,high,https://www.luogu.com.cn/problem/P1527,,true,e0471f851053e5be92b5bcf87675a1b9f8837cccc14f7855e1331a271c1d0658,整体二分——二维1.cpp,3054,131,11,1,0,"MAXN,MAXQ,Number,NumberCmp,lowbit,add,sum,query","整体二分,二维1,cpp,整体二分——二维1"
templates/整体二分/整体二分——二维2.cpp,templates/基础算法/整体二分/整体二分——二维2.cpp,整体二分,基础算法,整体二分,runnable_template,关键词命中: 整体二分->基础算法 (via filename) | 含 main | 代码内 URL×1 | 判定: runnable_template,high,https://www.luogu.com.cn/problem/P1527,,true,6b6bffc6fd538821d9af4d2c62d2133574c74f038f13a16ed743da04006da9df,整体二分——二维2.cpp,3143,129,9,1,0,"MAXN,MAXQ,Number,NumberCmp,lowbit,add,sum,query","整体二分,二维2,cpp,整体二分——二维2"
templates/整体二分/整体二分——带修改.cpp,templates/基础算法/整体二分/整体二分——带修改.cpp,整体二分,基础算法,整体二分,runnable_template,关键词命中: 整体二分->基础算法 (via filename) | 含 main | 代码内 URL×1 | 判定: runnable_template,high,https://www.luogu.com.cn/problem/P2617,,true,751d811c97df226bd5f6617d677cee76926d8f50d1573facc92ffe78f8105bd1,整体二分——带修改.cpp,5004,170,17,1,0,"MAXN,MAXE,INF,lowbit,add,sum,query,compute","整体二分,带修改,cpp,整体二分——带修改"
templates/整体二分/整体二分——扫描线.cpp,templates/基础算法/整体二分/整体二分——扫描线.cpp,整体二分,基础算法,整体二分,runnable_template,关键词命中: 整体二分->基础算法 (via filename) | 含 main | 代码内 URL×1 | 判定: runnable_template,high,https://www.luogu.com.cn/problem/P3242,,true,eef31687c83b05c92547ac11e95faa6c154f7c6bf2bb427f541b3fb70a6b91b5,整体二分——扫描线.cpp,8026,281,12,1,0,"MAXN,MAXH,INF,Event,EventCmp,addEdge,dfs,lca","整体二分,扫描线,cpp,整体二分——扫描线"
templates/整体二分/整体二分——最小瓶颈.cpp,templates/基础算法/整体二分/整体二分——最小瓶颈.cpp,整体二分,基础算法,整体二分,runnable_template,关键词命中: 整体二分->基础算法 (via filename) | 含 main | 代码内 URL×2 | 判定: runnable_template,high,https://www.luogu.com.cn/problem/CF603E,,true,49810e5b91ef8d5b3356fcf2d776f2cfc69f8bd1cf0609e0df9c80375db6f3d3,整体二分——最小瓶颈.cpp,5563,184,12,2,0,"MAXN,MAXM,Edge,EdgeCmp,find,Union,undo,compute","整体二分,最小瓶颈,cpp,整体二分——最小瓶颈"
templates/整体二分/整体二分——树上操作.cpp,templates/基础算法/整体二分/整体二分——树上操作.cpp,整体二分,基础算法,整体二分,runnable_template,关键词命中: 整体二分->基础算法 (via filename) | 含 main | 代码内 URL×1 | 判定: runnable_template,high,https://www.luogu.com.cn/problem/P3250,,true,374ed121a5a1d28f783076a04f9d538316e46410697f1ad3c4b2bd80bbf74b98,整体二分——树上操作.cpp,7376,259,16,1,0,"MAXN,MAXM,MAXH,INF,addEdge,dfs,lca,lowbit","整体二分,树上操作,cpp,整体二分——树上操作"
templates/整体二分/整体二分——模板1.cpp,templates/基础算法/整体二分/整体二分——模板1.cpp,整体二分,基础算法,整体二分,runnable_template,关键词命中: 整体二分->基础算法 (via filename) | 含 main | 代码内 URL×1 | 判定: runnable_template,high,https://www.luogu.com.cn/problem/P3834,,true,46740bcae3c0dfc48aa8b16a2f1c8c49fbb237fc3831d4c45a868ddb57cc7a68,整体二分——模板1.cpp,3602,135,10,1,0,"MAXN,Number,NumberCmp,lowbit,add,sum,query,compute","整体二分,模板1,cpp,整体二分——模板1"
templates/整体二分/整体二分——模板2.cpp,templates/基础算法/整体二分/整体二分——模板2.cpp,整体二分,基础算法,整体二分,runnable_template,关键词命中: 整体二分->基础算法 (via filename) | 含 main | 代码内 URL×1 | 判定: runnable_template,high,https://www.luogu.com.cn/problem/P3834,,true,2314c2ccd8379f6b3e8221ded3b6b867e241d5dc37687dd6a5d212f376ee6207,整体二分——模板2.cpp,3344,130,12,1,0,"MAXN,Number,NumberCmp,lowbit,add,sum,query,compute","整体二分,模板2,cpp,整体二分——模板2"
templates/整体二分/整体二分——破环为链1.cpp,templates/基础算法/整体二分/整体二分——破环为链1.cpp,整体二分,基础算法,整体二分,runnable_template,关键词命中: 整体二分->基础算法 (via filename) | 含 main | 代码内 URL×1 | 判定: runnable_template,high,https://www.luogu.com.cn/problem/P3527,,true,99269843ede23530b810d3bdc1a47c9949453844c8ce3e12e42e234ba4d93961,整体二分——破环为链1.cpp,4222,150,14,1,0,"MAXN,addEdge,lowbit,add,query,compute,main","整体二分,破环为链1,cpp,整体二分——破环为链1"
templates/整体二分/整体二分——破环为链2.cpp,templates/基础算法/整体二分/整体二分——破环为链2.cpp,整体二分,基础算法,整体二分,runnable_template,关键词命中: 整体二分->基础算法 (via filename) | 含 main | 代码内 URL×1 | 判定: runnable_template,high,https://www.luogu.com.cn/problem/P3527,,true,6653a68bdf93712b9c23a1715ac812e891383f303ded5773a19f16a2a3551082,整体二分——破环为链2.cpp,3433,150,13,1,0,"MAXN,addEdge,lowbit,add,query,compute,main","整体二分,破环为链2,cpp,整体二分——破环为链2"
templates/整体二分/整体二分——线性基.cpp,templates/基础算法/整体二分/整体二分——线性基.cpp,整体二分,基础算法,整体二分,runnable_template,关键词命中: 整体二分->基础算法 (via filename) | 含 main | 代码内 URL×2 | 判定: runnable_template,high,https://www.luogu.com.cn/problem/CF1100F,,true,1c85b50c1d6eda9deeef14eab5fc56c98f624a6fe9a4d205f1917eaef05f2c48,整体二分——线性基.cpp,3312,130,10,2,0,"MAXN,BIT,insert,clear,maxEor,clone,merge,compute","整体二分,线性基,cpp,整体二分——线性基"
templates/整体二分/整体二分——线段树.cpp,templates/基础算法/整体二分/整体二分——线段树.cpp,整体二分,基础算法,整体二分,runnable_template,关键词命中: 整体二分->基础算法 (via filename) | 含 main | 代码内 URL×1 | 判定: runnable_template,high,https://www.luogu.com.cn/problem/P4602,,true,968a288a207f33bca869e0f159e7ef1c7ecad1fd72f422c9394c6956a6968574,整体二分——线段树.cpp,5345,158,14,1,0,"MAXN,Juice,JuiceCmp,up,add,query,compute,main","整体二分,线段树,cpp,整体二分——线段树"
templates/树上启发式合并/树上启发式合并——倍增st表.cpp,templates/树上算法/树上启发式合并/树上启发式合并——倍增st表.cpp,树上启发式合并,树上算法,树上启发式合并,runnable_template,关键词命中: 树上启发式合并->树上算法 (via filename) | 含 main | 代码内 URL×2 | 判定: runnable_template,high,https://www.luogu.com.cn/problem/CF208E,,true,78c02fe87b3363c31180911d9bceea3c701558d894cb0d3d7acc10f96b32620b,树上启发式合并——倍增st表.cpp,4435,169,14,2,0,"MAXN,MAXH,addEdge,addQuestion,dfs1,kAncestor,effect,cancle","树上启发式合并,倍增st表,cpp,树上启发式合并——倍增st表"
templates/树上启发式合并/树上启发式合并——出现次数信息.cpp,templates/树上算法/树上启发式合并/树上启发式合并——出现次数信息.cpp,树上启发式合并,树上算法,树上启发式合并,runnable_template,关键词命中: 树上启发式合并->树上算法 (via filename) | 含 main | 代码内 URL×1 | 判定: runnable_template,high,https://www.luogu.com.cn/problem/P9233,,true,c4c42597f315ef1eca18a7005b1a9903123e0836fcca1d8de3d454bd2f50caf5,树上启发式合并——出现次数信息.cpp,3344,123,10,1,0,"MAXN,addEdge,dfs1,effect,cancle,dfs2,main","树上启发式合并,出现次数信息,cpp,树上启发式合并——出现次数信息"
templates/树上启发式合并/树上启发式合并——向下k层.cpp,templates/树上算法/树上启发式合并/树上启发式合并——向下k层.cpp,树上启发式合并,树上算法,树上启发式合并,runnable_template,关键词命中: 树上启发式合并->树上算法 (via filename) | 含 main | 代码内 URL×2 | 判定: runnable_template,high,https://www.luogu.com.cn/problem/CF246E,,true,216258b7406545b1bcd7afa8c0172a0f9e4d0a9694a4e5ba756743e3e121cb64,树上启发式合并——向下k层.cpp,4759,186,12,2,0,"MAXN,getNameId,addId,removeId,sizeOfDeep,addEdge,addQuestion,dfs1","树上启发式合并,向下k层,cpp,树上启发式合并——向下k层"
templates/树上启发式合并/树上启发式合并——回文转异或.cpp,templates/树上算法/树上启发式合并/树上启发式合并——回文转异或.cpp,树上启发式合并,树上算法,树上启发式合并,runnable_template,关键词命中: 树上启发式合并->树上算法 (via filename) | 含 main | 代码内 URL×2 | 判定: runnable_template,high,https://www.luogu.com.cn/problem/CF741D,,true,c12abaea21e978a1da8985176527e973232f6e085c1fe592cd56b45ef67a64da,树上启发式合并——回文转异或.cpp,4836,157,14,2,0,"MAXN,MAXV,addEdge,dfs1,effect,cancle,answerFromLight,dfs2","树上启发式合并,回文转异或,cpp,树上启发式合并——回文转异或"
templates/树上启发式合并/树上启发式合并——模板.cpp,templates/树上算法/树上启发式合并/树上启发式合并——模板.cpp,树上启发式合并,树上算法,树上启发式合并,runnable_template,关键词命中: 树上启发式合并->树上算法 (via filename) | 含 main | 代码内 URL×1 | 判定: runnable_template,high,https://www.luogu.com.cn/problem/U41492,,true,4c046a703f50a8529c82ba9c8e970b14a34aba400a643111fceabee863f77561,树上启发式合并——模板.cpp,3611,138,8,1,0,"MAXN,addEdge,dfs1,effect,cancle,dfs2,main","树上启发式合并,模板,cpp,树上启发式合并——模板"
templates/树上启发式合并/树上启发式合并——结合主席树.cpp,templates/树上算法/树上启发式合并/树上启发式合并——结合主席树.cpp,树上启发式合并,树上算法,树上启发式合并,runnable_template,关键词命中: 树上启发式合并->树上算法 (via filename) | 含 main | 代码内 URL×1 | 判定: runnable_template,high,https://www.luogu.com.cn/problem/P3302,,true,c362655d32df1634b4cc16889f03e6feea18bb3255406b0914bac2a0be62e151,树上启发式合并——结合主席树.cpp,5445,211,13,1,0,"MAXN,MAXT,MAXH,kth,addEdge,insert,query,lca","树上启发式合并,结合主席树,cpp,树上启发式合并——结合主席树"
templates/树上启发式合并/树上启发式合并——统计最大次数.cpp,templates/树上算法/树上启发式合并/树上启发式合并——统计最大次数.cpp,树上启发式合并,树上算法,树上启发式合并,runnable_template,关键词命中: 树上启发式合并->树上算法 (via filename) | 含 main | 代码内 URL×2 | 判定: runnable_template,high,https://www.luogu.com.cn/problem/CF600E,,true,39cb2a8fca5b1049ce17bece03954ef3b05d0f3ce9eefc0658cd6971844de988,树上启发式合并——统计最大次数.cpp,4338,154,13,2,0,"MAXN,addEdge,dfs1,effect,cancle,dfs2,main","树上启发式合并,统计最大次数,cpp,树上启发式合并——统计最大次数"
templates/树上问题/prufer序——堆模板.cpp,templates/树上算法/prufer序/prufer序——堆模板.cpp,树上问题,树上算法,prufer序,runnable_template,关键词命中: prufer->树上算法 (via filename) | 含 main | 代码内 URL×1 | 判定: runnable_template,high,https://www.luogu.com.cn/problem/P6086,,true,02deebc9d566df880c379d1b8aa94b3ab344c7fd75104582f1c946012a1c29a9,prufer序——堆模板.cpp,4021,145,13,1,0,"MAXN,read,addedge,dfs,main","prufer序,堆模板,cpp,prufer序——堆模板"
templates/树上问题/prufer序——线性模板.cpp,templates/树上算法/prufer序/prufer序——线性模板.cpp,树上问题,树上算法,prufer序,runnable_template,关键词命中: prufer->树上算法 (via filename) | 含 main | 代码内 URL×1 | 判定: runnable_template,high,https://www.luogu.com.cn/problem/P6086,,true,873881e8ce166713e76c9976bf7a9e369b5367ccf9df5db63b2cd6322ff8efc9,prufer序——线性模板.cpp,2699,108,2,1,0,"MAXN,read,main","prufer序,线性模板,cpp,prufer序——线性模板"
templates/树上问题/最小树形图——朱刘算法.cpp,templates/图论/最小树形图/最小树形图——朱刘算法.cpp,树上问题,图论,最小树形图,runnable_template,关键词命中: 最小树形图->图论 (via filename) | 含 main | 代码内 URL×1 | 判定: runnable_template,high,https://www.luogu.com.cn/problem/P4716,,true,2ff56932068b6e4fe023509858c5b111a03820065ecc42f117ef3f9e98a98f4e,最小树形图——朱刘算法.cpp,4165,139,10,1,0,"MAXN,MAXM,node,read,prepare,main","最小树形图,朱刘算法,cpp,最小树形图——朱刘算法"
templates/树上问题/树上倍增——LCA.cpp,templates/树上算法/树上倍增/树上倍增——LCA.cpp,树上问题,树上算法,树上倍增,runnable_template,关键词命中: 树上倍增->树上算法 (via filename) | 含 main | 判定: runnable_template,high,,,true,c0e259e9a0d25799a29dc5ca68ea6944f08185834ef2dc7beb19a4986789816a,树上倍增——LCA.cpp,1884,87,0,0,0,"MAXN,LIMIT,build,dfs,lca,main","树上倍增,LCA,cpp,树上倍增——LCA"
templates/树上问题/树上倍增——LCA迭代.cpp,templates/树上算法/树上倍增/树上倍增——LCA迭代.cpp,树上问题,树上算法,树上倍增,runnable_template,关键词命中: 树上倍增->树上算法 (via filename) | 含 main | 判定: runnable_template,high,,,true,83ec02d54e11b5bdc0e9ce61d910819a217dccbd743506c8a02d139b576b7545,树上倍增——LCA迭代.cpp,2412,110,0,0,0,"MAXN,LIMIT,node,build,dfs,lca,main","树上倍增,LCA迭代,cpp,树上倍增——LCA迭代"
templates/树上问题/树上倍增——卡车.cpp,templates/树上算法/树上倍增/树上倍增——卡车.cpp,树上问题,树上算法,树上倍增,runnable_template,关键词命中: 树上倍增->树上算法 (via filename) | 含 main | 代码内 URL×1 | 判定: runnable_template,high,https://www.luogu.com.cn/problem/P1967,,true,5169443818e3cbb96f6a5bc94637281c117390fcb09e1a099f53bfdf384a52a6,树上倍增——卡车.cpp,3853,161,14,1,0,"MAXN,MAXM,LIMIT,node,build,cmp,find,addEdge","树上倍增,卡车,cpp,树上倍增——卡车"
templates/树上问题/树上倍增——回文.cpp,templates/树上算法/树上倍增/树上倍增——回文.cpp,树上问题,树上算法,树上倍增,runnable_template,关键词命中: 树上倍增->树上算法 (via filename) | 含 main | 代码内 URL×1 | 判定: runnable_template,high,https://ac.nowcoder.com/acm/contest/78807/G,,true,13d7d7ac9a0636aa318852fccc06ba6a8e9fa9e399a86242d86cc2d1725d925e,树上倍增——回文.cpp,3721,148,13,1,0,"MAXN,LIMIT,K,build,lca,ha,dfs,isPalindrome","树上倍增,回文,cpp,树上倍增——回文"
templates/树上问题/树上差分——tarjan求lca.cpp,templates/树上算法/树上差分/树上差分——tarjan求lca.cpp,树上问题,树上算法,树上差分,runnable_template,关键词命中: 树上差分->树上算法 (via filename) | 含 main | 代码内 URL×1 | 判定: runnable_template,high,https://www.luogu.com.cn/problem/P3258,,true,b94411e68aab2697168aaa79c171fce07ed10133c8c9c40c3afccad1c74a885e,树上差分——tarjan求lca.cpp,3545,153,12,1,0,"MAXN,build,find,tarjan,dfs,compute,main","树上差分,tarjan求lca,cpp,树上差分——tarjan求lca"
templates/树上问题/树上差分——倍增求lca.cpp,templates/树上算法/树上差分/树上差分——倍增求lca.cpp,树上问题,树上算法,树上差分,runnable_template,关键词命中: 树上差分->树上算法 (via filename) | 含 main | 代码内 URL×1 | 判定: runnable_template,high,https://leetcode.cn/problems/minimize-the-total-price-of-the-trips/,,true,b60ede496883f96dbfb96257419af12203ada5b5e34a6fb7bacff76af31184ef,树上差分——倍增求lca.cpp,3505,154,8,1,0,"MAXN,MAXM,LIMIT,dfs1,lca,dfs2,dp,main","树上差分,倍增求lca,cpp,树上差分——倍增求lca"
templates/树上问题/树上差分——变形应用.cpp,templates/树上算法/树上差分/树上差分——变形应用.cpp,树上问题,树上算法,树上差分,application,关键词命中: 树上差分->树上算法 (via filename) | 含 main | 判定: application,high,,,true,44f0a005ca23cf060515e0e4731fe9981f5324dc4aed0519818a7146d160e755,树上差分——变形应用.cpp,3079,131,8,0,0,"MAXN,MAXM,build,addedge,dfs,compute,main","树上差分,变形应用,cpp,树上差分——变形应用"
templates/树上问题/树上差分——点差分模版.cpp,templates/树上算法/树上差分/树上差分——点差分模版.cpp,树上问题,树上算法,树上差分,runnable_template,关键词命中: 树上差分->树上算法 (via filename) | 含 main | 代码内 URL×1 | 判定: runnable_template,high,https://www.luogu.com.cn/problem/P3128,,true,aa589e62a6e4c49d6f7c3914baa18c2d3a29011414649551bbc06f69b533fddd,树上差分——点差分模版.cpp,3092,124,11,1,0,"MAXN,LIMIT,dfs1,lca,dfs2,main","树上差分,点差分模版,cpp,树上差分——点差分模版"
templates/树上问题/树上差分——边差分.cpp,templates/树上算法/树上差分/树上差分——边差分.cpp,树上问题,树上算法,树上差分,application,关键词命中: 树上差分->树上算法 (via filename) | 含 main | 代码内 URL×1 | 判定: application,high,http://poj.org/problem?id=3417,,true,2a146df27537f9d83652212adf06fa003f945a225badca30f9c3d0bf67544eb1,树上差分——边差分.cpp,2885,123,7,1,0,"MAXN,LIMIT,addedge,dfs1,lca,dfs2,main","树上差分,边差分,cpp,树上差分——边差分"
templates/树上问题/树上差分——边差分模板.cpp,templates/树上算法/树上差分/树上差分——边差分模板.cpp,树上问题,树上算法,树上差分,runnable_template,关键词命中: 树上差分->树上算法 (via filename) | 含 main | 代码内 URL×1 | 判定: runnable_template,high,https://www.luogu.com.cn/problem/P2680,,true,78ea4aa0dafd08aa0166cc6b84e55ae67337a734bff01ce4be84bff57a1c2d3f,树上差分——边差分模板.cpp,4901,184,10,1,0,"MAXN,MAXM,read,addEdge,addQuery,find,tarjan,dfs","树上差分,边差分模板,cpp,树上差分——边差分模板"
templates/树上问题/树上换根——换根.cpp,templates/树上算法/树上换根/树上换根——换根.cpp,树上问题,树上算法,树上换根,runnable_template,关键词命中: 树上换根->树上算法 (via filename) | 含 main | 代码内 URL×1 | 判定: runnable_template,high,https://www.luogu.com.cn/problem/P3478,,true,77c6f93a7e1fc28f1304a41bee3a6a9f6253a50dc271d4064bb08993c2060f82,树上换根——换根.cpp,2128,95,7,1,0,"MAXN,read,dfs1,dfs2,main","树上换根,换根,cpp,树上换根——换根"
templates/树上问题/树上换根——换根2.cpp,templates/树上算法/树上换根/树上换根——换根2.cpp,树上问题,树上算法,树上换根,runnable_template,关键词命中: 树上换根->树上算法 (via filename) | 含 main | 代码内 URL×1 | 判定: runnable_template,high,https://www.luogu.com.cn/problem/CF1187E,,true,03aa937cece5a09f1e6b40cc8ac86849c72422f34f484fa32967b8425f70293c,树上换根——换根2.cpp,1698,75,8,1,0,"MAXN,dfs1,dfs2,main","树上换根,换根2,cpp,树上换根——换根2"
templates/树上问题/树上换根——换根3.cpp,templates/树上算法/树上换根/树上换根——换根3.cpp,树上问题,树上算法,树上换根,runnable_template,关键词命中: 树上换根->树上算法 (via filename) | 含 main | 代码内 URL×1 | 判定: runnable_template,high,https://www.luogu.com.cn/problem/CF219D,,true,0211b1af3ba9879f534bf9740bb7a267be18d324368b5d471bd140618b8e8371,树上换根——换根3.cpp,1871,84,8,1,0,"MAXN,dfs1,dfs2,main","树上换根,换根3,cpp,树上换根——换根3"
templates/树上问题/树上换根——距离为k点权和.cpp,templates/树上算法/树上换根/树上换根——距离为k点权和.cpp,树上问题,树上算法,树上换根,runnable_template,关键词命中: 树上换根->树上算法 (via filename) | 含 main | 代码内 URL×1 | 判定: runnable_template,high,https://www.luogu.com.cn/problem/P3047,,true,5037c0ccd2803e5cf79b0a38d5ca48a49fe7d53d20d0979e6f4f4914942e150d,树上换根——距离为k点权和.cpp,1977,83,10,1,0,"MAXN,MAXK,dfs1,dfs2,main","树上换根,距离为k点权和,cpp,树上换根——距离为k点权和"
templates/树上问题/树上换根——边权.cpp,templates/树上算法/树上换根/树上换根——边权.cpp,树上问题,树上算法,树上换根,runnable_template,关键词命中: 树上换根->树上算法 (via filename) | 含 main | 代码内 URL×1 | 判定: runnable_template,high,http://poj.org/problem?id=3585,,true,b8e226b2d275577070a4a6edea95a34cf77c8185c93e18e7b800182b99e2b1c6,树上换根——边权.cpp,2527,107,8,1,0,"MAXN,build,addEdge,dfs1,dfs2,main","树上换根,边权,cpp,树上换根——边权"
templates/树上问题/树上问题——唯一重心.cpp,templates/树上算法/树上问题/树上问题——唯一重心.cpp,树上问题,树上算法,树上问题,runnable_template,关键词命中: 树上问题->树上算法 (via filename) | 含 main | 代码内 URL×1 | 判定: runnable_template,high,https://www.luogu.com.cn/problem/CF1406C,,true,9841eb70b493d554ac5543a6aa19768b1f9cec6b5b8d01ec46573c45b13a55b6,树上问题——唯一重心.cpp,3169,120,11,1,0,"MAXN,build,addEdge,dfs,find,compute,main","树上问题,唯一重心,cpp,树上问题——唯一重心"
templates/树上问题/树上问题——边权点权求重心.cpp,templates/树上算法/树上问题/树上问题——边权点权求重心.cpp,树上问题,树上算法,树上问题,runnable_template,关键词命中: 树上问题->树上算法 (via filename) | 含 main | 代码内 URL×1 | 判定: runnable_template,high,https://www.luogu.com.cn/problem/P2986,,true,54bdf18dba10f5e93fe18531743810edab3f9ac015f5729e22c4f07c35c19f29,树上问题——边权点权求重心.cpp,2509,100,11,1,0,"MAXN,setPath,findCenter,main","树上问题,边权点权求重心,cpp,树上问题——边权点权求重心"
templates/树上问题/树上问题——重心.cpp,templates/树上算法/树上问题/树上问题——重心.cpp,树上问题,树上算法,树上问题,runnable_template,关键词命中: 树上问题->树上算法 (via filename) | 含 main | 代码内 URL×1 | 判定: runnable_template,high,http://poj.org/problem?id=1655,,true,92a37aa3a39e0a38131ede12902444040933152a88e780a60f1823bc0419a1b8,树上问题——重心.cpp,1647,66,7,1,0,"MAXN,MAXM,dfs,main","树上问题,重心,cpp,树上问题——重心"
templates/树上问题/树上问题——重心1.cpp,templates/树上算法/树上问题/树上问题——重心1.cpp,树上问题,树上算法,树上问题,runnable_template,关键词命中: 树上问题->树上算法 (via filename) | 含 main | 代码内 URL×2 | 判定: runnable_template,high,https://www.luogu.com.cn/problem/CF708C,,true,304fa6fba7518ddee037324b69dc0fa8090cbf92d0cbe391d7d623fa96c42b7a,树上问题——重心1.cpp,3072,111,7,2,0,"MAXN,dfs1,dfs2,check,main","树上问题,重心1,cpp,树上问题——重心1"
templates/树上问题/树上问题——重心2.cpp,templates/树上算法/树上问题/树上问题——重心2.cpp,树上问题,树上算法,树上问题,runnable_template,关键词命中: 树上问题->树上算法 (via filename) | 含 main | 代码内 URL×1 | 判定: runnable_template,high,http://poj.org/problem?id=3107,,true,362affa9c2e47f22ceb9e90ff3e1f6de219a3f2f4b540947f9be80b0cdd6a2f2,树上问题——重心2.cpp,1465,64,7,1,0,"MAXN,MAXM,dfs,main","树上问题,重心2,cpp,树上问题——重心2"
templates/树上问题/树的直径——两次dfs.cpp,templates/树上算法/树的直径/树的直径——两次dfs.cpp,树上问题,树上算法,树的直径,runnable_template,关键词命中: 树的直径->树上算法 (via filename) | 含 main | 代码内 URL×1 | 判定: runnable_template,high,https://www.luogu.com.cn/problem/U81904,,true,e37061abd26cd64e5d8e910cb44404604f6d972927e3c1d304da4b625761745f,树的直径——两次dfs.cpp,1658,80,6,1,0,"MAXN,dfs,road,main","树的直径,两次dfs,cpp,树的直径——两次dfs"
templates/树上问题/树的直径——加边.cpp,templates/树上算法/树的直径/树的直径——加边.cpp,树上问题,树上算法,树的直径,runnable_template,关键词命中: 树的直径->树上算法 (via filename) | 含 main | 代码内 URL×1 | 判定: runnable_template,high,https://www.luogu.com.cn/problem/P3629,,true,366b421fb7a821301d40118bbe0ad821b07f8a65af66507686aaeea66d874eac,树的直径——加边.cpp,2829,116,10,1,0,"MAXN,dfs,road,dp,main","树的直径,加边,cpp,树的直径——加边"
templates/树上问题/树的直径——区间.cpp,templates/树上算法/树的直径/树的直径——区间.cpp,树上问题,树上算法,树的直径,runnable_template,关键词命中: 树的直径->树上算法 (via filename) | 含 main | 代码内 URL×1 | 判定: runnable_template,high,https://www.luogu.com.cn/problem/P2491,,true,468f02ebf2b41eb93a1a2bc21c224b0cb1d0af5e0c84124147f5f3781df32723,树的直径——区间.cpp,3437,139,10,1,0,"MAXN,dfs,maxDistanceExceptDiameter,distance,road,compute,main","树的直径,区间,cpp,树的直径——区间"
templates/树上问题/树的直径——并查集.cpp,templates/树上算法/树的直径/树的直径——并查集.cpp,树上问题,树上算法,树的直径,runnable_template,关键词命中: 树的直径->树上算法 (via filename) | 含 main | 代码内 URL×1 | 判定: runnable_template,high,https://www.luogu.com.cn/problem/P2195,,true,d64e450bc02cde6a3e0bf20e221133e262c2dc5d1b82986b19b65ed2fb97602f,树的直径——并查集.cpp,2635,101,10,1,0,"MAXN,find,dp,main","树的直径,并查集,cpp,树的直径——并查集"
templates/树上问题/树的直径——直径公共部分.cpp,templates/树上算法/树的直径/树的直径——直径公共部分.cpp,树上问题,树上算法,树的直径,runnable_template,关键词命中: 树的直径->树上算法 (via filename) | 含 main | 代码内 URL×1 | 判定: runnable_template,high,https://www.luogu.com.cn/problem/P3304,,true,1990b1957d0a671cf57a57b5873aa73e3f417cf10e78338ed087870dc24ef579,树的直径——直径公共部分.cpp,3348,135,7,1,0,"MAXN,dfs,road,maxDistanceExceptDiameter,compute,main","树的直径,直径公共部分,cpp,树的直径——直径公共部分"
templates/树上问题/生成树——prim算法优化.cpp,templates/图论/生成树/生成树——prim算法优化.cpp,树上问题,图论,生成树,runnable_template,关键词命中: 生成树->图论 (via filename) | 含 main | 代码内 URL×1 | 判定: runnable_template,high,https://www.luogu.com.cn/problem/P3366,,true,99c1c9a3e6e5b54974f3dbbe26a1d9f90b4d97a6e6229b600153d6c8914aa7a7,生成树——prim算法优化.cpp,3155,141,7,1,0,"MAXN,MAXM,addEdge,isEmpty,swap,heapify,pop,heapInsert","生成树,prim算法优化,cpp,生成树——prim算法优化"
templates/树上问题/生成树——最小生成树k算法.cpp,templates/图论/生成树/生成树——最小生成树k算法.cpp,树上问题,图论,生成树,runnable_template,关键词命中: 生成树->图论 (via filename) | 含 main | 代码内 URL×1 | 判定: runnable_template,high,https://www.luogu.com.cn/problem/P3366,,true,4e543f10488524f7520c13722908aa3da3d7d0292c792e540c546a98c3732dd4,生成树——最小生成树k算法.cpp,1438,72,6,1,0,"MAXN,MAXM,node,build,find,un,cmp,main","生成树,最小生成树k算法,cpp,生成树——最小生成树k算法"
templates/树上问题/生成树——最小生成树p算法.cpp,templates/图论/生成树/生成树——最小生成树p算法.cpp,树上问题,图论,生成树,runnable_template,关键词命中: 生成树->图论 (via filename) | 含 main | 代码内 URL×1 | 判定: runnable_template,high,https://www.luogu.com.cn/problem/P3366,,true,685d5f525234c5e00f0249eea854cba85b41596bdb72cf66d28e68dd19887b17,生成树——最小生成树p算法.cpp,1761,66,6,1,0,"MAXN,MAXM,main","生成树,最小生成树p算法,cpp,生成树——最小生成树p算法"
templates/树上问题/生成树——水井.cpp,templates/图论/生成树/生成树——水井.cpp,树上问题,图论,生成树,runnable_template,关键词命中: 生成树->图论 (via filename) | 含 main | 判定: runnable_template,high,,,true,ad21a7ac8fcd0b6f66db968462af778bebbeef62983bdc4b989b1cc5b914db97,生成树——水井.cpp,1492,77,0,0,0,"MAXN,MAXM,node,build,find,un,cmp,main","生成树,水井,cpp,生成树——水井"
templates/树上问题/生成树——瓶颈数.cpp,templates/图论/生成树/生成树——瓶颈数.cpp,树上问题,图论,生成树,runnable_template,关键词命中: 生成树->图论 (via filename) | 含 main | 判定: runnable_template,high,,,true,e8eff7524c2346474ec27d6160b505c2f07bc7cbbc91c395af24689a50ab336a,生成树——瓶颈数.cpp,1217,66,0,0,0,"MAXN,MAXM,node,build,find,un,cmp,main","生成树,瓶颈数,cpp,生成树——瓶颈数"
templates/树上问题/生成树倍增LCA.cpp,templates/图论/生成树/生成树倍增LCA.cpp,树上问题,图论,生成树,example,关键词命中: 生成树->图论 (via filename) | 含 main | 代码内 URL×2 | 判定: example,high,https://www.luogu.com.cn/problem/P9235,,true,ce272f08d2df689502a80edfba9267a9132770ff268b5d5bdffa9b37105798eb,生成树倍增LCA.cpp,5285,180,24,2,0,"MAXN,MAXM,LIMIT,node,cmp,find,issame,un","生成树倍增LCA,cpp"
templates/树套树/树套树——树状数组套线段树.cpp,templates/数据结构/树套树/树套树——树状数组套线段树.cpp,树套树,数据结构,树套树,application,关键词命中: 树套树->数据结构 (via filename) | 含 main | 代码内 URL×1 | 判定: application,high,https://www.luogu.com.cn/problem/P3380,,true,def66d04c3fa8af8ab1e1f31a88171ec1b2a67304e7ba9d97a9eeffe94bf4087,树套树——树状数组套线段树.cpp,8074,272,14,1,0,"MAXN,MAXT,INF,kth,lowbit,innerAdd,innerQuery,innerSmall","树套树,树状数组套线段树,cpp,树套树——树状数组套线段树"
templates/树套树/树套树——树状数组套线段树2.cpp,templates/数据结构/树套树/树套树——树状数组套线段树2.cpp,树套树,数据结构,树套树,runnable_template,关键词命中: 树套树->数据结构 (via filename) | 含 main | 代码内 URL×1 | 判定: runnable_template,high,https://www.luogu.com.cn/problem/P2617,,true,107590c722db9c1feb89624d7c43f2d6e0acca4d64f612b561a9bb817343ca2a,树套树——树状数组套线段树2.cpp,4399,179,10,1,0,"MAXN,MAXT,kth,lowbit,innerAdd,innerQuery,add,update","树套树,树状数组套线段树2,cpp,树套树——树状数组套线段树2"
templates/树套树/树套树——树状数组套线段树dfn差分.cpp,templates/数据结构/树套树/树套树——树状数组套线段树dfn差分.cpp,树套树,数据结构,树套树,runnable_template,关键词命中: 树套树->数据结构 (via filename) | 含 main | 代码内 URL×1 | 判定: runnable_template,high,https://www.luogu.com.cn/problem/P4175,,true,0d22e145710b60829186d75bc63e871ec91d2c18dd6c5183e5bf2cd9457fe076,树套树——树状数组套线段树dfn差分.cpp,6199,230,11,1,0,"MAXN,MAXT,MAXH,addEdge,kth,lowbit,dfs,lca","树套树,树状数组套线段树dfn差分,cpp,树套树——树状数组套线段树dfn差分"
templates/树套树/树套树——树状数组套线段树逆序对.cpp,templates/数据结构/树套树/树套树——树状数组套线段树逆序对.cpp,树套树,数据结构,树套树,runnable_template,关键词命中: 树套树->数据结构 (via filename) | 含 main | 代码内 URL×1 | 判定: runnable_template,high,https://www.luogu.com.cn/problem/P1975,,true,0fb92eda71801af3786bc632298c99712fcb2dc22099bcbcbae6267742e12990,树套树——树状数组套线段树逆序对.cpp,4441,158,11,1,0,"MAXN,MAXT,INF,kth,lowbit,innerAdd,innerQuery,add","树套树,树状数组套线段树逆序对,cpp,树套树——树状数组套线段树逆序对"
templates/树套树/树套树——线段树套平衡树.cpp,templates/数据结构/树套树/树套树——线段树套平衡树.cpp,树套树,数据结构,树套树,runnable_template,关键词命中: 平衡树->数据结构 (via filename) | 含 main | 代码内 URL×1 | 判定: runnable_template,high,https://www.luogu.com.cn/problem/P3380,,true,715cde2d6a5ee7aa02a3b9b939b939c383162c898b39cb0e86ce2f49d8bd26bc,树套树——线段树套平衡树.cpp,6821,243,12,1,0,"MAXN,MAXT,INF,init,up,balance,inorder,innerBuild","树套树,线段树套平衡树,cpp,树套树——线段树套平衡树"
templates/树套树/树套树——线段树套开点线段树.cpp,templates/数据结构/树套树/树套树——线段树套开点线段树.cpp,树套树,数据结构,树套树,runnable_template,关键词命中: 树套树->数据结构 (via filename) | 含 main | 代码内 URL×1 | 判定: runnable_template,high,https://www.luogu.com.cn/problem/P3332,,true,0fbac07cd9e2a70c3a8728e3f63f99746101c773ae578803568d4e123e5c1ffd,树套树——线段树套开点线段树.cpp,5935,175,15,1,0,"MAXM,MAXT,kth,up,down,innerAdd,innerQuery,outerAdd","树套树,线段树套开点线段树,cpp,树套树——线段树套开点线段树"
templates/树套树/树套树——线段树套线段树.cpp,templates/数据结构/树套树/树套树——线段树套线段树.cpp,树套树,数据结构,树套树,runnable_template,关键词命中: 树套树->数据结构 (via filename) | 含 main | 代码内 URL×1 | 判定: runnable_template,high,https://acm.hdu.edu.cn/showproblem.php?pid=1823,,true,99813c5dba142439cfec73ff8e7aaadc8c5be03e33c5ee8c04187a755dd54006,树套树——线段树套线段树.cpp,4800,138,12,1,0,"n,m,innerBuild,innerUpdate,innerQuery,outerBuild,outerUpdate,outerQuery","树套树,线段树套线段树,cpp,树套树——线段树套线段树"
templates/树状数组/树状数组——二维数组.cpp,templates/数据结构/树状数组/树状数组——二维数组.cpp,树状数组,数据结构,树状数组,runnable_template,关键词命中: 树状数组->数据结构 (via filename) | 含 main | 代码内 URL×1 | 判定: runnable_template,high,https://leetcode.cn/problems/range-sum-query-2d-mutable/,,true,a64f23a532dad2f22ad786612e289be78ececb7777f4d2814f7e8e01c6b50d3a,树状数组——二维数组.cpp,1555,62,2,1,0,"lowbit,add,sum,update,sumRegion,main","树状数组,二维数组,cpp,树状数组——二维数组"
templates/树状数组/树状数组——二维数组模版.cpp,templates/数据结构/树状数组/树状数组——二维数组模版.cpp,树状数组,数据结构,树状数组,runnable_template,关键词命中: 树状数组->数据结构 (via filename) | 含 main | 代码内 URL×1 | 判定: runnable_template,high,https://www.luogu.com.cn/problem/P4514,,true,500e184ad6e33f9c8f5ee134ac1bfb5c782721e06797373bc50dba49a367b81a,树状数组——二维数组模版.cpp,2374,83,9,1,0,"MAXN,MAXM,lowbit,add,sum,range,main","树状数组,二维数组模版,cpp,树状数组——二维数组模版"
templates/树状数组/树状数组——区间种类查询.cpp,templates/数据结构/树状数组/树状数组——区间种类查询.cpp,树状数组,数据结构,树状数组,runnable_template,关键词命中: 树状数组->数据结构 (via filename) | 含 main | 代码内 URL×1 | 判定: runnable_template,high,https://www.luogu.com.cn/problem/P1972,,true,95e00d04148b1b2ccfe25f2993d264281ef1560211dbdf3e7bf13d5de2fc3e6d,树状数组——区间种类查询.cpp,2499,100,11,1,0,"MAXN,Query,lowbit,add,sum,range,cmp,compute","树状数组,区间种类查询,cpp,树状数组——区间种类查询"
templates/树状数组/树状数组——升序三元组.cpp,templates/数据结构/树状数组/树状数组——升序三元组.cpp,树状数组,数据结构,树状数组,runnable_template,关键词命中: 树状数组->数据结构 (via filename) | 含 main | 代码内 URL×1 | 判定: runnable_template,high,https://www.luogu.com.cn/problem/P1637,,true,7e03208dce5dc29b1dfb3ff535e7083abe23cda13c9b60046e37eb96db6511cd,树状数组——升序三元组.cpp,2173,92,9,1,0,"MAXN,lowbit,add,sum,Rank,compute,main","树状数组,升序三元组,cpp,树状数组——升序三元组"
templates/树状数组/树状数组——带修改最长不降子序列.cpp,templates/数据结构/树状数组/树状数组——带修改最长不降子序列.cpp,树状数组,数据结构,树状数组,runnable_template,关键词命中: 树状数组->数据结构 (via filename) | 含 main | 判定: runnable_template,high,,,true,ddca42707f69ea095b8380e0f406d3dbf7544c7c05e6fb840a9f42ca6442993a,树状数组——带修改最长不降子序列.cpp,2311,109,0,0,0,"MAXN,bittree,lowbit,add,sum,read,find,main","树状数组,带修改最长不降子序列,cpp,树状数组——带修改最长不降子序列"
templates/树状数组/树状数组——最长递增子序列的个数.cpp,templates/数据结构/树状数组/树状数组——最长递增子序列的个数.cpp,树状数组,数据结构,树状数组,runnable_template,关键词命中: 树状数组->数据结构 (via filename) | 含 main | 代码内 URL×1 | 判定: runnable_template,high,https://leetcode.cn/problems/number-of-longest-increasing-subsequence/,,true,dc61bcdb6ce3c7d5f6e0ab308879fb3d99e53ec8bdd47a8dae3a69bd8944585e,树状数组——最长递增子序列的个数.cpp,3438,119,6,1,0,"MAXN,lowbit,query,add,Rank,findNumberOfLIS,main","树状数组,最长递增子序列的个数,cpp,树状数组——最长递增子序列的个数"
templates/树状数组/树状数组——结合set.cpp,templates/数据结构/树状数组/树状数组——结合set.cpp,树状数组,数据结构,树状数组,runnable_template,关键词命中: 树状数组->数据结构 (via filename) | 含 main | 判定: runnable_template,high,,,true,4b3e3d1f14ab35644641cfb1f7fe8dc2ea2d305e380a6fdd084aa7d4c91d2d7d,树状数组——结合set.cpp,3039,120,5,0,0,"MAXN,read,addedge,dfs,node,lowbit,add,sum","树状数组,结合set,cpp,树状数组——结合set"
templates/树状数组/树状数组——范围增加单点查询.cpp,templates/数据结构/树状数组/树状数组——范围增加单点查询.cpp,树状数组,数据结构,树状数组,runnable_template,关键词命中: 树状数组->数据结构 (via filename) | 含 main | 代码内 URL×1 | 判定: runnable_template,high,https://www.luogu.com.cn/problem/P3368,,true,0c7d68bd70616d757fe304ddf9db187a177528520e0ec2633284c12638ce0729,树状数组——范围增加单点查询.cpp,1472,63,5,1,0,"MAXN,lowbit,add,sum,main","树状数组,范围增加单点查询,cpp,树状数组——范围增加单点查询"
templates/树状数组/树状数组——范围增加范围查询.cpp,templates/数据结构/树状数组/树状数组——范围增加范围查询.cpp,树状数组,数据结构,树状数组,runnable_template,关键词命中: 树状数组->数据结构 (via filename) | 含 main | 代码内 URL×1 | 判定: runnable_template,high,https://www.luogu.com.cn/problem/P3372,,true,3ca110f6d25a737bdc40ae22cf91c3359ed5badf613170c95939e8d1d5edbaad,树状数组——范围增加范围查询.cpp,1838,74,8,1,0,"MAXN,lowbit,add,sum,Add,range,main","树状数组,范围增加范围查询,cpp,树状数组——范围增加范围查询"
templates/树状数组/树状数组——范围查询单点增加.cpp,templates/数据结构/树状数组/树状数组——范围查询单点增加.cpp,树状数组,数据结构,树状数组,runnable_template,关键词命中: 树状数组->数据结构 (via filename) | 含 main | 代码内 URL×1 | 判定: runnable_template,high,https://www.luogu.com.cn/problem/P3374,,true,7c46aaf4cd62b7cb2896b4048c57213276ea3e43f156e5b3a70221f16892e1e2,树状数组——范围查询单点增加.cpp,1362,64,5,1,0,"MAXN,lowbit,add,sum,query,main","树状数组,范围查询单点增加,cpp,树状数组——范围查询单点增加"
templates/树状数组/树状数组——范围问题.cpp,templates/数据结构/树状数组/树状数组——范围问题.cpp,树状数组,数据结构,树状数组,pure_template,关键词命中: 树状数组->数据结构 (via filename) | 代码内 URL×1 | 判定: pure_template,high,https://www.luogu.com.cn/problem/P3722,,false,f082061abb7475fae61659a02841a130f3be002b7b1cbd0a2eb9b7388fef773b,树状数组——范围问题.cpp,2959,129,8,1,0,"MAXN,node,read,cmp,lowbit,add,query,main","树状数组,范围问题,cpp,树状数组——范围问题"
templates/树状数组/树状数组——进阶逆序对.cpp,templates/数据结构/树状数组/树状数组——进阶逆序对.cpp,树状数组,数据结构,树状数组,runnable_template,关键词命中: 树状数组->数据结构 (via filename) | 含 main | 判定: runnable_template,high,,,true,8aa1667c302353a381286165e6233578b67cc5300fa9d43a8ccf5ca0a0802c87,树状数组——进阶逆序对.cpp,1923,70,4,0,0,"MAXN,MAXM,main","树状数组,进阶逆序对,cpp,树状数组——进阶逆序对"
templates/树状数组/树状数组——逆序对数量.cpp,templates/数据结构/树状数组/树状数组——逆序对数量.cpp,树状数组,数据结构,树状数组,runnable_template,关键词命中: 树状数组->数据结构 (via filename) | 含 main | 代码内 URL×1 | 判定: runnable_template,high,https://www.luogu.com.cn/problem/P1908,,true,573f44be2acd5730695e9ffbe9266d29db20e205797790b0b1ec620ff9eb3a4c,树状数组——逆序对数量.cpp,2060,95,13,1,0,"MAXN,lowbit,add,sum,Rank,compute,main","树状数组,逆序对数量,cpp,树状数组——逆序对数量"
templates/树状数组/树状数组加离散化加逆序对.cpp,templates/数据结构/树状数组/树状数组加离散化加逆序对.cpp,树状数组,数据结构,树状数组,pure_template,关键词命中: 树状数组->数据结构 (via filename) | 判定: pure_template,high,,,false,e33ab15871b0b5cf75897d1e1e437f0c14461f3f1b0ee8f53ee91d72aedd4a40,树状数组加离散化加逆序对.cpp,2901,112,14,0,0,"MAXN,read,build,lowbit,add,sum,main","树状数组加离散化加逆序对,cpp"
templates/树链剖分/树链剖分——LCA.cpp,templates/树上算法/树链剖分/树链剖分——LCA.cpp,树链剖分,树上算法,树链剖分,runnable_template,关键词命中: 树链剖分->树上算法 (via filename) | 含 main | 代码内 URL×1 | 判定: runnable_template,high,https://www.luogu.com.cn/problem/P3379,,true,b612938281a8f613f851cf80704d78bf3b2f60359e38d05748fcb7bb321f2c81,树链剖分——LCA.cpp,2233,94,8,1,0,"MAXN,addEdge,dfs1,dfs2,lca,main","树链剖分,LCA,cpp,树链剖分——LCA"
templates/树链剖分/树链剖分——变换根.cpp,templates/树上算法/树链剖分/树链剖分——变换根.cpp,树链剖分,树上算法,树链剖分,runnable_template,关键词命中: 树链剖分->树上算法 (via filename) | 含 main | 代码内 URL×1 | 判定: runnable_template,high,https://www.luogu.com.cn/problem/P3979,,true,d53317861155be8340ed6a413f77e695c34a2d01f770e76f70db273f030aac96,树链剖分——变换根.cpp,7041,236,19,1,0,"MAXN,addEdge,dfs1,dfs2,up,lazy,down,build","树链剖分,变换根,cpp,树链剖分——变换根"
templates/树链剖分/树链剖分——存在优先级的线段树.cpp,templates/树上算法/树链剖分/树链剖分——存在优先级的线段树.cpp,树链剖分,树上算法,树链剖分,runnable_template,关键词命中: 树链剖分->树上算法 (via filename) | 含 main | 代码内 URL×1 | 判定: runnable_template,high,https://www.luogu.com.cn/problem/P4315,,true,bca2ee6342a2f75f9eaaeaef3a403fd54eda79c2f319bf07e7d5695c7ff7e43c,树链剖分——存在优先级的线段树.cpp,6420,247,13,1,0,"MAXN,addEdge,dfs1,dfs2,up,addLazy,updateLazy,down","树链剖分,存在优先级的线段树,cpp,树链剖分——存在优先级的线段树"
templates/树链剖分/树链剖分——懒更新.cpp,templates/树上算法/树链剖分/树链剖分——懒更新.cpp,树链剖分,树上算法,树链剖分,runnable_template,关键词命中: 树链剖分->树上算法 (via filename) | 含 main | 代码内 URL×1 | 判定: runnable_template,high,https://www.luogu.com.cn/problem/P2146,,true,00134746b08e7d5e063db7aa8e5a90e40e3ef6f06852e5dc068c0f49372bd854,树链剖分——懒更新.cpp,4449,167,11,1,0,"MAXN,addEdge,dfs1,dfs2,up,lazy,down,updateRange","树链剖分,懒更新,cpp,树链剖分——懒更新"
templates/树链剖分/树链剖分——模板.cpp,templates/树上算法/树链剖分/树链剖分——模板.cpp,树链剖分,树上算法,树链剖分,runnable_template,关键词命中: 树链剖分->树上算法 (via filename) | 含 main | 代码内 URL×1 | 判定: runnable_template,high,https://www.luogu.com.cn/problem/P3384,,true,ad0eb8a65ecd2f621be01d7943ef690d7f751b2bbe9f2d92d4e07c2c37fe338d,树链剖分——模板.cpp,6070,220,15,1,0,"MAXN,addEdge,dfs1,dfs2,up,lazy,down,build","树链剖分,模板,cpp,树链剖分——模板"
templates/树链剖分/树链剖分——路径拼接.cpp,templates/树上算法/树链剖分/树链剖分——路径拼接.cpp,树链剖分,树上算法,树链剖分,runnable_template,关键词命中: 树链剖分->树上算法 (via filename) | 含 main | 代码内 URL×1 | 判定: runnable_template,high,https://www.luogu.com.cn/problem/P2486,,true,cdddbfc37edff62ca4534da81b2b0858ce13ed84be6ae151a7fd378d89ca7695,树链剖分——路径拼接.cpp,6564,246,13,1,0,"MAXN,addEdge,dfs1,dfs2,up,lazy,down,build","树链剖分,路径拼接,cpp,树链剖分——路径拼接"
templates/树链剖分/树链剖分——路径查询.cpp,templates/树上算法/树链剖分/树链剖分——路径查询.cpp,树链剖分,树上算法,树链剖分,runnable_template,关键词命中: 树链剖分->树上算法 (via filename) | 含 main | 代码内 URL×1 | 判定: runnable_template,high,https://www.luogu.com.cn/problem/P2590,,true,8c6814cfa00d8185f8e1e832bf3e7cfb84063d042315defb7a0badf193640216,树链剖分——路径查询.cpp,4984,200,12,1,0,"MAXN,INF,addEdge,dfs1,dfs2,up,build,update","树链剖分,路径查询,cpp,树链剖分——路径查询"
templates/树链剖分/树链剖分——路径组合.cpp,templates/树上算法/树链剖分/树链剖分——路径组合.cpp,树链剖分,树上算法,树链剖分,runnable_template,关键词命中: 树链剖分->树上算法 (via filename) | 含 main | 代码内 URL×1 | 判定: runnable_template,high,https://www.luogu.com.cn/problem/P3976,,true,ac0a56d0203ba8b72afcfa2a9d29aeaf91fe1bfb929fd4ab99f055bf026a848f,树链剖分——路径组合.cpp,8113,270,15,1,0,"MAXN,INF,addEdge,dfs1,dfs2,up,lazy,down","树链剖分,路径组合,cpp,树链剖分——路径组合"
templates/树链剖分/树链剖分——边权化点权.cpp,templates/树上算法/树链剖分/树链剖分——边权化点权.cpp,树链剖分,树上算法,树链剖分,runnable_template,关键词命中: 树链剖分->树上算法 (via filename) | 含 main | 代码内 URL×1 | 判定: runnable_template,high,https://www.luogu.com.cn/problem/P3038,,true,76fab24a4ca7efb1c63bb14f52571f6cafb2fa23301ad01c992882cc63c18ebc,树链剖分——边权化点权.cpp,4791,176,9,1,0,"MAXN,addEdge,dfs1,dfs2,up,lazy,down,add","树链剖分,边权化点权,cpp,树链剖分——边权化点权"
templates/树链剖分/树链剖分——边权模板.cpp,templates/树上算法/树链剖分/树链剖分——边权模板.cpp,树链剖分,树上算法,树链剖分,runnable_template,关键词命中: 树链剖分->树上算法 (via filename) | 含 main | 代码内 URL×1 | 判定: runnable_template,high,https://www.luogu.com.cn/problem/P1505,,true,cef52f14c08a74f5d022cc5033f78e0f3e87e5a3f034b2601e1c056261d7027f,树链剖分——边权模板.cpp,8192,312,14,1,0,"MAXN,addEdge,dfs1,dfs2,up,lazy,down,update","树链剖分,边权模板,cpp,树链剖分——边权模板"
templates/树链剖分/长链剖分——动态规划.cpp,templates/动态规划/长链剖分/长链剖分——动态规划.cpp,树链剖分,动态规划,长链剖分,runnable_template,关键词命中: 动态规划->动态规划 (via filename) | 含 main | 代码内 URL×2 | 判定: runnable_template,high,https://www.luogu.com.cn/problem/CF1009F,,true,4fd28d205cacb6bf5554def0f4b96c1797a31213c32da3c01e6b64c7428de599,长链剖分——动态规划.cpp,4499,131,12,2,0,"MAXN,setdp,getdp,addEdge,dfs1,dfs2,main","长链剖分,动态规划,cpp,长链剖分——动态规划"
templates/树链剖分/长链剖分——动态规划优化.cpp,templates/动态规划/长链剖分/长链剖分——动态规划优化.cpp,树链剖分,动态规划,长链剖分,runnable_template,关键词命中: 动态规划->动态规划 (via filename) | 含 main | 代码内 URL×1 | 判定: runnable_template,high,https://www.luogu.com.cn/problem/P5904,,true,961ab64036c01f6693100dadf427558e788b2e2250141ffa770c1b85aa00e6b0,长链剖分——动态规划优化.cpp,5505,171,9,1,0,"MAXN,setf,getf,setg,getg,addEdge,dfs1,dfs2","长链剖分,动态规划优化,cpp,长链剖分——动态规划优化"
templates/树链剖分/长链剖分——模板.cpp,templates/树上算法/长链剖分/长链剖分——模板.cpp,树链剖分,树上算法,长链剖分,runnable_template,关键词命中: 树上->树上算法 (via head) | 含 main | 代码内 URL×1 | 判定: runnable_template,medium,https://www.luogu.com.cn/problem/P5903,,true,fcf22cb78ead21a6dba0a6f929d737c9b59d72760c3e4a2ca4da2fdc566ade1d,长链剖分——模板.cpp,5819,180,11,1,0,"MAXN,MAXH,get,setUp,getUp,setDown,getDown,addEdge","长链剖分,模板,cpp,长链剖分——模板"
templates/欧拉回路/temp.cpp,templates/图论/欧拉回路/temp.cpp,欧拉回路,图论,欧拉回路,runnable_template,关键词命中: 欧拉回路->图论 (via directory) | 含 main | 代码内 URL×1 | 判定: runnable_template,medium,https://www.luogu.com.cn/problem/P7771,,true,a92504590c1d3b4a35bf26240935cf73a123ee655e82c67e6e77bc5fe352ee10,temp.cpp,2811,126,8,1,0,"MAXN,MAXM,Edge,EdgeCmp,addEdge,connect,directedStart,euler","temp,cpp"
templates/欧拉回路/欧拉路径——无向图.cpp,templates/图论/欧拉路径/欧拉路径——无向图.cpp,欧拉回路,图论,欧拉路径,runnable_template,关键词命中: 欧拉回路->图论 (via directory) | 含 main | 代码内 URL×1 | 判定: runnable_template,medium,https://www.luogu.com.cn/problem/P2731,,true,adcbb6152e233692e8442fafc8c94d0db87cb5d0fe8ffb86c1c037005844aeed,欧拉路径——无向图.cpp,2799,122,8,1,0,"MAXN,MAXM,Edge,EdgeCmp,addEdge,connect,undirectedStart,euler","欧拉路径,无向图,cpp,欧拉路径——无向图"
templates/欧拉回路/欧拉路径——有向图.cpp,templates/图论/欧拉路径/欧拉路径——有向图.cpp,欧拉回路,图论,欧拉路径,runnable_template,关键词命中: 欧拉回路->图论 (via directory) | 含 main | 代码内 URL×1 | 判定: runnable_template,medium,https://www.luogu.com.cn/problem/P7771,,true,a92504590c1d3b4a35bf26240935cf73a123ee655e82c67e6e77bc5fe352ee10,欧拉路径——有向图.cpp,2811,126,8,1,0,"MAXN,MAXM,Edge,EdgeCmp,addEdge,connect,directedStart,euler","欧拉路径,有向图,cpp,欧拉路径——有向图"
templates/点分治/点分树——二分.cpp,templates/基础算法/点分树/点分树——二分.cpp,点分治,基础算法,点分树,runnable_template,关键词命中: 二分->基础算法 (via filename) | 含 main | 代码内 URL×1 | 判定: runnable_template,high,https://www.luogu.com.cn/problem/P10604,,true,448d2900588742ed3577850a7c2da96532bd32d0f18226056e180ab3c3073af6,点分树——二分.cpp,5615,226,13,1,0,"MAXN,MAXH,MAXT,addEdge,dfs,getLca,getDist,getSize","点分树,二分,cpp,点分树——二分"
templates/点分治/点分树——前缀和.cpp,templates/基础算法/点分树/点分树——前缀和.cpp,点分治,基础算法,点分树,runnable_template,关键词命中: 前缀和->基础算法 (via filename) | 含 main | 代码内 URL×1 | 判定: runnable_template,high,https://www.luogu.com.cn/problem/P3241,,true,4df890d00f17325e4d7fd91ba902e78a7b7d0d5d32638af7f6bb0d5307b64259,点分树——前缀和.cpp,5539,257,11,1,0,"MAXN,MAXK,Node,NodeCmp,addEdge,dfs1,dfs2,getLca","点分树,前缀和,cpp,点分树——前缀和"
templates/点分治/点分树——树上开关.cpp,templates/树上算法/点分树/点分树——树上开关.cpp,点分治,树上算法,点分树,runnable_template,关键词命中: 树上->树上算法 (via filename) | 含 main | 代码内 URL×1 | 判定: runnable_template,high,https://www.luogu.com.cn/problem/P2056,,true,71521ead115d11e54bf858bac5c91402cd72eaba89abb0c1f64552645306e457,点分树——树上开关.cpp,7040,284,12,1,0,"MAXN,Set,clean,popHead,size,add,del,first","点分树,树上开关,cpp,点分树——树上开关"
templates/点分治/点分树——树状数组.cpp,templates/数据结构/点分树/点分树——树状数组.cpp,点分治,数据结构,点分树,runnable_template,关键词命中: 树状数组->数据结构 (via filename) | 含 main | 代码内 URL×1 | 判定: runnable_template,high,https://www.luogu.com.cn/problem/P5311,,true,867c0fcf355ec0aa6e0eae537cf2d133347255b4eebe08e554e476817f191b89,点分树——树状数组.cpp,4495,199,9,1,0,"MAXN,Node,Ques,NodeCmp,QuesCmp,addEdge,addQuery,lowbit","点分树,树状数组,cpp,点分树——树状数组"
templates/点分治/点分树——模板.cpp,templates/基础算法/点分树/点分树——模板.cpp,点分治,基础算法,点分树,runnable_template,关键词命中: 倍增->基础算法 (via head) | 含 main | 代码内 URL×1 | 判定: runnable_template,medium,https://www.luogu.com.cn/problem/P6329,,true,e383c846e7ea12996826129e6e192fbbd990220c3bc5af476205a4eedcff46f4,点分树——模板.cpp,6349,240,12,1,0,"MAXN,MAXT,addEdge,dfs1,dfs2,getLca,getDist,getSize","点分树,模板,cpp,点分树——模板"
templates/点分治/点分树——模板2.cpp,templates/树上算法/点分树/点分树——模板2.cpp,点分治,树上算法,点分树,runnable_template,关键词命中: 树上->树上算法 (via head) | 含 main | 代码内 URL×1 | 判定: runnable_template,medium,https://www.luogu.com.cn/problem/P10603,,true,2737b26d329d700de332daa0bf11bc4e2406fbb61076ed3b93641430ff44ff0d,点分树——模板2.cpp,5269,209,14,1,0,"MAXN,MAXH,MAXT,addEdge,dfs,getLca,getDist,getSize","点分树,模板2,cpp,点分树——模板2"
templates/点分治/点分树——重心移动.cpp,templates/树上算法/点分树/点分树——重心移动.cpp,点分治,树上算法,点分树,runnable_template,关键词命中: 树上->树上算法 (via head) | 含 main | 代码内 URL×1 | 判定: runnable_template,medium,https://www.luogu.com.cn/problem/P3345,,true,75ffe383a5c83c3240194683befca823611f34172e412c5245e6a92d9d371adc,点分树——重心移动.cpp,5753,204,19,1,0,"MAXN,addEdge,dfs1,dfs2,getLca,getDist,getSize,getCentroid","点分树,重心移动,cpp,点分树——重心移动"
templates/点分治/点分治——01背包.cpp,templates/树上算法/点分治/点分治——01背包.cpp,点分治,树上算法,点分治,application,关键词命中: 点分治->树上算法 (via filename) | 含 main | 代码内 URL×1 | 判定: application,high,https://www.luogu.com.cn/problem/P6326,,true,1c2f24ff7bcda9ae3e37a8c34f72350d82754d2f4ac1604630a6b1ebd229f4c9,点分治——01背包.cpp,5000,177,13,1,0,"MAXN,MAXM,prepare,addEdge,getSize,getCentroid,dfs,calc","点分治,01背包,cpp,点分治——01背包"
templates/点分治/点分治——bfs.cpp,templates/树上算法/点分治/点分治——bfs.cpp,点分治,树上算法,点分治,runnable_template,关键词命中: 点分治->树上算法 (via filename) | 含 main | 代码内 URL×1 | 判定: runnable_template,high,https://www.luogu.com.cn/problem/P7215,,true,0eb7d435c81a264eaed81fc37947170834d1588fcba5dbc0b1a307a94ac1b400,点分治——bfs.cpp,5252,172,21,1,0,"MAXN,INF,addEdge,addNode,getSize,getCentroid,dfs,calc","点分治,bfs,cpp,点分治——bfs"
templates/点分治/点分治——二分.cpp,templates/树上算法/点分治/点分治——二分.cpp,点分治,树上算法,点分治,runnable_template,关键词命中: 点分治->树上算法 (via filename) | 含 main | 代码内 URL×2 | 判定: runnable_template,high,https://www.luogu.com.cn/problem/CF150E,,true,f34479c518c2b8a7a718c21d36487b6b4c0344b8ffa233b72e35d0b00dc07f10,点分治——二分.cpp,6915,238,19,2,0,"MAXN,INF,Input,InputCmp,Edge,EdgeCmp,addEdge,getSize","点分治,二分,cpp,点分治——二分"
templates/点分治/点分治——单调栈.cpp,templates/树上算法/点分治/点分治——单调栈.cpp,点分治,树上算法,点分治,runnable_template,关键词命中: 点分治->树上算法 (via filename) | 含 main | 代码内 URL×1 | 判定: runnable_template,high,https://www.luogu.com.cn/problem/P9678,,true,a5dac09ca0c3da1bb8906e9e667a6d1f284fe6db7e3b1eeecc5b35ef3d2deedc,点分治——单调栈.cpp,7032,245,22,1,0,"MAXN,MAXM,MAXP,Query,QueryCmp,Pair,PairCmp,addEdge","点分治,单调栈,cpp,点分治——单调栈"
templates/点分治/点分治——哈希前后缀.cpp,templates/树上算法/点分治/点分治——哈希前后缀.cpp,点分治,树上算法,点分治,runnable_template,关键词命中: 点分治->树上算法 (via filename) | 含 main | 代码内 URL×1 | 判定: runnable_template,high,https://www.luogu.com.cn/problem/P4075,,true,a59bfe33cc87733c96b06c7c7f3ceffeef488d647d6733d905fc32633e5ab547,点分治——哈希前后缀.cpp,4251,170,11,1,0,"MAXN,addEdge,getSize,getCentroid,dfs,calc,solve,prepare","点分治,哈希前后缀,cpp,点分治——哈希前后缀"
templates/点分治/点分治——树上二分.cpp,templates/树上算法/点分治/点分治——树上二分.cpp,点分治,树上算法,点分治,runnable_template,关键词命中: 点分治->树上算法 (via filename) | 含 main | 代码内 URL×1 | 判定: runnable_template,high,https://www.luogu.com.cn/problem/P4886,,true,9a099b70b8638444df5181130b779920f0d85b25750b9e5058638e0adac9b76c,点分治——树上二分.cpp,4273,138,18,1,0,"MAXN,addEdge,getSize,getCentroid,dfs,compute,main","点分治,树上二分,cpp,点分治——树上二分"
templates/点分治/点分治——线段树.cpp,templates/树上算法/点分治/点分治——线段树.cpp,点分治,树上算法,点分治,runnable_template,关键词命中: 点分治->树上算法 (via filename) | 含 main | 代码内 URL×1 | 判定: runnable_template,high,https://www.luogu.com.cn/problem/P3714,,true,1f3afcea218f1839f860201aefe409c56ad27192c4267001ddf7939209e95fba,点分治——线段树.cpp,6869,240,13,1,0,"MAXN,Edge,EdgeCmp,addEdge,build,clear,update,query","点分治,线段树,cpp,点分治——线段树"
templates/点分治/静态点分治——容斥树状数组.cpp,templates/树上算法/静态点分治/静态点分治——容斥树状数组.cpp,点分治,树上算法,静态点分治,runnable_template,关键词命中: 点分治->树上算法 (via filename) | 含 main | 代码内 URL×2 | 判定: runnable_template,high,https://www.luogu.com.cn/problem/CF293E,,true,e00acc2285fcb8f50d31a2ee8bbdc0905a6bfb33457c523f0afbd356d3433b33,静态点分治——容斥树状数组.cpp,4129,162,15,2,0,"MAXN,Node,NodeCmp,addEdge,lowbit,add,sum,getSize","静态点分治,容斥树状数组,cpp,静态点分治——容斥树状数组"
templates/点分治/静态点分治——容斥模板.cpp,templates/树上算法/静态点分治/静态点分治——容斥模板.cpp,点分治,树上算法,静态点分治,runnable_template,关键词命中: 点分治->树上算法 (via filename) | 含 main | 代码内 URL×1 | 判定: runnable_template,high,https://www.luogu.com.cn/problem/P4178,,true,313befee06912334242e2a60dbf2be3b9a20693af68eff02a2c502d5007583e1,静态点分治——容斥模板.cpp,3508,127,17,1,0,"MAXN,addEdge,getSize,getCentroid,dfs,calc,solve,main","静态点分治,容斥模板,cpp,静态点分治——容斥模板"
templates/点分治/静态点分治——树形容斥.cpp,templates/树上算法/静态点分治/静态点分治——树形容斥.cpp,点分治,树上算法,静态点分治,runnable_template,关键词命中: 点分治->树上算法 (via filename) | 含 main | 代码内 URL×1 | 判定: runnable_template,high,https://www.luogu.com.cn/problem/P6626,,true,60a1cbdea803b88588450972848170724795cceed3e4a66deceb18e2e2372df9,静态点分治——树形容斥.cpp,4047,166,10,1,0,"MAXN,Node,addEdge,addQuery,getSize,getCentroid,dfs,calc","静态点分治,树形容斥,cpp,静态点分治——树形容斥"
templates/点分治/静态点分治——模板.cpp,templates/树上算法/静态点分治/静态点分治——模板.cpp,点分治,树上算法,静态点分治,runnable_template,关键词命中: 点分治->树上算法 (via filename) | 含 main | 代码内 URL×1 | 判定: runnable_template,high,https://www.luogu.com.cn/problem/P2634,,true,c8449523b3e7f2f1b4496c867c2a25cd6cc58f3e41d59eacf8cf3713251a7138,静态点分治——模板.cpp,3874,136,9,1,0,"MAXN,gcd,addEdge,getSize,getCentroid,dfs,calc,solve","静态点分治,模板,cpp,静态点分治——模板"
templates/点分治/静态点分治——距离为k.cpp,templates/树上算法/静态点分治/静态点分治——距离为k.cpp,点分治,树上算法,静态点分治,runnable_template,关键词命中: 点分治->树上算法 (via filename) | 含 main | 代码内 URL×1 | 判定: runnable_template,high,https://www.luogu.com.cn/problem/P3806,,true,efee208938fdd1201b140aa043165046e1299738fc668597bd0763d748b99335,静态点分治——距离为k.cpp,3722,152,8,1,0,"MAXN,MAXM,MAXV,addEdge,getSize,getCentroid,dfs,calc","静态点分治,距离为k,cpp,静态点分治——距离为k"
templates/点分治/静态点分治——边数最少.cpp,templates/树上算法/静态点分治/静态点分治——边数最少.cpp,点分治,树上算法,静态点分治,runnable_template,关键词命中: 点分治->树上算法 (via filename) | 含 main | 代码内 URL×1 | 判定: runnable_template,high,https://www.luogu.com.cn/problem/P4149,,true,79c57382e14dea425ced52228326fa9974f8228f37a10dd6c385eee5caf6c594,静态点分治——边数最少.cpp,3521,145,10,1,0,"MAXN,MAXK,INF,Node,addEdge,getSize,getCentroid,dfs","静态点分治,边数最少,cpp,静态点分治——边数最少"
templates/线段树/可持久化线段树——上中位数.cpp,templates/数据结构/可持久化线段树/可持久化线段树——上中位数.cpp,线段树,数据结构,可持久化线段树,runnable_template,关键词命中: 线段树->数据结构 (via filename) | 含 main | 代码内 URL×1 | 判定: runnable_template,high,https://www.luogu.com.cn/problem/P2839,,true,c2bef46cf3e2cf3743832d6e78f1d2830e53c9ff55a9aaf2bf24a919f639eb4c,可持久化线段树——上中位数.cpp,4948,193,13,1,0,"MAXN,MAXT,INF,node,cmp,read,build,up","可持久化线段树,上中位数,cpp,可持久化线段树——上中位数"
templates/线段树/可持久化线段树——单点修改模板.cpp,templates/数据结构/可持久化线段树/可持久化线段树——单点修改模板.cpp,线段树,数据结构,可持久化线段树,runnable_template,关键词命中: 线段树->数据结构 (via filename) | 含 main | 代码内 URL×1 | 判定: runnable_template,high,https://www.luogu.com.cn/problem/P3919,,true,0791254074f47e600f045e54d92032068077ad6805ef4cce4f0613a10f1c3051,可持久化线段树——单点修改模板.cpp,3108,115,9,1,0,"MAXN,MAXT,read,build,update,query,main","可持久化线段树,单点修改模板,cpp,可持久化线段树——单点修改模板"
templates/线段树/可持久化线段树——最小自然数.cpp,templates/数据结构/可持久化线段树/可持久化线段树——最小自然数.cpp,线段树,数据结构,可持久化线段树,runnable_template,关键词命中: 线段树->数据结构 (via filename) | 含 main | 代码内 URL×1 | 判定: runnable_template,high,https://www.luogu.com.cn/problem/P4137,,true,1f0cc684903da4968f1ba2fa3864c755511977fd9f96691ff49761f33502c36b,可持久化线段树——最小自然数.cpp,3055,112,8,1,0,"MAXN,MAXT,read,build,update,query,prepare,main","可持久化线段树,最小自然数,cpp,可持久化线段树——最小自然数"
templates/线段树/可持久化线段树——查询第k小.cpp,templates/数据结构/可持久化线段树/可持久化线段树——查询第k小.cpp,线段树,数据结构,可持久化线段树,runnable_template,关键词命中: 线段树->数据结构 (via filename) | 含 main | 代码内 URL×1 | 判定: runnable_template,high,https://www.luogu.com.cn/problem/P3834,,true,f59d5c44902456f23345d7d3b77976ab4bbaebdd0774c02b8d4a5f7002c3fac1,可持久化线段树——查询第k小.cpp,3701,130,8,1,0,"MAXN,MAXT,kth,build,insert,query,prepare,main","可持久化线段树,查询第k小,cpp,可持久化线段树——查询第k小"
templates/线段树/可持久化线段树——标记永久化.cpp,templates/数据结构/可持久化线段树/可持久化线段树——标记永久化.cpp,线段树,数据结构,可持久化线段树,runnable_template,关键词命中: 线段树->数据结构 (via filename) | 含 main | 代码内 URL×1 | 判定: runnable_template,high,https://www.luogu.com.cn/problem/P3372,,true,152691401d7728d772f4fb2280e70ba52c21d702852388b2a87d9dced1aa0126,可持久化线段树——标记永久化.cpp,2950,90,8,1,0,"MAXN,build,add,query,main","可持久化线段树,标记永久化,cpp,可持久化线段树——标记永久化"
templates/线段树/可持久化线段树——树上dfn.cpp,templates/数据结构/可持久化线段树/可持久化线段树——树上dfn.cpp,线段树,数据结构,可持久化线段树,runnable_template,关键词命中: 线段树->数据结构 (via filename) | 含 main | 代码内 URL×1 | 判定: runnable_template,high,https://www.luogu.com.cn/problem/P3899,,true,5698401ae93d4691f2cf7391d72ed9807a1dece727da3d635d27d14c6a0a46c8,可持久化线段树——树上dfn.cpp,4021,144,11,1,0,"MAXN,MAXT,addEdge,build,add,query,dfs1,dfs2","可持久化线段树,树上dfn,cpp,可持久化线段树——树上dfn"
templates/线段树/可持久化线段树——树上问题.cpp,templates/树上算法/可持久化线段树/可持久化线段树——树上问题.cpp,线段树,树上算法,可持久化线段树,runnable_template,关键词命中: 树上问题->树上算法 (via filename) | 含 main | 代码内 URL×1 | 判定: runnable_template,high,https://www.luogu.com.cn/problem/P2633,,true,1f8d77c90858992311783b985a5ecd678a6fa88ec9750a55ceeb08c73c706a1f,可持久化线段树——树上问题.cpp,4895,197,12,1,0,"MAXN,MAXH,MAXT,read,addedge,kth,build,prepare","可持久化线段树,树上问题,cpp,可持久化线段树——树上问题"
templates/线段树/可持久化线段树——第一次出现.cpp,templates/数据结构/可持久化线段树/可持久化线段树——第一次出现.cpp,线段树,数据结构,可持久化线段树,runnable_template,关键词命中: 线段树->数据结构 (via filename) | 含 main | 代码内 URL×1 | 判定: runnable_template,high,https://acm.hdu.edu.cn/showproblem.php?pid=5919,,true,3dd02b0bd886a4c8d915f9c551fb9b984baf386b581e0b71494a2d89502314b8,可持久化线段树——第一次出现.cpp,4304,153,14,1,0,"MAXN,MAXT,read,build,update,prepare,querySize,queryKth","可持久化线段树,第一次出现,cpp,可持久化线段树——第一次出现"
templates/线段树/可持久化线段树——范围修改加标记永久化.cpp,templates/数据结构/可持久化线段树/可持久化线段树——范围修改加标记永久化.cpp,线段树,数据结构,可持久化线段树,runnable_template,关键词命中: 线段树->数据结构 (via filename) | 含 main | 代码内 URL×1 | 判定: runnable_template,high,https://acm.hdu.edu.cn/showproblem.php?pid=4348,,true,4f9d8b566a6f1463e7210e49f2d12b630b2885503fd8f079e2282a1dea4c1dd2,可持久化线段树——范围修改加标记永久化.cpp,3169,105,12,1,0,"MAXN,MAXT,build,add,query,main","可持久化线段树,范围修改加标记永久化,cpp,可持久化线段树——范围修改加标记永久化"
templates/线段树/可持久化线段树——范围修改模板.cpp,templates/数据结构/可持久化线段树/可持久化线段树——范围修改模板.cpp,线段树,数据结构,可持久化线段树,example,关键词命中: 线段树->数据结构 (via filename) | 含 main | 代码内 URL×2 | 判定: example,high,https://www.luogu.com.cn/problem/SP11470,,true,5382f0128eaa2a6851f3cd507db82ffc91a8a3b1800d838cde0d3e707b3445af,可持久化线段树——范围修改模板.cpp,3643,135,13,2,0,"MAXN,MAXT,clone,up,lazy,down,build,addRange","可持久化线段树,范围修改模板,cpp,可持久化线段树——范围修改模板"
templates/线段树/线段树——乘加操作标准模板.cpp,templates/数据结构/线段树/线段树——乘加操作标准模板.cpp,线段树,数据结构,线段树,pure_template,关键词命中: 线段树->数据结构 (via filename) | 判定: pure_template,high,,,false,f8532ff9c5f35d5d0035a999b388d37a433a786f29c9a7debf8b3e7b230a107d,线段树——乘加操作标准模板.cpp,3082,143,4,0,0,"MAXN,node,up,build,mullazy,addlazy,down,mul","线段树,乘加操作标准模板,cpp,线段树——乘加操作标准模板"
templates/线段树/线段树——二维.cpp,templates/数据结构/线段树/线段树——二维.cpp,线段树,数据结构,线段树,runnable_template,关键词命中: 线段树->数据结构 (via filename) | 含 main | 判定: runnable_template,high,,,true,1aa1ee77a429e41f9218901a312194ac853c32a680abf980b6c5711fa2eb9cb9,线段树——二维.cpp,2104,103,2,0,0,"MAXN,MAXM,point,node,cmp,pushup,pushdown,update","线段树,二维,cpp,线段树——二维"
templates/线段树/线段树——交替子串.cpp,templates/数据结构/线段树/线段树——交替子串.cpp,线段树,数据结构,线段树,runnable_template,关键词命中: 线段树->数据结构 (via filename) | 含 main | 判定: runnable_template,high,,,true,9d1df8e88bb0fd4bddb7476cdb82567a07b64d572d6630eb7233a4a968c8ece1,线段树——交替子串.cpp,1298,67,0,0,0,"MAXN,up,build,Reverse,main","线段树,交替子串,cpp,线段树——交替子串"
templates/线段树/线段树——俄罗斯方块.cpp,templates/数据结构/线段树/线段树——俄罗斯方块.cpp,线段树,数据结构,线段树,runnable_template,关键词命中: 线段树->数据结构 (via filename) | 含 main | 判定: runnable_template,high,,,true,6adc0c9bf7322d74a6a3f51fdaac42661324f126f06f20035978f86c460ef8eb,线段树——俄罗斯方块.cpp,3035,136,0,0,0,"MAXN,block,collect,build,Rank,up,lazy,down","线段树,俄罗斯方块,cpp,线段树——俄罗斯方块"
templates/线段树/线段树——加和更新操作.cpp,templates/数据结构/线段树/线段树——加和更新操作.cpp,线段树,数据结构,线段树,runnable_template,关键词命中: 线段树->数据结构 (via filename) | 含 main | 判定: runnable_template,high,,,true,1a12b42c9823317a0339b59ce9f708552f469d3aea6d981489cb4731f2eaa77e,线段树——加和更新操作.cpp,3893,163,1,0,0,"MAXN,Read,read,up,build,updatelazy,addlazy,down","线段树,加和更新操作,cpp,线段树——加和更新操作"
templates/线段树/线段树——加操作求和.cpp,templates/数据结构/线段树/线段树——加操作求和.cpp,线段树,数据结构,线段树,runnable_template,关键词命中: 线段树->数据结构 (via filename) | 含 main | 判定: runnable_template,high,,,true,260608e94aadc6907d8bb23fff0d5e8ae3ada8630f1565ffaa60787aebe41ccc,线段树——加操作求和.cpp,2571,108,0,0,0,"MAXN,up,build,lazy,down,Add,query,main","线段树,加操作求和,cpp,线段树——加操作求和"
templates/线段树/线段树——加操作求最大值.cpp,templates/数据结构/线段树/线段树——加操作求最大值.cpp,线段树,数据结构,线段树,runnable_template,关键词命中: 线段树->数据结构 (via filename) | 含 main | 判定: runnable_template,high,,,true,6f071285b07ad83db5abe7c1c45a2158423ee4359cde27a098fc00cc35d8d515,线段树——加操作求最大值.cpp,2510,106,1,0,0,"MAXN,up,lazy,down,build,Add,query,main","线段树,加操作求最大值,cpp,线段树——加操作求最大值"
templates/线段树/线段树——势能分析.cpp,templates/数据结构/线段树/线段树——势能分析.cpp,线段树,数据结构,线段树,runnable_template,关键词命中: 线段树->数据结构 (via filename) | 含 main | 判定: runnable_template,high,,,true,cd7cf5c6dce886d840ac5f512f66f58d777ffc13c0cae39c683c570cb22fb8ee,线段树——势能分析.cpp,2164,92,1,0,0,"MAXN,up,build,Sqrt,query,main","线段树,势能分析,cpp,线段树——势能分析"
templates/线段树/线段树——势能分析2.cpp,templates/数据结构/线段树/线段树——势能分析2.cpp,线段树,数据结构,线段树,pure_template,关键词命中: 线段树->数据结构 (via filename) | 判定: pure_template,high,,,false,1c02dbcf15f4955e8bec300dd9e476e58b5d5247ca0328e7430c38b07c8e4257,线段树——势能分析2.cpp,2569,125,0,0,0,"MAXN,node,read,up,build,query,add,update","线段树,势能分析2,cpp,线段树——势能分析2"
templates/线段树/线段树——区间合并.cpp,templates/数据结构/线段树/线段树——区间合并.cpp,线段树,数据结构,线段树,runnable_template,关键词命中: 线段树->数据结构 (via filename) | 含 main | 判定: runnable_template,high,,,true,53d12e7d7ebcf76577f3d0aacc6d544ef281e27020bdbd17be1f654bb52e5b3a,线段树——区间合并.cpp,5884,203,0,0,0,"MAXN,up,updateLazy,reverseLazy,down,build,Update,Reverse","线段树,区间合并,cpp,线段树——区间合并"
templates/线段树/线段树——区间组合查询.cpp,templates/数据结构/线段树/线段树——区间组合查询.cpp,线段树,数据结构,线段树,example,关键词命中: 线段树->数据结构 (via filename) | 含 main | 判定: example,high,,,true,1a736d8752a20651f504f99f8d7948d904198814e3385f5be59673dae7e755b3,线段树——区间组合查询.cpp,2528,89,3,0,0,"MAXN,node,pushup,build,update,query,main","线段树,区间组合查询,cpp,线段树——区间组合查询"
templates/线段树/线段树——单点修改.cpp,templates/数据结构/线段树/线段树——单点修改.cpp,线段树,数据结构,线段树,runnable_template,关键词命中: 线段树->数据结构 (via filename) | 含 main | 判定: runnable_template,high,,,true,0b4a78723f5d3ffd8c6dd9ef146d630c5d2287268bc7dddfbe95da3baf3ffce0,线段树——单点修改.cpp,1758,71,0,0,0,"MAXN,up,build,add,query,main","线段树,单点修改,cpp,线段树——单点修改"
templates/线段树/线段树——吉如一线段树.cpp,templates/数据结构/线段树/线段树——吉如一线段树.cpp,线段树,数据结构,线段树,runnable_template,关键词命中: 线段树->数据结构 (via filename) | 含 main | 判定: runnable_template,high,,,true,5b299250dd71f0e25e7846f361be1dda1992e044f555170f0c5e2e14ee9b6888,线段树——吉如一线段树.cpp,3418,141,0,0,0,"MAXN,up,lazy,down,build,setMin,queryMax,querySum","线段树,吉如一线段树,cpp,线段树——吉如一线段树"
templates/线段树/线段树——子段极差和.cpp,templates/数据结构/线段树/线段树——子段极差和.cpp,线段树,数据结构,线段树,application,关键词命中: 线段树->数据结构 (via filename) | 判定: application,high,,,false,14076fc754b9e7440dd113286e8dbca249950805a618a65fe5a6c8bc6144c84f,线段树——子段极差和.cpp,1784,87,1,0,0,"MAXN,read,up,build,add,main","线段树,子段极差和,cpp,线段树——子段极差和"
templates/线段树/线段树——平方和.cpp,templates/数据结构/线段树/线段树——平方和.cpp,线段树,数据结构,线段树,pure_template,关键词命中: 线段树->数据结构 (via filename) | 判定: pure_template,high,,,false,4c1918fec537a274601443ee0539308e32847821c5a8f839b43cbe2446be7a21,线段树——平方和.cpp,2475,109,2,0,0,"MAXN,node,read,up,build,update,query,main","线段树,平方和,cpp,线段树——平方和"
templates/线段树/线段树——开点线段树.cpp,templates/数据结构/线段树/线段树——开点线段树.cpp,线段树,数据结构,线段树,runnable_template,关键词命中: 线段树->数据结构 (via filename) | 含 main | 判定: runnable_template,high,,,true,9cdd9cc0779dc29e1e4369d2b57e9a5b9530e6e0a14c01a1fcc52e9b390fa01b,线段树——开点线段树.cpp,2449,99,0,0,0,"LIMIT,up,lazy,down,Add,query,main","线段树,开点线段树,cpp,线段树——开点线段树"
templates/线段树/线段树——异或和修改操作.cpp,templates/数据结构/线段树/线段树——异或和修改操作.cpp,线段树,数据结构,线段树,runnable_template,关键词命中: 线段树->数据结构 (via filename) | 含 main | 判定: runnable_template,high,,,true,00c2121c7b207fcfc49caddc4909842d6524a8d69f5443bb0743f618bbd29fbd,线段树——异或和修改操作.cpp,4963,197,4,0,0,"MAXN,node,build,changedown,eordown,updatelazy,update,eorlazy","线段树,异或和修改操作,cpp,线段树——异或和修改操作"
templates/线段树/线段树——扫描线——矩形周长并.cpp,templates/数据结构/线段树/线段树——扫描线——矩形周长并.cpp,线段树,数据结构,线段树,runnable_template,关键词命中: 线段树->数据结构 (via filename) | 含 main | 代码内 URL×1 | 判定: runnable_template,high,https://www.luogu.com.cn/problem/P1856,,true,7bdc8f0d08788f9017e8c33d3be4c9b34a5b3cc31f720b20770ff45776e41d9d,线段树——扫描线——矩形周长并.cpp,4219,148,10,1,0,"MAXN,Line,prepare,Rank,build,up,add,cmp","线段树,扫描线,矩形周长并,cpp,线段树——扫描线——矩形周长并"
templates/线段树/线段树——扫描线——矩形面积并.cpp,templates/数据结构/线段树/线段树——扫描线——矩形面积并.cpp,线段树,数据结构,线段树,runnable_template,关键词命中: 线段树->数据结构 (via filename) | 含 main | 代码内 URL×1 | 判定: runnable_template,high,https://www.luogu.com.cn/problem/P5490,,true,58a8c180927d9d3c3f3ff28569d50f7656032738a812e5d8d177f3432f47785f,线段树——扫描线——矩形面积并.cpp,4495,142,10,1,0,"MAXN,Line,prepare,Rank,build,up,add,cmp","线段树,扫描线,矩形面积并,cpp,线段树——扫描线——矩形面积并"
templates/线段树/线段树——括号问题.cpp,templates/数据结构/线段树/线段树——括号问题.cpp,线段树,数据结构,线段树,pure_template,关键词命中: 线段树->数据结构 (via filename) | 判定: pure_template,high,,,false,58dbf9a1c0fb7c08333c73b94ae13f0cf270dad5083657ab6f7dbc6810067d69,线段树——括号问题.cpp,3979,154,2,0,0,"MAXN,node,read,up,build,updatelazy,down,update","线段树,括号问题,cpp,线段树——括号问题"
templates/线段树/线段树——括号问题2.cpp,templates/数据结构/线段树/线段树——括号问题2.cpp,线段树,数据结构,线段树,pure_template,关键词命中: 线段树->数据结构 (via filename) | 判定: pure_template,high,,,false,3166cd78ee0247ffcedbde74eee1dc43532b411d1f1bb778e3be46f5de723b8d,线段树——括号问题2.cpp,5145,197,1,0,0,"MAXN,MAXM,node,read,up,build,addlazy,updatelazy","线段树,括号问题2,cpp,线段树——括号问题2"
templates/线段树/线段树——旅馆问题.cpp,templates/数据结构/线段树/线段树——旅馆问题.cpp,线段树,数据结构,线段树,runnable_template,关键词命中: 线段树->数据结构 (via filename) | 含 main | 代码内 URL×1 | 判定: runnable_template,high,https://www.luogu.com.cn/problem/P2894,,true,6299a10aaace3b392e30480ae583bf5887a9fcfd776ecdec72ca8a55aef18d4e,线段树——旅馆问题.cpp,3157,119,14,1,0,"MAXN,up,lazy,down,build,Update,queryLeft,main","线段树,旅馆问题,cpp,线段树——旅馆问题"
templates/线段树/线段树——更新操作求和.cpp,templates/数据结构/线段树/线段树——更新操作求和.cpp,线段树,数据结构,线段树,runnable_template,关键词命中: 线段树->数据结构 (via filename) | 含 main | 判定: runnable_template,high,,,true,5c18c9e813bb8f2b5b1a0c7bcb94086df3c25f7c17294d12d990d565f93f7b28,线段树——更新操作求和.cpp,2751,109,3,0,0,"MAXN,up,lazy,down,build,Update,query,main","线段树,更新操作求和,cpp,线段树——更新操作求和"
templates/线段树/线段树——更新操作求最大值.cpp,templates/数据结构/线段树/线段树——更新操作求最大值.cpp,线段树,数据结构,线段树,runnable_template,关键词命中: 线段树->数据结构 (via filename) | 含 main | 判定: runnable_template,high,,,true,88ea7ac1494b4a2b8040b7b90e9f585e4e860b201e8bdce9f61a9dab113f014c,线段树——更新操作求最大值.cpp,2561,108,1,0,0,"MAXN,up,lazy,down,build,Update,query,main","线段树,更新操作求最大值,cpp,线段树——更新操作求最大值"
templates/线段树/线段树——最大与次大.cpp,templates/数据结构/线段树/线段树——最大与次大.cpp,线段树,数据结构,线段树,runnable_template,关键词命中: 线段树->数据结构 (via filename) | 含 main | 判定: runnable_template,high,,,true,f31ae49ed8ce3b63f66bbab3eec99221cd83c2de6d768a21f798a8677cf611ed,线段树——最大与次大.cpp,4020,157,8,0,0,"MAXN,node,read,up,build,query,add,main","线段树,最大与次大,cpp,线段树——最大与次大"
templates/线段树/线段树——最大与次大2.cpp,templates/数据结构/线段树/线段树——最大与次大2.cpp,线段树,数据结构,线段树,runnable_template,关键词命中: 线段树->数据结构 (via filename) | 含 main | 判定: runnable_template,high,,,true,236e2ab1e821f0001ca023343854b1c4808452d05b96db83af0436a705b0f414,线段树——最大与次大2.cpp,4689,181,12,0,0,"MAXN,node,node1,cmp,getrank,up,build,add","线段树,最大与次大2,cpp,线段树——最大与次大2"
templates/线段树/线段树——等差数列.cpp,templates/数据结构/线段树/线段树——等差数列.cpp,线段树,数据结构,线段树,runnable_template,关键词命中: 线段树->数据结构 (via filename) | 含 main | 判定: runnable_template,high,,,true,7cd168ef4785a8a516e66901a996f9aaf8096b05d293e2d06be65b1e02a854da,线段树——等差数列.cpp,2419,107,1,0,0,"MAXN,up,lazy,down,build,Add,query,main","线段树,等差数列,cpp,线段树——等差数列"
templates/线段树/线段树——结合拓扑排序.cpp,templates/数据结构/线段树/线段树——结合拓扑排序.cpp,线段树,数据结构,线段树,runnable_template,关键词命中: 线段树->数据结构 (via filename) | 含 main | 判定: runnable_template,high,,,true,91a995d75bfaef6df5efbd3fd1cee648521d43ca7485dfefe1a1a43e10e0f9ee,线段树——结合拓扑排序.cpp,4145,164,5,0,0,"MAXN,read,lowbit,add,query,up,build,lazy","线段树,结合拓扑排序,cpp,线段树——结合拓扑排序"
templates/线段树/线段树——花瓶里的花.cpp,templates/数据结构/线段树/线段树——花瓶里的花.cpp,线段树,数据结构,线段树,runnable_template,关键词命中: 线段树->数据结构 (via filename) | 含 main | 代码内 URL×1 | 判定: runnable_template,high,https://acm.hdu.edu.cn/showproblem.php?pid=4614,,true,0cfacdfe496f7a3bad49699ecc092ce7cd6ebfafdbcd3c856275af783b17e9aa,线段树——花瓶里的花.cpp,4294,161,12,1,0,"MAXN,up,lazy,down,build,Update,query,findZero","线段树,花瓶里的花,cpp,线段树——花瓶里的花"
templates/线段树分治/线段树分治——二分图.cpp,templates/数据结构/线段树分治/线段树分治——二分图.cpp,线段树分治,数据结构,线段树分治,runnable_template,关键词命中: 线段树分治->数据结构 (via filename) | 含 main | 代码内 URL×1 | 判定: runnable_template,high,https://www.luogu.com.cn/problem/P5787,,true,6fd9a320019d1775a177b0c59f99700a1a4dce4d19250821ea153849964449ab,线段树分治——二分图.cpp,3876,140,14,1,0,"MAXN,MAXT,addEdge,find,Union,undo,add,dfs","线段树分治,二分图,cpp,线段树分治——二分图"
templates/线段树分治/线段树分治——位图线性基.cpp,templates/数据结构/线段树分治/线段树分治——位图线性基.cpp,线段树分治,数据结构,线段树分治,runnable_template,关键词命中: 线段树分治->数据结构 (via filename) | 含 main | 代码内 URL×1 | 判定: runnable_template,high,https://www.luogu.com.cn/problem/P3733,,true,2e0d66048133041e865016d3922239ac895f54a71ad2aad216d4a8b99e0d01c9,线段树分治——位图线性基.cpp,6068,217,16,1,0,"MAXN,MAXQ,MAXT,BIT,insert,maxEor,cancel,find","线段树分治,位图线性基,cpp,线段树分治——位图线性基"
templates/线段树分治/线段树分治——位置轴背包.cpp,templates/数据结构/线段树分治/线段树分治——位置轴背包.cpp,线段树分治,数据结构,线段树分治,runnable_template,关键词命中: 线段树分治->数据结构 (via filename) | 含 main | 代码内 URL×2 | 判定: runnable_template,high,https://www.luogu.com.cn/problem/CF981E,,true,819cbbefa8db80f89df3d096a6e49e5c60e6bd06b0cf5748a1b7aaabbea5cc06,线段树分治——位置轴背包.cpp,2826,94,15,2,0,"MAXN,MAXT,BIT,DEEP,addEdge,add,dfs,main","线段树分治,位置轴背包,cpp,线段树分治——位置轴背包"
templates/线段树分治/线段树分治——反面教材.cpp,templates/数据结构/线段树分治/线段树分治——反面教材.cpp,线段树分治,数据结构,线段树分治,runnable_template,关键词命中: 线段树分治->数据结构 (via filename) | 含 main | 代码内 URL×2 | 判定: runnable_template,high,https://www.luogu.com.cn/problem/AT_abc308_g,,true,644175baa4cf06411921abfa31f0760691d4295f8aeaace0e429e8b9a0f47cf1,线段树分治——反面教材.cpp,3847,100,16,2,0,"MAXN,BIT,INF,change,compute,main","线段树分治,反面教材,cpp,线段树分治——反面教材"
templates/线段树分治/线段树分治——可持久化前缀树.cpp,templates/数据结构/线段树分治/线段树分治——可持久化前缀树.cpp,线段树分治,数据结构,线段树分治,runnable_template,关键词命中: 线段树分治->数据结构 (via filename) | 含 main | 代码内 URL×1 | 判定: runnable_template,high,https://www.luogu.com.cn/problem/P4585,,true,9c66f69404d0089d944950b31aad3577f45030a4dbc7fde113c578798bbb7635,线段树分治——可持久化前缀树.cpp,6939,243,16,1,0,"MAXN,MAXT,BIT,Product,ProductCmp,insert,query,addInfoP","线段树分治,可持久化前缀树,cpp,线段树分治——可持久化前缀树"
templates/线段树分治/线段树分治——并查集线性基.cpp,templates/数据结构/线段树分治/线段树分治——并查集线性基.cpp,线段树分治,数据结构,线段树分治,runnable_template,关键词命中: 线段树分治->数据结构 (via filename) | 含 main | 代码内 URL×2 | 判定: runnable_template,high,https://www.luogu.com.cn/problem/CF938G,,true,3cc5d259d6c0b14195a26937b043f89f7dc32c2d228b1a711010cc763b0b400f,线段树分治——并查集线性基.cpp,7571,259,17,2,0,"MAXN,MAXT,BIT,Event,EventCmp,insert,minEor,cancel","线段树分治,并查集线性基,cpp,线段树分治——并查集线性基"
templates/线段树分治/线段树分治——操作排序.cpp,templates/数据结构/线段树分治/线段树分治——操作排序.cpp,线段树分治,数据结构,线段树分治,runnable_template,关键词命中: 线段树分治->数据结构 (via filename) | 含 main | 代码内 URL×1 | 判定: runnable_template,high,https://www.luogu.com.cn/problem/P4219,,true,e7fcefaa3602b2d557c629a40d510152d3d1bb4dbac92cc823fb371e33c1acc0,线段树分治——操作排序.cpp,4207,169,12,1,0,"MAXN,MAXT,Event,EventCmp,addEdge,find,Union,undo","线段树分治,操作排序,cpp,线段树分治——操作排序"
templates/线段树分治/线段树分治——模板.cpp,templates/数据结构/线段树分治/线段树分治——模板.cpp,线段树分治,数据结构,线段树分治,example,关键词命中: 线段树分治->数据结构 (via filename) | 含 main | 代码内 URL×1 | 判定: example,high,https://loj.ac/p/121,,true,11801da8ea9dcaef9e589397452d3fb39167eabebc1f365ee305406e77bdc53d,线段树分治——模板.cpp,4946,179,12,1,0,"MAXN,MAXM,MAXT,addEdge,find,Union,undo,add","线段树分治,模板,cpp,线段树分治——模板"
templates/线段树分治/线段树分治——答案贡献.cpp,templates/数据结构/线段树分治/线段树分治——答案贡献.cpp,线段树分治,数据结构,线段树分治,runnable_template,关键词命中: 线段树分治->数据结构 (via filename) | 含 main | 代码内 URL×2 | 判定: runnable_template,high,https://www.luogu.com.cn/problem/CF1681F,,true,fb6672053dd0d9c9b2ccb950c48eb6ced8e96549bbff98a948844f1cbd434b9a,线段树分治——答案贡献.cpp,3926,145,14,2,0,"MAXN,MAXT,addEdgeC,addEdgeS,find,Union,undo,add","线段树分治,答案贡献,cpp,线段树分治——答案贡献"
templates/线段树分治/线段树分治——答案轴.cpp,templates/数据结构/线段树分治/线段树分治——答案轴.cpp,线段树分治,数据结构,线段树分治,application,关键词命中: 线段树分治->数据结构 (via filename) | 含 main | 代码内 URL×1 | 判定: application,high,https://www.luogu.com.cn/problem/P5631,,true,98933bd7e81fd16f6b2280bb70aa1bc7ef574d6419980d26b1a6ad76a15e5bfd,线段树分治——答案轴.cpp,3748,139,16,1,0,"MAXN,MAXV,MAXT,addEdge,find,Union,undo,add","线段树分治,答案轴,cpp,线段树分治——答案轴"
templates/线段树分治/线段树分治——结合01背包.cpp,templates/数据结构/线段树分治/线段树分治——结合01背包.cpp,线段树分治,数据结构,线段树分治,runnable_template,关键词命中: 线段树分治->数据结构 (via filename) | 含 main | 代码内 URL×2 | 判定: runnable_template,high,https://www.luogu.com.cn/problem/CF601E,,true,1e3d1ce49c7e8d72d69c000f75d69d0045f5e59ca03a5229459647b06c82cefa,线段树分治——结合01背包.cpp,5146,163,17,2,0,"MAXN,MAXQ,MAXK,MAXT,DEEP,clone,addEdge,add","线段树分治,结合01背包,cpp,线段树分治——结合01背包"
templates/线段树分治/线段树分治——继承操作.cpp,templates/数据结构/线段树分治/线段树分治——继承操作.cpp,线段树分治,数据结构,线段树分治,runnable_template,关键词命中: 线段树分治->数据结构 (via filename) | 含 main | 代码内 URL×2 | 判定: runnable_template,high,https://www.luogu.com.cn/problem/CF576E,,true,7bd98d5f8b671a7ed291ab2092be6cfc0bed2eb5e775402d48560fc86b87bb25,线段树分治——继承操作.cpp,5460,185,16,2,0,"MAXN,MAXK,MAXT,addEdge,find,Union,undo,add","线段树分治,继承操作,cpp,线段树分治——继承操作"
templates/线段树分治/线段树分治——背包递推.cpp,templates/数据结构/线段树分治/线段树分治——背包递推.cpp,线段树分治,数据结构,线段树分治,runnable_template,关键词命中: 线段树分治->数据结构 (via filename) | 含 main | 代码内 URL×1 | 判定: runnable_template,high,https://loj.ac/p/6515,,true,56cd4ca7bd73e452152f42e191cdb5b314015e11d7ad5ad2f90d2d1251ce03c4,线段树分治——背包递推.cpp,5211,167,15,1,0,"MAXM,MAXP,MAXT,DEEP,clone,addEdge,add,dfs","线段树分治,背包递推,cpp,线段树分治——背包递推"
templates/线段树分治/线段树分治——连通图.cpp,templates/数据结构/线段树分治/线段树分治——连通图.cpp,线段树分治,数据结构,线段树分治,runnable_template,关键词命中: 线段树分治->数据结构 (via filename) | 含 main | 代码内 URL×1 | 判定: runnable_template,high,https://www.luogu.com.cn/problem/P5227,,true,a00b939f58a07826c472c42085a0c2396e7d25e956a368ec5a7ab5bb00cc99be,线段树分治——连通图.cpp,5012,196,15,1,0,"MAXN,MAXM,MAXE,MAXT,Event,EventCmp,addEdge,find","线段树分治,连通图,cpp,线段树分治——连通图"
templates/线段树合并与分裂/线段树分裂——合并与分裂.cpp,templates/数据结构/线段树分裂/线段树分裂——合并与分裂.cpp,线段树合并与分裂,数据结构,线段树分裂,runnable_template,关键词命中: 线段树->数据结构 (via filename) | 含 main | 代码内 URL×2 | 判定: runnable_template,high,https://www.luogu.com.cn/problem/CF911G,,true,1a3b93c18a0b9377b33555077c7ff143d692d07ed299554fa5cb6e56efebf365,线段树分裂——合并与分裂.cpp,3268,157,10,2,0,"MAXN,MAXT,MAXV,prepare,newNode,del,up,insert","线段树分裂,合并与分裂,cpp,线段树分裂——合并与分裂"
templates/线段树合并与分裂/线段树分裂——模板.cpp,templates/数据结构/线段树分裂/线段树分裂——模板.cpp,线段树合并与分裂,数据结构,线段树分裂,runnable_template,关键词命中: 线段树->数据结构 (via filename) | 含 main | 代码内 URL×1 | 判定: runnable_template,high,https://www.luogu.com.cn/problem/P5494,,true,94534b3cd09c8bb1f62a14dc849bd57187175d759af92cc486ba7a0a075da0aa,线段树分裂——模板.cpp,4387,191,13,1,0,"MAXN,MAXT,prepare,newNode,del,up,add,query","线段树分裂,模板,cpp,线段树分裂——模板"
templates/线段树合并与分裂/线段树合并——dp前后缀.cpp,templates/数据结构/线段树合并/线段树合并——dp前后缀.cpp,线段树合并与分裂,数据结构,线段树合并,runnable_template,关键词命中: 线段树合并->数据结构 (via filename) | 含 main | 代码内 URL×1 | 判定: runnable_template,high,https://www.luogu.com.cn/problem/P5298,,true,2b376b2e7fd287658eae31119569b013ead46de4b1c45d16322918d59f3e4644,线段树合并——dp前后缀.cpp,4900,208,14,1,0,"MAXN,MAXT,MOD,power,kth,up,lazy,down","线段树合并,dp前后缀,cpp,线段树合并——dp前后缀"
templates/线段树合并与分裂/线段树合并——动态规划.cpp,templates/数据结构/线段树合并/线段树合并——动态规划.cpp,线段树合并与分裂,数据结构,线段树合并,runnable_template,关键词命中: 线段树合并->数据结构 (via filename) | 含 main | 代码内 URL×1 | 判定: runnable_template,high,https://www.luogu.com.cn/problem/P4577,,true,db432c9b255bffb4d66efd73f2b8e13eb71c2fee7bfa5adfa0ca6d15a889f3b8,线段树合并——动态规划.cpp,4950,193,18,1,0,"MAXN,MAXT,kth,addEdge,up,lazy,down,update","线段树合并,动态规划,cpp,线段树合并——动态规划"
templates/线段树合并与分裂/线段树合并——差分分析.cpp,templates/数据结构/线段树合并/线段树合并——差分分析.cpp,线段树合并与分裂,数据结构,线段树合并,runnable_template,关键词命中: 线段树合并->数据结构 (via filename) | 含 main | 代码内 URL×1 | 判定: runnable_template,high,https://www.luogu.com.cn/problem/P1600,,true,c333dea5cfe716c2e0e959a7d1a0eead863a5a754868a2fd51a0a8af0e179bfa,线段树合并——差分分析.cpp,4434,171,12,1,0,"MAXN,MAXT,MAXP,addEdge,dfs,getLca,up,add","线段树合并,差分分析,cpp,线段树合并——差分分析"
templates/线段树合并与分裂/线段树合并——并查集.cpp,templates/数据结构/线段树合并/线段树合并——并查集.cpp,线段树合并与分裂,数据结构,线段树合并,runnable_template,关键词命中: 线段树合并->数据结构 (via filename) | 含 main | 代码内 URL×1 | 判定: runnable_template,high,https://www.luogu.com.cn/problem/P3224,,true,5a7a32c385a725eedc359e0a1552b98a7bcd7053f19e0ea7ce9f1febbedf0899,线段树合并——并查集.cpp,2956,122,9,1,0,"MAXN,MAXT,up,add,merge,query,find,Union","线段树合并,并查集,cpp,线段树合并——并查集"
templates/线段树合并与分裂/线段树合并——树上差分.cpp,templates/数据结构/线段树合并/线段树合并——树上差分.cpp,线段树合并与分裂,数据结构,线段树合并,runnable_template,关键词命中: 线段树合并->数据结构 (via filename) | 含 main | 代码内 URL×1 | 判定: runnable_template,high,https://www.luogu.com.cn/problem/P4556,,true,558bd3970ee9f7ab858d0a0931b0a2aa5d4ce691af7b978067b183105b44fa11,线段树合并——树上差分.cpp,4112,167,11,1,0,"MAXN,MAXV,MAXT,MAXP,addEdge,dfs,getLca,up","线段树合并,树上差分,cpp,线段树合并——树上差分"
templates/线段树合并与分裂/线段树合并——模板.cpp,templates/数据结构/线段树合并/线段树合并——模板.cpp,线段树合并与分裂,数据结构,线段树合并,application,关键词命中: 线段树合并->数据结构 (via filename) | 含 main | 代码内 URL×1 | 判定: application,high,https://www.luogu.com.cn/problem/P3605,,true,509399ad1052dbd7c11d50608da0acc1561c6c356a2643969674b01ec121c1f1,线段树合并——模板.cpp,4558,171,16,1,0,"MAXN,MAXT,addEdge,kth,up,add,merge,query","线段树合并,模板,cpp,线段树合并——模板"
templates/线段树合并与分裂/线段树合并——逆序对.cpp,templates/数据结构/线段树合并/线段树合并——逆序对.cpp,线段树合并与分裂,数据结构,线段树合并,runnable_template,关键词命中: 线段树合并->数据结构 (via filename) | 含 main | 代码内 URL×1 | 判定: runnable_template,high,https://www.luogu.com.cn/problem/P3521,,true,e4f27c9ad1cf852e52b496db699ce212f1fddc04822ab76788b7683026e664c1,线段树合并——逆序对.cpp,2934,93,14,1,0,"MAXT,up,build,merge,dfs,main","线段树合并,逆序对,cpp,线段树合并——逆序对"
templates/网络流/上下界网络流——无源汇可行流.cpp,templates/图论/上下界网络流/上下界网络流——无源汇可行流.cpp,网络流,图论,上下界网络流,runnable_template,关键词命中: 网络流->图论 (via filename) | 含 main | 代码内 URL×1 | 判定: runnable_template,high,https://loj.ac/p/115,,true,7099275f3aa2a3f88a8127896fe28fa93d1274a1ecfe2d4d6c7f7275451357b8,上下界网络流——无源汇可行流.cpp,3599,168,6,1,0,"MAXN,MAXM,MAXV,MAXE,INF,Edge,read,addedge","上下界网络流,无源汇可行流,cpp,上下界网络流——无源汇可行流"
templates/网络流/上下界网络流——有源汇最大流.cpp,templates/图论/上下界网络流/上下界网络流——有源汇最大流.cpp,网络流,图论,上下界网络流,runnable_template,关键词命中: 网络流->图论 (via filename) | 含 main | 代码内 URL×2 | 判定: runnable_template,high,https://www.luogu.com.cn/problem/P5192,,true,4f32baafdbb1eee0fcef77a5799390b4d7c9eb0af6c9b4d9b2e580522ca22f45,上下界网络流——有源汇最大流.cpp,4202,178,7,2,0,"MAXN,MAXM,MAXV,MAXE,INF,addedge,bfs,dfs","上下界网络流,有源汇最大流,cpp,上下界网络流——有源汇最大流"
templates/网络流/最大流——Dinic.cpp,templates/图论/最大流/最大流——Dinic.cpp,网络流,图论,最大流,pure_template,关键词命中: 二分图->图论 (via head) | 代码内 URL×1 | 判定: pure_template,medium,https://www.luogu.com.cn/problem/P3376,,false,df10b1f7be3a806858586524f0ceb062820552a85a6a1aa4b7a494a2c60460d8,最大流——Dinic.cpp,3623,123,9,1,0,"MAXN,MAXM,INF,addedge,bfs,dfs,maxflow,main","最大流,Dinic,cpp,最大流——Dinic"
templates/网络流/最大流——Edmonds–Karp.cpp,templates/搜索/最大流/最大流——Edmonds–Karp.cpp,网络流,搜索,最大流,pure_template,关键词命中: BFS->搜索 (via head) | 代码内 URL×1 | 判定: pure_template,medium,https://www.luogu.com.cn/problem/P3376,,false,7142561c1c0d39612b24ec2f21219adfc4fe2fe60c32c3e360767b2c24ff95db,最大流——Edmonds–Karp.cpp,2011,89,3,1,0,"MAXN,MAXM,INF,addedge,bfs,maxflow,main","最大流,Edmonds–Karp,cpp,最大流——Edmonds–Karp"
templates/网络流/最小割——割边最少.cpp,templates/图论/最小割/最小割——割边最少.cpp,网络流,图论,最小割,pure_template,关键词命中: 网络流->图论 (via directory) | 代码内 URL×1 | 判定: pure_template,medium,https://www.luogu.com.cn/problem/P1344,,false,205a1bfd3b36380d0ec926aa9e144ccdf1d02ba73a6711380fc82cd0b8dd6bec,最小割——割边最少.cpp,2925,114,5,1,0,"MAXN,MAXM,BASE,INF,addedge,bfs,dfs,maxflow","最小割,割边最少,cpp,最小割——割边最少"
templates/网络流/最小割——拆点最大流.cpp,templates/图论/最小割/最小割——拆点最大流.cpp,网络流,图论,最小割,pure_template,关键词命中: 网络流->图论 (via directory) | 代码内 URL×1 | 判定: pure_template,medium,https://www.luogu.com.cn/problem/P1345,,false,719fc47134ab67759dfa7b95170ab555bef47f746e911ea6378f867d10cd9a20,最小割——拆点最大流.cpp,3094,125,5,1,0,"MAXN,MAXM,INF,addedge,bfs,dfs,maxflow,main","最小割,拆点最大流,cpp,最小割——拆点最大流"
templates/网络流/最小费用最大流——dijkstra.cpp,templates/图论/最小费用最大流/最小费用最大流——dijkstra.cpp,网络流,图论,最小费用最大流,pure_template,关键词命中: Dijkstra->图论 (via filename) | 代码内 URL×1 | 判定: pure_template,high,https://www.luogu.com.cn/problem/P3381,,false,7929e1f3cd019719076d47f161d325e52e05d4f73cc99758914379bd3807a936,最小费用最大流——dijkstra.cpp,5052,198,4,1,0,"MAXN,MAXM,INF,cmp,operator,read,addedge,spfa","最小费用最大流,dijkstra,cpp,最小费用最大流——dijkstra"
templates/网络流/最小费用最大流——spfa.cpp,templates/图论/最小费用最大流/最小费用最大流——spfa.cpp,网络流,图论,最小费用最大流,runnable_template,关键词命中: Dijkstra->图论 (via head) | 含 main | 代码内 URL×1 | 判定: runnable_template,medium,https://www.luogu.com.cn/problem/P2045,,true,715c9f7f231aea073da82fb2019a20855bb564b38bf39e8059545ddf6c0f612c,最小费用最大流——spfa.cpp,4291,157,5,1,0,"MAXN,MAXV,MAXE,INF,addEdge,minCostMaxFlow,main","最小费用最大流,spfa,cpp,最小费用最大流——spfa"
templates/网络流/最小费用最大流——拆点.cpp,templates/图论/最小费用最大流/最小费用最大流——拆点.cpp,网络流,图论,最小费用最大流,pure_template,关键词命中: 网络流->图论 (via directory) | 代码内 URL×1 | 判定: pure_template,medium,https://www.luogu.com.cn/problem/P4452,,false,4148162b8336e5811535664811d747f9e142f7f08ad33ae26dfb875c8e189744,最小费用最大流——拆点.cpp,6891,254,1,1,0,"MAXN,MAXM,INF,cmp,operator,read,addedge,spfa","最小费用最大流,拆点,cpp,最小费用最大流——拆点"
templates/虚树/虚树——dijkstra.cpp,templates/树上算法/虚树/虚树——dijkstra.cpp,虚树,树上算法,虚树,runnable_template,关键词命中: 虚树->树上算法 (via filename) | 含 main | 代码内 URL×2 | 判定: runnable_template,high,https://www.luogu.com.cn/problem/CF1320E,,true,58882ef15618a469f08b66f8629f2a9147083efbedd21afa22e8bb3af09d8e54,虚树——dijkstra.cpp,5845,210,14,2,0,"MAXN,MAXP,node,cmp,addEdgeG,addEdgeV,dfs,getLca","虚树,dijkstra,cpp,虚树——dijkstra"
templates/虚树/虚树——倍增.cpp,templates/树上算法/虚树/虚树——倍增.cpp,虚树,树上算法,虚树,runnable_template,关键词命中: 虚树->树上算法 (via filename) | 含 main | 代码内 URL×1 | 判定: runnable_template,high,https://www.luogu.com.cn/problem/P2495,,true,50b717130852536aaf077c140eb071ec6a03e1529e5ac35efb0329dcbd5b22c5,虚树——倍增.cpp,6235,223,13,1,0,"MAXN,MAXP,cmp,addEdgeG,addEdgeV,dfs,getLca,getDist","虚树,倍增,cpp,虚树——倍增"
templates/虚树/虚树——最小联通树.cpp,templates/树上算法/虚树/虚树——最小联通树.cpp,虚树,树上算法,虚树,application,关键词命中: 虚树->树上算法 (via filename) | 含 main | 代码内 URL×1 | 判定: application,high,https://www.luogu.com.cn/problem/P3320,,true,2f38e6b1009ee84c74f1f525144344632c99aebd384cedb70442585e5a7a0f7d,虚树——最小联通树.cpp,4444,142,16,1,0,"MAXN,MAXP,addEdge,dfs,getLca,getDist,compute,main","虚树,最小联通树,cpp,虚树——最小联通树"
templates/虚树/虚树——树形dp.cpp,templates/树上算法/虚树/虚树——树形dp.cpp,虚树,树上算法,虚树,runnable_template,关键词命中: 虚树->树上算法 (via filename) | 含 main | 代码内 URL×1 | 判定: runnable_template,high,https://www.luogu.com.cn/problem/P4103,,true,3eee9df40a51e13347066a89da7181cf8dbb6556e67961482163626993e56a03,虚树——树形dp.cpp,5616,217,12,1,0,"MAXN,MAXP,cmp,addEdgeG,addEdgeV,dfs,getLca,buildVirtualTree1","虚树,树形dp,cpp,虚树——树形dp"
templates/虚树/虚树——模板.cpp,templates/树上算法/虚树/虚树——模板.cpp,虚树,树上算法,虚树,runnable_template,关键词命中: 虚树->树上算法 (via filename) | 含 main | 代码内 URL×2 | 判定: runnable_template,high,https://www.luogu.com.cn/problem/CF613D,,true,2d8e16efa75bfd25a1aefdd26df665c9ad6c4ef3e709935cc16588dc0a49a73b,虚树——模板.cpp,6862,242,17,2,0,"MAXN,MAXP,cmp,addEdgeG,addEdgeV,dfs,getLca,buildVirtualTree1","虚树,模板,cpp,虚树——模板"
templates/虚树/虚树——进阶树形dp.cpp,templates/树上算法/虚树/虚树——进阶树形dp.cpp,虚树,树上算法,虚树,runnable_template,关键词命中: 虚树->树上算法 (via filename) | 含 main | 代码内 URL×1 | 判定: runnable_template,high,https://www.luogu.com.cn/problem/P3233,,true,3bdf123d6b26e931955da7b012a6d35fe680777d517850dc3ceac95d56a02c6b,虚树——进阶树形dp.cpp,6745,243,13,1,0,"MAXN,MAXP,cmp,addEdgeG,addEdgeV,dfs,getLca,buildVirtualTree","虚树,进阶树形dp,cpp,虚树——进阶树形dp"
templates/贪心算法/反悔贪心——模板.cpp,templates/基础算法/反悔贪心/反悔贪心——模板.cpp,贪心算法,基础算法,反悔贪心,pure_template,关键词命中: 贪心->基础算法 (via filename) | 代码内 URL×1 | 代码内题号×3 | 判定: pure_template,high,https://www.luogu.com.cn/problem/P2748,P4053,false,aee486046a955141867c6f739aef4f4e44e0cbac0eaa94193491ce880525d3e2,反悔贪心——模板.cpp,3490,80,6,1,3,"MAXN,compare,operator,main","反悔贪心,模板,cpp,反悔贪心——模板"
templates/贪心算法/贪心算法——一天会议.c,templates/基础算法/贪心算法/贪心算法——一天会议.c,贪心算法,基础算法,贪心算法,runnable_template,关键词命中: 贪心->基础算法 (via filename) | 含 main | 判定: runnable_template,high,,,true,1d696e71087f00554549fb5b705390958024d090b38cc660b7452067ae1c8c21,贪心算法——一天会议.c,2234,101,0,0,0,"compare,heapifyDown,insertHeap,deleteMin,maxEvents,main","贪心算法,一天会议,贪心算法——一天会议"
templates/贪心算法/贪心算法——两地调度.c,templates/基础算法/贪心算法/贪心算法——两地调度.c,贪心算法,基础算法,贪心算法,runnable_template,关键词命中: 贪心->基础算法 (via filename) | 含 main | 判定: runnable_template,high,,,true,e8eb1537941cbbab7fb504fb44744286728e94114da983ba23cdd3f78159a1b5,贪心算法——两地调度.c,729,40,0,0,0,"insert,main","贪心算法,两地调度,贪心算法——两地调度"
templates/贪心算法/贪心算法——修课程.c,templates/基础算法/贪心算法/贪心算法——修课程.c,贪心算法,基础算法,贪心算法,runnable_template,关键词命中: 贪心->基础算法 (via filename) | 含 main | 判定: runnable_template,high,,,true,5bc06619573dac69759d55fff4015f236ce52aecc11064650052377f7fe19f62,贪心算法——修课程.c,54,6,0,0,0,main,"贪心算法,修课程,贪心算法——修课程"
templates/贪心算法/贪心算法——吃橘子.c,templates/基础算法/贪心算法/贪心算法——吃橘子.c,贪心算法,基础算法,贪心算法,runnable_template,关键词命中: 贪心->基础算法 (via filename) | 含 main | 判定: runnable_template,high,,,true,e6720efc19ca2f1aabd910258171f5eaf71742bb5c9efc33e966fa520333a71d,贪心算法——吃橘子.c,720,35,0,0,0,"initDp,minDays,main","贪心算法,吃橘子,贪心算法——吃橘子"
templates/贪心算法/贪心算法——哈夫曼编码.c,templates/基础算法/贪心算法/贪心算法——哈夫曼编码.c,贪心算法,基础算法,贪心算法,runnable_template,关键词命中: 哈夫曼->基础算法 (via filename) | 含 main | 判定: runnable_template,high,,,true,1da695fcc882c5673ac084795ecf8a1a3fc3eae1824624e7905f6ce2a9d94e31,贪心算法——哈夫曼编码.c,1842,86,0,0,0,"swap,heapify,extractMin,insertKey,connectSticks,main","贪心算法,哈夫曼编码,贪心算法——哈夫曼编码"
templates/贪心算法/贪心算法——哈夫曼编码2.c,templates/基础算法/贪心算法/贪心算法——哈夫曼编码2.c,贪心算法,基础算法,贪心算法,application,关键词命中: 哈夫曼->基础算法 (via filename) | 含 main | 判定: application,high,,,true,1439b561b52b6fea903a7a628def3031b632a46397bc20d264587bcd36678722,贪心算法——哈夫曼编码2.c,704,36,0,0,0,"cmp,main","贪心算法,哈夫曼编码2,贪心算法——哈夫曼编码2"
templates/贪心算法/贪心算法——回文数字.c,templates/基础算法/贪心算法/贪心算法——回文数字.c,贪心算法,基础算法,贪心算法,application,关键词命中: 贪心->基础算法 (via filename) | 含 main | 判定: application,high,,,true,add4a7a310ef0c5c5c16c2326f3a3714859e8291d97922bcc3c473544cf44fbf,贪心算法——回文数字.c,1157,55,0,0,0,main,"贪心算法,回文数字,贪心算法——回文数字"
templates/贪心算法/贪心算法——子数组升序.c,templates/基础算法/贪心算法/贪心算法——子数组升序.c,贪心算法,基础算法,贪心算法,application,关键词命中: 贪心->基础算法 (via filename) | 含 main | 判定: application,high,,,true,6f07eb01ae8703e64450583a5f972b6d5c00bf70cf2b23669eacd929aa1ffa21,贪心算法——子数组升序.c,687,43,0,0,0,"min,max,main","贪心算法,子数组升序,贪心算法——子数组升序"
templates/贪心算法/贪心算法——字符转换.c,templates/基础算法/贪心算法/贪心算法——字符转换.c,贪心算法,基础算法,贪心算法,runnable_template,关键词命中: 贪心->基础算法 (via filename) | 含 main | 判定: runnable_template,high,,,true,3fedde038217242eb867004c5e3fc8e31be414bf25d506cfb7d253a9c90d2aac,贪心算法——字符转换.c,1130,51,0,0,0,"canConvert,main","贪心算法,字符转换,贪心算法——字符转换"
templates/贪心算法/贪心算法——最大平均分.c,templates/基础算法/贪心算法/贪心算法——最大平均分.c,贪心算法,基础算法,贪心算法,runnable_template,关键词命中: 贪心->基础算法 (via filename) | 含 main | 判定: runnable_template,high,,,true,885614a255db3d2267e2cdeed5034972eeead07e93cd3bbf833cf1c89c67f57e,贪心算法——最大平均分.c,2147,75,0,0,0,"compare,maxAverageRatio,main","贪心算法,最大平均分,贪心算法——最大平均分"
templates/贪心算法/贪心算法——水龙头.c,templates/基础算法/贪心算法/贪心算法——水龙头.c,贪心算法,基础算法,贪心算法,runnable_template,关键词命中: 贪心->基础算法 (via filename) | 含 main | 判定: runnable_template,high,,,true,501a3e92d13adf1ba7da92f07dade393bd7760754f531c67cece0c8a5e7cb0b5,贪心算法——水龙头.c,1527,64,0,0,0,"minTaps,main","贪心算法,水龙头,贪心算法——水龙头"
templates/贪心算法/贪心算法——砍树.c,templates/基础算法/贪心算法/贪心算法——砍树.c,贪心算法,基础算法,贪心算法,application,关键词命中: 贪心->基础算法 (via filename) | 含 main | 判定: application,high,,,true,f78d1a3ceec72ab3bbde6cd16c22455a712a0ec3ce1e6617fac83d0a32efd583,贪心算法——砍树.c,1792,68,0,0,0,"read_input,compare,compute,main","贪心算法,砍树,贪心算法——砍树"
templates/贪心算法/贪心算法——组团买票.c,templates/基础算法/贪心算法/贪心算法——组团买票.c,贪心算法,基础算法,贪心算法,runnable_template,关键词命中: 贪心->基础算法 (via filename) | 含 main | 判定: runnable_template,high,,,true,409faa21ec2bc4c195f426bf5535ed53a40aa4278ec7fed832847798242e21dc,贪心算法——组团买票.c,3278,130,23,0,0,"game_earn,compare_games,enough2,main","贪心算法,组团买票,贪心算法——组团买票"
templates/贪心算法/贪心算法——组队.c,templates/基础算法/贪心算法/贪心算法——组队.c,贪心算法,基础算法,贪心算法,runnable_template,关键词命中: 贪心->基础算法 (via filename) | 含 main | 判定: runnable_template,high,,,true,005871bcaa6f17e516c5930494028d40e1c54ae01d0d4e409ffa8a82596fc5dc,贪心算法——组队.c,924,51,0,0,0,"max,cmp,abs,main","贪心算法,组队,贪心算法——组队"
templates/贪心算法/贪心算法——缩小偏移量.c,templates/基础算法/贪心算法/贪心算法——缩小偏移量.c,贪心算法,基础算法,贪心算法,runnable_template,关键词命中: 贪心->基础算法 (via filename) | 含 main | 判定: runnable_template,high,,,true,b6a27ded9584ab6c3bda852a648e1a5820d41fcbd7e58db0214fe191119f505d,贪心算法——缩小偏移量.c,1420,54,0,0,0,"compare,minimumDeviation,main","贪心算法,缩小偏移量,贪心算法——缩小偏移量"
templates/贪心算法/贪心算法——跳跃游戏.c,templates/基础算法/贪心算法/贪心算法——跳跃游戏.c,贪心算法,基础算法,贪心算法,runnable_template,关键词命中: 贪心->基础算法 (via filename) | 含 main | 判定: runnable_template,high,,,true,a3177f214fee54455710c9c70dcf7a056ebb6c76c0dc50065d66fd5944916c2f,贪心算法——跳跃游戏.c,921,45,0,0,0,"jump,main","贪心算法,跳跃游戏,贪心算法——跳跃游戏"
templates/贪心算法/贪心算法——过河.c,templates/基础算法/贪心算法/贪心算法——过河.c,贪心算法,基础算法,贪心算法,runnable_template,关键词命中: 贪心->基础算法 (via filename) | 含 main | 判定: runnable_template,high,,,true,aeb9dc2e6caeb9cdb2a2096b16c07c1ecf5a907718c2b175c6928112dbd39626,贪心算法——过河.c,813,45,0,0,0,"cmp,min,minCost,main","贪心算法,过河,贪心算法——过河"
templates/边分治/边分治——容斥.cpp,templates/图论/边分治/边分治——容斥.cpp,边分治,图论,边分治,runnable_template,关键词命中: 边分治->图论 (via filename) | 含 main | 代码内 URL×2 | 判定: runnable_template,high,https://www.luogu.com.cn/problem/CF833D,,true,ff5f0e7e87940689ea35468ebb3abd97e2cecefafdcc98a62c1a4fe8a6bf13ba,边分治——容斥.cpp,7005,257,14,2,0,"MAXN,MOD,Node,NodeCmp,power,addEdge1,addEdge2,rebuild","边分治,容斥,cpp,边分治——容斥"
templates/边分治/边分治——模板.cpp,templates/图论/边分治/边分治——模板.cpp,边分治,图论,边分治,runnable_template,关键词命中: 边分治->图论 (via filename) | 含 main | 代码内 URL×2 | 代码内题号×1 | 判定: runnable_template,high,https://hydro.ac/p/bzoj-P2870,P2870,true,35803544d89363ea7bd9cdf68e892b15caed6b25fbc9807b68f19c9ef1e0830a,边分治——模板.cpp,5596,213,10,2,1,"MAXN,Node,NodeCmp,addEdge1,addEdge2,rebuild,getSize,getCentroidEdge","边分治,模板,cpp,边分治——模板"
