current_path,filename,extension,size_bytes,lines,sha256,has_main,primary_algorithm,secondary_techniques,current_category,proposed_top_category,proposed_subcategory,proposed_path,file_kind,classification_basis,collision_status,review_required,actual_problem_url,possible_problem_id,url_count,problem_id_count,first_comment_lines,confidence,reason
templates/01分数规划/01分数规划——模板.cpp,01分数规划——模板.cpp,cpp,1917,69,9d98fd4227c6ebe87f1ff5565cf089fee77504be65f851cf53aee6c22a4e1f45,true,01分数规划,模板.cpp,01分数规划,数学,01分数规划,templates/数学/01分数规划/01分数规划——模板.cpp,runnable_template,primary_filename,none,false,https://www.luogu.com.cn/problem/P10505,P10505,2,0,10,high,primary_filename
templates/01分数规划/01分数规划——模板4.cpp,01分数规划——模板4.cpp,cpp,2726,98,a5ab38f7c2205eb9bcc5bc68c2d5415eb0804c576494e6ff105473c3c347d82e,true,01分数规划,模板4.cpp,01分数规划,数学,01分数规划,templates/数学/01分数规划/01分数规划——模板4.cpp,runnable_template,primary_filename,none,false,https://www.luogu.com.cn/problem/P3199,P3199,1,0,10,high,primary_filename
templates/01分数规划/01分数规划——模板5.cpp,01分数规划——模板5.cpp,cpp,3544,108,bc5e24a1d3905d7bf8f5b11e3f335359378e7f0e710bc034e6f00ade30fe6718,true,01分数规划,模板5.cpp,01分数规划,数学,01分数规划,templates/数学/01分数规划/01分数规划——模板5.cpp,runnable_template,primary_filename,none,false,https://www.luogu.com.cn/problem/P4322,P4322,1,0,11,high,primary_filename
templates/01分数规划/01分数规划——结合最小生成树.cpp,01分数规划——结合最小生成树.cpp,cpp,3452,94,24e58ba499d9c99f47e464e2846f466c824bc105b82f60947078b4990e8a6fda,true,01分数规划,结合最小生成树.cpp,01分数规划,数学,01分数规划,templates/数学/01分数规划/01分数规划——结合最小生成树.cpp,runnable_template,primary_filename,none,false,http://poj.org/problem?id=2728,,1,0,12,high,primary_filename
templates/01分数规划/01分数规划——部分参数有限制.cpp,01分数规划——部分参数有限制.cpp,cpp,2382,81,fe96b777ffeba0f690968006ed96ac428850915b8962f871a332a296e5e60b01,true,01分数规划,部分参数有限制.cpp,01分数规划,数学,01分数规划,templates/数学/01分数规划/01分数规划——部分参数有限制.cpp,example,primary_filename,none,false,https://www.luogu.com.cn/problem/P4377,P4377,1,0,11,high,primary_filename
templates/AC自动机/AC自动机——01分数规划.cpp,AC自动机——01分数规划.cpp,cpp,3671,159,90ab0d1de99581d31299937bf2b5c38ecc33082cedb1c639320abe6aa473c340,true,AC自动机,01分数规划.cpp,AC自动机,字符串,AC自动机,templates/字符串/AC自动机/AC自动机——01分数规划.cpp,runnable_template,primary_filename,none,false,https://www.luogu.com.cn/problem/P5319,P5319,1,0,3,high,primary_filename
templates/AC自动机/AC自动机——fail树.cpp,AC自动机——fail树.cpp,cpp,4981,188,21fba1d34f88d77c4a64ff94d2cca38ae2b93cbcd17c640297d359fff5b4c662,true,AC自动机,fail树.cpp,AC自动机,字符串,AC自动机,templates/字符串/AC自动机/AC自动机——fail树.cpp,runnable_template,primary_filename,none,false,https://www.luogu.com.cn/problem/P2414,P2414,1,0,16,high,primary_filename
templates/AC自动机/AC自动机——fail树上差分.cpp,AC自动机——fail树上差分.cpp,cpp,4337,181,0de2c7bf6a385e1811efe7eedd0015adc951e9e1c7f65bd8424d41a044b8c4b2,true,AC自动机,fail树上差分.cpp,AC自动机,字符串,AC自动机,templates/字符串/AC自动机/AC自动机——fail树上差分.cpp,runnable_template,primary_filename,none,false,https://www.luogu.com.cn/problem/solution/P5840,solution,1,0,8,high,primary_filename
templates/AC自动机/AC自动机——出现统计.cpp,AC自动机——出现统计.cpp,cpp,4029,180,189c4f83f2385d01dc0772a205b98f9d40b94329c47c6bba21e9c2ee2603c9dc,true,AC自动机,出现统计.cpp,AC自动机,字符串,AC自动机,templates/字符串/AC自动机/AC自动机——出现统计.cpp,runnable_template,primary_filename,none,false,https://www.luogu.com.cn/problem/P8451,P8451,1,0,9,high,primary_filename
templates/AC自动机/AC自动机——完备状态.cpp,AC自动机——完备状态.cpp,cpp,2756,129,f04f3b525e625e60a088fcdf27f78ff4c7223cfc7bee2658b2e859d507394a04,true,AC自动机,完备状态.cpp,AC自动机,字符串,AC自动机,templates/字符串/AC自动机/AC自动机——完备状态.cpp,runnable_template,primary_filename,none,false,https://www.luogu.com.cn/problem/P2444,P2444,1,0,5,high,primary_filename
templates/AC自动机/AC自动机——应用.cpp,AC自动机——应用.cpp,cpp,2147,83,a3c14dee6bfc2cfae552077810f4e032cf2e012dd19b739850eae3fa16eca886,true,AC自动机,应用.cpp,AC自动机,字符串,AC自动机,templates/字符串/AC自动机/AC自动机——应用.cpp,application,primary_filename,none,false,https://www.luogu.com.cn/problem/P3082,P3082,1,0,1,high,primary_filename
templates/AC自动机/AC自动机——模板.cpp,AC自动机——模板.cpp,cpp,3563,126,e920fb4b9d8a0113b203bc33d4ccfaba57e08954be2cb772db79e4716b2a54f7,true,AC自动机,模板.cpp,AC自动机,字符串,AC自动机,templates/字符串/AC自动机/AC自动机——模板.cpp,runnable_template,primary_filename,none,false,https://www.luogu.com.cn/problem/P5357,P5357,1,0,8,high,primary_filename
templates/AC自动机/AC自动机——综合应用.cpp,AC自动机——综合应用.cpp,cpp,2567,114,716358396257af783cf6dbf8220d55c5edcdb8d416ca6a3c6303672529711701,true,AC自动机,综合应用.cpp,AC自动机,字符串,AC自动机,templates/字符串/AC自动机/AC自动机——综合应用.cpp,application,primary_filename,none,false,,,0,0,2,high,primary_filename
templates/AC自动机/AC自动机——警报标记.cpp,AC自动机——警报标记.cpp,cpp,5252,173,05e93eee71d72f21c198d5aa1fbf41b4ca348312b6883f831d33e62bb74b81c1,true,AC自动机,警报标记.cpp,AC自动机,字符串,AC自动机,templates/字符串/AC自动机/AC自动机——警报标记.cpp,runnable_template,primary_filename,none,false,https://www.luogu.com.cn/problem/P3311,P3311,1,0,12,high,primary_filename
templates/AC自动机/基于AC自动机实现的文章词频检测.cpp,基于AC自动机实现的文章词频检测.cpp,cpp,3301,130,6973bfa779373e9116a43c4609e0f9a0d989c27422605598d70c3aa263145bc7,true,基于AC自动机实现的文章词频检测,,AC自动机,字符串,AC自动机,templates/字符串/AC自动机/基于AC自动机实现的文章词频检测.cpp,runnable_template,primary_filename,none,false,,,0,0,0,high,primary_filename
templates/CDQ分治/CDQ分治——三维偏序.cpp,CDQ分治——三维偏序.cpp,cpp,3805,139,d5d96a685679813f458c595f1182932f07c8612ad72d72bfc4db36afc987f366,true,CDQ分治,三维偏序.cpp,CDQ分治,数据结构,CDQ分治,templates/数据结构/CDQ分治/CDQ分治——三维偏序.cpp,runnable_template,primary_filename,none,false,https://www.luogu.com.cn/problem/P3810,P3810,1,0,15,high,primary_filename
templates/CDQ分治/CDQ分治——二维空间计数.cpp,CDQ分治——二维空间计数.cpp,cpp,3343,125,ed174ece1fefc4fef6ea2d85313ab62b941155ef2877db9a543d84d6fc706da5,true,CDQ分治,二维空间计数.cpp,CDQ分治,数据结构,CDQ分治,templates/数据结构/CDQ分治/CDQ分治——二维空间计数.cpp,runnable_template,primary_filename,none,false,https://www.luogu.com.cn/problem/P2163,P2163,1,0,13,high,primary_filename
templates/CDQ分治/CDQ分治——优化dp模板.cpp,CDQ分治——优化dp模板.cpp,cpp,7916,262,33210ddc7eadc5e37bb85a870c99eed6b762a7a03206d7a79564cda028c90517,true,CDQ分治,优化dp模板.cpp,CDQ分治,数据结构,CDQ分治,templates/数据结构/CDQ分治/CDQ分治——优化dp模板.cpp,runnable_template,primary_filename,none,false,https://www.luogu.com.cn/problem/P2487,P2487,1,0,20,high,primary_filename
templates/CDQ分治/CDQ分治——优化动态规划.cpp,CDQ分治——优化动态规划.cpp,cpp,4685,144,385ffa74cae0e1a8313f7924429cd9e5a365f2800b04ff831cb68fab31cc0f21,true,CDQ分治,优化动态规划.cpp,CDQ分治,数据结构,CDQ分治,templates/数据结构/CDQ分治/CDQ分治——优化动态规划.cpp,runnable_template,primary_filename,none,false,https://www.luogu.com.cn/problem/P4093,P4093,1,0,20,high,primary_filename
templates/CDQ分治/CDQ分治——加速计算.cpp,CDQ分治——加速计算.cpp,cpp,2220,80,f698105c26b38eaa880889b009e0c3908944e0aa932a032d7e930cef824d1f86,true,CDQ分治,加速计算.cpp,CDQ分治,数据结构,CDQ分治,templates/数据结构/CDQ分治/CDQ分治——加速计算.cpp,runnable_template,primary_filename,none,false,https://www.luogu.com.cn/problem/P5094,P5094,1,0,11,high,primary_filename
templates/CDQ分治/CDQ分治——动态逆序对.cpp,CDQ分治——动态逆序对.cpp,cpp,4547,156,e9a822c81dbcd5158435e84635f9ed8d030229b9c21d7c0cd7eedcdf300d3700,true,CDQ分治,动态逆序对.cpp,CDQ分治,数据结构,CDQ分治,templates/数据结构/CDQ分治/CDQ分治——动态逆序对.cpp,runnable_template,primary_filename,none,false,https://www.luogu.com.cn/problem/P3157,P3157,1,0,16,high,primary_filename
templates/CDQ分治/CDQ分治——四维偏序.cpp,CDQ分治——四维偏序.cpp,cpp,6627,221,106c8cc21d64d0bcee52c1b32a2c136c687980d8e15e22f764861b0d079d4278,true,CDQ分治,四维偏序.cpp,CDQ分治,数据结构,CDQ分治,templates/数据结构/CDQ分治/CDQ分治——四维偏序.cpp,runnable_template,primary_filename,none,false,https://www.luogu.com.cn/problem/P5621,P5621,1,0,20,high,primary_filename
templates/CDQ分治/CDQ分治——四维偏序优化dp.cpp,CDQ分治——四维偏序优化dp.cpp,cpp,5704,226,b76ebaaa4780a2be18f4bf75871d7ccc385008171c290435c8f1fc6b85ea2ed4,true,CDQ分治,四维偏序优化dp.cpp,CDQ分治,数据结构,CDQ分治,templates/数据结构/CDQ分治/CDQ分治——四维偏序优化dp.cpp,runnable_template,primary_filename,none,false,https://www.luogu.com.cn/problem/P4849,P4849,1,0,11,high,primary_filename
templates/CDQ分治/CDQ分治——坐标变换.cpp,CDQ分治——坐标变换.cpp,cpp,4064,176,dce35a3c2a4ffa710f65097f087971e9b5fd80f6a3fb941f88b1b3cfcc1fecd0,true,CDQ分治,坐标变换.cpp,CDQ分治,数据结构,CDQ分治,templates/数据结构/CDQ分治/CDQ分治——坐标变换.cpp,runnable_template,primary_filename,none,false,https://www.luogu.com.cn/problem/P4169,P4169,1,0,12,high,primary_filename
templates/CDQ分治/CDQ分治——添加和查询.cpp,CDQ分治——添加和查询.cpp,cpp,3260,140,638e252b533baac60005ed336f4197b30912f83cf3ad831121ec7ce17d96cf78,true,CDQ分治,添加和查询.cpp,CDQ分治,数据结构,CDQ分治,templates/数据结构/CDQ分治/CDQ分治——添加和查询.cpp,runnable_template,primary_filename,none,false,https://www.luogu.com.cn/problem/P4390,P4390,1,0,16,high,primary_filename
templates/CDQ分治/CDQ分治——范围窗口.cpp,CDQ分治——范围窗口.cpp,cpp,4107,156,afa020ace716a03a83e2cd7521114ee590c1de4440d056ee10081c2bd6822f52,true,CDQ分治,范围窗口.cpp,CDQ分治,数据结构,CDQ分治,templates/数据结构/CDQ分治/CDQ分治——范围窗口.cpp,runnable_template,primary_filename,none,false,https://www.luogu.com.cn/problem/CF1045G,CF1045G,2,0,17,high,primary_filename
templates/CDQ分治/CDQ分治——静态二维空间.cpp,CDQ分治——静态二维空间.cpp,cpp,2525,115,b9449c6fe4c73b398d592bf2273a4313a78a4763de355d51fbfb62cf25777c3f,true,CDQ分治,静态二维空间.cpp,CDQ分治,数据结构,CDQ分治,templates/数据结构/CDQ分治/CDQ分治——静态二维空间.cpp,runnable_template,primary_filename,none,false,https://www.luogu.com.cn/problem/P3755,P3755,1,0,10,high,primary_filename
templates/KMP/KMP算法——1based.cpp,KMP算法——1based.cpp,cpp,1668,64,b218a17b78cc256cae5e17ce15b0be489db53383b7a0d369b60b3cf211347942,true,KMP算法,1based.cpp,KMP,字符串,KMP,templates/字符串/KMP/KMP算法——1based.cpp,runnable_template,primary_filename,none,false,https://www.luogu.com.cn/problem/P3375,P3375,1,0,3,high,primary_filename
templates/KMP/KMP算法——next数组优化.cpp,KMP算法——next数组优化.cpp,cpp,2065,82,d752c7645cb710501b603f52faa760bd87b1bd3e75052722eb065841c87feb91,true,KMP算法,next数组优化.cpp,KMP,字符串,KMP,templates/字符串/KMP/KMP算法——next数组优化.cpp,runnable_template,primary_filename,none,false,https://www.luogu.com.cn/problem/P3375,P3375,1,0,1,high,primary_filename
templates/KMP/KMP算法——删除s2.cpp,KMP算法——删除s2.cpp,cpp,2186,86,3f94f5f116b4da117cb5f0a108edcb39b7037e39f94be0067b5c86dd97a7d9cd,true,KMP算法,删除s2.cpp,KMP,字符串,KMP,templates/字符串/KMP/KMP算法——删除s2.cpp,runnable_template,primary_filename,none,false,https://www.luogu.com.cn/problem/P4824,P4824,1,0,11,high,primary_filename
templates/KMP/KMP算法——数位dp.cpp,KMP算法——数位dp.cpp,cpp,5103,146,5c06a0b841aac23221e8a78d2bcda612db43733cb3e844d035f59fedb3cf652b,true,KMP算法,数位dp.cpp,KMP,字符串,KMP,templates/字符串/KMP/KMP算法——数位dp.cpp,runnable_template,primary_filename,none,false,https://leetcode.cn/problems/find-all-good-strings/,,1,0,6,high,primary_filename
templates/KMP/KMP算法——最短循环节.cpp,KMP算法——最短循环节.cpp,cpp,1544,46,d0a60f9d33ac8e1b119ebb2219b4b2b03bf6459ad2a3ca1a0f46cacdcbcec4c4,true,KMP算法,最短循环节.cpp,KMP,字符串,KMP,templates/字符串/KMP/KMP算法——最短循环节.cpp,runnable_template,primary_filename,none,false,https://www.luogu.com.cn/problem/P4391,P4391,1,0,14,high,primary_filename
templates/KMP/KMP算法——树上匹配.cpp,KMP算法——树上匹配.cpp,cpp,3223,130,9b98ad49f9d3e4a4a46886b0752dc2042755cb87d476753ae6b77045a6d067ef,true,KMP算法,树上匹配.cpp,KMP,字符串,KMP,templates/字符串/KMP/KMP算法——树上匹配.cpp,runnable_template,primary_filename,none,false,https://leetcode.cn/problems/linked-list-in-binary-tree/,,1,0,6,high,primary_filename
templates/KMP/KMP算法——模板.cpp,KMP算法——模板.cpp,cpp,1906,77,7c3f54357d9c6ee6dd24bbc4e7df97450a392b145f94a1d891848a88046c95e8,true,KMP算法,模板.cpp,KMP,字符串,KMP,templates/字符串/KMP/KMP算法——模板.cpp,runnable_template,primary_filename,none,false,https://www.luogu.com.cn/problem/P3375,P3375,1,0,3,high,primary_filename
templates/KMP/KMP算法——矩阵加速.cpp,KMP算法——矩阵加速.cpp,cpp,3778,122,aa5e986fa2ad119afdda2a8fd62f6451189a74fcb3b2c90f1a6a9bf4e0d1ab9a,false,KMP算法,矩阵加速.cpp,KMP,字符串,KMP,templates/字符串/KMP/KMP算法——矩阵加速.cpp,pure_template,primary_filename,none,false,https://www.luogu.com.cn/problem/P10581,P10581,1,0,5,high,primary_filename
templates/KMP/失配树——1based模板.cpp,失配树——1based模板.cpp,cpp,2586,102,7c26274102d46f92ce164aa233c7b70cc53d92226d3a439dd3452debe94a2443,true,失配树,1based模板.cpp,KMP,字符串,失配树,templates/字符串/失配树/失配树——1based模板.cpp,runnable_template,primary_filename,none,false,https://www.luogu.com.cn/problem/P5829,P5829,1,0,7,high,primary_filename
templates/KMP/失配树——应用.cpp,失配树——应用.cpp,cpp,1919,72,4eb60d736938b0bfcee3d9bb10fe13ce3af94c73a7c0308282c7e7a013783f91,true,失配树,应用.cpp,KMP,字符串,失配树,templates/字符串/失配树/失配树——应用.cpp,application,primary_filename,none,false,https://www.luogu.com.cn/problem/P2375,P2375,1,0,3,high,primary_filename
templates/KMP/失配树——模板.cpp,失配树——模板.cpp,cpp,3310,136,7a1fb602d3977c0be3d26e24494d993843ad99438fec2d9c3b8a03bdc482fc71,true,失配树,模板.cpp,KMP,字符串,失配树,templates/字符串/失配树/失配树——模板.cpp,runnable_template,primary_filename,none,false,https://www.luogu.com.cn/problem/P5829,P5829,1,0,6,high,primary_filename
templates/kruskal重构树/kruskal重构树——dfn序st表.cpp,kruskal重构树——dfn序st表.cpp,cpp,5022,196,00ac7980198d219a49330a89fa28e7b06b8dbe8ef5bd1c99f711c62cbab6f10c,true,kruskal重构树,dfn序st表.cpp,kruskal重构树,图论,生成树/kruskal重构树,templates/图论/生成树/kruskal重构树/kruskal重构树——dfn序st表.cpp,runnable_template,primary_filename,none,false,https://www.luogu.com.cn/problem/CF1706E,CF1706E,2,0,13,high,primary_filename
templates/kruskal重构树/kruskal重构树——到达z个不同点.cpp,kruskal重构树——到达z个不同点.cpp,cpp,3804,147,dc76b182c3ea1b73dc4346e235f2c73d45245b1c7a61609a1589a28609311c8e,true,kruskal重构树,到达z个不同点.cpp,kruskal重构树,图论,生成树/kruskal重构树,templates/图论/生成树/kruskal重构树/kruskal重构树——到达z个不同点.cpp,runnable_template,primary_filename,none,false,https://www.luogu.com.cn/problem/AT_agc002_d,AT_agc002_d,2,0,15,high,primary_filename
templates/kruskal重构树/kruskal重构树——可持久化线段树.cpp,kruskal重构树——可持久化线段树.cpp,cpp,6567,246,f5019c7a2796302a98b9d1331a88975b9dc5992d9c8276d36b194aa1f4d8b390,true,kruskal重构树,可持久化线段树.cpp,kruskal重构树,图论,生成树/kruskal重构树,templates/图论/生成树/kruskal重构树/kruskal重构树——可持久化线段树.cpp,runnable_template,primary_filename,none,false,https://www.luogu.com.cn/problem/P7834,P7834,1,0,15,high,primary_filename
templates/kruskal重构树/kruskal重构树——最大树.cpp,kruskal重构树——最大树.cpp,cpp,4245,142,fde4aed94900bdad93847b92cf1897d3f36ab843d69edaaf6e738591bd9352fb,true,kruskal重构树,最大树.cpp,kruskal重构树,图论,生成树/kruskal重构树,templates/图论/生成树/kruskal重构树/kruskal重构树——最大树.cpp,runnable_template,primary_filename,none,false,https://www.luogu.com.cn/problem/P9638,P9638,1,0,11,high,primary_filename
templates/kruskal重构树/kruskal重构树——最小生成树.cpp,kruskal重构树——最小生成树.cpp,cpp,4954,148,e5187416f514bba46807226e63a58ebda80476edfee80c53c89ef80c69fcb95a,true,kruskal重构树,最小生成树.cpp,kruskal重构树,图论,生成树/kruskal重构树,templates/图论/生成树/kruskal重构树/kruskal重构树——最小生成树.cpp,runnable_template,primary_filename,none,false,https://www.luogu.com.cn/problem/P3665,P3665,1,0,18,high,primary_filename
templates/kruskal重构树/kruskal重构树——模板.cpp,kruskal重构树——模板.cpp,cpp,3585,139,4b0fa7f82fd7d891b8f38720a3dab192b082af53ca250323bcf0a82b1053ef48,true,kruskal重构树,模板.cpp,kruskal重构树,图论,生成树/kruskal重构树,templates/图论/生成树/kruskal重构树/kruskal重构树——模板.cpp,runnable_template,primary_filename,none,false,https://www.luogu.com.cn/problem/P2245,P2245,1,0,11,high,primary_filename
templates/kruskal重构树/kruskal重构树——线段树.cpp,kruskal重构树——线段树.cpp,cpp,6767,249,db0f99501e0b3ded333c983fdaeea67eb77105b36de810ca75cddb085aa3de21,true,kruskal重构树,线段树.cpp,kruskal重构树,图论,生成树/kruskal重构树,templates/图论/生成树/kruskal重构树/kruskal重构树——线段树.cpp,runnable_template,primary_filename,none,false,https://www.luogu.com.cn/problem/CF1416D,CF1416D,2,0,19,high,primary_filename
templates/kruskal重构树/kruskal重构树——结合dijkstra.cpp,kruskal重构树——结合dijkstra.cpp,cpp,6022,213,abeaa45be12730861be2d9769bbdcd62efa9fc911131860c730d2cddd5cf6f12,true,kruskal重构树,结合dijkstra.cpp,kruskal重构树,图论,生成树/kruskal重构树,templates/图论/生成树/kruskal重构树/kruskal重构树——结合dijkstra.cpp,runnable_template,primary_filename,none,false,https://www.luogu.com.cn/problem/P4768,P4768,1,0,19,high,primary_filename
templates/Manacher/Manacher算法——划分子串.cpp,Manacher算法——划分子串.cpp,cpp,2062,61,62463d2cf3c89ea3e14bd5d84e7f5d96ea84049d8024212e9ad2b7aeb9809a2d,true,Manacher算法,划分子串.cpp,Manacher,字符串,Manacher,templates/字符串/Manacher/Manacher算法——划分子串.cpp,runnable_template,primary_filename,none,false,https://leetcode.cn/problems/maximum-number-of-non-overlapping-palindrome-substrings/,,1,0,8,high,primary_filename
templates/Manacher/Manacher算法——前k乘积.cpp,Manacher算法——前k乘积.cpp,cpp,2426,85,35e7313b2a8f25761ab9703b05dd52aec8bbf1988f0561f4b840f97b561ecdfe,true,Manacher算法,前k乘积.cpp,Manacher,字符串,Manacher,templates/字符串/Manacher/Manacher算法——前k乘积.cpp,runnable_template,primary_filename,none,false,https://www.luogu.com.cn/problem/P1659,P1659,1,0,9,high,primary_filename
templates/Manacher/Manacher算法——双回文子串.cpp,Manacher算法——双回文子串.cpp,cpp,2230,70,51dafb13528425de66ea0a18affa4828e3b1fd7b2d1131e1c61df0c4704fc472,true,Manacher算法,双回文子串.cpp,Manacher,字符串,Manacher,templates/字符串/Manacher/Manacher算法——双回文子串.cpp,runnable_template,primary_filename,none,false,https://www.luogu.com.cn/problem/P4555,P4555,1,0,10,high,primary_filename
templates/Manacher/Manacher算法——反演.cpp,Manacher算法——反演.cpp,cpp,2885,120,704c87b9287aa9eb419eddfd2dc7309419d6e7bdff0d9ba61404233e94001599,true,Manacher算法,反演.cpp,Manacher,字符串,Manacher,templates/字符串/Manacher/Manacher算法——反演.cpp,runnable_template,primary_filename,none,false,https://www.luogu.com.cn/problem/P3279,P3279,1,0,4,high,primary_filename
templates/Manacher/Manacher算法——回文串数量.cpp,Manacher算法——回文串数量.cpp,cpp,1938,71,d0929e7421a27c99950e3d2c2cc28af6e6109abb20374a406ed017975fba961e,true,Manacher算法,回文串数量.cpp,Manacher,字符串,Manacher,templates/字符串/Manacher/Manacher算法——回文串数量.cpp,runnable_template,primary_filename,none,false,https://www.luogu.com.cn/problem/P4287,P4287,1,0,6,high,primary_filename
templates/Manacher/Manacher算法——异或运算.cpp,Manacher算法——异或运算.cpp,cpp,1619,56,762c1c0b9b5046b66c0acc395fff3ce9ab3013e5d6ba565aab9eef0e4e67f1fb,false,Manacher算法,异或运算.cpp,Manacher,字符串,Manacher,templates/字符串/Manacher/Manacher算法——异或运算.cpp,pure_template,primary_filename,none,false,,,0,0,3,high,primary_filename
templates/Manacher/Manacher算法——模板.cpp,Manacher算法——模板.cpp,cpp,1956,55,b00d1d85d4b7eeca4fae04eb6ce8c9aa54025c5e8c282b1729283d2d01748152,true,Manacher算法,模板.cpp,Manacher,字符串,Manacher,templates/字符串/Manacher/Manacher算法——模板.cpp,runnable_template,primary_filename,none,false,https://www.luogu.com.cn/problem/P3805,P3805,1,0,6,high,primary_filename
templates/Manacher/回文自动机——fail指针.cpp,回文自动机——fail指针.cpp,cpp,2393,83,5a13d84291f0b9e440e8187442bd301023070fc3c9276032a0049d5c1ffb3a9a,true,回文自动机,fail指针.cpp,Manacher,字符串,回文自动机,templates/字符串/回文自动机/回文自动机——fail指针.cpp,runnable_template,primary_filename,none,false,https://www.luogu.com.cn/problem/P3649,P3649,1,0,7,high,primary_filename
templates/Manacher/回文自动机——模板.cpp,回文自动机——模板.cpp,cpp,2801,91,8264bd7175fa30c611965e80ef90178a34cde8fa6bc3a42be678bd6f82c6fc96,true,回文自动机,模板.cpp,Manacher,字符串,回文自动机,templates/字符串/回文自动机/回文自动机——模板.cpp,runnable_template,primary_filename,none,false,https://www.luogu.com.cn/problem/P5496,P5496,1,0,6,high,primary_filename
templates/tarjan/tarjan——LCA应用.cpp,tarjan——LCA应用.cpp,cpp,1729,72,3325ea59951fa2b719b44b2e4e89fdae4962c4ad6eb37b9fb59b7cad0a72eeb3,true,tarjan,LCA应用.cpp,tarjan,图论,Tarjan/通用,templates/图论/Tarjan/通用/tarjan——LCA应用.cpp,application,primary_filename,none,false,https://www.luogu.com.cn/problem/P7103,P7103,1,0,6,high,primary_filename
templates/tarjan/tarjan——LCA模板.cpp,tarjan——LCA模板.cpp,cpp,2793,108,6bae42a115ba7718fcbcc02c6a0e48a383e98fab760ce35419bd6d5da82c2681,true,tarjan,LCA模板.cpp,tarjan,图论,Tarjan/通用,templates/图论/Tarjan/通用/tarjan——LCA模板.cpp,runnable_template,primary_filename,none,false,https://www.luogu.com.cn/problem/P3379,P3379,1,0,9,high,primary_filename
templates/tarjan/tarjan——割点模板.cpp,tarjan——割点模板.cpp,cpp,2655,78,5c013318b9f29a8e202ff47ebdc2b1dd3a966e09be38fd39de67954ffae5e522,true,tarjan,割点模板.cpp,tarjan,图论,Tarjan/通用,templates/图论/Tarjan/通用/tarjan——割点模板.cpp,runnable_template,primary_filename,none,false,https://www.luogu.com.cn/problem/P3388,P3388,1,0,8,high,primary_filename
templates/tarjan/tarjan——并查集.cpp,tarjan——并查集.cpp,cpp,5058,200,4adc64f2e169395f4834f37fc0448df3949de81b74cb0523f6d95e99ba395abf,true,tarjan,并查集.cpp,tarjan,图论,Tarjan/通用,templates/图论/Tarjan/通用/tarjan——并查集.cpp,runnable_template,primary_filename,none,false,https://www.luogu.com.cn/problem/P10875,P10875,1,0,10,high,primary_filename
templates/tarjan/tarjan——桥模板.cpp,tarjan——桥模板.cpp,cpp,1647,69,4396b952e2f5b0b1c7149ef1c755c133ba6c7db84299f0ab54a8da608564d6a7,true,tarjan,桥模板.cpp,tarjan,图论,Tarjan/通用,templates/图论/Tarjan/通用/tarjan——桥模板.cpp,runnable_template,primary_filename,none,false,https://www.luogu.com.cn/problem/P1656,P1656,1,0,4,high,primary_filename
templates/tarjan/tarjan——点双连通分量.cpp,tarjan——点双连通分量.cpp,cpp,3400,104,4799d81ca4c8e6efa7a783c4073c3486af14f2e4ef0ff0566d761f22b14988c4,true,tarjan,点双连通分量.cpp,tarjan,图论,Tarjan/通用,templates/图论/Tarjan/通用/tarjan——点双连通分量.cpp,runnable_template,primary_filename,none,false,https://www.luogu.com.cn/problem/P8435,P8435,1,0,1,high,primary_filename
templates/tarjan/tarjan——线段树优化建边.cpp,tarjan——线段树优化建边.cpp,cpp,7440,217,7349d8396c730c5cd3c1764cae897da9195340420db7c036c34e7e7ba7dce69c,true,tarjan,线段树优化建边.cpp,tarjan,图论,Tarjan/通用,templates/图论/Tarjan/通用/tarjan——线段树优化建边.cpp,runnable_template,primary_filename,none,false,https://www.luogu.com.cn/problem/P5025,P5025,1,0,1,high,primary_filename
templates/tarjan/tarjan——缩点.cpp,tarjan——缩点.cpp,cpp,2626,96,97e7f69f45875c08fe0a18ee3b23192e19bb558eed5097dbab6ee5b86a935b2c,true,tarjan,缩点.cpp,tarjan,图论,Tarjan/通用,templates/图论/Tarjan/通用/tarjan——缩点.cpp,runnable_template,primary_filename,none,false,https://www.luogu.com.cn/problem/P2746,P2746,1,0,3,high,primary_filename
templates/tarjan/tarjan——边双缩点.cpp,tarjan——边双缩点.cpp,cpp,3499,175,e2e948ac0954665c208baabd2603f95c638b002f6e661c02fdd651563333802a,true,tarjan,边双缩点.cpp,tarjan,图论,Tarjan/通用,templates/图论/Tarjan/通用/tarjan——边双缩点.cpp,runnable_template,primary_filename,none,false,https://www.luogu.com.cn/problem/P10953,P10953,1,0,2,high,primary_filename
templates/tarjan/tarjan——边双缩点模板.cpp,tarjan——边双缩点模板.cpp,cpp,4694,178,17d488f3e72d910b739e131d7635f09d6b3eb16785f5e72822dd131c69e85cca,false,tarjan,边双缩点模板.cpp,tarjan,图论,Tarjan/通用,templates/图论/Tarjan/通用/tarjan——边双缩点模板.cpp,pure_template,primary_filename,none,false,https://www.luogu.com.cn/problem/P18867,P18867,1,0,2,high,primary_filename
templates/tarjan/tarjan——边双连通分量.cpp,tarjan——边双连通分量.cpp,cpp,3328,102,5f5c6a6a065cb158a07b6f6a2d6d367aac182aff86fdc421ec99f1a2e02e9cc4,true,tarjan,边双连通分量.cpp,tarjan,图论,Tarjan/通用,templates/图论/Tarjan/通用/tarjan——边双连通分量.cpp,runnable_template,primary_filename,none,false,https://www.luogu.com.cn/problem/P8436,P8436,1,0,1,high,primary_filename
templates/tarjan/圆方树——模板.cpp,圆方树——模板.cpp,cpp,3238,158,54e95b35e1f7542683df9c0f6b01ea495caa8de4ab407bc2c10b84df70359001,true,圆方树,模板.cpp,tarjan,图论,Tarjan/圆方树,templates/图论/Tarjan/圆方树/圆方树——模板[54e95b].cpp,runnable_template,primary_filename,resolved,true,https://www.luogu.com.cn/problem/P4320,P4320,1,0,4,medium,primary_filename
templates/tarjan/强连通分量/强连通分量——出入度.cpp,强连通分量——出入度.cpp,cpp,2330,104,39af913025d88297d301517757cedb509cd8ee9422a10e424f55577aefe685b2,true,强连通分量,出入度.cpp,tarjan,图论,Tarjan/强连通分量,templates/图论/Tarjan/强连通分量/强连通分量——出入度.cpp,runnable_template,primary_filename,none,false,https://www.luogu.com.cn/problem/P2341,P2341,1,0,10,high,primary_filename
templates/tarjan/强连通分量/强连通分量——动态规划.cpp,强连通分量——动态规划.cpp,cpp,3274,152,ef279ece40b9887430d51de0ff6a981ec57a8cce1e38ca6023e2ad326c72571d,true,强连通分量,动态规划.cpp,tarjan,图论,Tarjan/强连通分量,templates/图论/Tarjan/强连通分量/强连通分量——动态规划.cpp,runnable_template,primary_filename,none,false,https://www.luogu.com.cn/problem/P3387,P3387,1,0,9,high,primary_filename
templates/tarjan/强连通分量/强连通分量——模板.cpp,强连通分量——模板.cpp,cpp,2537,103,6beb38dff9aa849c4d63bf79da6d6b20a4de6a6a2a7273c59cc18813ac70cc50,true,强连通分量,模板.cpp,tarjan,图论,Tarjan/强连通分量,templates/图论/Tarjan/强连通分量/强连通分量——模板.cpp,runnable_template,primary_filename,none,false,https://www.luogu.com.cn/problem/B3609,B3609,1,0,11,high,primary_filename
templates/tarjan/点双/割点——应用.cpp,割点——应用.cpp,cpp,2361,85,f899206d45a2459bad0c4bbec0808f61039c1b2446876bd2d712b6b38250936c,true,割点,应用.cpp,tarjan,图论,Tarjan/割点,templates/图论/Tarjan/割点/割点——应用.cpp,application,primary_filename,none,false,https://www.luogu.com.cn/problem/P5058,P5058,1,0,17,high,primary_filename
templates/tarjan/点双/割点——模板.cpp,割点——模板.cpp,cpp,1925,83,b940ee4858b8da7b43c673a3de70881ba763491fc7d8fe0bbeddb5d259eaeb51,true,割点,模板.cpp,tarjan,图论,Tarjan/割点,templates/图论/Tarjan/割点/割点——模板.cpp,runnable_template,primary_filename,none,false,https://www.luogu.com.cn/problem/P3388,P3388,1,0,8,high,primary_filename
templates/tarjan/点双/圆方树——模板.cpp,圆方树——模板.cpp,cpp,3087,136,ea1445b2ddeb6eda082d7358c5c8ed9c6f85ea1209af9bcd40d234ef064a03ed,true,圆方树,模板.cpp,tarjan,图论,Tarjan/圆方树,templates/图论/Tarjan/圆方树/圆方树——模板[ea1445].cpp,runnable_template,primary_filename,resolved,true,https://www.luogu.com.cn/problem/P4320,P4320,1,0,11,medium,primary_filename
templates/tarjan/点双/圆方树——虚树.cpp,圆方树——虚树.cpp,cpp,4121,169,2acc08df5319427827315858f404065bf4aed86a8b840cd544be7725b45f7f71,true,圆方树,虚树.cpp,tarjan,图论,Tarjan/圆方树,templates/图论/Tarjan/圆方树/圆方树——虚树.cpp,runnable_template,primary_filename,none,false,https://www.luogu.com.cn/problem/P4606,P4606,1,0,11,high,primary_filename
templates/tarjan/点双/圆方树——重链剖分.cpp,圆方树——重链剖分.cpp,cpp,4215,179,004080db7bba704c4e9d230784037240b30fdf125472a8321f116d3c34ae3744,true,圆方树,重链剖分.cpp,tarjan,图论,Tarjan/圆方树,templates/图论/Tarjan/圆方树/圆方树——重链剖分.cpp,runnable_template,primary_filename,none,false,https://www.luogu.com.cn/problem/P4334,P4334,1,0,11,high,primary_filename
templates/tarjan/点双/点双——圆桌.cpp,点双——圆桌.cpp,cpp,3790,152,d4ed18a7ce1fa368f6bd9c1562fc3384910a00bcbbb8ba0f543e5265d1f8691b,true,点双,圆桌.cpp,tarjan,图论,Tarjan/点双连通分量,templates/图论/Tarjan/点双连通分量/点双——圆桌.cpp,runnable_template,primary_filename,none,false,https://www.luogu.com.cn/problem/SP2878,SP2878,2,0,11,high,primary_filename
templates/tarjan/点双/点双——模板.cpp,点双——模板.cpp,cpp,2618,105,136f907bb1ce872853a32aa15920bb4e55443a35ad3ebf3699a317e04507d4e3,true,点双,模板.cpp,tarjan,图论,Tarjan/点双连通分量,templates/图论/Tarjan/点双连通分量/点双——模板.cpp,runnable_template,primary_filename,none,false,https://www.luogu.com.cn/problem/P8435,P8435,1,0,11,high,primary_filename
templates/tarjan/边双/temp.cpp,temp.cpp,cpp,4344,189,e3260fda0a8ae3f85fedc6cf1bcac8aaba2faa709a58ac3f74b2dc680a346f23,true,temp,,tarjan,图论,Tarjan/通用,templates/图论/Tarjan/通用/temp.cpp,runnable_template,current_directory,none,false,https://www.luogu.com.cn/problem/CF555E,CF555E,2,0,10,medium,current_directory
templates/tarjan/边双/割边——应用.cpp,割边——应用.cpp,cpp,2093,85,fb0b80e22df7a385d5f1749a5a89489e197dd004652e5840bffdca87bef2f1d9,true,割边,应用.cpp,tarjan,图论,Tarjan/割边,templates/图论/Tarjan/割边/割边——应用.cpp,application,primary_filename,none,false,https://www.luogu.com.cn/problem/CF118E,CF118E,2,0,11,high,primary_filename
templates/tarjan/边双/割边——模板.cpp,割边——模板.cpp,cpp,2201,87,4820e9277f6129afb697ce3f3a04708574b7823be1cb6e212d2060a9e3f8901a,true,割边,模板.cpp,tarjan,图论,Tarjan/割边,templates/图论/Tarjan/割边/割边——模板.cpp,runnable_template,primary_filename,none,false,https://www.luogu.com.cn/problem/U582665,U582665,1,0,10,high,primary_filename
templates/tarjan/边双/边双——trail.cpp,边双——trail.cpp,cpp,3208,131,4ffcdf8d5ec7dcea2892195c421207105b7f67af3ebe209d71765c1a89dc11ca,true,边双,trail.cpp,tarjan,图论,Tarjan/边双连通分量,templates/图论/Tarjan/边双连通分量/边双——trail.cpp,runnable_template,primary_filename,none,false,https://www.luogu.com.cn/problem/CF652E,CF652E,2,0,12,high,primary_filename
templates/tarjan/边双/边双——并查集.cpp,边双——并查集.cpp,cpp,3458,167,23cde989fb61413d1710e270b16e50a7ea6df8a1f18762e07c32ecd14a641a12,true,边双,并查集.cpp,tarjan,图论,Tarjan/边双连通分量,templates/图论/Tarjan/边双连通分量/边双——并查集.cpp,runnable_template,primary_filename,none,false,https://acm.hdu.edu.cn/showproblem.php?pid=2460,,2,0,9,high,primary_filename
templates/tarjan/边双/边双——树的直径.cpp,边双——树的直径.cpp,cpp,4526,155,72549dfd73bf190f1af3b5f863ddfddeffa224fdcda08234fe1cfc7ee207e529,true,边双,树的直径.cpp,tarjan,图论,Tarjan/边双连通分量,templates/图论/Tarjan/边双连通分量/边双——树的直径.cpp,runnable_template,primary_filename,none,false,https://www.luogu.com.cn/problem/P5234,P5234,1,0,23,high,primary_filename
templates/tarjan/边双/边双——模板.cpp,边双——模板.cpp,cpp,2418,99,09097e41b5591987c3259a1ff1a3c4ee398b272be46557842f1f399dc760b186,true,边双,模板.cpp,tarjan,图论,Tarjan/边双连通分量,templates/图论/Tarjan/边双连通分量/边双——模板.cpp,runnable_template,primary_filename,none,false,https://www.luogu.com.cn/problem/P8436,P8436,1,0,11,high,primary_filename
templates/tarjan/边双/边双——边差分.cpp,边双——边差分.cpp,cpp,4344,189,e3260fda0a8ae3f85fedc6cf1bcac8aaba2faa709a58ac3f74b2dc680a346f23,true,边双,边差分.cpp,tarjan,图论,Tarjan/边双连通分量,templates/图论/Tarjan/边双连通分量/边双——边差分.cpp,runnable_template,primary_filename,none,false,https://www.luogu.com.cn/problem/CF555E,CF555E,2,0,10,high,primary_filename
templates/twosat/twosat——前缀优化建图.cpp,twosat——前缀优化建图.cpp,cpp,3705,162,a54e2831dacfd0b9c68f7a861207b8d550ddb49b559ddad1615c3404a69f353e,true,twosat,前缀优化建图.cpp,twosat,图论,2-SAT,templates/图论/2-SAT/twosat——前缀优化建图.cpp,runnable_template,primary_filename,none,false,https://www.luogu.com.cn/problem/CF1215F,CF1215F,1,0,2,high,primary_filename
templates/twosat/twosat——模板.cpp,twosat——模板.cpp,cpp,2471,100,c879d2b915e4c05d2fa323b561904cc8869fbe99f32e414c6cbcb8142470ce9c,true,twosat,模板.cpp,twosat,图论,2-SAT,templates/图论/2-SAT/twosat——模板.cpp,runnable_template,primary_filename,none,false,https://acm.hdu.edu.cn/showproblem.php?pid=3062,,1,0,2,high,primary_filename
templates/twosat/twosat——经典.cpp,twosat——经典.cpp,cpp,3563,130,fc40fb7c6cd5cb63f57001ad4da42a4d9c2309a5ccab84d65eb1fd07c6880f7d,true,twosat,经典.cpp,twosat,图论,2-SAT,templates/图论/2-SAT/twosat——经典.cpp,application,primary_filename,none,false,https://www.luogu.com.cn/problem/P6378,P6378,1,0,15,high,primary_filename
templates/twosat/twosat——输出方案.cpp,twosat——输出方案.cpp,cpp,3283,116,93022930c98f33f4d0f5e8b77798c1b8fdd474b9270a601d89b8bc78581ea81d,true,twosat,输出方案.cpp,twosat,图论,2-SAT,templates/图论/2-SAT/twosat——输出方案.cpp,runnable_template,primary_filename,none,false,http://poj.org/problem?id=3683,,1,0,1,high,primary_filename
templates/twosat/twosat——输出方案模板.cpp,twosat——输出方案模板.cpp,cpp,3363,121,92c292de81a77d300c1c4eb5f233540c74ee76b5bda2d35650e99995583e55d6,true,twosat,输出方案模板.cpp,twosat,图论,2-SAT,templates/图论/2-SAT/twosat——输出方案模板.cpp,runnable_template,primary_filename,none,false,https://www.luogu.com.cn/problem/P5782,P5782,1,0,2,high,primary_filename
templates/twosat/twosat——输出方案模板2.cpp,twosat——输出方案模板2.cpp,cpp,2059,97,0a1098dc226078613716be4e2cef2f1d7c32a7fbd7de7705789e6c1a34b55e69,true,twosat,输出方案模板2.cpp,twosat,图论,2-SAT,templates/图论/2-SAT/twosat——输出方案模板2.cpp,runnable_template,primary_filename,none,false,,,0,0,1,high,primary_filename
templates/二分图/二分图——HK算法.cpp,二分图——HK算法.cpp,cpp,2526,124,98e61cb0c0513ae0614b770b600fa62b9eea283f1327c2d36edd4d7f84d11644,true,二分图,HK算法.cpp,二分图,图论,二分图/通用,templates/图论/二分图/通用/二分图——HK算法.cpp,runnable_template,primary_filename,none,false,https://www.luogu.com.cn/problem/P3386,P3386,1,0,6,high,primary_filename
templates/二分图/二分图——匈牙利算法.cpp,二分图——匈牙利算法.cpp,cpp,1557,64,feea60fdf53ff615511c2a81708c8a301481f4f9b4244198c7238a0c088f6d35,true,二分图,匈牙利算法.cpp,二分图,图论,二分图/通用,templates/图论/二分图/通用/二分图——匈牙利算法.cpp,runnable_template,primary_filename,none,false,https://www.luogu.com.cn/problem/P3386,P3386,1,0,3,high,primary_filename
templates/二分图/二分图——最大匹配.cpp,二分图——最大匹配.cpp,cpp,1859,77,43ce21fb5bb80842603a5d9766af404c95a434fd118cd1510498bd3b9c49b892,true,二分图,最大匹配.cpp,二分图,图论,二分图/通用,templates/图论/二分图/通用/二分图——最大匹配.cpp,runnable_template,primary_filename,none,false,,,0,0,0,high,primary_filename
templates/二分图/匈牙利算法.cpp,匈牙利算法.cpp,cpp,1391,64,b0eb59776c639b5fc2af385b3146918b04cf2349706e82aa9a7bdc0369b44f9f,true,匈牙利算法,,二分图,图论,二分图/匈牙利算法,templates/图论/二分图/匈牙利算法/匈牙利算法.cpp,runnable_template,primary_filename,none,false,,,0,0,0,high,primary_filename
templates/优化求LCA/优化LCA——dfn序.cpp,优化LCA——dfn序.cpp,cpp,2433,105,b23723f70240e575546b980322c60a48f71048a2764a9bca38422b1304a50d7c,true,优化LCA,dfn序.cpp,优化求LCA,树上算法,LCA,templates/树上算法/LCA/优化LCA——dfn序.cpp,runnable_template,primary_filename,none,false,https://www.luogu.com.cn/problem/P3379,P3379,1,0,10,high,primary_filename
templates/优化求LCA/优化LCA——欧拉序.cpp,优化LCA——欧拉序.cpp,cpp,2534,103,b6f71af9af83e44be64f7be7738afd538d08cfde5e44515cdeb5fa5e6de2e3cf,true,优化LCA,欧拉序.cpp,优化求LCA,树上算法,LCA,templates/树上算法/LCA/优化LCA——欧拉序.cpp,runnable_template,primary_filename,none,false,https://www.luogu.com.cn/problem/P3379,P3379,1,0,11,high,primary_filename
templates/倍增st表/倍增和st表——前缀差分.cpp,倍增和st表——前缀差分.cpp,cpp,4015,115,ab6cc287bb9fafe8b1443ac18fd943ecb38dc5d80a69aff0429a3fe7e700516e,true,倍增和st表,前缀差分.cpp,倍增st表,基础算法,倍增,templates/基础算法/倍增/倍增和st表——前缀差分.cpp,runnable_template,primary_filename,none,false,https://www.luogu.com.cn/problem/P9019,P9019,1,0,16,high,primary_filename
templates/倍增st表/倍增和st表——基础.cpp,倍增和st表——基础.cpp,cpp,1250,50,a5a14ce79fb8f3e67b1703f9226dbf4497d3c204c22a014d764ce8481a9dd4da,true,倍增和st表,基础.cpp,倍增st表,基础算法,倍增,templates/基础算法/倍增/倍增和st表——基础.cpp,example,primary_filename,none,false,,,0,0,3,high,primary_filename
templates/倍增st表/倍增和st表——并查集.cpp,倍增和st表——并查集.cpp,cpp,2173,92,2987b747ae87d34ef1a4aa9961924c3fd6348d5e3c15cd667e7937228768442d,true,倍增和st表,并查集.cpp,倍增st表,基础算法,倍增,templates/基础算法/倍增/倍增和st表——并查集.cpp,runnable_template,primary_filename,none,false,https://www.luogu.com.cn/problem/P3295,P3295,1,0,7,high,primary_filename
templates/倍增st表/倍增和st表——最大公约数.cpp,倍增和st表——最大公约数.cpp,cpp,1227,52,a56db91db6e9f6fae63ae05998fccc07b978b9b80434228377c32dcc33d7016e,true,倍增和st表,最大公约数.cpp,倍增st表,基础算法,倍增,templates/基础算法/倍增/倍增和st表——最大公约数.cpp,runnable_template,primary_filename,none,false,https://www.luogu.com.cn/problem/P1890,P1890,1,0,7,high,primary_filename
templates/倍增st表/倍增和st表——查询最值.cpp,倍增和st表——查询最值.cpp,cpp,1960,60,704a7a9cd74591199ab11abe79da470ff632995608395c901a5a8c3612471514,true,倍增和st表,查询最值.cpp,倍增st表,基础算法,倍增,templates/基础算法/倍增/倍增和st表——查询最值.cpp,runnable_template,primary_filename,none,false,https://www.luogu.com.cn/problem/P2880,P2880,1,0,10,high,primary_filename
templates/倍增st表/倍增和st表——模板.cpp,倍增和st表——模板.cpp,cpp,4215,129,d093ea453028940d6474da44b85633d96d3035dee212c1257a12a7f31a39e7ed,true,倍增和st表,模板.cpp,倍增st表,基础算法,倍增,templates/基础算法/倍增/倍增和st表——模板.cpp,runnable_template,primary_filename,none,false,https://www.luogu.com.cn/problem/P4155,P4155,1,0,14,high,primary_filename
templates/其他/dfn序——综合应用.cpp,dfn序——综合应用.cpp,cpp,3023,137,61a4b10739da9ea6d8bdc04ad61630a6c6ef8c247fc28b3f6809aa49cfd05ea4,true,dfn序,综合应用.cpp,其他,基础算法,dfn序,templates/基础算法/dfn序/dfn序——综合应用.cpp,application,primary_filename,none,false,,,0,0,7,high,primary_filename
templates/其他/KM算法——指派问题.cpp,KM算法——指派问题.cpp,cpp,3812,115,215699eb03035d52488da6b50cd20cf1078cd6345e8bc31dacb1df072c469d4a,true,KM算法,指派问题.cpp,其他,图论,二分图/KM算法,templates/图论/二分图/KM算法/KM算法——指派问题.cpp,runnable_template,primary_filename,none,false,,,0,0,0,high,primary_filename
templates/其他/LCA——三节点.cpp,LCA——三节点.cpp,cpp,4327,185,8768ec51bf3b6640ec5a6b597ff5874ee85f63c202fe68aea7d8622731898282,true,LCA,三节点.cpp,其他,树上算法,LCA,templates/树上算法/LCA/LCA——三节点.cpp,runnable_template,primary_filename,none,false,,,0,0,0,high,primary_filename
templates/其他/ODT树——应用.cpp,ODT树——应用.cpp,cpp,2665,103,942939ae7622f27b1d828319969c76495a2815535a77442023794c37ce8f55d2,true,ODT树,应用.cpp,其他,数据结构,ODT,templates/数据结构/ODT/ODT树——应用.cpp,application,primary_filename,none,false,,,0,0,1,high,primary_filename
templates/其他/ODT树——模板.cpp,ODT树——模板.cpp,cpp,4190,135,cb793df75210aa91ff843e9a26dccd2cca2edcc881f6bec1323a7157af12a821,false,ODT树,模板.cpp,其他,数据结构,ODT,templates/数据结构/ODT/ODT树——模板.cpp,pure_template,primary_filename,none,false,https://codeforces.com/problemset/problem/896/C,,1,0,5,high,primary_filename
templates/其他/tsp结合三进制状压.cpp,tsp结合三进制状压.cpp,cpp,2403,97,f0dd13cf4e44d334f7f2f6f55e0fa24fccaf4312a642341b1bbcafe914cc169c,true,tsp结合三进制状压,,其他,搜索,TSP,templates/搜索/TSP/tsp结合三进制状压.cpp,runnable_template,primary_filename,none,false,https://acm.hdu.edu.cn/showproblem.php?pid=3001,,1,0,9,high,primary_filename
templates/其他/三分——模板.cpp,三分——模板.cpp,cpp,1411,62,6a78aaa158bd8687a1587ffaa4dbb957b5193c1eb072d0a388e08a72e590aa7d,true,三分,模板.cpp,其他,基础算法,三分,templates/基础算法/三分/三分——模板.cpp,application,primary_filename,none,false,https://www.luogu.com.cn/problem/P1883,P1883,1,0,5,high,primary_filename
templates/其他/二分图——染色法判断.cpp,二分图——染色法判断.cpp,cpp,1171,65,64b8c987a6fe8ae4f89242761476c523e809fe353e8779f3cffc967e90280c42,true,二分图,染色法判断.cpp,其他,图论,二分图/通用,templates/图论/二分图/通用/二分图——染色法判断.cpp,runnable_template,primary_filename,none,false,,,0,0,0,high,primary_filename
templates/其他/二分法——吃香蕉.c,二分法——吃香蕉.c,c,699,38,b2ad1b27e5f2ff4d3b594dde2ffc36ea517d34954d602d7f23f6a535851697cd,true,二分法,吃香蕉.c,其他,基础算法,二分,templates/基础算法/二分/二分法——吃香蕉.c,runnable_template,primary_filename,none,false,,,0,0,0,high,primary_filename
templates/其他/二分法——找到最左大于一个数的数字.c,二分法——找到最左大于一个数的数字.c,c,441,25,091c4b5e5f1746047990acacb613f8fe9963244ae558e8c6ebcb0d8735945caf,true,二分法,找到最左大于一个数的数字.c,其他,基础算法,二分,templates/基础算法/二分/二分法——找到最左大于一个数的数字.c,application,primary_filename,none,false,,,0,0,0,high,primary_filename
templates/其他/二分法——找峰值.c,二分法——找峰值.c,c,866,38,451e3600232ac9e4354f89b965435651ec84f7c8ab52be7259fd03b54b5fe49e,true,二分法,找峰值.c,其他,基础算法,二分,templates/基础算法/二分/二分法——找峰值.c,application,primary_filename,none,false,,,0,0,0,high,primary_filename
templates/其他/二分法——最小数对距离.c,二分法——最小数对距离.c,c,849,42,2ab4b52a26140fe17f0f5bd2144325fe9ecff79c6028d234ffe77b9dc678c632,true,二分法,最小数对距离.c,其他,基础算法,二分,templates/基础算法/二分/二分法——最小数对距离.c,runnable_template,primary_filename,none,false,,,0,0,0,high,primary_filename
templates/其他/二分法——机器人跳跃.c,二分法——机器人跳跃.c,c,859,46,fb537e76e5953589c1f596a01bf0636dfabf3b5381d5589865d8ab150d1c27e4,true,二分法,机器人跳跃.c,其他,基础算法,二分,templates/基础算法/二分/二分法——机器人跳跃.c,runnable_template,primary_filename,none,false,,,0,0,0,high,primary_filename
templates/其他/二分法——杀死怪物.c,二分法——杀死怪物.c,c,1064,40,50e84d41f731e43cc5dc1018baba5946a7db997732eba6489062a63741712cf4,true,二分法,杀死怪物.c,其他,基础算法,二分,templates/基础算法/二分/二分法——杀死怪物.c,runnable_template,primary_filename,none,false,,,0,0,0,high,primary_filename
templates/其他/二分法——水温.c,二分法——水温.c,c,1505,60,bfd2505d7f4d1cfb4ddc4c8647361229ec57ae1bc700656e8b96740823ccd206,true,二分法,水温.c,其他,基础算法,二分,templates/基础算法/二分/二分法——水温.c,runnable_template,primary_filename,none,false,,,0,0,0,high,primary_filename
templates/其他/二分法——电脑充电.c,二分法——电脑充电.c,c,730,40,6bebb4310887cf1a46dcae3afa2b7628ccc03d387c2f8bb0fe2ed9fe1e1a9596,true,二分法,电脑充电.c,其他,基础算法,二分,templates/基础算法/二分/二分法——电脑充电.c,runnable_template,primary_filename,none,false,,,0,0,0,high,primary_filename
templates/其他/二分法——画匠问题.c,二分法——画匠问题.c,c,787,42,5c17f47bd72d15076dedffc224bc3edf1055542f10992baa15d9bfa68b6161b6,true,二分法,画匠问题.c,其他,基础算法,二分,templates/基础算法/二分/二分法——画匠问题.c,runnable_template,primary_filename,none,false,,,0,0,0,high,primary_filename
templates/其他/二分法——等待时间.c,二分法——等待时间.c,c,876,41,93f8579608753a3d0360e8ef524305136595b6caeada62439c5df0b365fec2e2,true,二分法,等待时间.c,其他,基础算法,二分,templates/基础算法/二分/二分法——等待时间.c,runnable_template,primary_filename,none,false,,,0,0,0,high,primary_filename
templates/其他/二分法——结合树上问题.cpp,二分法——结合树上问题.cpp,cpp,3016,123,1f97ea5c9d4fc19f35d0841be610af0e8860bcc106fdd4583f46f5cc347f7276,true,二分法,结合树上问题.cpp,其他,基础算法,二分,templates/基础算法/二分/二分法——结合树上问题.cpp,runnable_template,primary_filename,none,false,,,0,0,13,high,primary_filename
templates/其他/二叉树.c,二叉树.c,c,1734,79,5e6acf80dc3bd175d21479b3500675aebac193aeba8783badb3752bf80fae667,true,二叉树,,其他,数据结构,二叉树,templates/数据结构/二叉树/二叉树.c,runnable_template,primary_filename,none,false,,,0,0,0,high,primary_filename
templates/其他/二叉树——前中后遍历.c,二叉树——前中后遍历.c,c,543,27,0f51edfe1d4def505f4aee02682ca5859eebc93f97fa7070b2023b10cba8dd8f,true,二叉树,前中后遍历.c,其他,数据结构,二叉树,templates/数据结构/二叉树/二叉树——前中后遍历.c,runnable_template,primary_filename,none,false,,,0,0,0,high,primary_filename
templates/其他/二进位制打印.c,二进位制打印.c,c,352,25,59fb6e018e69e8052b9da2f489ca31ddf1fffd42432adeebc24f055d9003a4df,true,二进位制打印,,其他,基础算法,位运算,templates/基础算法/位运算/二进位制打印.c,runnable_template,primary_filename,none,false,,,0,0,0,high,primary_filename
templates/其他/位图——模板.cpp,位图——模板.cpp,cpp,2409,85,7cf674378827293e0eede8873b470dc88b13fd7b7df434a11f1b2e9e756dd9d0,true,位图,模板.cpp,其他,基础算法,位运算/位图,templates/基础算法/位运算/位图/位图——模板.cpp,runnable_template,primary_filename,none,false,,,0,0,0,high,primary_filename
templates/其他/位图——状态压缩.cpp,位图——状态压缩.cpp,cpp,929,38,dc5b29259a1478f8bc390aaa544dbefaedf63b62b251095101dba8d3cac0d395,true,位图,状态压缩.cpp,其他,基础算法,位运算/位图,templates/基础算法/位运算/位图/位图——状态压缩.cpp,application,primary_filename,none,false,https://www.luogu.com.cn/problem/P1441,P1441,1,0,2,high,primary_filename
templates/其他/位运算的加减乘除.c,位运算的加减乘除.c,c,1519,78,d47a676919ead37db208388e7ddabd6917acb10cc2afb799577294664a9a2505,true,位运算的加减乘除,,其他,基础算法,位运算,templates/基础算法/位运算/位运算的加减乘除.c,runnable_template,primary_filename,none,false,,,0,0,1,high,primary_filename
templates/其他/位运算的神奇操作.c,位运算的神奇操作.c,c,998,41,ccab0d7b55b46c189774cd221524fd982878cea8177d42a178b679006f98ef90,true,位运算的神奇操作,,其他,基础算法,位运算,templates/基础算法/位运算/位运算的神奇操作.c,application,primary_filename,none,false,,,0,0,1,high,primary_filename
templates/其他/前缀信息——最长和值.cpp,前缀信息——最长和值.cpp,cpp,890,36,d28f8a498fb55ad1e989a0187807b4d651afd46f072233ac729320d1a2a2f9df,true,前缀信息,最长和值.cpp,其他,基础算法,前缀信息,templates/基础算法/前缀信息/前缀信息——最长和值.cpp,runnable_template,primary_filename,none,false,https://www.nowcoder.com/practice/36fb0fd3c656480c92b569258a1223d5,,1,0,8,high,primary_filename
templates/其他/双指针——奇偶数位.cpp,双指针——奇偶数位.cpp,cpp,531,30,8a06165a627a1c76c7c5d3cb60365d64d401138aa92affd2d2d2ea8fa09109cb,true,双指针,奇偶数位.cpp,其他,基础算法,双指针,templates/基础算法/双指针/双指针——奇偶数位.cpp,application,primary_filename,none,false,,,0,0,0,high,primary_filename
templates/其他/双指针——快慢指针.cpp,双指针——快慢指针.cpp,cpp,431,24,4af3aa4e92520dc27b155ba374bd4b44709051fc03e677f7c12e160df949882b,true,双指针,快慢指针.cpp,其他,基础算法,双指针,templates/基础算法/双指针/双指针——快慢指针.cpp,application,primary_filename,none,false,,,0,0,0,high,primary_filename
templates/其他/启发式合并.cpp,启发式合并.cpp,cpp,1418,56,6b2e36ff7c00854b76ffc09fc7af845613aaed2f5a4ac2c029c2f1d0ccae5dda,true,启发式合并,,其他,树上算法,启发式合并,templates/树上算法/启发式合并/启发式合并.cpp,runnable_template,primary_filename,none,false,,,0,0,1,high,primary_filename
templates/其他/带权二分——应用.cpp,带权二分——应用.cpp,cpp,1876,97,67a20bec66cb181bc2265328105996d9d20484dc78131b8ee5a0fe4ab6ff6bf4,true,带权二分,应用.cpp,其他,基础算法,二分/带权二分,templates/基础算法/二分/带权二分/带权二分——应用.cpp,application,primary_filename,none,false,https://www.luogu.com.cn/problem/P2798,P2798,1,0,2,high,primary_filename
templates/其他/带权二分——恰好k个.cpp,带权二分——恰好k个.cpp,cpp,2697,129,5de4d33d835a201b9c4fbbef172459050ee0d9213cdfa98a7f4b1fc9d23c39ea,true,带权二分,恰好k个.cpp,其他,基础算法,二分/带权二分,templates/基础算法/二分/带权二分/带权二分——恰好k个.cpp,runnable_template,primary_filename,none,false,https://www.luogu.com.cn/problem/P5633,P5633,1,0,3,high,primary_filename
templates/其他/带权二分——模板.cpp,带权二分——模板.cpp,cpp,2838,109,67aa15f5205f9218754eff9ec92f1d013a0b22ccbd12fef5308fe31025e5799e,true,带权二分,模板.cpp,其他,基础算法,二分/带权二分,templates/基础算法/二分/带权二分/带权二分——模板.cpp,runnable_template,primary_filename,none,false,https://www.luogu.com.cn/problem/P2619,P2619,1,0,10,high,primary_filename
templates/其他/异或的神奇操作.c,异或的神奇操作.c,c,1364,38,e2b45f49c205e09c8a22f0fb4211b09ae6b8599de901edfe80f81b6f6d337220,true,异或的神奇操作,,其他,基础算法,位运算/异或,templates/基础算法/位运算/异或/异或的神奇操作.c,application,primary_filename,none,false,,,0,0,1,high,primary_filename
templates/其他/归并——逆序对数量.cpp,归并——逆序对数量.cpp,cpp,1066,58,5c2510804f2d3fe82ef320635826f932a1301b3eedc141b3deb0f235058a6071,false,归并,逆序对数量.cpp,其他,基础算法,排序/归并,templates/基础算法/排序/归并/归并——逆序对数量.cpp,pure_template,primary_filename,none,false,,,0,0,0,high,primary_filename
templates/其他/归并分治.c,归并分治.c,c,1083,54,98387265042b85606ed464fb084b097b1293680953d7e48ffe6eed9e0125bdea,true,归并分治,,其他,基础算法,排序/归并,templates/基础算法/排序/归并/归并分治.c,runnable_template,keyword_in_filename_fallback,none,false,,,0,0,0,medium,keyword_in_filename_fallback
templates/其他/归并排序.c,归并排序.c,c,1635,64,27777b1830dcb0462377514537e729357230772e4e21ba726abb3633a45fb0d8,true,归并排序,,其他,基础算法,排序/归并排序,templates/基础算法/排序/归并排序/归并排序.c,runnable_template,primary_filename,none,false,,,0,0,0,high,primary_filename
templates/其他/扫描线——区间长度.cpp,扫描线——区间长度.cpp,cpp,2745,93,2b2d0242b0031e66f6a4e3ae2f628fc1612499b42ccd99ef2984e3f44830946f,true,扫描线,区间长度.cpp,其他,基础算法,扫描线,templates/基础算法/扫描线/扫描线——区间长度.cpp,runnable_template,primary_filename,none,false,https://leetcode.cn/problems/minimum-interval-to-include-each-query/,,1,0,9,high,primary_filename
templates/其他/扫描线——天际线.cpp,扫描线——天际线.cpp,cpp,3949,132,8757fdd57d402bf88b615e0b7c4d75a49a657f3a484ab68b16ff9f5dfa755d27,true,扫描线,天际线.cpp,其他,基础算法,扫描线,templates/基础算法/扫描线/扫描线——天际线.cpp,runnable_template,primary_filename,none,false,https://leetcode.cn/problems/the-skyline-problem/,,1,0,5,high,primary_filename
templates/其他/扫描线——天际线2.cpp,扫描线——天际线2.cpp,cpp,3787,125,d1e5bc621783bc19507f1a1ad31c7f3fa47af5dbd5514306f5f8e9390af49ad0,true,扫描线,天际线2.cpp,其他,基础算法,扫描线,templates/基础算法/扫描线/扫描线——天际线2.cpp,runnable_template,primary_filename,none,false,https://www.luogu.com.cn/problem/P1904,P1904,1,0,5,high,primary_filename
templates/其他/排序——三傻排序.c,排序——三傻排序.c,c,1406,74,f15d455f4df54bb4dfb2e8332dd3d0ccac4a9559ce2a25264a59f78e7eff5c48,true,排序,三傻排序.c,其他,基础算法,排序,templates/基础算法/排序/排序——三傻排序.c,runnable_template,primary_filename,none,false,,,0,0,0,high,primary_filename
templates/其他/排序——三大高级排序.c,排序——三大高级排序.c,c,4928,222,3bb54c4b0f9e0df4f5774e96795cf0579171cceeb408ac05b53f40cf4586f866,true,排序,三大高级排序.c,其他,基础算法,排序,templates/基础算法/排序/排序——三大高级排序.c,runnable_template,primary_filename,none,false,,,0,0,0,high,primary_filename
templates/其他/排序——基数排序.c,排序——基数排序.c,c,1240,63,d96529808eb386f0b636dd6abb83fc1c17937b0a371ebcb7ba44f9dadb15b169,true,排序,基数排序.c,其他,基础算法,排序,templates/基础算法/排序/排序——基数排序.c,runnable_template,primary_filename,none,false,,,0,0,0,high,primary_filename
templates/其他/排序——堆排序.c,排序——堆排序.c,c,1587,82,718b3755c4e8f967a5799bdbd0f833209b7347cb12c79a78fafc803fd3d5e5cd,true,排序,堆排序.c,其他,基础算法,排序,templates/基础算法/排序/排序——堆排序.c,runnable_template,primary_filename,none,false,,,0,0,0,high,primary_filename
templates/其他/排序——随机快速排序.c,排序——随机快速排序.c,c,1104,59,fb849684a86c854481fcbca644f46bd371f03f3f38759a50c46fe6d1061a2fb0,true,排序,随机快速排序.c,其他,基础算法,排序,templates/基础算法/排序/排序——随机快速排序.c,runnable_template,primary_filename,none,false,,,0,0,0,high,primary_filename
templates/其他/排序——随机快速排序2.c,排序——随机快速排序2.c,c,1314,71,59eb027b72bf2967b39eccd826e409498a5d0ff1ca019d0cbef60fb0f88ac4b6,true,排序,随机快速排序2.c,其他,基础算法,排序,templates/基础算法/排序/排序——随机快速排序2.c,runnable_template,primary_filename,none,false,,,0,0,0,high,primary_filename
templates/其他/搜索——n皇后.c,搜索——n皇后.c,c,629,34,cef97772745bdbc39e1f8373018d72d383a82e7bb0ad04faa820c55a8b3fb6e5,true,搜索,n皇后.c,其他,搜索,通用,templates/搜索/通用/搜索——n皇后.c,runnable_template,primary_filename,none,false,,,0,0,0,high,primary_filename
templates/其他/极大化思想最大子矩阵.cpp,极大化思想最大子矩阵.cpp,cpp,1844,85,a6d7d3c4c8f16853958d21c283e3d36599d31d54b82bae5f828f3eccc304bb32,true,极大化思想最大子矩阵,,其他,其他,未分类,templates/其他/未分类/极大化思想最大子矩阵.cpp,application,no_match,none,false,,,0,0,2,low,no_match
templates/其他/枚举子集——卡常.cpp,枚举子集——卡常.cpp,cpp,1701,54,db57fe705e524ce32b0cff262e6311abf91ad8e8c206375696fdf2881a788fff,true,枚举子集,卡常.cpp,其他,基础算法,枚举子集,templates/基础算法/枚举子集/枚举子集——卡常.cpp,runnable_template,primary_filename,none,false,,,0,0,1,high,primary_filename
templates/其他/社会基尼系数.c,社会基尼系数.c,c,2223,106,29837511464e988ebe6f44c3f8fe95ee5d52c33e7f72a130f4e5138aadeb5c39,true,社会基尼系数,,其他,其他,未分类,templates/其他/未分类/社会基尼系数.c,runnable_template,no_match,none,false,,,0,0,0,low,no_match
templates/其他/线段最小覆盖问题.cpp,线段最小覆盖问题.cpp,cpp,2685,134,d1125857f068ac74130a131498e7b4508033e962a9021bc0b380dd374a67992c,true,线段最小覆盖问题,,其他,其他,未分类,templates/其他/未分类/线段最小覆盖问题.cpp,runnable_template,no_match,none,false,,,0,0,1,low,no_match
templates/其他/递归函数.c,递归函数.c,c,401,21,f2d6d3dc2e7f285f711d56e481dd21d7c25f873b0f06ea0553c4a2307412a252,true,递归函数,,其他,基础算法,递归,templates/基础算法/递归/递归函数.c,runnable_template,primary_filename,none,false,,,0,0,0,high,primary_filename
templates/其他/高精度——乘法.c,高精度——乘法.c,c,727,41,0a4d77b858ca729278604f390e12992d38c573f783f706b400b3a861a5659bae,true,高精度,乘法.c,其他,基础算法,高精度,templates/基础算法/高精度/高精度——乘法.c,application,primary_filename,none,false,,,0,0,1,high,primary_filename
templates/其他/高精度——减法.c,高精度——减法.c,c,1178,71,1a56f1c5a4b28d7a6c65255fe4868c7a5a85ba23eab4665d86aa0f1a3565669c,true,高精度,减法.c,其他,基础算法,高精度,templates/基础算法/高精度/高精度——减法.c,runnable_template,primary_filename,none,false,,,0,0,1,high,primary_filename
templates/其他/高精度——加法.c,高精度——加法.c,c,703,41,f3fbfe13168cc9c30fa328da9f5f0dd9f37864e71bc81c9e7a552ae7b83d12af,true,高精度,加法.c,其他,基础算法,高精度,templates/基础算法/高精度/高精度——加法.c,application,primary_filename,none,false,,,0,0,1,high,primary_filename
templates/其他/高精度——除法（高对低）.c,高精度——除法（高对低）.c,c,500,33,e90796a2d0f097416df677ba288385b427b18c91a66852618e2fc68f609e8720,true,高精度,除法（高对低）.c,其他,基础算法,高精度,templates/基础算法/高精度/高精度——除法（高对低）.c,application,primary_filename,none,false,,,0,0,1,high,primary_filename
templates/其他/高精度——除法（高对高）.c,高精度——除法（高对高）.c,c,703,41,f3fbfe13168cc9c30fa328da9f5f0dd9f37864e71bc81c9e7a552ae7b83d12af,true,高精度,除法（高对高）.c,其他,基础算法,高精度,templates/基础算法/高精度/高精度——除法（高对高）.c,application,primary_filename,none,false,,,0,0,1,high,primary_filename
templates/分块 莫队/分块/分块——bfs.cpp,分块——bfs.cpp,cpp,4827,128,7d23f90a3de6fa10ade73ddeaa090f4da3cc1f521067a0acaf9e37044c841420,true,分块,bfs.cpp,分块 莫队,基础算法,分块,templates/基础算法/分块/分块——bfs.cpp,runnable_template,primary_filename,none,false,https://www.luogu.com.cn/problem/P10590,P10590,2,0,19,high,primary_filename
templates/分块 莫队/分块/分块——块长优化.cpp,分块——块长优化.cpp,cpp,5676,207,6f81329f2a2d23b0f4e4b37e1fe3683eae7bf514eb46e5c1231295da7f6aeeb7,true,分块,块长优化.cpp,分块 莫队,基础算法,分块,templates/基础算法/分块/分块——块长优化.cpp,runnable_template,primary_filename,none,false,https://www.luogu.com.cn/problem/P5356,P5356,1,0,14,high,primary_filename
templates/分块 莫队/分块/分块——并查集.cpp,分块——并查集.cpp,cpp,6084,195,374b2f400ad970b808ca7a74778c49f7701aebfec4154a48d94a8cbfa3e9d67a,true,分块,并查集.cpp,分块 莫队,基础算法,分块,templates/基础算法/分块/分块——并查集.cpp,runnable_template,primary_filename,none,false,https://www.luogu.com.cn/problem/P4117,P4117,1,0,15,high,primary_filename
templates/分块 莫队/分块/分块——序列结合树上.cpp,分块——序列结合树上.cpp,cpp,3368,130,2dedf51b381bff6c8156491402e8086c5220d2fba0f70f065650bcd1190be224,true,分块,序列结合树上.cpp,分块 莫队,基础算法,分块,templates/基础算法/分块/分块——序列结合树上.cpp,runnable_template,primary_filename,none,false,https://www.luogu.com.cn/problem/CF1491H,CF1491H,2,0,10,high,primary_filename
templates/分块 莫队/分块/分块——散整块讨论.cpp,分块——散整块讨论.cpp,cpp,7000,221,dc68bcd6a44640fb878bd4a3822181fbf4d8a726afcabb51c5812f976fb1cc52,true,分块,散整块讨论.cpp,分块 莫队,基础算法,分块,templates/基础算法/分块/分块——散整块讨论.cpp,runnable_template,primary_filename,none,false,https://www.luogu.com.cn/problem/P5046,P5046,1,0,15,high,primary_filename
templates/分块 莫队/分块/分块——节点分块.cpp,分块——节点分块.cpp,cpp,2720,87,bdb8c144e259580ee77fe6a3207fac7543e28c4f788d5e208d560bafbbc1c960,true,分块,节点分块.cpp,分块 莫队,基础算法,分块,templates/基础算法/分块/分块——节点分块.cpp,runnable_template,primary_filename,none,false,https://www.luogu.com.cn/problem/P2325,P2325,1,0,19,high,primary_filename
templates/分块 莫队/分块/双层分块——基数排序.cpp,双层分块——基数排序.cpp,cpp,6618,209,35a71ba7ab37bf72c52b11dfdd100b803e686732c46df106c8cc1f4d426eb721,true,双层分块,基数排序.cpp,分块 莫队,基础算法,分块/双层分块,templates/基础算法/分块/双层分块/双层分块——基数排序.cpp,runnable_template,primary_filename,none,false,https://www.luogu.com.cn/problem/P6578,P6578,1,0,10,high,primary_filename
templates/分块 莫队/分块/双层分块——模板.cpp,双层分块——模板.cpp,cpp,9718,283,9294fcf71ba7e81bb1a28717f69735617a1ba74ffba744d0d92aa49c8cd4b4c4,true,双层分块,模板.cpp,分块 莫队,基础算法,分块/双层分块,templates/基础算法/分块/双层分块/双层分块——模板.cpp,runnable_template,primary_filename,none,false,https://www.luogu.com.cn/problem/P4119,P4119,1,0,12,high,primary_filename
templates/分块 莫队/分块/块状链表——懒更新.cpp,块状链表——懒更新.cpp,cpp,6032,284,6e4da0be5bad9b9f566dd80cf433916ecb69af0fe7c04066903d8e48aefa316b,false,块状链表,懒更新.cpp,分块 莫队,基础算法,分块/块状链表,templates/基础算法/分块/块状链表/块状链表——懒更新.cpp,pure_template,primary_filename,none,false,https://www.luogu.com.cn/problem/P6707,P6707,1,0,2,high,primary_filename
templates/分块 莫队/分块/块状链表——模板.cpp,块状链表——模板.cpp,cpp,6596,202,b951ae9ad90383a53ae7552c25a9966b31192464df7ef61d9998f237b12ca94a,true,块状链表,模板.cpp,分块 莫队,基础算法,分块/块状链表,templates/基础算法/分块/块状链表/块状链表——模板.cpp,runnable_template,primary_filename,none,false,https://www.luogu.com.cn/problem/P4008,P4008,1,0,12,high,primary_filename
templates/分块 莫队/分块/并查集分块——可撤销并查集.cpp,并查集分块——可撤销并查集.cpp,cpp,6038,211,1664f775b5b0e8fe8ab27322932bf9b78b50634546b3e6bc12d48723d78da308,true,并查集分块,可撤销并查集.cpp,分块 莫队,基础算法,并查集/并查集分块,templates/基础算法/并查集/并查集分块/并查集分块——可撤销并查集.cpp,runnable_template,primary_filename,none,false,https://www.luogu.com.cn/problem/P5443,P5443,1,0,12,high,primary_filename
templates/分块 莫队/分块/并查集分块——可撤销并查集2.cpp,并查集分块——可撤销并查集2.cpp,cpp,4593,160,a43388bffad363585a89afb72fe4e3ea4b3375b275a12db10a3c04ccadfd8b47,true,并查集分块,可撤销并查集2.cpp,分块 莫队,基础算法,并查集/并查集分块,templates/基础算法/并查集/并查集分块/并查集分块——可撤销并查集2.cpp,runnable_template,primary_filename,none,false,https://www.luogu.com.cn/problem/P3247,P3247,1,0,11,high,primary_filename
templates/分块 莫队/分块/并查集分块——并查集块分析.cpp,并查集分块——并查集块分析.cpp,cpp,7987,258,ec5581e96b7669061a1133ecf55cea2f1d794e566d35b902ad0a8f59a0e5de7a,true,并查集分块,并查集块分析.cpp,分块 莫队,基础算法,并查集/并查集分块,templates/基础算法/并查集/并查集分块/并查集分块——并查集块分析.cpp,runnable_template,primary_filename,none,false,https://www.luogu.com.cn/problem/P8360,P8360,1,0,14,high,primary_filename
templates/分块 莫队/分块/整除分块——模板.cpp,整除分块——模板.cpp,cpp,852,34,107d834ae4b641409cf44a32992ef4ce1c19c64382ac40a774d16f954d70cc17,false,整除分块,模板.cpp,分块 莫队,基础算法,分块/整除分块,templates/基础算法/分块/整除分块/整除分块——模板.cpp,pure_template,primary_filename,none,false,https://onlinejudge.org/index.php?option=com_onlinejudge&Itemid=8&page=show_problem&problem=2521,,1,0,4,high,primary_filename
templates/分块 莫队/分块/时间分块——序列.cpp,时间分块——序列.cpp,cpp,5186,183,4f50d86243f751066530129076a4678c3b3b5ef76de75365204e8026b9c0773e,true,时间分块,序列.cpp,分块 莫队,基础算法,分块/时间分块,templates/基础算法/分块/时间分块/时间分块——序列.cpp,runnable_template,primary_filename,none,false,https://www.luogu.com.cn/problem/P3863,P3863,1,0,16,high,primary_filename
templates/分块 莫队/分块/普通分块——众数.cpp,普通分块——众数.cpp,cpp,5654,180,190aaccee0abfa10cef2ab2bf779846bcb771061a10cb3d34a3749b3bbd6f6f7,true,普通分块,众数.cpp,分块 莫队,基础算法,分块,templates/基础算法/分块/普通分块——众数.cpp,runnable_template,primary_filename,none,false,https://www.luogu.com.cn/problem/P4168,P4168,1,0,13,high,primary_filename
templates/分块 莫队/分块/普通分块——众数优化.cpp,普通分块——众数优化.cpp,cpp,4345,128,40e180384f2bae7bd745d34c4c01898b386b2b8a15734ce8361b361bcb058b80,true,普通分块,众数优化.cpp,分块 莫队,基础算法,分块,templates/基础算法/分块/普通分块——众数优化.cpp,runnable_template,primary_filename,none,false,https://www.luogu.com.cn/problem/P5048,P5048,1,0,14,high,primary_filename
templates/分块 莫队/分块/普通分块——区间增加.cpp,普通分块——区间增加.cpp,cpp,3485,131,56fcfd3bc300d3eca105a2ef7c55233b84e19d6a26da58684542dfd2b80be02d,true,普通分块,区间增加.cpp,分块 莫队,基础算法,分块,templates/基础算法/分块/普通分块——区间增加.cpp,runnable_template,primary_filename,none,false,https://www.luogu.com.cn/problem/P2801,P2801,1,0,13,high,primary_filename
templates/分块 莫队/分块/普通分块——单点修改.cpp,普通分块——单点修改.cpp,cpp,3610,122,68c0627af98432eacc597b070f0365f30d6ec7d8254152f40a6f8b63aa328a26,true,普通分块,单点修改.cpp,分块 莫队,基础算法,分块,templates/基础算法/分块/普通分块——单点修改.cpp,runnable_template,primary_filename,none,false,https://www.luogu.com.cn/problem/SP18185,SP18185,2,0,11,high,primary_filename
templates/分块 莫队/分块/普通分块——频率偶数个数.cpp,普通分块——频率偶数个数.cpp,cpp,3775,130,59eda6131a3b68e6d9bb0988f2eee2cde0dde10941bc9fff89de24cccbe9194a,true,普通分块,频率偶数个数.cpp,分块 莫队,基础算法,分块,templates/基础算法/分块/普通分块——频率偶数个数.cpp,runnable_template,primary_filename,none,false,https://www.luogu.com.cn/problem/P4135,P4135,1,0,10,high,primary_filename
templates/分块 莫队/分块/树上分块——重链序列分块.cpp,树上分块——重链序列分块.cpp,cpp,4563,174,d3ee06c6fe00993751dbda01be8fa7da8944bd910d26b62ffa731faf92c120f7,true,树上分块,重链序列分块.cpp,分块 莫队,树上算法,树上分块,templates/树上算法/树上分块/树上分块——重链序列分块.cpp,runnable_template,primary_filename,none,false,https://www.luogu.com.cn/problem/P3603,P3603,1,0,14,high,primary_filename
templates/分块 莫队/分块/树上分块——随机撒点.cpp,树上分块——随机撒点.cpp,cpp,5372,183,8817ace6e399e9cde0e163e947a4e84f36f39fb4e9ac6448f57e5f03be23f104,true,树上分块,随机撒点.cpp,分块 莫队,树上算法,树上分块,templates/树上算法/树上分块/树上分块——随机撒点.cpp,runnable_template,primary_filename,none,false,https://www.luogu.com.cn/problem/P3603,P3603,1,0,16,high,primary_filename
templates/分块 莫队/分块/根号分治——二分.cpp,根号分治——二分.cpp,cpp,3043,100,ef90cdb370f5eef3c67a710cca8028c70830d2115329b382c38fd1960f78e218,true,根号分治,二分.cpp,分块 莫队,基础算法,分块/根号分治,templates/基础算法/分块/根号分治/根号分治——二分.cpp,runnable_template,primary_filename,none,false,https://www.luogu.com.cn/problem/CF786C,CF786C,2,0,15,high,primary_filename
templates/分块 莫队/分块/根号分治——分块.cpp,根号分治——分块.cpp,cpp,4062,124,e5ceb04f83cf993bfdf77d2a25a93412878b0ac21609170324e2a53ef360ff45,true,根号分治,分块.cpp,分块 莫队,基础算法,分块/根号分治,templates/基础算法/分块/根号分治/根号分治——分块.cpp,runnable_template,primary_filename,none,false,https://www.luogu.com.cn/problem/P5309,P5309,1,0,19,high,primary_filename
templates/分块 莫队/分块/根号分治——动态规划.cpp,根号分治——动态规划.cpp,cpp,1593,57,1c444503055e72fc8da4216add64a6357fa7ec4d307c32da45a27fa9a5e5a99f,true,根号分治,动态规划.cpp,分块 莫队,基础算法,分块/根号分治,templates/基础算法/分块/根号分治/根号分治——动态规划.cpp,runnable_template,primary_filename,none,false,https://www.luogu.com.cn/problem/CF797E,CF797E,2,0,11,high,primary_filename
templates/分块 莫队/分块/根号分治——最短路.cpp,根号分治——最短路.cpp,cpp,3365,107,613791d5bc87081a26ce59649a02431205b7c7ddc580f3d8e0c190fcf0e48e37,true,根号分治,最短路.cpp,分块 莫队,基础算法,分块/根号分治,templates/基础算法/分块/根号分治/根号分治——最短路.cpp,runnable_template,primary_filename,none,false,https://www.luogu.com.cn/problem/P3645,P3645,2,0,15,high,primary_filename
templates/分块 莫队/分块/根号分治——树形dp.cpp,根号分治——树形dp.cpp,cpp,3863,132,e499e82ec4282434a919772dd15bae23fc047096727ca3c02ed881ec2a8d32e3,true,根号分治,树形dp.cpp,分块 莫队,基础算法,分块/根号分治,templates/基础算法/分块/根号分治/根号分治——树形dp.cpp,runnable_template,primary_filename,none,false,https://www.luogu.com.cn/problem/CF1039D,CF1039D,2,0,13,high,primary_filename
templates/分块 莫队/分块/根号分治——模板.cpp,根号分治——模板.cpp,cpp,1964,69,170eb1140747c2b97a5832cecf08be8cc1b854b101c58c09a5a0ceebfff9ca1e,true,根号分治,模板.cpp,分块 莫队,基础算法,分块/根号分治,templates/基础算法/分块/根号分治/根号分治——模板.cpp,runnable_template,primary_filename,none,false,https://www.luogu.com.cn/problem/P3396,P3396,1,0,12,high,primary_filename
templates/分块 莫队/分块/根号分治——等差数列.cpp,根号分治——等差数列.cpp,cpp,2131,69,97b6c120b1264ca69ad343474254c01869ca401564edffc6dcf89ae976960354,true,根号分治,等差数列.cpp,分块 莫队,基础算法,分块/根号分治,templates/基础算法/分块/根号分治/根号分治——等差数列.cpp,runnable_template,primary_filename,none,false,https://www.luogu.com.cn/problem/CF1921F,CF1921F,2,0,12,high,primary_filename
templates/分块 莫队/分块/根号分治——轻重点.cpp,根号分治——轻重点.cpp,cpp,4877,191,bf790dc443a50098b9e11ae60159cd14db501947ceb13930c924d0ed88c7e0f8,true,根号分治,轻重点.cpp,分块 莫队,基础算法,分块/根号分治,templates/基础算法/分块/根号分治/根号分治——轻重点.cpp,runnable_template,primary_filename,none,false,https://www.luogu.com.cn/problem/P9132,P9132,1,0,13,high,primary_filename
templates/分块 莫队/分块/根号分治——长链剖分.cpp,根号分治——长链剖分.cpp,cpp,4421,218,5293298e043b2daef4119b6416099ad2c77e34dc0f4f329e1bd8f58fb0accff0,true,根号分治,长链剖分.cpp,分块 莫队,基础算法,分块/根号分治,templates/基础算法/分块/根号分治/根号分治——长链剖分.cpp,runnable_template,primary_filename,none,false,https://www.luogu.com.cn/problem/solution/P3591,solution,1,0,3,high,primary_filename
templates/分块 莫队/莫队/只删回滚莫队——模板.cpp,只删回滚莫队——模板.cpp,cpp,3382,121,dd382c8a5ce9016d923041561e33160d0b85757505b011ad73da5220d1097450,true,只删回滚莫队,模板.cpp,分块 莫队,基础算法,莫队/只删回滚莫队,templates/基础算法/莫队/只删回滚莫队/只删回滚莫队——模板.cpp,runnable_template,primary_filename,none,false,https://www.luogu.com.cn/problem/P4137,P4137,1,0,11,high,primary_filename
templates/分块 莫队/莫队/只删回滚莫队——链表.cpp,只删回滚莫队——链表.cpp,cpp,4020,140,863b3bef47842b99a7e582c266237d2ce3036faf8d4558e7a3f5a1ba72e4a6b5,true,只删回滚莫队,链表.cpp,分块 莫队,基础算法,莫队/只删回滚莫队,templates/基础算法/莫队/只删回滚莫队/只删回滚莫队——链表.cpp,runnable_template,primary_filename,none,false,https://www.luogu.com.cn/problem/P8078,P8078,1,0,15,high,primary_filename
templates/分块 莫队/莫队/只增回滚莫队——前缀和.cpp,只增回滚莫队——前缀和.cpp,cpp,4439,178,f96e7d55449735d0a2d3d1015657acee16120eafd81301c523afe166bf904d90,true,只增回滚莫队,前缀和.cpp,分块 莫队,基础算法,莫队/只增回滚莫队,templates/基础算法/莫队/只增回滚莫队/只增回滚莫队——前缀和.cpp,runnable_template,primary_filename,none,false,https://www.luogu.com.cn/problem/SP20644,SP20644,2,0,9,high,primary_filename
templates/分块 莫队/莫队/只增回滚莫队——区间距离.cpp,只增回滚莫队——区间距离.cpp,cpp,4658,175,b746c8158f50e869159bcc69b0d8bf013c17653a9729dc657ab411b11f56a028,true,只增回滚莫队,区间距离.cpp,分块 莫队,基础算法,莫队/只增回滚莫队,templates/基础算法/莫队/只增回滚莫队/只增回滚莫队——区间距离.cpp,runnable_template,primary_filename,none,false,https://www.luogu.com.cn/problem/P5906,P5906,1,0,10,high,primary_filename
templates/分块 莫队/莫队/只增回滚莫队——最小众数.cpp,只增回滚莫队——最小众数.cpp,cpp,4489,172,39cacaad2b3d4422e1f6ec89ca980faba5f0ea682d891d8f9ff3e6ae1cf7ebdf,false,只增回滚莫队,最小众数.cpp,分块 莫队,基础算法,莫队/只增回滚莫队,templates/基础算法/莫队/只增回滚莫队/只增回滚莫队——最小众数.cpp,pure_template,primary_filename,none,false,https://leetcode.cn/problems/threshold-majority-queries/,,1,0,10,high,primary_filename
templates/分块 莫队/莫队/只增回滚莫队——模板.cpp,只增回滚莫队——模板.cpp,cpp,5299,168,c837a00adcefd50d5e6eb24397112002e1d04d72819c66e63113057474fcf5c4,true,只增回滚莫队,模板.cpp,分块 莫队,基础算法,莫队/只增回滚莫队,templates/基础算法/莫队/只增回滚莫队/只增回滚莫队——模板.cpp,runnable_template,primary_filename,none,false,https://www.luogu.com.cn/problem/AT_joisc2014_c,AT_joisc2014_c,2,0,19,high,primary_filename
templates/分块 莫队/莫队/带修莫队——mex.cpp,带修莫队——mex.cpp,cpp,4566,179,aab974204478d6720f8347cb683ebb51d3223ba68094b1edbb92eecde8e3a773,true,带修莫队,mex.cpp,分块 莫队,基础算法,莫队/带修莫队,templates/基础算法/莫队/带修莫队/带修莫队——mex.cpp,runnable_template,primary_filename,none,false,https://www.luogu.com.cn/problem/CF940F,CF940F,2,0,12,high,primary_filename
templates/分块 莫队/莫队/带修莫队——模板.cpp,带修莫队——模板.cpp,cpp,3414,144,ab9ea853c63f2d19f9103dc71d07ad34d5e31f77c51c863af62c47cf6695fca1,true,带修莫队,模板.cpp,分块 莫队,基础算法,莫队/带修莫队,templates/基础算法/莫队/带修莫队/带修莫队——模板.cpp,runnable_template,primary_filename,none,false,https://www.luogu.com.cn/problem/P1903,P1903,1,0,9,high,primary_filename
templates/分块 莫队/莫队/带修莫队——词频.cpp,带修莫队——词频.cpp,cpp,3425,145,9927f8b301f2cc69b2b06bc9a72ada08f2af7f46986bad6099b108798befc7e8,true,带修莫队,词频.cpp,分块 莫队,基础算法,莫队/带修莫队,templates/基础算法/莫队/带修莫队/带修莫队——词频.cpp,runnable_template,primary_filename,none,false,https://www.luogu.com.cn/problem/SP30906,SP30906,2,0,9,high,primary_filename
templates/分块 莫队/莫队/树上莫队——带修莫队.cpp,树上莫队——带修莫队.cpp,cpp,6011,234,bb2237eef6e37c31d56ad7623a6320f433f5d8e44b3a048f43875c73fee59ef3,true,树上莫队,带修莫队.cpp,分块 莫队,树上算法,树上莫队,templates/树上算法/树上莫队/树上莫队——带修莫队.cpp,runnable_template,primary_filename,none,false,https://www.luogu.com.cn/problem/P4074,P4074,1,0,13,high,primary_filename
templates/分块 莫队/莫队/树上莫队——模板.cpp,树上莫队——模板.cpp,cpp,5409,229,84c788974adda9196f0c9991e4fa6fb50df8e940f809bfd4523f1a9019155181,true,树上莫队,模板.cpp,分块 莫队,树上算法,树上莫队,templates/树上算法/树上莫队/树上莫队——模板.cpp,runnable_template,primary_filename,none,false,https://www.luogu.com.cn/problem/SP10707,SP10707,2,0,10,high,primary_filename
templates/分块 莫队/莫队/莫队——众数次数.cpp,莫队——众数次数.cpp,cpp,3054,129,b4a454c92c4c0aa99065b5031be21fe41a3ccada5b42ed6d261d1ec9efed4fdf,true,莫队,众数次数.cpp,分块 莫队,基础算法,莫队,templates/基础算法/莫队/莫队——众数次数.cpp,runnable_template,primary_filename,none,false,https://www.luogu.com.cn/problem/P3709,P3709,1,0,8,high,primary_filename
templates/分块 莫队/莫队/莫队——位图.cpp,莫队——位图.cpp,cpp,4109,153,68dc5262d54e05e9ca7f60a6ca22c3e64247fb44b26e835fb83c470cf06c9738,true,莫队,位图.cpp,分块 莫队,基础算法,莫队,templates/基础算法/莫队/莫队——位图.cpp,runnable_template,primary_filename,none,false,https://www.luogu.com.cn/problem/P4688,P4688,1,0,13,high,primary_filename
templates/分块 莫队/莫队/莫队——哈希.cpp,莫队——哈希.cpp,cpp,4174,153,055098d5d59f6f978317a21cd883651eeb6f699bc15d19bd4b54a96b45a4c600,true,莫队,哈希.cpp,分块 莫队,基础算法,莫队,templates/基础算法/莫队/莫队——哈希.cpp,runnable_template,primary_filename,none,false,https://www.luogu.com.cn/problem/P5112,P5112,1,0,13,high,primary_filename
templates/分块 莫队/莫队/莫队——根号分治.cpp,莫队——根号分治.cpp,cpp,5197,183,2bc3abe5504ef6c175c3637fff8c43368d160b8092d343c46c35806b81f36d84,true,莫队,根号分治.cpp,分块 莫队,基础算法,莫队,templates/基础算法/莫队/莫队——根号分治.cpp,runnable_template,primary_filename,none,false,https://www.luogu.com.cn/problem/P5355,P5355,1,0,17,high,primary_filename
templates/分块 莫队/莫队/莫队——模板.cpp,莫队——模板.cpp,cpp,2378,109,0e689ca7c7f4f01e8d58e5eff14880adf8913d57f1c1fe700b04f5d080754807,true,莫队,模板.cpp,分块 莫队,基础算法,莫队,templates/基础算法/莫队/莫队——模板.cpp,runnable_template,primary_filename,none,false,https://www.luogu.com.cn/problem/SP3267,SP3267,2,0,10,high,primary_filename
templates/分块 莫队/莫队/莫队——线段树.cpp,莫队——线段树.cpp,cpp,5342,173,e3c07c2b49c0db511367c27e0836a8b03880b64db536b6d1af2d610bd03294c6,true,莫队,线段树.cpp,分块 莫队,基础算法,莫队,templates/基础算法/莫队/莫队——线段树.cpp,runnable_template,primary_filename,none,false,https://www.luogu.com.cn/problem/P4477,P4477,1,0,21,high,primary_filename
templates/分块 莫队/莫队/莫队——链表.cpp,莫队——链表.cpp,cpp,5752,187,27c6d03cea467da4c894597cac91338f05ebe2129c4bfd4d7df7138103c013de,true,莫队,链表.cpp,分块 莫队,基础算法,莫队,templates/基础算法/莫队/莫队——链表.cpp,runnable_template,primary_filename,none,false,https://www.luogu.com.cn/problem/P5072,P5072,1,0,19,high,primary_filename
templates/分块 莫队/莫队/莫队二次离线——分块.cpp,莫队二次离线——分块.cpp,cpp,6804,256,aee82d9ad66d8a88d5158a31e461909880e8a1d511928dd4ce5cc6e746ee149a,true,莫队二次离线,分块.cpp,分块 莫队,基础算法,莫队/二次离线莫队,templates/基础算法/莫队/二次离线莫队/莫队二次离线——分块.cpp,runnable_template,primary_filename,none,false,https://www.luogu.com.cn/problem/P5047,P5047,1,0,12,high,primary_filename
templates/分块 莫队/莫队/莫队二次离线——方式二.cpp,莫队二次离线——方式二.cpp,cpp,5768,213,54860ea41e66c4cf973031fe3debe2f089bbf5b191986603e569c0c4ee89471a,true,莫队二次离线,方式二.cpp,分块 莫队,基础算法,莫队/二次离线莫队,templates/基础算法/莫队/二次离线莫队/莫队二次离线——方式二.cpp,runnable_template,primary_filename,none,false,https://www.luogu.com.cn/problem/P5501,P5501,1,0,12,high,primary_filename
templates/分块 莫队/莫队/莫队二次离线——根号分治.cpp,莫队二次离线——根号分治.cpp,cpp,6097,204,a81a1fc024cd06047ef27380eecd3c4a123ad1956d5b66b1f87337bf70608eac,true,莫队二次离线,根号分治.cpp,分块 莫队,基础算法,莫队/二次离线莫队,templates/基础算法/莫队/二次离线莫队/莫队二次离线——根号分治.cpp,runnable_template,primary_filename,none,false,https://www.luogu.com.cn/problem/P5398,P5398,1,0,11,high,primary_filename
templates/分块 莫队/莫队/莫队二次离线——模板.cpp,莫队二次离线——模板.cpp,cpp,5721,197,a5c7c0c6ff0800145db00dc99bc99ad78f0bfd4ecf169f9fd736d6e6d6cf2559,true,莫队二次离线,模板.cpp,分块 莫队,基础算法,莫队/二次离线莫队,templates/基础算法/莫队/二次离线莫队/莫队二次离线——模板.cpp,runnable_template,primary_filename,none,false,https://www.luogu.com.cn/problem/P4887,P4887,1,0,13,high,primary_filename
templates/前缀树/前缀树——前k大异或值之和.cpp,前缀树——前k大异或值之和.cpp,cpp,4892,168,51ac53ede7df4706bad5be541917945f3ac3ff9f153700ecf4d9ba8d6787a4bf,true,前缀树,前k大异或值之和.cpp,前缀树,字符串,前缀树,templates/字符串/前缀树/前缀树——前k大异或值之和.cpp,example,primary_filename,none,false,https://www.luogu.com.cn/problem/CF241B,CF241B,2,0,15,high,primary_filename
templates/前缀树/前缀树——异或最大值.cpp,前缀树——异或最大值.cpp,cpp,1939,75,9ff7bf26e359f40358483eaeafccc933213b839f08b5bc360016cf81a0f47deb,true,前缀树,异或最大值.cpp,前缀树,字符串,前缀树,templates/字符串/前缀树/前缀树——异或最大值.cpp,runnable_template,primary_filename,none,false,https://leetcode.cn/problems/maximum-xor-of-two-numbers-in-an-array/,,1,0,5,high,primary_filename
templates/前缀树/前缀树——搜索字符(2).cpp,前缀树——搜索字符(2).cpp,cpp,3247,128,2a5d10e074b52fc0f27645e090273ff21c494a50375b010ad94a3e5ca1fe0f20,true,前缀树,搜索字符(2).cpp,前缀树,字符串,前缀树,templates/字符串/前缀树/前缀树——搜索字符(2).cpp,runnable_template,primary_filename,none,false,,,0,0,0,high,primary_filename
templates/前缀树/前缀树——搜索字符.cpp,前缀树——搜索字符.cpp,cpp,3552,114,5ab77a56fdf81a2b6dfda253f205f4073955c4f7666ef97be5e8445ed2f3e68a,true,前缀树,搜索字符.cpp,前缀树,字符串,前缀树,templates/字符串/前缀树/前缀树——搜索字符.cpp,runnable_template,primary_filename,none,false,https://leetcode.cn/problems/word-search-ii/,,1,0,9,high,primary_filename
templates/前缀树/前缀树——树形dp.cpp,前缀树——树形dp.cpp,cpp,3664,149,0a70c0ed1fc19c28600bfbc129b83b6cb761af3a6b42d279b85bc3f964544cce,true,前缀树,树形dp.cpp,前缀树,字符串,前缀树,templates/字符串/前缀树/前缀树——树形dp.cpp,runnable_template,primary_filename,none,false,https://www.luogu.com.cn/problem/P6623,P6623,1,0,5,high,primary_filename
templates/前缀树/前缀树——模板.cpp,前缀树——模板.cpp,cpp,2291,88,390c5af95ac339cdd7f78ec0bb9650ba640d2f429c1e8a70d4f274b6b8eaf174,true,前缀树,模板.cpp,前缀树,字符串,前缀树,templates/字符串/前缀树/前缀树——模板.cpp,runnable_template,primary_filename,none,false,,,0,0,0,high,primary_filename
templates/前缀树/前缀树——贪心.cpp,前缀树——贪心.cpp,cpp,2561,102,e18786dbc94aafcf1a6e17707f1b66d6354ea7ecdc8f53d202ff5203b4bfed43,true,前缀树,贪心.cpp,前缀树,字符串,前缀树,templates/字符串/前缀树/前缀树——贪心.cpp,runnable_template,primary_filename,none,false,https://www.luogu.com.cn/problem/P3294,P3294,1,0,9,high,primary_filename
templates/前缀树/前缀树——通配符.cpp,前缀树——通配符.cpp,cpp,2022,97,5c768af106341ecca00a83ae69c0a17e08487e51de61490aea99303ede613736,true,前缀树,通配符.cpp,前缀树,字符串,前缀树,templates/字符串/前缀树/前缀树——通配符.cpp,runnable_template,primary_filename,none,false,https://www.luogu.com.cn/problem/P2536,P2536,1,0,1,high,primary_filename
templates/前缀树/可持久化前缀树——01trie.cpp,可持久化前缀树——01trie.cpp,cpp,3134,95,f603df38870a7ba073c866298593bac984981106b8b7b0f36b014f79813cfe0a,true,可持久化前缀树,01trie.cpp,前缀树,字符串,前缀树/可持久化前缀树,templates/字符串/前缀树/可持久化前缀树/可持久化前缀树——01trie.cpp,runnable_template,primary_filename,none,false,https://www.luogu.com.cn/problem/P4735,P4735,1,0,15,high,primary_filename
templates/前缀树/可持久化前缀树——dfn序.cpp,可持久化前缀树——dfn序.cpp,cpp,4343,159,ea2ff9a0d7881acd67f08c75968322db118975d2157429e12a7e9db7f42eaeaa,true,可持久化前缀树,dfn序.cpp,前缀树,字符串,前缀树/可持久化前缀树,templates/字符串/前缀树/可持久化前缀树/可持久化前缀树——dfn序.cpp,runnable_template,primary_filename,none,false,https://www.luogu.com.cn/problem/P4592,P4592,1,0,10,high,primary_filename
templates/前缀树/可持久化前缀树——trie模版.cpp,可持久化前缀树——trie模版.cpp,cpp,3324,132,26a93e95d6a92458138fe61c01c06c19211ea927c2c5b21e23ce217d6ba73708,true,可持久化前缀树,trie模版.cpp,前缀树,字符串,前缀树/可持久化前缀树,templates/字符串/前缀树/可持久化前缀树/可持久化前缀树——trie模版.cpp,runnable_template,primary_filename,none,false,https://www.luogu.com.cn/problem/P6088,P6088,1,0,10,high,primary_filename
templates/前缀树/可持久化前缀树——二维异或值第k大.cpp,可持久化前缀树——二维异或值第k大.cpp,cpp,3578,106,fb7adb373134f23ba7e51e6dc519b37bbbf3a42c732ef7dc4fe6ab7004d1f969,true,可持久化前缀树,二维异或值第k大.cpp,前缀树,字符串,前缀树/可持久化前缀树,templates/字符串/前缀树/可持久化前缀树/可持久化前缀树——二维异或值第k大.cpp,runnable_template,primary_filename,none,false,https://www.luogu.com.cn/problem/P5795,P5795,1,0,15,high,primary_filename
templates/前缀树/可持久化前缀树——次大值的异或.cpp,可持久化前缀树——次大值的异或.cpp,cpp,3089,109,f20e9abaa8be8d4b938e7b0880ec6c8065ea4bf2bef0921e83f92889cba27c2a,true,可持久化前缀树,次大值的异或.cpp,前缀树,字符串,前缀树/可持久化前缀树,templates/字符串/前缀树/可持久化前缀树/可持久化前缀树——次大值的异或.cpp,runnable_template,primary_filename,none,false,https://www.luogu.com.cn/problem/P4098,P4098,1,0,11,high,primary_filename
templates/前缀树/可持久化前缀树——结合可持久化线段树.cpp,可持久化前缀树——结合可持久化线段树.cpp,cpp,2926,112,983661bff8a20254e748328e8a52e2179e8c1ecac4a519162653a89565883815,true,可持久化前缀树,结合可持久化线段树.cpp,前缀树,字符串,前缀树/可持久化前缀树,templates/字符串/前缀树/可持久化前缀树/可持久化前缀树——结合可持久化线段树.cpp,runnable_template,primary_filename,none,false,https://www.luogu.com.cn/problem/P3293,P3293,1,0,10,high,primary_filename
templates/动态规划/三进制状压dp.cpp,三进制状压dp.cpp,cpp,2985,102,1a19d072764173301724c3090bfa9d1eb759fb3098a937629113ffa5b0e0c86a,true,三进制状压dp,,动态规划,动态规划,状压DP,templates/动态规划/状压DP/三进制状压dp.cpp,runnable_template,primary_filename,none,false,https://leetcode.cn/problems/maximize-grid-happiness/,,1,0,12,high,primary_filename
templates/动态规划/三进制状压dp2.cpp,三进制状压dp2.cpp,cpp,2750,108,a13eab5aba8ca7a04edc9c6e023dbfb551d553b311269de3965a53c6ec42a984,true,三进制状压dp2,,动态规划,动态规划,状压DP,templates/动态规划/状压DP/三进制状压dp2.cpp,runnable_template,primary_filename,none,false,https://leetcode.cn/problems/painting-a-grid-with-three-different-colors/,,1,0,10,high,primary_filename
templates/动态规划/动态规划——01背包.c,动态规划——01背包.c,c,821,44,b8710fadc7266eed691f5d57b18fb2ac413816f4fa54b97e77f1ceff2c69048d,true,动态规划,01背包.c,动态规划,动态规划,通用DP,templates/动态规划/通用DP/动态规划——01背包.c,runnable_template,primary_filename,none,false,,,0,0,0,high,primary_filename
templates/动态规划/动态规划——一和零.c,动态规划——一和零.c,c,1324,58,fcd2ae09f901260680ce7470a06799b21cf5653f408c00d968389c3cf308ae6a,true,动态规划,一和零.c,动态规划,动态规划,通用DP,templates/动态规划/通用DP/动态规划——一和零.c,runnable_template,primary_filename,none,false,,,0,0,0,high,primary_filename
templates/动态规划/动态规划——三角形之积最小.c,动态规划——三角形之积最小.c,c,1149,53,b86424b49de3081ef0932a9d56d6f354f879eafe5d35ebd474e533e18a3b4f16,true,动态规划,三角形之积最小.c,动态规划,动态规划,通用DP,templates/动态规划/通用DP/动态规划——三角形之积最小.c,runnable_template,primary_filename,none,false,,,0,0,4,high,primary_filename
templates/动态规划/动态规划——不相邻元素最大累加和.c,动态规划——不相邻元素最大累加和.c,c,1702,58,9b5792edfe7bc020574d2b3344a47c981ca6b151e9272a779ba77a8d8aafab8b,true,动态规划,不相邻元素最大累加和.c,动态规划,动态规划,通用DP,templates/动态规划/通用DP/动态规划——不相邻元素最大累加和.c,runnable_template,primary_filename,none,false,,,0,0,7,high,primary_filename
templates/动态规划/动态规划——中括号和小括号.c,动态规划——中括号和小括号.c,c,1442,67,5b42d04a0489a2da0125001955a8d7045eb46a901b192a4e0d1a1d8a86e03f57,true,动态规划,中括号和小括号.c,动态规划,动态规划,通用DP,templates/动态规划/通用DP/动态规划——中括号和小括号.c,runnable_template,primary_filename,none,false,,,0,0,8,high,primary_filename
templates/动态规划/动态规划——主附件.c,动态规划——主附件.c,c,2868,80,1ba167b87424b4dcfe241e72a726a33fd80969955388e33efaa7ea524b9e7260,true,动态规划,主附件.c,动态规划,动态规划,通用DP,templates/动态规划/通用DP/动态规划——主附件.c,application,primary_filename,none,false,,,0,0,0,high,primary_filename
templates/动态规划/动态规划——二叉树结构.c,动态规划——二叉树结构.c,c,1124,45,459815e5cf66eee0e27448bc081891bfa8a80d685600f73cfcd75f5c2adfd9af,true,动态规划,二叉树结构.c,动态规划,动态规划,通用DP,templates/动态规划/通用DP/动态规划——二叉树结构.c,runnable_template,primary_filename,none,false,,,0,0,7,high,primary_filename
templates/动态规划/动态规划——优惠与预期.c,动态规划——优惠与预期.c,c,992,51,2b895b9085f1b938489b99cc0e777049ca9042ed37ed904293f326ccac7a8e7b,true,动态规划,优惠与预期.c,动态规划,动态规划,通用DP,templates/动态规划/通用DP/动态规划——优惠与预期.c,runnable_template,primary_filename,none,false,,,0,0,0,high,primary_filename
templates/动态规划/动态规划——俄罗斯套娃信封.c,动态规划——俄罗斯套娃信封.c,c,1728,71,19ac3fe3622d5b9fe0254c2f497f43a2b2c0c9944ab52ba1f742a284b1918364,true,动态规划,俄罗斯套娃信封.c,动态规划,动态规划,通用DP,templates/动态规划/通用DP/动态规划——俄罗斯套娃信封.c,runnable_template,primary_filename,none,false,,,0,0,1,high,primary_filename
templates/动态规划/动态规划——俄罗斯套娃信封2.c,动态规划——俄罗斯套娃信封2.c,c,1978,93,a8ce661f25a8b4eafc5b827266599e8f8e157f269aa6b66f74e58efdca6cf5af,true,动态规划,俄罗斯套娃信封2.c,动态规划,动态规划,通用DP,templates/动态规划/通用DP/动态规划——俄罗斯套娃信封2.c,runnable_template,primary_filename,none,false,,,0,0,0,high,primary_filename
templates/动态规划/动态规划——切棍子.c,动态规划——切棍子.c,c,1575,83,23ee7cb9f52f43478bee32d8685c22d095d05defd1b75935c1da7536f4e7b735,true,动态规划,切棍子.c,动态规划,动态规划,通用DP,templates/动态规划/通用DP/动态规划——切棍子.c,runnable_template,primary_filename,none,false,,,0,0,0,high,primary_filename
templates/动态规划/动态规划——卖股票获利.c,动态规划——卖股票获利.c,c,435,26,84ee2b32148a0bad2b08d8af33b9543fc74c32ea6e52cd4e0130cf4ecb5e1a57,true,动态规划,卖股票获利.c,动态规划,动态规划,通用DP,templates/动态规划/通用DP/动态规划——卖股票获利.c,application,primary_filename,none,false,,,0,0,0,high,primary_filename
templates/动态规划/动态规划——反转后的最大累加和.c,动态规划——反转后的最大累加和.c,c,1103,44,aa5b3de7cb7ad3613ba7e490b9b9d2c29514b1c74bed1d06e42a9b30f76c4b97,true,动态规划,反转后的最大累加和.c,动态规划,动态规划,通用DP,templates/动态规划/通用DP/动态规划——反转后的最大累加和.c,application,primary_filename,none,false,,,0,0,0,high,primary_filename
templates/动态规划/动态规划——合并石头.c,动态规划——合并石头.c,c,1087,49,008663bbefb9f65e4fbef0a28a1cc9a1c2a3e93d4c2717344b1fa78a5f5d380e,true,动态规划,合并石头.c,动态规划,动态规划,通用DP,templates/动态规划/通用DP/动态规划——合并石头.c,application,primary_filename,none,false,,,0,0,0,high,primary_filename
templates/动态规划/动态规划——回文串数量.c,动态规划——回文串数量.c,c,2184,71,07feb96c4c25ef2fe3cc6c795c471f403f9d3b3165e6caff66d27f11cba998e7,true,动态规划,回文串数量.c,动态规划,动态规划,通用DP,templates/动态规划/通用DP/动态规划——回文串数量.c,runnable_template,primary_filename,none,false,,,0,0,0,high,primary_filename
templates/动态规划/动态规划——处理后效性.cpp,动态规划——处理后效性.cpp,cpp,1405,55,60a22cb7a235277e7031547ba091e3b181984e4be7dab80efacb8d6d10ccad8a,true,动态规划,处理后效性.cpp,动态规划,动态规划,通用DP,templates/动态规划/通用DP/动态规划——处理后效性.cpp,runnable_template,primary_filename,none,false,,,0,0,1,high,primary_filename
templates/动态规划/动态规划——多重背包.c,动态规划——多重背包.c,c,613,29,9fb5614b98d2e29dad0c14e3a6e2f1b7c9edb3ce7f308d513d713ff8a282fdf1,true,动态规划,多重背包.c,动态规划,动态规划,通用DP,templates/动态规划/通用DP/动态规划——多重背包.c,application,primary_filename,none,false,,,0,0,0,high,primary_filename
templates/动态规划/动态规划——多重背包.cpp,动态规划——多重背包.cpp,cpp,1197,58,652b5397ce9917ce5e3272b2975bf87c44e481251c8a80fbfffab59fa8e80f02,true,动态规划,多重背包.cpp,动态规划,动态规划,通用DP,templates/动态规划/通用DP/动态规划——多重背包.cpp,runnable_template,primary_filename,none,false,https://www.luogu.com.cn/article/dz9q3o65,,1,0,2,high,primary_filename
templates/动态规划/动态规划——子序列问题.c,动态规划——子序列问题.c,c,1067,44,97e8c016d6aea3b5f3e3029459bdf76141d0e8b6c214a535bbd28c1f0877a1a3,true,动态规划,子序列问题.c,动态规划,动态规划,通用DP,templates/动态规划/通用DP/动态规划——子序列问题.c,runnable_template,primary_filename,none,false,,,0,0,7,high,primary_filename
templates/动态规划/动态规划——字典序最小的递增子序列.c,动态规划——字典序最小的递增子序列.c,c,1448,74,1c82aa617eb8b8334f3f1176dc7a75f1c9694357b4daf6a0ca982beed6222934,true,动态规划,字典序最小的递增子序列.c,动态规划,动态规划,通用DP,templates/动态规划/通用DP/动态规划——字典序最小的递增子序列.c,runnable_template,primary_filename,none,false,,,0,0,0,high,primary_filename
templates/动态规划/动态规划——完全背包.c,动态规划——完全背包.c,c,867,42,9f2dbfccb68ddeece51cfae3f436d1903286bf3efc00d90e5bb5fffafef5b7bd,true,动态规划,完全背包.c,动态规划,动态规划,通用DP,templates/动态规划/通用DP/动态规划——完全背包.c,application,primary_filename,none,false,,,0,0,0,high,primary_filename
templates/动态规划/动态规划——寻找单词.c,动态规划——寻找单词.c,c,624,30,c0ac21725b002acd65cbb68f5186f0cdef0941a5d6f18c5eb6d0605c8c4fd580,true,动态规划,寻找单词.c,动态规划,动态规划,通用DP,templates/动态规划/通用DP/动态规划——寻找单词.c,application,primary_filename,none,false,,,0,0,0,high,primary_filename
templates/动态规划/动态规划——干草问题.c,动态规划——干草问题.c,c,849,39,ec7ae869b73ce94b56361312f0a618409ca05925a7ccaca77ece8825a00f6cde,true,动态规划,干草问题.c,动态规划,动态规划,通用DP,templates/动态规划/通用DP/动态规划——干草问题.c,application,primary_filename,none,false,,,0,0,0,high,primary_filename
templates/动态规划/动态规划——快速最长递增子序列.cpp,动态规划——快速最长递增子序列.cpp,cpp,1475,76,93d60c808dcc1ad6e8b8f325e851921b43afee131ab9732df33d548c7cf0ff46,true,动态规划,快速最长递增子序列.cpp,动态规划,动态规划,通用DP,templates/动态规划/通用DP/动态规划——快速最长递增子序列.cpp,runnable_template,primary_filename,none,false,,,0,0,1,high,primary_filename
templates/动态规划/动态规划——悬线法.cpp,动态规划——悬线法.cpp,cpp,1529,56,841c90521b07ceddad398ad33faf5d4d2d5605685fbefc440fca40e89aa679d1,true,动态规划,悬线法.cpp,动态规划,动态规划,通用DP,templates/动态规划/通用DP/动态规划——悬线法.cpp,runnable_template,primary_filename,none,false,,,0,0,4,high,primary_filename
templates/动态规划/动态规划——戳气球.c,动态规划——戳气球.c,c,1881,76,74d847305f77dea2caf01d97b448fe920d73308f40cad9e17a66284c36e19d45,true,动态规划,戳气球.c,动态规划,动态规划,通用DP,templates/动态规划/通用DP/动态规划——戳气球.c,runnable_template,primary_filename,none,false,https://leetcode.cn/problems/burst-balloons/,,1,0,10,high,primary_filename
templates/动态规划/动态规划——拼合字符.c,动态规划——拼合字符.c,c,1317,57,dd2aaa076d76ef811be89e4c310b6452132680e6f243de696a2e88fcfe9766ae,true,动态规划,拼合字符.c,动态规划,动态规划,通用DP,templates/动态规划/通用DP/动态规划——拼合字符.c,runnable_template,primary_filename,none,false,,,0,0,0,high,primary_filename
templates/动态规划/动态规划——插入字符形成回文串.c,动态规划——插入字符形成回文串.c,c,1140,55,81fcde6b15465c7ca156efcbcd97b5e355f0a9e1e5a639dd08fb4bd8d1669502,true,动态规划,插入字符形成回文串.c,动态规划,动态规划,通用DP,templates/动态规划/通用DP/动态规划——插入字符形成回文串.c,runnable_template,primary_filename,none,false,,,0,0,0,high,primary_filename
templates/动态规划/动态规划——数位dp——windy数.c,动态规划——数位dp——windy数.c,c,3454,114,9a712b9f399a1436caa2a093a844edf3a8086d93521ea491d2c4f63b04a19cd4,true,动态规划,"数位dp,windy数.c",动态规划,动态规划,通用DP,templates/动态规划/通用DP/动态规划——数位dp——windy数.c,runnable_template,primary_filename,none,false,https://www.luogu.com.cn/problem/P2657,P2657,1,0,7,high,primary_filename
templates/动态规划/动态规划——数位dp——丑数.c,动态规划——数位dp——丑数.c,c,1096,58,1c3a0778722cd45f6e8a9a693d6f4018b61000e5c68fb74b5d06ac871ffc244a,true,动态规划,"数位dp,丑数.c",动态规划,动态规划,通用DP,templates/动态规划/通用DP/动态规划——数位dp——丑数.c,runnable_template,primary_filename,none,false,,,0,0,4,high,primary_filename
templates/动态规划/动态规划——数位dp——丑数优化.c,动态规划——数位dp——丑数优化.c,c,754,40,bc182e5ff46b71da95db1862984deca59733a8b81502ba1df0d180ee02d019ae,true,动态规划,"数位dp,丑数优化.c",动态规划,动态规划,通用DP,templates/动态规划/通用DP/动态规划——数位dp——丑数优化.c,runnable_template,primary_filename,none,false,,,0,0,1,high,primary_filename
templates/动态规划/动态规划——数位dp——互不相同的数字.c,动态规划——数位dp——互不相同的数字.c,c,2680,92,adf79ad4e62429aa8d8672de3ed23f2a1971c27ed0b5912defc37e6fe7846437,true,动态规划,"数位dp,互不相同的数字.c",动态规划,动态规划,通用DP,templates/动态规划/通用DP/动态规划——数位dp——互不相同的数字.c,runnable_template,primary_filename,none,false,https://leetcode.cn/problems/count-special-integers/,,1,0,3,high,primary_filename
templates/动态规划/动态规划——数位dp——分配重复数字.c,动态规划——数位dp——分配重复数字.c,c,3056,132,27c7abcb7e08dfd99b829825587a070c24bae3ae7d53805cc198ad277371c935,true,动态规划,"数位dp,分配重复数字.c",动态规划,动态规划,通用DP,templates/动态规划/通用DP/动态规划——数位dp——分配重复数字.c,runnable_template,primary_filename,none,false,,,0,0,5,high,primary_filename
templates/动态规划/动态规划——数位dp——合成不超过n的数字.c,动态规划——数位dp——合成不超过n的数字.c,c,1249,53,31af352269afaea85d07d73862c70dd51e22d4d7474c2ffe4c1f053cc913323e,true,动态规划,"数位dp,合成不超过n的数字.c",动态规划,动态规划,通用DP,templates/动态规划/通用DP/动态规划——数位dp——合成不超过n的数字.c,runnable_template,primary_filename,none,false,,,0,0,0,high,primary_filename
templates/动态规划/动态规划——数位dp——非连续1.c,动态规划——数位dp——非连续1.c,c,2194,77,6c3babd5c5d1b7bbb4371ca08d4b8a310568af1f418c4ec4e3de355978b8ab57,true,动态规划,"数位dp,非连续1.c",动态规划,动态规划,通用DP,templates/动态规划/通用DP/动态规划——数位dp——非连续1.c,runnable_template,primary_filename,none,false,https://leetcode.cn/problems/non-negative-integers-without-consecutive-ones/,,1,0,4,high,primary_filename
templates/动态规划/动态规划——数码个数.c,动态规划——数码个数.c,c,1966,75,4fd6868e1e5323780fb1624c4a23fa7090b1f06b09518d8086f0b16465efee28,true,动态规划,数码个数.c,动态规划,动态规划,通用DP,templates/动态规划/通用DP/动态规划——数码个数.c,runnable_template,primary_filename,none,false,,,0,0,0,high,primary_filename
templates/动态规划/动态规划——无重叠三个最大子数组之和.c,动态规划——无重叠三个最大子数组之和.c,c,1689,66,322df57762de077b89aee94d184701b90ebb832b4b7d3ff065e1b5b03f24417f,true,动态规划,无重叠三个最大子数组之和.c,动态规划,动态规划,通用DP,templates/动态规划/通用DP/动态规划——无重叠三个最大子数组之和.c,application,primary_filename,none,false,,,0,0,0,high,primary_filename
templates/动态规划/动态规划——最低票价.c,动态规划——最低票价.c,c,2607,95,58ebb831f77fbddd33e121f994114145e32209114ad478693f0c2bc0bdfc0e5b,true,动态规划,最低票价.c,动态规划,动态规划,通用DP,templates/动态规划/通用DP/动态规划——最低票价.c,runnable_template,primary_filename,none,false,https://leetcode.cn/problems/minimum-cost-for-tickets/,,1,0,15,high,primary_filename
templates/动态规划/动态规划——最大字符串长度.c,动态规划——最大字符串长度.c,c,733,38,c97bf530f2e88618aa49ac41bbb151f36a8a609424965097514b1c0e26f74e5d,true,动态规划,最大字符串长度.c,动态规划,动态规划,通用DP,templates/动态规划/通用DP/动态规划——最大字符串长度.c,runnable_template,primary_filename,none,false,,,0,0,0,high,primary_filename
templates/动态规划/动态规划——最大环形两段和.cpp,动态规划——最大环形两段和.cpp,cpp,1161,41,d2746de9960e14d2775869d93de15f05b2f825530f3d61fa8ccdf0a22af98260,true,动态规划,最大环形两段和.cpp,动态规划,动态规划,通用DP,templates/动态规划/通用DP/动态规划——最大环形两段和.cpp,runnable_template,primary_filename,none,false,,,0,0,1,high,primary_filename
templates/动态规划/动态规划——最小路径和.c,动态规划——最小路径和.c,c,822,37,a70708878ba87afcac5af2983417486eb1f7d51510ce9e3b4e5de345a913f0f1,true,动态规划,最小路径和.c,动态规划,动态规划,通用DP,templates/动态规划/通用DP/动态规划——最小路径和.c,application,primary_filename,none,false,,,0,0,0,high,primary_filename
templates/动态规划/动态规划——最长公共子序列.c,动态规划——最长公共子序列.c,c,2815,114,e638232f5e119871f19746a59ff97f03923c98ff4f2e17ee64b4a1368f589ecf,true,动态规划,最长公共子序列.c,动态规划,动态规划,通用DP,templates/动态规划/通用DP/动态规划——最长公共子序列.c,runnable_template,primary_filename,none,false,https://leetcode.cn/problems/longest-common-subsequence/,,1,0,8,high,primary_filename
templates/动态规划/动态规划——最长公共子序列.cpp,动态规划——最长公共子序列.cpp,cpp,2023,98,27ca0c820448794924bbcd337ff525012773277d3faa2f9e6fec7cdf7d3302df,true,动态规划,最长公共子序列.cpp,动态规划,动态规划,通用DP,templates/动态规划/通用DP/动态规划——最长公共子序列.cpp,runnable_template,primary_filename,none,false,,,0,1,1,high,primary_filename
templates/动态规划/动态规划——最长有效括号长度.c,动态规划——最长有效括号长度.c,c,852,36,00b32013aec28559efdb7d0bae821f60e72a4740fb8a411eb7359a4c9879376b,true,动态规划,最长有效括号长度.c,动态规划,动态规划,通用DP,templates/动态规划/通用DP/动态规划——最长有效括号长度.c,runnable_template,primary_filename,none,false,https://leetcode.cn/problems/longest-valid-parentheses/,,1,0,6,high,primary_filename
templates/动态规划/动态规划——最长递增子序列长度.c,动态规划——最长递增子序列长度.c,c,1908,76,d3576901e3f1fb5aaa71e0cf432809c6a85771f090cbf8a4b493d49fcd00f842,true,动态规划,最长递增子序列长度.c,动态规划,动态规划,通用DP,templates/动态规划/通用DP/动态规划——最长递增子序列长度.c,runnable_template,primary_filename,none,false,,,0,0,0,high,primary_filename
templates/动态规划/动态规划——最长递增数字串长度.c,动态规划——最长递增数字串长度.c,c,1030,50,81efcbcdbb1321a9ac84ff5b818fafb5528e5918bb118f6edf2029cf1583d5b2,true,动态规划,最长递增数字串长度.c,动态规划,动态规划,通用DP,templates/动态规划/通用DP/动态规划——最长递增数字串长度.c,runnable_template,primary_filename,none,false,,,0,0,0,high,primary_filename
templates/动态规划/动态规划——树形dp  bst.cpp,动态规划——树形dp  bst.cpp,cpp,2465,78,b39b78858c8c2995d7891de73be066a59af7acfbb6c1847d051a5617d43fef4f,true,动态规划,"树形dp,bst.cpp",动态规划,动态规划,通用DP,templates/动态规划/通用DP/动态规划——树形dp  bst.cpp,runnable_template,primary_filename,none,false,https://leetcode.cn/problems/largest-bst-subtree/,,1,0,9,high,primary_filename
templates/动态规划/动态规划——树形dp  bst求和.cpp,动态规划——树形dp  bst求和.cpp,cpp,2367,83,2952789c97540f89d69fd6211b6afb716891616ac1ba04b10930e443fe687e16,true,动态规划,"树形dp,bst求和.cpp",动态规划,动态规划,通用DP,templates/动态规划/通用DP/动态规划——树形dp  bst求和.cpp,runnable_template,primary_filename,none,false,https://leetcode.cn/problems/maximum-sum-bst-in-binary-tree/,,1,0,8,high,primary_filename
templates/动态规划/动态规划——树形dp  dfn序.cpp,动态规划——树形dp  dfn序.cpp,cpp,2791,92,5aeb9dfbb09c064d487778643916599a72182200ffbcbafb63c18b816fd4cc4b,true,动态规划,"树形dp,dfn序.cpp",动态规划,动态规划,通用DP,templates/动态规划/通用DP/动态规划——树形dp  dfn序.cpp,runnable_template,primary_filename,none,false,https://leetcode.cn/problems/minimum-score-after-removals-on-a-tree/,,1,0,10,high,primary_filename
templates/动态规划/动态规划——树形dp  区间和.cpp,动态规划——树形dp  区间和.cpp,cpp,1571,53,f3a17f9894db4fb3ae4cdc7284284fba6bfc00c12d6bfb13ef11018b13c08865,true,动态规划,"树形dp,区间和.cpp",动态规划,动态规划,通用DP,templates/动态规划/通用DP/动态规划——树形dp  区间和.cpp,runnable_template,primary_filename,none,false,https://leetcode.cn/problems/path-sum-iii/,,1,0,6,high,primary_filename
templates/动态规划/动态规划——树形dp  字符.cpp,动态规划——树形dp  字符.cpp,cpp,2165,74,6200faba405648a20dbb74c657a56750af2973269e4a1e791533a901c068c15f,true,动态规划,"树形dp,字符.cpp",动态规划,动态规划,通用DP,templates/动态规划/通用DP/动态规划——树形dp  字符.cpp,runnable_template,primary_filename,none,false,https://leetcode.cn/problems/longest-path-with-different-adjacent-characters/,,1,0,10,high,primary_filename
templates/动态规划/动态规划——树形dp  油耗.cpp,动态规划——树形dp  油耗.cpp,cpp,1770,57,957fdfa89cd5ebdaa9b2eec6a8047e95edf62c61a67cf7e0eed5a6c6b44d1b68,true,动态规划,"树形dp,油耗.cpp",动态规划,动态规划,通用DP,templates/动态规划/通用DP/动态规划——树形dp  油耗.cpp,runnable_template,primary_filename,none,false,https://leetcode.cn/problems/minimum-fuel-cost-to-report-to-the-capital/,,1,0,11,high,primary_filename
templates/动态规划/动态规划——树形dp  监视.cpp,动态规划——树形dp  监视.cpp,cpp,1589,62,59cc1af533b4c6b0289af6faaeb06deb02bb53de31e69714457f256c6c94ce5c,true,动态规划,"树形dp,监视.cpp",动态规划,动态规划,通用DP,templates/动态规划/通用DP/动态规划——树形dp  监视.cpp,runnable_template,primary_filename,none,false,https://leetcode.cn/problems/binary-tree-cameras/,,1,0,5,high,primary_filename
templates/动态规划/动态规划——树形dp  直径.cpp,动态规划——树形dp  直径.cpp,cpp,1364,55,b874123a79db49d892b3740c2762282c7acbd4c0ec3ce20f297d4ed518e5f5b1,true,动态规划,"树形dp,直径.cpp",动态规划,动态规划,通用DP,templates/动态规划/通用DP/动态规划——树形dp  直径.cpp,runnable_template,primary_filename,none,false,https://leetcode.cn/problems/diameter-of-binary-tree/,,1,0,6,high,primary_filename
templates/动态规划/动态规划——树形dp  移金币.cpp,动态规划——树形dp  移金币.cpp,cpp,1543,58,e5be8a8c6465ac6d697ca8c7e5aeb232478a73e8703ba4e04199ffb157c9dd6a,true,动态规划,"树形dp,移金币.cpp",动态规划,动态规划,通用DP,templates/动态规划/通用DP/动态规划——树形dp  移金币.cpp,runnable_template,primary_filename,none,false,https://leetcode.cn/problems/distribute-coins-in-binary-tree/,,1,0,8,high,primary_filename
templates/动态规划/动态规划——树形dp  舞会.cpp,动态规划——树形dp  舞会.cpp,cpp,1834,72,7bcf3d99ca6ff368eaed1a22806126247b46e0c755fbcf399bcc568fe5e99f2f,true,动态规划,"树形dp,舞会.cpp",动态规划,动态规划,通用DP,templates/动态规划/通用DP/动态规划——树形dp  舞会.cpp,runnable_template,primary_filename,none,false,https://www.luogu.com.cn/problem/P1352,P1352,2,0,15,high,primary_filename
templates/动态规划/动态规划——树形dp  选课.cpp,动态规划——树形dp  选课.cpp,cpp,2170,75,54d5c194fcce56cc744a2628398c78eb7eedafdb90923e4c70979ab9c312857d,true,动态规划,"树形dp,选课.cpp",动态规划,动态规划,通用DP,templates/动态规划/通用DP/动态规划——树形dp  选课.cpp,runnable_template,primary_filename,none,false,https://www.luogu.com.cn/problem/P2014,P2014,1,0,11,high,primary_filename
templates/动态规划/动态规划——树形dp  高度.cpp,动态规划——树形dp  高度.cpp,cpp,2836,97,284336505789cc6bdce71797475a3b082f48c94a38814799a813918e41f4af12,true,动态规划,"树形dp,高度.cpp",动态规划,动态规划,通用DP,templates/动态规划/通用DP/动态规划——树形dp  高度.cpp,runnable_template,primary_filename,none,false,https://leetcode.cn/problems/height-of-binary-tree-after-subtree-removal-queries/,,1,0,13,high,primary_filename
templates/动态规划/动态规划——求余除7.c,动态规划——求余除7.c,c,1037,43,b1dc5508ae453523a551c497107edb9f2c5a8a7bf5b6ba24858d8cebd43f83e7,true,动态规划,求余除7.c,动态规划,动态规划,通用DP,templates/动态规划/通用DP/动态规划——求余除7.c,runnable_template,primary_filename,none,false,,,0,0,4,high,primary_filename
templates/动态规划/动态规划——涂木板.c,动态规划——涂木板.c,c,1294,56,704bd5d4cad4a166cc92d27379296234ac3ef6c63f81ff85d018a90b8217d124,true,动态规划,涂木板.c,动态规划,动态规划,通用DP,templates/动态规划/通用DP/动态规划——涂木板.c,runnable_template,primary_filename,none,false,,,0,0,9,high,primary_filename
templates/动态规划/动态规划——状压dp.cpp,动态规划——状压dp.cpp,cpp,2309,89,4b891a9744d55ebf7f95f56ba03ebab441880ee8ca89cefc485d0cb89e263bd7,true,动态规划,状压dp.cpp,动态规划,动态规划,通用DP,templates/动态规划/通用DP/动态规划——状压dp.cpp,runnable_template,primary_filename,none,false,https://www.luogu.com.cn/problem/P1879,P1879,1,0,11,high,primary_filename
templates/动态规划/动态规划——状压dp——tsp问题.c,动态规划——状压dp——tsp问题.c,c,942,50,f9a398a6da46a3a4c3b640589314aed655de3c7bf151eece7d685da5466c4b99,true,动态规划,"状压dp,tsp问题.c",动态规划,动态规划,通用DP,templates/动态规划/通用DP/动态规划——状压dp——tsp问题.c,runnable_template,primary_filename,none,false,,,0,0,0,high,primary_filename
templates/动态规划/动态规划——状压dp——拼火柴.c,动态规划——状压dp——拼火柴.c,c,1620,63,97e8d71d0350128982fa8ee6cea5a15e2ec896d60e71351e7d36ba0ae72eb5a6,true,动态规划,"状压dp,拼火柴.c",动态规划,动态规划,通用DP,templates/动态规划/通用DP/动态规划——状压dp——拼火柴.c,runnable_template,primary_filename,none,false,,,0,0,0,high,primary_filename
templates/动态规划/动态规划——状态压缩——好子集.c,动态规划——状态压缩——好子集.c,c,2402,106,cd1f45901b0db493f930d91b49e859c3e7bdb2456cbcb93ee225d3fac9421648,true,动态规划,"状态压缩,好子集.c",动态规划,动态规划,通用DP,templates/动态规划/通用DP/动态规划——状态压缩——好子集.c,runnable_template,primary_filename,none,false,,,0,0,0,high,primary_filename
templates/动态规划/动态规划——相邻元素最大乘积.c,动态规划——相邻元素最大乘积.c,c,951,41,403120e91796f41ba34a8794a5dbaf80b93a034eb46a86ef9e894960e7e772a7,true,动态规划,相邻元素最大乘积.c,动态规划,动态规划,通用DP,templates/动态规划/通用DP/动态规划——相邻元素最大乘积.c,runnable_template,primary_filename,none,false,,,0,0,5,high,primary_filename
templates/动态规划/动态规划——相邻元素最大累加和.c,动态规划——相邻元素最大累加和.c,c,392,23,d485a2dc5075fbba422849dd00ca85f1578878916df92bf895003a803b0b0683,true,动态规划,相邻元素最大累加和.c,动态规划,动态规划,通用DP,templates/动态规划/通用DP/动态规划——相邻元素最大累加和.c,application,primary_filename,none,false,,,0,0,0,high,primary_filename
templates/动态规划/动态规划——累加和接近一半.c,动态规划——累加和接近一半.c,c,575,29,d72c561b880262b8f98a7da05e5f9ecad045e827b01039d5ba161c3e1770a427,true,动态规划,累加和接近一半.c,动态规划,动态规划,通用DP,templates/动态规划/通用DP/动态规划——累加和接近一半.c,application,primary_filename,none,false,,,0,0,0,high,primary_filename
templates/动态规划/动态规划——组合数字小于n.c,动态规划——组合数字小于n.c,c,2840,98,4b38c2244d2e54c6a9d9f1bd60c6829a6ad9a5406c6c975072d2004f05347f13,true,动态规划,组合数字小于n.c,动态规划,动态规划,通用DP,templates/动态规划/通用DP/动态规划——组合数字小于n.c,runnable_template,primary_filename,none,false,,,0,0,0,high,primary_filename
templates/动态规划/动态规划——统计整数.c,动态规划——统计整数.c,c,2745,104,d77a2778f6241ccfb547c0641a8664d8f8482fdb1bd1887a4a1505f76852a1e3,true,动态规划,统计整数.c,动态规划,动态规划,通用DP,templates/动态规划/通用DP/动态规划——统计整数.c,runnable_template,primary_filename,none,false,https://leetcode.cn/problems/count-of-integers/,,1,0,9,high,primary_filename
templates/动态规划/动态规划——编辑距离.c,动态规划——编辑距离.c,c,2610,82,3fef24786c6c8fa74e0ccebd1a49db7a2dbc6281f53ba2a1fdca49187fdda1dd,true,动态规划,编辑距离.c,动态规划,动态规划,通用DP,templates/动态规划/通用DP/动态规划——编辑距离.c,runnable_template,primary_filename,none,false,,,0,0,20,high,primary_filename
templates/动态规划/动态规划——股票交易（k次交易）.c,动态规划——股票交易（k次交易）.c,c,1250,55,672530fb167931de6b48fe7a1df81075bf4db7b79091eac91bfbd4bce116ac6b,true,动态规划,股票交易（k次交易）.c,动态规划,动态规划,通用DP,templates/动态规划/通用DP/动态规划——股票交易（k次交易）.c,runnable_template,primary_filename,none,false,,,0,0,0,high,primary_filename
templates/动态规划/动态规划——股票交易（两次交易）.c,动态规划——股票交易（两次交易）.c,c,2617,111,11bd98744c025471e5d80fbe4095a3c818e30cb0c5250544e8ca082fb2ce7fb7,true,动态规划,股票交易（两次交易）.c,动态规划,动态规划,通用DP,templates/动态规划/通用DP/动态规划——股票交易（两次交易）.c,runnable_template,primary_filename,none,false,,,0,0,0,high,primary_filename
templates/动态规划/动态规划——股票交易（手续费）.c,动态规划——股票交易（手续费）.c,c,995,30,8e7de1104a11a2fc3fe081cd13bdcb3bca75c3336d48f3744b29f014aa7a28c4,true,动态规划,股票交易（手续费）.c,动态规划,动态规划,通用DP,templates/动态规划/通用DP/动态规划——股票交易（手续费）.c,runnable_template,primary_filename,none,false,,,0,0,0,high,primary_filename
templates/动态规划/动态规划——解码方法.c,动态规划——解码方法.c,c,1745,86,dd848aaaf08a45ade00f1a52798b11ecbcb62ba5f8fc33c8948d90caddf2bd59,true,动态规划,解码方法.c,动态规划,动态规划,通用DP,templates/动态规划/通用DP/动态规划——解码方法.c,runnable_template,primary_filename,none,false,,,0,0,4,high,primary_filename
templates/动态规划/动态规划——超长最长公共子序列.cpp,动态规划——超长最长公共子序列.cpp,cpp,736,39,25f6eed9e924b5b98b573c1b4035876b72c732b6f3274f578dcd27f6dbf1b7f7,true,动态规划,超长最长公共子序列.cpp,动态规划,动态规划,通用DP,templates/动态规划/通用DP/动态规划——超长最长公共子序列.cpp,application,primary_filename,none,false,,,0,0,1,high,primary_filename
templates/动态规划/动态规划——选择数字.c,动态规划——选择数字.c,c,1894,70,63041dae326312826571a34c7cb35125209034144ed6436ce314f23b86d571ab,true,动态规划,选择数字.c,动态规划,动态规划,通用DP,templates/动态规划/通用DP/动态规划——选择数字.c,runnable_template,primary_filename,none,false,,,0,0,0,high,primary_filename
templates/动态规划/动态规划——重复利用结合dfs.cpp,动态规划——重复利用结合dfs.cpp,cpp,2078,82,421dfc332638215d1b07392e7f6c18bb2d1fc111cd0e40785c1d18ff1efa97a8,true,动态规划,重复利用结合dfs.cpp,动态规划,动态规划,通用DP,templates/动态规划/通用DP/动态规划——重复利用结合dfs.cpp,runnable_template,primary_filename,none,false,,,0,0,1,high,primary_filename
templates/动态规划/动态规划——预测赢家.c,动态规划——预测赢家.c,c,2190,103,9ddf1224a908f74f8a7639a1f9fdaaa3aaf0ddc7628d043a95bb4413d1e64639,true,动态规划,预测赢家.c,动态规划,动态规划,通用DP,templates/动态规划/通用DP/动态规划——预测赢家.c,runnable_template,primary_filename,none,false,,,0,0,0,high,primary_filename
templates/动态规划/动态规划优化.cpp,动态规划优化.cpp,cpp,1721,64,6d4d79f8fb9f79a7ab69848586eec555f7f0712ebc8f5c94cbdfa6fb0ca3e422,true,动态规划优化,,动态规划,动态规划,DP优化,templates/动态规划/DP优化/动态规划优化.cpp,runnable_template,primary_filename,none,false,https://leetcode.cn/problems/cherry-pickup/,,1,0,12,high,primary_filename
templates/动态规划/动态规划优化——优化转移方程.cpp,动态规划优化——优化转移方程.cpp,cpp,2917,108,2c6958e2b94b0633aec925822e2b593ca9608a3d570c96fc1e3bd8c22d087005,true,动态规划优化,优化转移方程.cpp,动态规划,动态规划,DP优化,templates/动态规划/DP优化/动态规划优化——优化转移方程.cpp,runnable_template,primary_filename,none,false,,,0,0,13,high,primary_filename
templates/动态规划/动态规划优化——倍增优化.cpp,动态规划优化——倍增优化.cpp,cpp,1907,72,f0d95166ba0d0cfd3aa80a320570917670a38da5dbc885699f552de2bcdb8b47,true,动态规划优化,倍增优化.cpp,动态规划,动态规划,DP优化,templates/动态规划/DP优化/动态规划优化——倍增优化.cpp,runnable_template,primary_filename,none,false,https://www.luogu.com.cn/problem/P1613,P1613,1,0,9,high,primary_filename
templates/动态规划/动态规划优化——公共字符串.cpp,动态规划优化——公共字符串.cpp,cpp,4518,166,b79a4085e99f3a6af4c1349def1d999cded0344f5bd4ad29425b6ed09eab37c4,true,动态规划优化,公共字符串.cpp,动态规划,动态规划,DP优化,templates/动态规划/DP优化/动态规划优化——公共字符串.cpp,example,primary_filename,none,false,,,0,0,8,high,primary_filename
templates/动态规划/动态规划优化——单调sumsum.cpp,动态规划优化——单调sumsum.cpp,cpp,1685,64,33045a0524af4f45f671c09d08130d466332105610a8538b850b65a6f196c2c2,true,动态规划优化,单调sumsum.cpp,动态规划,动态规划,DP优化,templates/动态规划/DP优化/动态规划优化——单调sumsum.cpp,runnable_template,primary_filename,none,false,https://leetcode.cn/problems/sum-of-total-strength-of-wizards/,,1,0,8,high,primary_filename
templates/动态规划/动态规划优化——单调刷木板.cpp,动态规划优化——单调刷木板.cpp,cpp,1707,65,31b82bba5d2293d449d9f64b240fbd754c6a369e0ed22c9df5339d0081de451b,true,动态规划优化,单调刷木板.cpp,动态规划,动态规划,DP优化,templates/动态规划/DP优化/动态规划优化——单调刷木板.cpp,runnable_template,primary_filename,none,false,http://poj.org/problem?id=1821,,1,0,12,high,primary_filename
templates/动态规划/动态规划优化——单调收集能量.cpp,动态规划优化——单调收集能量.cpp,cpp,1448,61,63274b487ec01bbd711df52c62852307d774e783e8f1883679e2feb3b2729e48,true,动态规划优化,单调收集能量.cpp,动态规划,动态规划,DP优化,templates/动态规划/DP优化/动态规划优化——单调收集能量.cpp,runnable_template,primary_filename,none,false,https://www.luogu.com.cn/problem/P3800,P3800,1,0,12,high,primary_filename
templates/动态规划/动态规划优化——单调求和.cpp,动态规划优化——单调求和.cpp,cpp,1063,47,28434d07efa00e3483bfbd436e5c908f1596f6ad05ca584c8e3c63dab4fdd1bf,true,动态规划优化,单调求和.cpp,动态规划,动态规划,DP优化,templates/动态规划/DP优化/动态规划优化——单调求和.cpp,runnable_template,primary_filename,none,false,https://www.luogu.com.cn/problem/P2627,P2627,1,0,8,high,primary_filename
templates/动态规划/动态规划优化——单调移动.cpp,动态规划优化——单调移动.cpp,cpp,2764,103,9a7031a7dae8c4faaa184895324380be4d3cb20eed05ab567a0ff5ac50b61709,true,动态规划优化,单调移动.cpp,动态规划,动态规划,DP优化,templates/动态规划/DP优化/动态规划优化——单调移动.cpp,runnable_template,primary_filename,none,false,https://leetcode.cn/problems/minimum-total-distance-traveled/,,1,0,11,high,primary_filename
templates/动态规划/动态规划优化——单调跳跃.cpp,动态规划优化——单调跳跃.cpp,cpp,1184,55,9d6569a743eb1836abab8e32ab35f3c181cc1dc81ea7e841df6de1a676a014e4,true,动态规划优化,单调跳跃.cpp,动态规划,动态规划,DP优化,templates/动态规划/DP优化/动态规划优化——单调跳跃.cpp,runnable_template,primary_filename,none,false,https://www.luogu.com.cn/problem/P1725,P1725,1,0,10,high,primary_filename
templates/动态规划/动态规划优化——单调运货.cpp,动态规划优化——单调运货.cpp,cpp,2004,54,b2acd0f8d557505845fc82e50fab5674c2bc2f303cf4af626dd6e33ea8676a8b,true,动态规划优化,单调运货.cpp,动态规划,动态规划,DP优化,templates/动态规划/DP优化/动态规划优化——单调运货.cpp,runnable_template,primary_filename,none,false,https://leetcode.cn/problems/delivering-boxes-from-storage-to-ports/,,1,0,11,high,primary_filename
templates/动态规划/动态规划优化——开会.cpp,动态规划优化——开会.cpp,cpp,1796,64,5ba1b64c39b9e0f4a4569bc8a50eda55187fbbc7e8403b486fb2c84acea9d29c,true,动态规划优化,开会.cpp,动态规划,动态规划,DP优化,templates/动态规划/DP优化/动态规划优化——开会.cpp,runnable_template,primary_filename,none,false,https://leetcode.cn/problems/maximum-number-of-events-that-can-be-attended-ii/,,1,0,10,high,primary_filename
templates/动态规划/动态规划优化——扔鸡蛋.cpp,动态规划优化——扔鸡蛋.cpp,cpp,744,33,d5f75b5d00bb460535a1ee870e54f630202b994309275ecfd4da8da6b527e3cd,true,动态规划优化,扔鸡蛋.cpp,动态规划,动态规划,DP优化,templates/动态规划/DP优化/动态规划优化——扔鸡蛋.cpp,runnable_template,primary_filename,none,false,https://leetcode.cn/problems/super-egg-drop/,,1,0,8,high,primary_filename
templates/动态规划/动态规划优化——放珠子.cpp,动态规划优化——放珠子.cpp,cpp,1005,36,d24fd0a9c8fa788bcf4d19301a5157ad33a9b9ca76bbb896386291612a6c5aa2,true,动态规划优化,放珠子.cpp,动态规划,动态规划,DP优化,templates/动态规划/DP优化/动态规划优化——放珠子.cpp,runnable_template,primary_filename,none,false,https://leetcode.cn/problems/put-marbles-in-bags/,,1,0,11,high,primary_filename
templates/动态规划/动态规划优化——放盘子.cpp,动态规划优化——放盘子.cpp,cpp,2351,106,ce72840f217575ca93b3432742da92730796abb3b3b7cf80eb96371e76dff07e,true,动态规划优化,放盘子.cpp,动态规划,动态规划,DP优化,templates/动态规划/DP优化/动态规划优化——放盘子.cpp,runnable_template,primary_filename,none,false,,,0,0,7,high,primary_filename
templates/动态规划/动态规划优化——最近与次近.cpp,动态规划优化——最近与次近.cpp,cpp,3846,143,5f9e2b4ba5ce1e307fe70b545227d958102bd847824808d6a428676e6ebde63e,true,动态规划优化,最近与次近.cpp,动态规划,动态规划,DP优化,templates/动态规划/DP优化/动态规划优化——最近与次近.cpp,runnable_template,primary_filename,none,false,,,0,0,12,high,primary_filename
templates/动态规划/动态规划优化——来回多次变一次.cpp,动态规划优化——来回多次变一次.cpp,cpp,1294,42,f8c15efd393da8f34097d13ce81c69ced83322e0e447071e4cde587b8d20d418,true,动态规划优化,来回多次变一次.cpp,动态规划,动态规划,DP优化,templates/动态规划/DP优化/动态规划优化——来回多次变一次.cpp,runnable_template,primary_filename,none,false,https://www.luogu.com.cn/problem/P8775,P8775,1,0,13,high,primary_filename
templates/动态规划/动态规划优化——枚举二进制位.cpp,动态规划优化——枚举二进制位.cpp,cpp,1048,42,b48aa973bbc69fdc4494627d03c531279d2662cd4fd4e539932c6ad84e12009d,true,动态规划优化,枚举二进制位.cpp,动态规划,动态规划,DP优化,templates/动态规划/DP优化/动态规划优化——枚举二进制位.cpp,runnable_template,primary_filename,none,false,https://www.luogu.com.cn/problem/P4310,P4310,1,0,8,high,primary_filename
templates/动态规划/动态规划优化——树二维.cpp,动态规划优化——树二维.cpp,cpp,1442,59,2d35efb3b46c1dd830456d5ad8b08b67f02e7532891a06663a49be11240f72a8,true,动态规划优化,树二维.cpp,动态规划,动态规划,DP优化,templates/动态规划/DP优化/动态规划优化——树二维.cpp,runnable_template,primary_filename,none,false,https://www.luogu.com.cn/problem/P3287,P3287,1,0,9,high,primary_filename
templates/动态规划/动态规划优化——树数字和.cpp,动态规划优化——树数字和.cpp,cpp,4302,178,6ad9a99893a316c144695b18556c0231959bb150b5a750d807f544b48cd28334,true,动态规划优化,树数字和.cpp,动态规划,动态规划,DP优化,templates/动态规划/DP优化/动态规划优化——树数字和.cpp,runnable_template,primary_filename,none,false,https://leetcode.cn/problems/count-of-range-sum/,,1,0,9,high,primary_filename
templates/动态规划/动态规划优化——树求和.cpp,动态规划优化——树求和.cpp,cpp,2239,94,7cb4d7063fe5ec54363a8da3ce1c002dcbda5fcaa823e97a069f545f132e441a,true,动态规划优化,树求和.cpp,动态规划,动态规划,DP优化,templates/动态规划/DP优化/动态规划优化——树求和.cpp,runnable_template,primary_filename,none,false,https://leetcode.cn/problems/maximum-balanced-subsequence-sum/,,1,0,9,high,primary_filename
templates/动态规划/动态规划优化——树相邻字符.cpp,动态规划优化——树相邻字符.cpp,cpp,2040,83,1f7bff488a767fcd17c1d14c26cea6c74e2c61d2f709b611dbb599a68bac6696,true,动态规划优化,树相邻字符.cpp,动态规划,动态规划,DP优化,templates/动态规划/DP优化/动态规划优化——树相邻字符.cpp,runnable_template,primary_filename,none,false,https://leetcode.cn/problems/longest-ideal-subsequence/,,1,0,9,high,primary_filename
templates/动态规划/动态规划优化——苹果盘子.cpp,动态规划优化——苹果盘子.cpp,cpp,1182,54,d589c25492e96dd3e1a549beee9c01718a743fc6411d7f57d565717741caf75b,true,动态规划优化,苹果盘子.cpp,动态规划,动态规划,DP优化,templates/动态规划/DP优化/动态规划优化——苹果盘子.cpp,runnable_template,primary_filename,none,false,https://www.luogu.com.cn/problem/P1025,P1025,1,0,6,high,primary_filename
templates/动态规划/动态规划优化——重复次数.cpp,动态规划优化——重复次数.cpp,cpp,2454,86,7cd644a7b3c16ecd16d1260aaa403381fff077326502c26e0c33dff0d13411fe,true,动态规划优化,重复次数.cpp,动态规划,动态规划,DP优化,templates/动态规划/DP优化/动态规划优化——重复次数.cpp,runnable_template,primary_filename,none,false,https://leetcode.cn/problems/count-the-repetitions/,,1,0,9,high,primary_filename
templates/动态规划/动态规划优化——预处理——开会时间.cpp,动态规划优化——预处理——开会时间.cpp,cpp,2377,86,7e0fb449beddc2ef24a313ca226bcde185150cb275640e5f73926c8bea9fe354,true,动态规划优化,"预处理,开会时间.cpp",动态规划,动态规划,DP优化,templates/动态规划/DP优化/动态规划优化——预处理——开会时间.cpp,runnable_template,primary_filename,none,false,,,0,0,11,high,primary_filename
templates/动态规划/动态规划优化——预处理——枚举状态.cpp,动态规划优化——预处理——枚举状态.cpp,cpp,2593,83,195c91131f9391f6329215010a81d92bf7890804ccced2bab778113004e2e9e6,true,动态规划优化,"预处理,枚举状态.cpp",动态规划,动态规划,DP优化,templates/动态规划/DP优化/动态规划优化——预处理——枚举状态.cpp,runnable_template,primary_filename,none,false,https://www.luogu.com.cn/problem/P2704,P2704,1,0,11,high,primary_filename
templates/动态规划/动态规划优化——预处理——结构转换.cpp,动态规划优化——预处理——结构转换.cpp,cpp,2091,69,1af44a443db6939439b0c92e9babf3c995efd86e4ad6633b550457cb0189b172,true,动态规划优化,"预处理,结构转换.cpp",动态规划,动态规划,DP优化,templates/动态规划/DP优化/动态规划优化——预处理——结构转换.cpp,example,primary_filename,none,false,https://www.luogu.com.cn/problem/P1437,P1437,1,0,22,high,primary_filename
templates/动态规划/动态规划优化——预处理——还原.cpp,动态规划优化——预处理——还原.cpp,cpp,3419,95,a27c8cbd5ca1e405be60b1a0ec1624b3a2c522bc9d8e58db5210be09f976c3e5,true,动态规划优化,"预处理,还原.cpp",动态规划,动态规划,DP优化,templates/动态规划/DP优化/动态规划优化——预处理——还原.cpp,runnable_template,primary_filename,none,false,https://www.nowcoder.com/practice/49c5284278974cbda474ec13d8bd86a9,,1,0,21,high,primary_filename
templates/动态规划/区间dp——断环为链.cpp,区间dp——断环为链.cpp,cpp,1440,52,8e1c5f0af08082e1e5dde3656a4ffbcab1bfa3a33f8a9d51b45c291ae447f432,true,区间dp,断环为链.cpp,动态规划,动态规划,区间DP,templates/动态规划/区间DP/区间dp——断环为链.cpp,application,primary_filename,none,false,,,0,0,1,high,primary_filename
templates/动态规划/区间dp——释放囚犯.cpp,区间dp——释放囚犯.cpp,cpp,605,28,6860bfc13c05275ee2b498606d848bc0497e17bc84170e623fab2c138be99862,true,区间dp,释放囚犯.cpp,动态规划,动态规划,区间DP,templates/动态规划/区间DP/区间dp——释放囚犯.cpp,application,primary_filename,none,false,,,0,0,1,high,primary_filename
templates/动态规划/多重背包——单调队列优化.cpp,多重背包——单调队列优化.cpp,cpp,2972,102,c31739ebd2437714167f38e9bcf83611bad205ad9e47316fecf2982d54a001ff,true,多重背包,单调队列优化.cpp,动态规划,动态规划,背包DP,templates/动态规划/背包DP/多重背包——单调队列优化.cpp,runnable_template,primary_filename,none,false,,,0,0,2,high,primary_filename
templates/动态规划/康拓展开——结合数位dp.cpp,康拓展开——结合数位dp.cpp,cpp,1473,65,66b95b320db8113a866f0a8143025bec30e7c03121f4b791b01ad1e2fcecd12a,false,康拓展开,结合数位dp.cpp,动态规划,数学,组合数学/康拓展开,templates/数学/组合数学/康拓展开/康拓展开——结合数位dp.cpp,pure_template,primary_filename,none,false,,,0,0,4,high,primary_filename
templates/动态规划/数位dp——windy数.cpp,数位dp——windy数.cpp,cpp,4138,116,7c6693d20d96f3ab832925bd270ce9d43b5688fea2a2fcaad264aae0a67c9de0,false,数位dp,windy数.cpp,动态规划,动态规划,数位DP,templates/动态规划/数位DP/数位dp——windy数.cpp,pure_template,primary_filename,none,false,https://www.luogu.com.cn/problem/P2657,P2657,2,0,8,high,primary_filename
templates/动态规划/数位dp——不连续的1.cpp,数位dp——不连续的1.cpp,cpp,1374,43,baba35bab6a280cd3ebfe2ec7a9cb8bcba426f64d1d6f8bfe28c06e194a67119,true,数位dp,不连续的1.cpp,动态规划,动态规划,数位DP,templates/动态规划/数位DP/数位dp——不连续的1.cpp,runnable_template,primary_filename,none,false,https://leetcode.cn/problems/non-negative-integers-without-consecutive-ones/,,1,0,4,high,primary_filename
templates/动态规划/数位dp——出现次数大于一半.cpp,数位dp——出现次数大于一半.cpp,cpp,3285,96,abe669e822c5cdf887488bb0a220434f20304c04b65cb7731266e753edc15533,false,数位dp,出现次数大于一半.cpp,动态规划,动态规划,数位DP,templates/动态规划/数位DP/数位dp——出现次数大于一半.cpp,pure_template,primary_filename,none,false,https://www.luogu.com.cn/problem/P3107,P3107,1,0,1,high,primary_filename
templates/动态规划/数位dp——反向计算.cpp,数位dp——反向计算.cpp,cpp,2018,66,98d20c5f24ed5452f9fbda46b0bc43f5a13df8de95e0a0b6725100962fa36dad,false,数位dp,反向计算.cpp,动态规划,动态规划,数位DP,templates/动态规划/数位DP/数位dp——反向计算.cpp,pure_template,primary_filename,none,false,https://www.luogu.com.cn/problem/P7415,P7415,1,0,2,high,primary_filename
templates/动态规划/数位dp——后缀背包.cpp,数位dp——后缀背包.cpp,cpp,4497,131,b30083325d24ad25feb562565f75b7ead6dbc77ce6aa0e723c2d0ae9a2b12dfc,false,数位dp,后缀背包.cpp,动态规划,动态规划,数位DP,templates/动态规划/数位DP/数位dp——后缀背包.cpp,pure_template,primary_filename,none,false,https://www.luogu.com.cn/problem/P2481,P2481,1,0,10,high,primary_filename
templates/动态规划/数位dp——数码统计.cpp,数位dp——数码统计.cpp,cpp,1767,46,b5cfd66ceebc818171c855751d54eb641315bc52b10a534e6a3bf9a799187a8a,true,数位dp,数码统计.cpp,动态规划,动态规划,数位DP,templates/动态规划/数位DP/数位dp——数码统计.cpp,runnable_template,primary_filename,none,false,https://www.luogu.com.cn/problem/P2602,P2602,1,0,8,high,primary_filename
templates/动态规划/数位dp——模板.cpp,数位dp——模板.cpp,cpp,2748,74,da946e9422513837095b5561efd43b23699fc4fa3d2ce02021d8bc6ce93eda04,true,数位dp,模板.cpp,动态规划,动态规划,数位DP,templates/动态规划/数位DP/数位dp——模板.cpp,runnable_template,primary_filename,none,false,https://leetcode.cn/problems/numbers-at-most-n-given-digit-set/,,1,0,13,high,primary_filename
templates/动态规划/数位dp——模板2.cpp,数位dp——模板2.cpp,cpp,2369,69,1fe40c73ffac32ef5a3c240131e85dad10b6670fca50a172947b7b3709a01958,true,数位dp,模板2.cpp,动态规划,动态规划,数位DP,templates/动态规划/数位DP/数位dp——模板2.cpp,runnable_template,primary_filename,none,false,https://leetcode.cn/problems/numbers-at-most-n-given-digit-set/,,1,0,9,high,primary_filename
templates/动态规划/数位dp——没有重复数字.cpp,数位dp——没有重复数字.cpp,cpp,3587,92,a9d3856852b15eeb5a2dfe4838ee7e49093a6ef77ffb201a02ea0c625f52d844,true,数位dp,没有重复数字.cpp,动态规划,动态规划,数位DP,templates/动态规划/数位DP/数位dp——没有重复数字.cpp,runnable_template,primary_filename,none,false,https://leetcode.cn/problems/count-special-integers/,,1,0,3,high,primary_filename
templates/动态规划/数位dp——状态压缩.cpp,数位dp——状态压缩.cpp,cpp,2183,74,a14a90334ae20c5765c4f82688ffad102765e707fba44b485550123abec8be2d,false,数位dp,状态压缩.cpp,动态规划,动态规划,数位DP,templates/动态规划/数位DP/数位dp——状态压缩.cpp,pure_template,primary_filename,none,false,https://www.luogu.com.cn/problem/P8766,P8766,1,0,10,high,primary_filename
templates/动态规划/数位dp——累加贡献.cpp,数位dp——累加贡献.cpp,cpp,2493,79,a2ce46c500ced6508118fdca04223213f2dc665bdd643e81d58485f95d0249ef,false,数位dp,累加贡献.cpp,动态规划,动态规划,数位DP,templates/动态规划/数位DP/数位dp——累加贡献.cpp,pure_template,primary_filename,none,false,https://www.luogu.com.cn/problem/P3286,P3286,1,0,8,high,primary_filename
templates/动态规划/数位dp——统计整数.cpp,数位dp——统计整数.cpp,cpp,3146,105,7fdf5909bfed8cf4000db489dfedb67b734bba2dd13127631dd7de32756b12af,true,数位dp,统计整数.cpp,动态规划,动态规划,数位DP,templates/动态规划/数位DP/数位dp——统计整数.cpp,runnable_template,primary_filename,none,false,https://leetcode.cn/problems/count-of-integers/,,1,0,9,high,primary_filename
templates/动态规划/数位dp——萌数.cpp,数位dp——萌数.cpp,cpp,3763,124,33e2ce16b6e2f9be5b20a12055bfc5b3d8c957752a2f6cd73f2618ab390a5a05,true,数位dp,萌数.cpp,动态规划,动态规划,数位DP,templates/动态规划/数位DP/数位dp——萌数.cpp,runnable_template,primary_filename,none,false,https://www.luogu.com.cn/problem/P3413,P3413,1,0,9,high,primary_filename
templates/动态规划/树形dp——最低覆盖.cpp,树形dp——最低覆盖.cpp,cpp,637,32,3382a0ed2fe2ef2eba0609d32e5fe3897c9cfbb08ee7505d849e2ed42c81a41e,true,树形dp,最低覆盖.cpp,动态规划,动态规划,树形DP,templates/动态规划/树形DP/树形dp——最低覆盖.cpp,runnable_template,primary_filename,none,false,https://www.luogu.com.cn/problem/P2279,P2279,1,0,1,high,primary_filename
templates/动态规划/树的直径——树形dp.cpp,树的直径——树形dp.cpp,cpp,1811,76,b9047bc4b1745d433ae5a3876aca811c74643df65f37a7a62e1e3ff012d49f61,true,树的直径,树形dp.cpp,动态规划,树上算法,树的直径,templates/树上算法/树的直径/树的直径——树形dp.cpp,runnable_template,primary_filename,none,false,https://www.luogu.com.cn/problem/U81904,U81904,1,0,5,high,primary_filename
templates/动态规划/状压dp——tsp问题.cpp,状压dp——tsp问题.cpp,cpp,1402,55,fec06553522d972260477d1f6e7ac939ffb541ef2042dc8668d193f1c362a180,true,状压dp,tsp问题.cpp,动态规划,动态规划,状压DP,templates/动态规划/状压DP/状压dp——tsp问题.cpp,runnable_template,primary_filename,none,false,https://www.luogu.com.cn/problem/P1171,P1171,1,0,12,high,primary_filename
templates/动态规划/状压dp——分配.cpp,状压dp——分配.cpp,cpp,2041,82,2e90445b0d20c006e28070975c63e629ecdbf81fe763aa22742532cb187212d6,true,状压dp,分配.cpp,动态规划,动态规划,状压DP,templates/动态规划/状压DP/状压dp——分配.cpp,runnable_template,primary_filename,none,false,https://leetcode.cn/problems/distribute-repeating-integers/,,1,0,7,high,primary_filename
templates/动态规划/状压dp——分配喜欢的帽子.cpp,状压dp——分配喜欢的帽子.cpp,cpp,1708,67,21ee3917ed2e3bf821e22b78c0d7c116e4d12937deaab96a36c7e583bb6284e9,true,状压dp,分配喜欢的帽子.cpp,动态规划,动态规划,状压DP,templates/动态规划/状压DP/状压dp——分配喜欢的帽子.cpp,runnable_template,primary_filename,none,false,https://leetcode.cn/problems/number-of-ways-to-wear-different-hats-to-each-other,,1,0,6,high,primary_filename
templates/动态规划/状压dp——划分成k个组.cpp,状压dp——划分成k个组.cpp,cpp,1611,75,5f0bc6f6fe70623ec2ccea2b27d2f8db814e4473b1bb2954111f8b959798f876,true,状压dp,划分成k个组.cpp,动态规划,动态规划,状压DP,templates/动态规划/状压DP/状压dp——划分成k个组.cpp,runnable_template,primary_filename,none,false,https://leetcode.cn/problems/partition-to-k-equal-sum-subsets/,,1,0,4,high,primary_filename
templates/动态规划/状压dp——枚举子集.cpp,状压dp——枚举子集.cpp,cpp,1226,52,ac860ee93fa5a907c3511e7b48df009bb85adbeab731971b9173ef505debec25,false,状压dp,枚举子集.cpp,动态规划,动态规划,状压DP,templates/动态规划/状压DP/状压dp——枚举子集.cpp,pure_template,primary_filename,none,false,,,0,0,2,high,primary_filename
templates/动态规划/状压dp——模板.cpp,状压dp——模板.cpp,cpp,1846,70,9f8d50eea261afcd2216d100b29551f9444bb2301a008607b33e87dbd13642bd,true,状压dp,模板.cpp,动态规划,动态规划,状压DP,templates/动态规划/状压DP/状压dp——模板.cpp,runnable_template,primary_filename,none,false,https://leetcode.cn/problems/can-i-win/,,1,0,8,high,primary_filename
templates/动态规划/状压dp——火柴拼接正方形.cpp,状压dp——火柴拼接正方形.cpp,cpp,2085,70,085a54ca740bac6ad482321c73696e652529781311683dae66d094c26dd6e2d1,true,状压dp,火柴拼接正方形.cpp,动态规划,动态规划,状压DP,templates/动态规划/状压DP/状压dp——火柴拼接正方形.cpp,runnable_template,primary_filename,none,false,https://leetcode.cn/problems/matchsticks-to-square/,,1,0,7,high,primary_filename
templates/动态规划/状压dp——账单.cpp,状压dp——账单.cpp,cpp,1910,71,56dbc351c00a1bbf68f9a662563028cb45a1f4c662dd87867b973b27477e59be,true,状压dp,账单.cpp,动态规划,动态规划,状压DP,templates/动态规划/状压DP/状压dp——账单.cpp,runnable_template,primary_filename,none,false,https://leetcode.cn/problems/optimal-account-balancing/,,1,0,6,high,primary_filename
templates/动态规划/轮廓线dp——国王.cpp,轮廓线dp——国王.cpp,cpp,1864,68,30208e4bb24e66d22172e0260f3b0ee6ad599c35f6d5df9479612455ad2663e1,true,轮廓线dp,国王.cpp,动态规划,动态规划,轮廓线DP,templates/动态规划/轮廓线DP/轮廓线dp——国王.cpp,runnable_template,primary_filename,none,false,https://www.luogu.com.cn/problem/P1896,P1896,1,0,9,high,primary_filename
templates/动态规划/轮廓线dp——模板.cpp,轮廓线dp——模板.cpp,cpp,2464,76,f57df0d62f06dbc5c7c833e81d3e78dddd96c9bba7dfe3221aae18c145b39fdc,true,轮廓线dp,模板.cpp,动态规划,动态规划,轮廓线DP,templates/动态规划/轮廓线DP/轮廓线dp——模板.cpp,runnable_template,primary_filename,none,false,https://www.luogu.com.cn/problem/P1879,P1879,1,0,9,high,primary_filename
templates/动态规划/轮廓线dp——贴瓷砖.cpp,轮廓线dp——贴瓷砖.cpp,cpp,1594,66,4d5d52296084c23f450953c6462c40ebd19dcc2a784044e16fce9ef0a329fec5,true,轮廓线dp,贴瓷砖.cpp,动态规划,动态规划,轮廓线DP,templates/动态规划/轮廓线DP/轮廓线dp——贴瓷砖.cpp,runnable_template,primary_filename,none,false,http://poj.org/problem?id=2411,,1,0,7,high,primary_filename
templates/动态规划/轮廓线dp——贴瓷砖空间压缩.cpp,轮廓线dp——贴瓷砖空间压缩.cpp,cpp,2046,66,55756c4b1cf79b1c4b9cb494dc177a4cdd042d8bb3ab004a725756ba956c14af,true,轮廓线dp,贴瓷砖空间压缩.cpp,动态规划,动态规划,轮廓线DP,templates/动态规划/轮廓线DP/轮廓线dp——贴瓷砖空间压缩.cpp,runnable_template,primary_filename,none,false,http://poj.org/problem?id=2411,,1,0,7,high,primary_filename
templates/动态规划/轮廓线dp——颜色.cpp,轮廓线dp——颜色.cpp,cpp,3405,121,0dd632de7eeec3af3780ce013e05d57a868252a8f261f25c969b07e406a2bc00,true,轮廓线dp,颜色.cpp,动态规划,动态规划,轮廓线DP,templates/动态规划/轮廓线DP/轮廓线dp——颜色.cpp,runnable_template,primary_filename,none,false,https://www.luogu.com.cn/problem/P2435,P2435,1,0,14,high,primary_filename
templates/动态规划/轮廓线dp——颜色空间压缩.cpp,轮廓线dp——颜色空间压缩.cpp,cpp,3168,110,a6836a22810582c28f180eccec6a7504fefbf636c18761052acc8ac3bae9726a,true,轮廓线dp,颜色空间压缩.cpp,动态规划,动态规划,轮廓线DP,templates/动态规划/轮廓线DP/轮廓线dp——颜色空间压缩.cpp,runnable_template,primary_filename,none,false,https://www.luogu.com.cn/problem/P2435,P2435,1,0,13,high,primary_filename
templates/单调队列单调栈/单调栈——区间最小值之和.cpp,单调栈——区间最小值之和.cpp,cpp,1042,37,344a450d7380d113f85050947c65eb6e1df56cf7f3ebc96db93f0f31733aa290,true,单调栈,区间最小值之和.cpp,单调队列单调栈,基础算法,单调栈,templates/基础算法/单调栈/单调栈——区间最小值之和.cpp,runnable_template,primary_filename,none,false,https://leetcode.cn/problems/sum-of-subarray-minimums/,,1,0,4,high,primary_filename
templates/单调队列单调栈/单调栈——大鱼吃小鱼.cpp,单调栈——大鱼吃小鱼.cpp,cpp,1388,42,e1a8f0ec2766280c075b2359de5f7bba09c6e382ddec630481f098b4fa1248f8,true,单调栈,大鱼吃小鱼.cpp,单调队列单调栈,基础算法,单调栈,templates/基础算法/单调栈/单调栈——大鱼吃小鱼.cpp,runnable_template,primary_filename,none,false,https://www.nowcoder.com/practice/77199defc4b74b24b8ebf6244e1793de,,2,0,14,high,primary_filename
templates/单调队列单调栈/单调栈——字典序最小.cpp,单调栈——字典序最小.cpp,cpp,1515,42,fadaf5db331216dc756769f9442001b1b293a2e9de96295a3432e16a30c95400,true,单调栈,字典序最小.cpp,单调队列单调栈,基础算法,单调栈,templates/基础算法/单调栈/单调栈——字典序最小.cpp,runnable_template,primary_filename,none,false,https://leetcode.cn/problems/remove-duplicate-letters/,,1,0,6,high,primary_filename
templates/单调队列单调栈/单调栈——底层分析.cpp,单调栈——底层分析.cpp,cpp,1224,51,9ee5ddcaad3e07224021fd6c9bfae9eb7252b45d21dbd385bc74c0be8f6d43ad,true,单调栈,底层分析.cpp,单调队列单调栈,基础算法,单调栈,templates/基础算法/单调栈/单调栈——底层分析.cpp,runnable_template,primary_filename,none,false,,,0,0,2,high,primary_filename
templates/单调队列单调栈/单调栈——底层分析矩形个数.cpp,单调栈——底层分析矩形个数.cpp,cpp,2821,84,59710ed5f7ce60f0a4facd3bfb110f21e69f870a33f5db58fcaea0f3a7670f49,true,单调栈,底层分析矩形个数.cpp,单调队列单调栈,基础算法,单调栈,templates/基础算法/单调栈/单调栈——底层分析矩形个数.cpp,runnable_template,primary_filename,none,false,https://www.luogu.com.cn/problem/P1950,P1950,1,0,34,high,primary_filename
templates/单调队列单调栈/单调栈——最大矩形面积.cpp,单调栈——最大矩形面积.cpp,cpp,1106,38,31faad7f203039022860223650cd7358a5736c8ff40abc722b8d7524098442ba,true,单调栈,最大矩形面积.cpp,单调队列单调栈,基础算法,单调栈,templates/基础算法/单调栈/单调栈——最大矩形面积.cpp,runnable_template,primary_filename,none,false,https://leetcode.cn/problems/largest-rectangle-in-histogram,,1,0,4,high,primary_filename
templates/单调队列单调栈/单调栈——模板.cpp,单调栈——模板.cpp,cpp,1771,52,92cbea511d3c1f76ad2da0dc291633a299e1914e0c9da3cbae67a3e3db1c908f,true,单调栈,模板.cpp,单调队列单调栈,基础算法,单调栈,templates/基础算法/单调栈/单调栈——模板.cpp,example,primary_filename,none,false,,,0,0,8,high,primary_filename
templates/单调队列单调栈/单调队列——不等式最大值.cpp,单调队列——不等式最大值.cpp,cpp,1289,41,d206cc2996c1779c0b1e49a968eea9c1f018b2f4723a4ebcce0ca70e61a15fb0,true,单调队列,不等式最大值.cpp,单调队列单调栈,基础算法,单调队列,templates/基础算法/单调队列/单调队列——不等式最大值.cpp,runnable_template,primary_filename,none,false,https://leetcode.cn/problems/max-value-of-equation/,,1,0,9,high,primary_filename
templates/单调队列单调栈/单调队列——二分结合贪心.cpp,单调队列——二分结合贪心.cpp,cpp,3412,82,42fcc6fbdae77f927a58a2013798ce9e29788c29d209df30f318deb6d7670c1f,true,单调队列,二分结合贪心.cpp,单调队列单调栈,基础算法,单调队列,templates/基础算法/单调队列/单调队列——二分结合贪心.cpp,runnable_template,primary_filename,none,false,https://leetcode.cn/problems/maximum-number-of-tasks-you-can-assign/,,1,0,12,high,primary_filename
templates/单调队列单调栈/单调队列——二维.cpp,单调队列——二维.cpp,cpp,1922,74,dd1dcef88ab7b1775244e04b4c55b2cc978ed935766b3e71c2d0deec25c73f5b,true,单调队列,二维.cpp,单调队列单调栈,基础算法,单调队列,templates/基础算法/单调队列/单调队列——二维.cpp,runnable_template,primary_filename,none,false,,,0,0,0,high,primary_filename
templates/单调队列单调栈/单调队列——模板.cpp,单调队列——模板.cpp,cpp,1165,33,7c87344d2b34d64922540cfa04bd152c1486337ab88483e68ecf6a18bd8d4248,true,单调队列,模板.cpp,单调队列单调栈,基础算法,单调队列,templates/基础算法/单调队列/单调队列——模板.cpp,example,primary_filename,none,false,https://leetcode.cn/problems/sliding-window-maximum/,,1,0,7,high,primary_filename
templates/单调队列单调栈/单调队列——限制值.cpp,单调队列——限制值.cpp,cpp,2407,72,197b389150205930d39d8577881ada651ff8853fc8185604199ced4098f37cfd,true,单调队列,限制值.cpp,单调队列单调栈,基础算法,单调队列,templates/基础算法/单调队列/单调队列——限制值.cpp,runnable_template,primary_filename,none,false,https://leetcode.cn/problems/longest-continuous-subarray-with-absolute-diff-less-than-or-equal-to-limit/,,1,0,6,high,primary_filename
templates/博弈论/博弈论——ED游戏.c,博弈论——ED游戏.c,c,1012,44,6ab685c814a1fb5f34eb493cbb6b63bb9c0d0a43f8b05c5ee13ab8e183f18428,true,博弈论,ED游戏.c,博弈论,数学,博弈论,templates/数学/博弈论/博弈论——ED游戏.c,runnable_template,primary_filename,none,false,,,0,0,0,high,primary_filename
templates/博弈论/博弈论——knim博弈.cpp,博弈论——knim博弈.cpp,cpp,2510,79,ebbd2158ec5d0fe9cf76bdfe6ab5d2ce5cf97bdfea6e5b4feda0b66217a2f2fa,false,博弈论,knim博弈.cpp,博弈论,数学,博弈论,templates/数学/博弈论/博弈论——knim博弈.cpp,pure_template,primary_filename,none,false,https://www.luogu.com.cn/problem/P2490,P2490,1,0,7,high,primary_filename
templates/博弈论/博弈论——sg两堆巴什博奕.cpp,博弈论——sg两堆巴什博奕.cpp,cpp,3087,102,06527163ffe4ea317a07b21681fb559834684865e393fd6d0455d576213f383e,true,博弈论,sg两堆巴什博奕.cpp,博弈论,数学,博弈论,templates/数学/博弈论/博弈论——sg两堆巴什博奕.cpp,runnable_template,primary_filename,none,false,,,0,0,5,high,primary_filename
templates/博弈论/博弈论——sg函数.cpp,博弈论——sg函数.cpp,cpp,3886,92,0b8a313a1e6b7a28d08796f6d1839fe0c99c8ac8750f8058419726a46fa7fa72,true,博弈论,sg函数.cpp,博弈论,数学,博弈论,templates/数学/博弈论/博弈论——sg函数.cpp,runnable_template,primary_filename,none,false,https://www.luogu.com.cn/problem/P3185,P3185,1,0,16,high,primary_filename
templates/博弈论/博弈论——sg函数打表找规律.cpp,博弈论——sg函数打表找规律.cpp,cpp,1588,50,a29cd150d6c5db92501b5d485a969fce1f723e75d7dd819048e9564093fbb181,true,博弈论,sg函数打表找规律.cpp,博弈论,数学,博弈论,templates/数学/博弈论/博弈论——sg函数打表找规律.cpp,runnable_template,primary_filename,none,false,https://www.luogu.com.cn/problem/P2148,P2148,1,0,14,high,primary_filename
templates/博弈论/博弈论——三堆石头斐波那契.c,博弈论——三堆石头斐波那契.c,c,875,47,10d98a80b5272988872403c26d2f1d173652268df08e678352157cc3136d15dc,true,博弈论,三堆石头斐波那契.c,博弈论,数学,博弈论,templates/数学/博弈论/博弈论——三堆石头斐波那契.c,runnable_template,primary_filename,none,false,,,0,0,0,high,primary_filename
templates/博弈论/博弈论——二维博弈论.c,博弈论——二维博弈论.c,c,619,27,ff268386fc42d041e8c7df762111426e249373f684b493b34d434fb4a31fe1ad,true,博弈论,二维博弈论.c,博弈论,数学,博弈论,templates/数学/博弈论/博弈论——二维博弈论.c,application,primary_filename,none,false,,,0,0,1,high,primary_filename
templates/博弈论/博弈论——反常游戏.cpp,博弈论——反常游戏.cpp,cpp,2061,52,82e6830468bcf7f9e9f4dbc8616e04fce77fdc7b6b4fd4d62942afaa98ac2ef3,true,博弈论,反常游戏.cpp,博弈论,数学,博弈论,templates/数学/博弈论/博弈论——反常游戏.cpp,runnable_template,primary_filename,none,false,https://www.luogu.com.cn/problem/P4279,P4279,1,0,17,high,primary_filename
templates/博弈论/博弈论——威佐夫博弈.cpp,博弈论——威佐夫博弈.cpp,cpp,1314,41,e4b30595c78800984f19b1bbe3f7a651a07381f4f36d36cba37e8c51d8535b6c,true,博弈论,威佐夫博弈.cpp,博弈论,数学,博弈论,templates/数学/博弈论/博弈论——威佐夫博弈.cpp,runnable_template,primary_filename,none,false,https://www.luogu.com.cn/problem/P2252,P2252,1,0,11,high,primary_filename
templates/博弈论/博弈论——尼姆博弈.cpp,博弈论——尼姆博弈.cpp,cpp,1096,35,f9433f0e42c947c341fca0e50d85db5a3e0a0309088d8c1ac3a0d8128a855f02,true,博弈论,尼姆博弈.cpp,博弈论,数学,博弈论,templates/数学/博弈论/博弈论——尼姆博弈.cpp,runnable_template,primary_filename,none,false,https://www.luogu.com.cn/problem/P2197,P2197,1,0,10,high,primary_filename
templates/博弈论/博弈论——巴什博奕扩展.cpp,博弈论——巴什博奕扩展.cpp,cpp,1153,33,db19ee30247a51a7fbc5159f047240460d188d1332e790ed438b9c35f4329613,true,博弈论,巴什博奕扩展.cpp,博弈论,数学,博弈论,templates/数学/博弈论/博弈论——巴什博奕扩展.cpp,runnable_template,primary_filename,none,false,https://www.luogu.com.cn/problem/P4018,P4018,1,0,14,high,primary_filename
templates/博弈论/博弈论——斐波那契博弈.cpp,博弈论——斐波那契博弈.cpp,cpp,1970,74,9733047f2f44d79676f957146802784666e54b82a1bb808cf7d21b22626faa91,true,博弈论,斐波那契博弈.cpp,博弈论,数学,博弈论,templates/数学/博弈论/博弈论——斐波那契博弈.cpp,runnable_template,primary_filename,none,false,https://www.luogu.com.cn/problem/P6487,P6487,1,0,11,high,primary_filename
templates/博弈论/博弈论——阶梯博弈.cpp,博弈论——阶梯博弈.cpp,cpp,3033,102,4510380a74d204ba6b86e22913bf68cf4291527d9e18e5103a50b546c49142fe,false,博弈论,阶梯博弈.cpp,博弈论,数学,博弈论,templates/数学/博弈论/博弈论——阶梯博弈.cpp,pure_template,primary_filename,none,false,https://www.luogu.com.cn/problem/P5363,P5363,2,0,13,high,primary_filename
templates/后缀数组 后缀自动机/后缀数组——模板.cpp,后缀数组——模板.cpp,cpp,3262,125,bf7aa461f1cbef421d343faa74e543f4d762bc6727d70e4ed7ffac0e0fdb0031,true,后缀数组,模板.cpp,后缀数组 后缀自动机,字符串,后缀数组,templates/字符串/后缀数组/后缀数组——模板.cpp,runnable_template,primary_filename,none,false,https://www.luogu.com.cn/problem/P3809,P3809,1,0,7,high,primary_filename
templates/后缀数组 后缀自动机/后缀自动机——模板.cpp,后缀自动机——模板.cpp,cpp,3165,125,d173d5a0d4266cda1bafff8f7ab36a071c9a29adb0e7dbc5f0cec56ff1d4f60b,true,后缀自动机,模板.cpp,后缀数组 后缀自动机,字符串,后缀自动机,templates/字符串/后缀自动机/后缀自动机——模板.cpp,runnable_template,primary_filename,none,false,https://www.luogu.com.cn/problem/P3804,P3804,1,0,6,high,primary_filename
templates/哈希/哈希——允许差异的匹配.cpp,哈希——允许差异的匹配.cpp,cpp,2559,100,efc1161053e44fdbff7d3e8380846577904935449077f7a2d86479f7345caf72,false,哈希,允许差异的匹配.cpp,哈希,数据结构,哈希,templates/数据结构/哈希/哈希——允许差异的匹配.cpp,pure_template,primary_filename,none,false,https://www.luogu.com.cn/problem/P3763,P3763,1,0,9,high,primary_filename
templates/哈希/哈希——动态哈希.cpp,哈希——动态哈希.cpp,cpp,3228,150,d03ace7f5cafb29e538cedace524849202e196fd6ee95397927c4012376a4bef,false,哈希,动态哈希.cpp,哈希,数据结构,哈希,templates/数据结构/哈希/哈希——动态哈希.cpp,pure_template,primary_filename,none,false,https://www.luogu.com.cn/problem/P10634,P10634,1,0,4,high,primary_filename
templates/哈希/哈希——双哈希.cpp,哈希——双哈希.cpp,cpp,2385,93,e76714a802f894ba5dfc617cc97a9d579ccb82a6bd00fc3ef71b86dc4c7913bc,false,哈希,双哈希.cpp,哈希,数据结构,哈希,templates/数据结构/哈希/哈希——双哈希.cpp,pure_template,primary_filename,none,false,https://www.luogu.com.cn/problem/P5018,P5018,1,0,6,high,primary_filename
templates/哈希/哈希——回文双哈希.cpp,哈希——回文双哈希.cpp,cpp,1597,76,04fb8582600778d265ec74ba683cb7d9d204aeb80287312890cd7f2670cf1cde,false,哈希,回文双哈希.cpp,哈希,数据结构,哈希,templates/数据结构/哈希/哈希——回文双哈希.cpp,pure_template,primary_filename,none,false,https://www.luogu.com.cn/problem/P3449,P3449,1,0,4,high,primary_filename
templates/哈希/哈希——字符串哈希值.cpp,哈希——字符串哈希值.cpp,cpp,1630,74,3510361edbe92a6d19556ebcea10477ffc62c28e18a89099586b43b1eb9c5052,true,哈希,字符串哈希值.cpp,哈希,数据结构,哈希,templates/数据结构/哈希/哈希——字符串哈希值.cpp,runnable_template,primary_filename,none,false,https://www.luogu.com.cn/problem/P3370,P3370,1,0,5,high,primary_filename
templates/哈希/哈希——循环节.cpp,哈希——循环节.cpp,cpp,2558,105,d36ed958f819115ec3b269aa1cfd03e64d0747161f5de2e23571f798616d42c0,true,哈希,循环节.cpp,哈希,数据结构,哈希,templates/数据结构/哈希/哈希——循环节.cpp,runnable_template,primary_filename,none,false,https://www.luogu.com.cn/problem/P3538,P3538,1,0,3,high,primary_filename
templates/哈希/哈希——算法模板.cpp,哈希——算法模板.cpp,cpp,5701,169,95249cf4520e37fdff547cee10ba863df78d87cb342acda5ec4f3a2eba64b125,true,哈希,算法模板.cpp,哈希,数据结构,哈希,templates/数据结构/哈希/哈希——算法模板.cpp,runnable_template,primary_filename,none,false,https://leetcode.cn/problems/substring-with-concatenation-of-all-words/,,1,0,11,high,primary_filename
templates/哈希/哈希——结合fhq.cpp,哈希——结合fhq.cpp,cpp,3233,161,ea3452b75b2f6508be87ac25b3f7fcb14563a2a1d37e561ea78c57650fdd8c7f,false,哈希,结合fhq.cpp,哈希,数据结构,哈希,templates/数据结构/哈希/哈希——结合fhq.cpp,pure_template,primary_filename,none,false,https://www.luogu.com.cn/problem/P4036,P4036,1,0,1,high,primary_filename
templates/哈希/哈希——通配符.cpp,哈希——通配符.cpp,cpp,1957,70,50e5136448ada216ed91a01da76b2efaffdb96be5dc0f1a40bc80143b69c1220,true,哈希,通配符.cpp,哈希,数据结构,哈希,templates/数据结构/哈希/哈希——通配符.cpp,runnable_template,primary_filename,none,false,https://www.luogu.com.cn/problem/P3167,P3167,1,0,2,high,primary_filename
templates/哈希/哈希——重叠检验子串.cpp,哈希——重叠检验子串.cpp,cpp,1573,71,c2229bc2a978fb1b99f68f8f9f1531bbb0c3192e63491d5039c8787b84e081e0,true,哈希,重叠检验子串.cpp,哈希,数据结构,哈希,templates/数据结构/哈希/哈希——重叠检验子串.cpp,runnable_template,primary_filename,none,false,https://leetcode.cn/problems/repeated-string-match/,,1,0,7,high,primary_filename
templates/哈希/哈希——随机权值.cpp,哈希——随机权值.cpp,cpp,3196,113,796168c418f2ec06c161925f2e21942d349f99c9ee9af59c259c51d32ae17c6d,true,哈希,随机权值.cpp,哈希,数据结构,哈希,templates/数据结构/哈希/哈希——随机权值.cpp,runnable_template,primary_filename,none,false,https://www.luogu.com.cn/problem/P11262,P11262,1,0,10,high,primary_filename
templates/哈希/异或哈希——模板.cpp,异或哈希——模板.cpp,cpp,1861,69,10a7ad10d91a6014582014ab3e10f9a3821818669b2e961336ac072ef36c40e3,false,异或哈希,模板.cpp,哈希,基础算法,位运算/异或哈希,templates/基础算法/位运算/异或哈希/异或哈希——模板.cpp,pure_template,primary_filename,none,false,https://www.luogu.com.cn/problem/CF1175F,CF1175F,1,0,2,high,primary_filename
templates/哈希/树上哈希——换根dp.cpp,树上哈希——换根dp.cpp,cpp,3634,178,5f693264f790beaadeaf34731f42d857511330c093f4ad7a061cfef23f388df4,false,树上哈希,换根dp.cpp,哈希,树上算法,树上哈希,templates/树上算法/树上哈希/树上哈希——换根dp.cpp,pure_template,primary_filename,none,false,https://www.luogu.com.cn/problem/P4323,P4323,1,0,3,high,primary_filename
templates/哈希/随机化——k倍问题.cpp,随机化——k倍问题.cpp,cpp,3305,153,cc868ea56dbd112223de92c9e9cc1d24f8461ec456be0f383d63658fbad7bfeb,false,随机化,k倍问题.cpp,哈希,基础算法,随机化,templates/基础算法/随机化/随机化——k倍问题.cpp,pure_template,primary_filename,none,false,https://www.luogu.com.cn/problem/CF1746F,CF1746F,1,0,5,high,primary_filename
templates/哈希/随机化——异或.cpp,随机化——异或.cpp,cpp,3954,125,7176a7ad99c3c1b423f69534b598e6d0a0aa983086b678b5538b72c17974f23d,true,随机化,异或.cpp,哈希,基础算法,随机化,templates/基础算法/随机化/随机化——异或.cpp,runnable_template,primary_filename,none,false,https://www.luogu.com.cn/problem/P3587,P3587,1,0,7,high,primary_filename
templates/图论/01bfs——模板.cpp,01bfs——模板.cpp,cpp,2639,80,96f39cfeb65746be1ffcdfd975cc6bf6a449cd657dc187211b2507ca12f52f4b,true,01bfs,模板.cpp,图论,图论,最短路/0-1 BFS,templates/图论/最短路/0-1 BFS/01bfs——模板.cpp,runnable_template,primary_filename,none,false,https://leetcode.cn/problems/minimum-obstacle-removal-to-reach-corner/,,1,0,9,high,primary_filename
templates/图论/01bfs——模板升级.cpp,01bfs——模板升级.cpp,cpp,2845,71,76ed6ea34b5483c03280d06f1a046ffb22d35fe8d230f6b642f5bac4728c9381,true,01bfs,模板升级.cpp,图论,图论,最短路/0-1 BFS,templates/图论/最短路/0-1 BFS/01bfs——模板升级.cpp,runnable_template,primary_filename,none,false,https://leetcode.cn/problems/minimum-cost-to-make-at-least-one-valid-path-in-a-grid/,,1,0,15,high,primary_filename
templates/图论/DJ算法——分层最短路.cpp,DJ算法——分层最短路.cpp,cpp,3793,102,1d76fa9b6f07996fd1192b94d9abd8f5477971c05ccea4dee08b768ec7b13b4b,true,DJ算法,分层最短路.cpp,图论,图论,最短路/Dijkstra,templates/图论/最短路/Dijkstra/DJ算法——分层最短路.cpp,runnable_template,primary_filename,none,false,https://leetcode.cn/problems/DFPeFJ/,,1,0,9,high,primary_filename
templates/图论/DJ算法——分层最短路模板.cpp,DJ算法——分层最短路模板.cpp,cpp,2902,91,479e5d2f6024243cc8646371d801b361d37a515b9e278987c08b822f67e6bb75,true,DJ算法,分层最短路模板.cpp,图论,图论,最短路/Dijkstra,templates/图论/最短路/Dijkstra/DJ算法——分层最短路模板.cpp,runnable_template,primary_filename,none,false,https://www.luogu.com.cn/problem/P4568,P4568,1,0,11,high,primary_filename
templates/图论/DJ算法——分层最短路类似状压.cpp,DJ算法——分层最短路类似状压.cpp,cpp,3647,105,049f8ad25aab94126f306469cbbebc54c35663d29b73f053bc603f7376a59582,true,DJ算法,分层最短路类似状压.cpp,图论,图论,最短路/Dijkstra,templates/图论/最短路/Dijkstra/DJ算法——分层最短路类似状压.cpp,runnable_template,primary_filename,none,false,https://leetcode.cn/problems/shortest-path-to-get-all-keys,,1,0,13,high,primary_filename
templates/图论/DJ算法——多源最短路.cpp,DJ算法——多源最短路.cpp,cpp,2216,99,237d1d105f240233d646c8d640584b30ad3d2a25566d2b8c916c61df1f540489,true,DJ算法,多源最短路.cpp,图论,图论,最短路/Dijkstra,templates/图论/最短路/Dijkstra/DJ算法——多源最短路.cpp,runnable_template,primary_filename,none,false,https://www.luogu.com.cn/problem/P10193,P10193,1,0,3,high,primary_filename
templates/图论/DJ算法——最小化路径最大值.cpp,DJ算法——最小化路径最大值.cpp,cpp,2553,78,c0299a97f9790e18a7703b905cb9787a3619c00d1d8cd3cea75fd2e68a1b9ba6,true,DJ算法,最小化路径最大值.cpp,图论,图论,最短路/Dijkstra,templates/图论/最短路/Dijkstra/DJ算法——最小化路径最大值.cpp,runnable_template,primary_filename,none,false,https://leetcode.cn/problems/path-with-minimum-effort/,,1,0,9,high,primary_filename
templates/图论/DJ算法——最短路模版.cpp,DJ算法——最短路模版.cpp,cpp,2187,75,be8e419bc927322d942eb92e1c3772c01e2b2f6e07bd717a56313c793f4fbbb3,true,DJ算法,最短路模版.cpp,图论,图论,最短路/Dijkstra,templates/图论/最短路/Dijkstra/DJ算法——最短路模版.cpp,runnable_template,primary_filename,none,false,https://www.luogu.com.cn/problem/P4779,P4779,1,0,6,high,primary_filename
templates/图论/DJ算法——次短路问题.cpp,DJ算法——次短路问题.cpp,cpp,2440,99,78fe1c1338f83153ab114fa66044b70c58d323ece5d46d3c2c6c8fc1ae37752d,true,DJ算法,次短路问题.cpp,图论,图论,最短路/Dijkstra,templates/图论/最短路/Dijkstra/DJ算法——次短路问题.cpp,runnable_template,primary_filename,none,false,,,0,0,3,high,primary_filename
templates/图论/floyd算法——修改边权.cpp,floyd算法——修改边权.cpp,cpp,2193,77,f8bedcb2d37a73c91d82719de601785bc1f79132cd0418004b8b9c9c683e1f7d,true,floyd算法,修改边权.cpp,图论,图论,最短路/Floyd,templates/图论/最短路/Floyd/floyd算法——修改边权.cpp,runnable_template,primary_filename,none,false,,,0,0,6,high,primary_filename
templates/图论/floyd算法——更新点.cpp,floyd算法——更新点.cpp,cpp,1395,60,ca835a8b10d627f5d1a966585f0f280a4326b05126b13a5044719df0b224bd96,true,floyd算法,更新点.cpp,图论,图论,最短路/Floyd,templates/图论/最短路/Floyd/floyd算法——更新点.cpp,runnable_template,primary_filename,none,false,,,0,0,4,high,primary_filename
templates/图论/floyd算法——本质应用.cpp,floyd算法——本质应用.cpp,cpp,1958,78,07988b93de140ca2ab1c334ae09f1eb11a07be31c9fe1f328207a581eeb20900,true,floyd算法,本质应用.cpp,图论,图论,最短路/Floyd,templates/图论/最短路/Floyd/floyd算法——本质应用.cpp,application,primary_filename,none,false,,,0,0,5,high,primary_filename
templates/图论/floyd算法——模板.cpp,floyd算法——模板.cpp,cpp,1913,65,45721a629a17493c448f96fea5a7cdfea838ab2ed2f5ed671a710573f4db6e34,true,floyd算法,模板.cpp,图论,图论,最短路/Floyd,templates/图论/最短路/Floyd/floyd算法——模板.cpp,runnable_template,primary_filename,none,false,https://www.luogu.com.cn/problem/P2910,P2910,1,0,5,high,primary_filename
templates/图论/johnson——模板.cpp,johnson——模板.cpp,cpp,2744,134,3a14ac19f767c2e5fc1908e3b07dc0c5d620af28be2a0496d4993a0c130ac215,false,johnson,模板.cpp,图论,图论,最短路/Johnson,templates/图论/最短路/Johnson/johnson——模板.cpp,pure_template,primary_filename,none,false,https://www.luogu.com.cn/problem/P5905,P5905,1,0,2,high,primary_filename
templates/图论/分层最短路.cpp,分层最短路.cpp,cpp,2619,115,8661749bcaa82d1eeaf13d53e541597f4da625037b5c6239833bcf2535169c0d,true,分层最短路,,图论,图论,最短路/分层最短路,templates/图论/最短路/分层最短路/分层最短路.cpp,runnable_template,primary_filename,none,false,,,0,0,1,high,primary_filename
templates/图论/分层最短路——01bfs.cpp,分层最短路——01bfs.cpp,cpp,2332,107,b071f4fc9e70264217fb08cb7c05684163cef87c345d3a4c920141705ee362b4,true,分层最短路,01bfs.cpp,图论,图论,最短路/分层最短路,templates/图论/最短路/分层最短路/分层最短路——01bfs.cpp,runnable_template,primary_filename,none,false,,,0,0,3,high,primary_filename
templates/图论/分层最短路——层际连边.cpp,分层最短路——层际连边.cpp,cpp,1831,84,faad0e98da437ef346dd0cb865e49feaa7dbac3915dadde50d1fcce812750b06,true,分层最短路,层际连边.cpp,图论,图论,最短路/分层最短路,templates/图论/最短路/分层最短路/分层最短路——层际连边.cpp,runnable_template,primary_filename,none,false,,,0,0,3,high,primary_filename
templates/图论/同余最短路——01bfs.cpp,同余最短路——01bfs.cpp,cpp,1544,47,c110c2ad592ee8e632b7c1e9b4b8e8014be092e333e03d8a78693188b73380c3,true,同余最短路,01bfs.cpp,图论,图论,最短路/同余最短路,templates/图论/最短路/同余最短路/同余最短路——01bfs.cpp,runnable_template,primary_filename,none,false,https://www.luogu.com.cn/problem/AT_arc084_b,AT_arc084_b,2,0,8,high,primary_filename
templates/图论/同余最短路——DJ算法.cpp,同余最短路——DJ算法.cpp,cpp,2500,94,9fa694e0a970d8c602e011e5edb3d2a02c7daea325c998b098ac05afc00ebb65,true,同余最短路,DJ算法.cpp,图论,图论,最短路/同余最短路,templates/图论/最短路/同余最短路/同余最短路——DJ算法.cpp,runnable_template,primary_filename,none,false,https://www.luogu.com.cn/problem/P2371,P2371,1,0,10,high,primary_filename
templates/图论/同余最短路——DJ算法2.cpp,同余最短路——DJ算法2.cpp,cpp,2874,109,2cfb15fff586edb1781e6506ae422ed3a77b4fe4ca1ca2d3661c67f46e70ede1,true,同余最短路,DJ算法2.cpp,图论,图论,最短路/同余最短路,templates/图论/最短路/同余最短路/同余最短路——DJ算法2.cpp,runnable_template,primary_filename,none,false,https://www.luogu.com.cn/problem/P2662,P2662,1,0,11,high,primary_filename
templates/图论/同余最短路——二次转圈法.cpp,同余最短路——二次转圈法.cpp,cpp,2583,80,afe198be6d5358c73b1f3c400c3075126496cf667f99c3131c29ecdefc830bb6,true,同余最短路,二次转圈法.cpp,图论,图论,最短路/同余最短路,templates/图论/最短路/同余最短路/同余最短路——二次转圈法.cpp,runnable_template,primary_filename,none,false,https://www.luogu.com.cn/problem/P2371,P2371,1,0,12,high,primary_filename
templates/图论/同余最短路——二次转圈结合背包.cpp,同余最短路——二次转圈结合背包.cpp,cpp,2583,84,2bb7fabaf4435a9d0f9ea6f737964dc2f4473bf89c16b5919fd62089f7486271,true,同余最短路,二次转圈结合背包.cpp,图论,图论,最短路/同余最短路,templates/图论/最短路/同余最短路/同余最短路——二次转圈结合背包.cpp,runnable_template,primary_filename,none,false,https://www.luogu.com.cn/problem/P9140,P9140,1,0,12,high,primary_filename
templates/图论/同余最短路——模板.cpp,同余最短路——模板.cpp,cpp,2458,94,99b7c9a6a3c85911fcc2f4fe741d2b66038368ead666ba0b79e0beaf5f04eff4,false,同余最短路,模板.cpp,图论,图论,最短路/同余最短路,templates/图论/最短路/同余最短路/同余最短路——模板.cpp,pure_template,primary_filename,none,false,https://www.luogu.com.cn/problem/P3403,P3403,1,0,11,high,primary_filename
templates/图论/图——邻接表.cpp,图——邻接表.cpp,cpp,2187,108,0eec7312710edecbb1eced049d742739f64f42bf6674e2eef2e1f2f79bb1dd03,true,图,邻接表.cpp,图论,图论,通用,templates/图论/通用/图——邻接表.cpp,runnable_template,primary_filename,none,false,,,0,0,0,high,primary_filename
templates/图论/图论——Astar.cpp,图论——Astar.cpp,cpp,5952,163,1616b7d9dd1438b54e4f9c4aaa21229ed0cf74843b3fbeaec76052bb61048b9d,true,图论,Astar.cpp,图论,图论,通用,templates/图论/通用/图论——Astar.cpp,runnable_template,primary_filename,none,false,,,0,0,0,high,primary_filename
templates/图论/图论——A星展示.cpp,图论——A星展示.cpp,cpp,5943,166,eb49c1ca7aacc6c27bff8df7be1d5af29a795e598c93a3c96df86c4bb66aecbe,true,图论,A星展示.cpp,图论,图论,通用,templates/图论/通用/图论——A星展示.cpp,example,primary_filename,none,false,,,0,0,0,high,primary_filename
templates/图论/图论——A星（k短路）模板.cpp,图论——A星（k短路）模板.cpp,cpp,2946,120,ceac80947ada8950b38c199f66c781489a5c91f47436757338acc9ae4dc9a415,true,图论,A星（k短路）模板.cpp,图论,图论,通用,templates/图论/通用/图论——A星（k短路）模板.cpp,runnable_template,primary_filename,none,false,,,0,0,4,high,primary_filename
templates/图论/图论——bellman(SPFA).cpp,图论——bellman(SPFA).cpp,cpp,3129,110,708315001602230081203aedb58515eb7defca1c9a5d6b08d137074a612ff05f,true,图论,bellman(SPFA).cpp,图论,图论,通用,templates/图论/通用/图论——bellman(SPFA).cpp,runnable_template,primary_filename,none,false,https://www.luogu.com.cn/problem/P3385,P3385,1,0,7,high,primary_filename
templates/图论/图论——bellman2  必须k次.cpp,图论——bellman2  必须k次.cpp,cpp,2289,58,ca65ac9489bbe5e7149bd40eac988e41ee76770c483254f1672b1f4f68175b93,true,图论,"bellman2,必须k次.cpp",图论,图论,通用,templates/图论/通用/图论——bellman2  必须k次.cpp,application,primary_filename,none,false,https://leetcode.cn/problems/cheapest-flights-within-k-stops/,,1,0,8,high,primary_filename
templates/图论/图论——IDA星应用.cpp,图论——IDA星应用.cpp,cpp,1618,82,99ba9752e722fa0e7f72c8ce815baf8c350457000606ffabfe9290df3842ce6c,true,图论,IDA星应用.cpp,图论,图论,通用,templates/图论/通用/图论——IDA星应用.cpp,application,primary_filename,none,false,,,0,0,4,high,primary_filename
templates/图论/图论——IDA星模板.cpp,图论——IDA星模板.cpp,cpp,2520,104,6e7918f7a1913ad1dad894c6e437402aad89b733302f377415d47121d1f1caa2,true,图论,IDA星模板.cpp,图论,图论,通用,templates/图论/通用/图论——IDA星模板.cpp,runnable_template,primary_filename,none,false,https://acm.hdu.edu.cn/showproblem.php?pid=1560,,2,0,7,high,primary_filename
templates/图论/图论——IDA星（进阶）.cpp,图论——IDA星（进阶）.cpp,cpp,4249,128,3638f330e37c8a0372552a80281bfaa6e4f09891e351ac1ccdbe365289e35480,true,图论,IDA星（进阶）.cpp,图论,图论,通用,templates/图论/通用/图论——IDA星（进阶）.cpp,runnable_template,primary_filename,none,false,https://acm.hdu.edu.cn/showproblem.php?pid=1667,,2,0,10,high,primary_filename
templates/图论/图论——spfa模板.cpp,图论——spfa模板.cpp,cpp,2256,87,8468631a6bab1c46d4b91c21a741b2a86e82d49d41638f0528c82a11e601181c,true,图论,spfa模板.cpp,图论,图论,通用,templates/图论/通用/图论——spfa模板.cpp,example,primary_filename,none,false,,,0,0,4,high,primary_filename
templates/图论/差分约束——两种形式综合.cpp,差分约束——两种形式综合.cpp,cpp,3374,108,bd0c367fec0ee96518f2e5931e2d83bf17af05c1da7c49cc3d47ee2dc8e804ee,true,差分约束,两种形式综合.cpp,图论,基础算法,差分约束,templates/基础算法/差分约束/差分约束——两种形式综合.cpp,runnable_template,primary_filename,none,false,https://www.luogu.com.cn/problem/P4878,P4878,1,0,13,high,primary_filename
templates/图论/差分约束——模板形式一.cpp,差分约束——模板形式一.cpp,cpp,3059,99,5bc48cb1255b985c33541718ef543832b7f918455c67ccaa171dbe21a81604e5,true,差分约束,模板形式一.cpp,图论,基础算法,差分约束,templates/基础算法/差分约束/差分约束——模板形式一.cpp,runnable_template,primary_filename,none,false,https://www.luogu.com.cn/problem/P5960,P5960,1,0,10,high,primary_filename
templates/图论/差分约束——模板形式二.cpp,差分约束——模板形式二.cpp,cpp,2797,96,6749ebfa5ea486a9be0d9bb4aa59f9a253e55f4f32810f31efb9b046ddfab71e,true,差分约束,模板形式二.cpp,图论,基础算法,差分约束,templates/基础算法/差分约束/差分约束——模板形式二.cpp,runnable_template,primary_filename,none,false,https://www.luogu.com.cn/problem/P5960,P5960,1,0,10,high,primary_filename
templates/图论/差分约束——结合floyd.cpp,差分约束——结合floyd.cpp,cpp,3012,87,08a75bc60315934044965dcc32a4f42b04ceab5241894ab388b6d2b4ec0697a8,true,差分约束,结合floyd.cpp,图论,基础算法,差分约束,templates/基础算法/差分约束/差分约束——结合floyd.cpp,runnable_template,primary_filename,none,false,https://www.luogu.com.cn/problem/P2474,P2474,1,0,11,high,primary_filename
templates/图论/差分约束——限制性超级源点.cpp,差分约束——限制性超级源点.cpp,cpp,4506,154,977bfd4a3ce9bf74668beefa225c74a4fd24c19093f8e1ba19bcf98b081d4502,true,差分约束,限制性超级源点.cpp,图论,基础算法,差分约束,templates/基础算法/差分约束/差分约束——限制性超级源点.cpp,runnable_template,primary_filename,none,false,https://www.luogu.com.cn/problem/P4926,P4926,1,0,15,high,primary_filename
templates/图论/拓扑排序——入度删除法.cpp,拓扑排序——入度删除法.cpp,cpp,1928,65,0fb06d62e50cd36e78a39bd64460bf2cc6010dd37012cb47df8a2e9d90892835,false,拓扑排序,入度删除法.cpp,图论,图论,拓扑排序,templates/图论/拓扑排序/拓扑排序——入度删除法.cpp,pure_template,primary_filename,none,false,https://leetcode.cn/problems/course-schedule-ii/,,1,0,10,high,primary_filename
templates/图论/拓扑排序——最多员工数量.cpp,拓扑排序——最多员工数量.cpp,cpp,2114,63,9260c3fd6fa27d120f17501a641ac2fef51f9e334db38db15149c887b643ed75,true,拓扑排序,最多员工数量.cpp,图论,图论,拓扑排序,templates/图论/拓扑排序/拓扑排序——最多员工数量.cpp,runnable_template,primary_filename,none,false,https://leetcode.cn/problems/maximum-employees-to-be-invited-to-a-meeting/,,1,0,8,high,primary_filename
templates/图论/拓扑排序——求最长公共路径.cpp,拓扑排序——求最长公共路径.cpp,cpp,3863,167,0998510d71eb364378e990e922e311e8239b4d1c805d2ef028edff0b4ec2c190,true,拓扑排序,求最长公共路径.cpp,图论,图论,拓扑排序,templates/图论/拓扑排序/拓扑排序——求最长公共路径.cpp,runnable_template,primary_filename,none,false,,,0,0,3,high,primary_filename
templates/图论/拓扑排序——结合前缀树.cpp,拓扑排序——结合前缀树.cpp,cpp,2464,114,3a34e9a51cca415d8cd09890d7422280e3b4351ef688152a3ff1d6b9ed83699d,true,拓扑排序,结合前缀树.cpp,图论,图论,拓扑排序,templates/图论/拓扑排序/拓扑排序——结合前缀树.cpp,runnable_template,primary_filename,none,false,,,0,0,4,high,primary_filename
templates/图论/树上换根——最短路.cpp,树上换根——最短路.cpp,cpp,3101,109,70937dcd1a77dc817af87f6947c21dfd70adfe59a6634d5e9870f88cad474842,true,树上换根,最短路.cpp,图论,树上算法,树上换根,templates/树上算法/树上换根/树上换根——最短路.cpp,runnable_template,primary_filename,none,false,https://www.luogu.com.cn/problem/P6419,P6419,1,0,10,medium,primary_filename
templates/图论/欧拉图——应用.cpp,欧拉图——应用.cpp,cpp,2913,127,09bd0d8d4ee6618969f96c3c92fa1efa25a8dd7d74dc3f0f5ac1757619e0eaf7,true,欧拉图,应用.cpp,图论,图论,欧拉路径,templates/图论/欧拉路径/欧拉图——应用.cpp,application,primary_filename,none,false,https://www.luogu.com.cn/problem/P1127,P1127,1,0,6,high,primary_filename
templates/图论/欧拉图——欧拉路径模板.cpp,欧拉图——欧拉路径模板.cpp,cpp,2078,83,e68ea7474fe9820e1b2b9367b50b7af006ff3f95cd9be0f03184263e2c33866f,true,欧拉图,欧拉路径模板.cpp,图论,图论,欧拉路径,templates/图论/欧拉路径/欧拉图——欧拉路径模板.cpp,runnable_template,primary_filename,none,false,https://www.luogu.com.cn/problem/P7771,P7771,1,0,5,high,primary_filename
templates/图论/欧拉图——欧拉路径模板（无向图）.cpp,欧拉图——欧拉路径模板（无向图）.cpp,cpp,1369,64,16740eb61c8453a67fcd4f91861773d3f7997742d7ac67da47b64854d2c3c118,true,欧拉图,欧拉路径模板（无向图）.cpp,图论,图论,欧拉路径,templates/图论/欧拉路径/欧拉图——欧拉路径模板（无向图）.cpp,runnable_template,primary_filename,none,false,https://www.luogu.com.cn/problem/P2731,P2731,1,0,4,high,primary_filename
templates/图论/线段树优化建图——模板.cpp,线段树优化建图——模板.cpp,cpp,4235,182,26e00e009dc2542b31ad2832c71f0bcede9d7e2cdf3335a2bf2c619133f15861,true,线段树优化建图,模板.cpp,图论,数据结构,线段树/线段树优化建图,templates/数据结构/线段树/线段树优化建图/线段树优化建图——模板.cpp,runnable_template,primary_filename,none,false,https://www.luogu.com.cn/problem/CF786B,CF786B,1,3,8,medium,primary_filename
templates/图论/线段树优化建图——虚点.cpp,线段树优化建图——虚点.cpp,cpp,4154,201,298950f2348ded550bb57982182529c06a32d8104cd3b1d5833fd1df47a05785,true,线段树优化建图,虚点.cpp,图论,数据结构,线段树/线段树优化建图,templates/数据结构/线段树/线段树优化建图/线段树优化建图——虚点.cpp,runnable_template,primary_filename,none,false,https://www.luogu.com.cn/problem/P3588,P3588,1,0,3,medium,primary_filename
templates/左偏树/k短路——左偏树.cpp,k短路——左偏树.cpp,cpp,7748,273,0d58e0644061f101c046c847ca65c293fab1dec16e8c542ed7ccf9666867438b,true,k短路,左偏树.cpp,左偏树,图论,最短路/K短路,templates/图论/最短路/K短路/k短路——左偏树.cpp,runnable_template,primary_filename,none,false,https://www.luogu.com.cn/problem/P2483,P2483,1,0,11,high,primary_filename
templates/左偏树/可持久化左偏树.cpp,可持久化左偏树.cpp,cpp,5312,219,6dca4b8ee34d0161e2c62383cb7f4336c329c6164e0891482bae53489ed284a5,true,可持久化左偏树,,左偏树,数据结构,左偏树/可持久化左偏树,templates/数据结构/左偏树/可持久化左偏树/可持久化左偏树.cpp,runnable_template,primary_filename,none,false,,,0,0,1,high,primary_filename
templates/左偏树/可持久化左偏树2.cpp,可持久化左偏树2.cpp,cpp,4374,166,76e210fce837438ba892e149d8409c2550cb3e024f10f9b228765a5f61ebb0cd,true,可持久化左偏树2,,左偏树,数据结构,左偏树/可持久化左偏树,templates/数据结构/左偏树/可持久化左偏树/可持久化左偏树2.cpp,runnable_template,primary_filename,none,false,https://www.luogu.com.cn/problem/P2409,P2409,1,0,11,high,primary_filename
templates/左偏树/左偏树——删除任意节点模板.cpp,左偏树——删除任意节点模板.cpp,cpp,5557,168,f5ada9e183b5412de838da7c20fef911d2eaf6ff912d4108fae093846d1d12c3,true,左偏树,删除任意节点模板.cpp,左偏树,数据结构,左偏树,templates/数据结构/左偏树/左偏树——删除任意节点模板.cpp,runnable_template,primary_filename,none,false,https://www.luogu.com.cn/problem/P4971,P4971,1,0,25,high,primary_filename
templates/左偏树/左偏树——单调栈.cpp,左偏树——单调栈.cpp,cpp,3801,130,bc0d8d5db11b7f28d57e625f01e34ae84397dc13a3a0287bf0f32d5b4a91e3e6,true,左偏树,单调栈.cpp,左偏树,数据结构,左偏树,templates/数据结构/左偏树/左偏树——单调栈.cpp,runnable_template,primary_filename,none,false,https://www.luogu.com.cn/problem/P4331,P4331,1,0,13,high,primary_filename
templates/左偏树/左偏树——合并堆.cpp,左偏树——合并堆.cpp,cpp,2856,99,4d1eaae73a1b9cc92e9308a628174b41bf954760449e89e5a652917c60424721,true,左偏树,合并堆.cpp,左偏树,数据结构,左偏树,templates/数据结构/左偏树/左偏树——合并堆.cpp,runnable_template,primary_filename,none,false,https://www.luogu.com.cn/problem/P1456,P1456,1,0,14,high,primary_filename
templates/左偏树/左偏树——启发式合并.cpp,左偏树——启发式合并.cpp,cpp,7228,244,3b039806fa0d0996d58cd80bda043e8af771efb7a9e76f58471d386caee1ec72,true,左偏树,启发式合并.cpp,左偏树,数据结构,左偏树,templates/数据结构/左偏树/左偏树——启发式合并.cpp,runnable_template,primary_filename,none,false,https://www.luogu.com.cn/problem/P3273,P3273,1,0,19,high,primary_filename
templates/左偏树/左偏树——大根堆.cpp,左偏树——大根堆.cpp,cpp,3498,113,221326c241037aff919db3bf6b64d5da3116ba19c912746e003c0e70780ec253,true,左偏树,大根堆.cpp,左偏树,数据结构,左偏树,templates/数据结构/左偏树/左偏树——大根堆.cpp,runnable_template,primary_filename,none,false,https://www.luogu.com.cn/problem/P1552,P1552,1,0,14,high,primary_filename
templates/左偏树/左偏树——懒更新.cpp,左偏树——懒更新.cpp,cpp,6694,196,bafda57d18ce0128be06f6e1eb8be9a25f76d1f85d63cc259fc502e196af7bdb,true,左偏树,懒更新.cpp,左偏树,数据结构,左偏树,templates/数据结构/左偏树/左偏树——懒更新.cpp,runnable_template,primary_filename,none,false,https://www.luogu.com.cn/problem/P3261,P3261,1,0,14,high,primary_filename
templates/左偏树/左偏树——模板.cpp,左偏树——模板.cpp,cpp,3897,119,99362d68b0c08e15b7e6cb3d1a4b5b9666e694103bc12f23934041f1d036512d,true,左偏树,模板.cpp,左偏树,数据结构,左偏树,templates/数据结构/左偏树/左偏树——模板.cpp,runnable_template,primary_filename,none,false,https://www.luogu.com.cn/problem/P3377,P3377,1,0,13,high,primary_filename
templates/差分前缀和/前缀和——01正方形.cpp,前缀和——01正方形.cpp,cpp,917,37,2a425fee8a82c5306bec737a3eb2100dea053429dc9444bdfff06f70bc2fcd21,true,前缀和,01正方形.cpp,差分前缀和,基础算法,前缀和,templates/基础算法/前缀和/前缀和——01正方形.cpp,runnable_template,primary_filename,none,false,,,0,0,0,high,primary_filename
templates/差分前缀和/前缀和——二维前缀和.cpp,前缀和——二维前缀和.cpp,cpp,746,33,481ae60927dab4d321954780e6d6731b221b71b2ddc7285d058635155f77c255,true,前缀和,二维前缀和.cpp,差分前缀和,基础算法,前缀和,templates/基础算法/前缀和/前缀和——二维前缀和.cpp,runnable_template,primary_filename,none,false,,,0,0,0,high,primary_filename
templates/差分前缀和/差分——一维模板.cpp,差分——一维模板.cpp,cpp,839,29,10dd083513bed676c860dd1a3757c5c05247cb07ef74d33b7589d1cd7050d6dd,true,差分,一维模板.cpp,差分前缀和,基础算法,差分,templates/基础算法/差分/差分——一维模板.cpp,runnable_template,primary_filename,none,false,https://leetcode.cn/problems/corporate-flight-bookings/,,1,0,8,high,primary_filename
templates/差分前缀和/差分——二维应用.cpp,差分——二维应用.cpp,cpp,2926,95,e4a466a9a7d20688189ab337be7995564c354c399b8ef99958742273f235b275,true,差分,二维应用.cpp,差分前缀和,基础算法,差分,templates/基础算法/差分/差分——二维应用.cpp,application,primary_filename,none,false,https://leetcode.cn/problems/xepqZ5/,,1,0,10,high,primary_filename
templates/差分前缀和/差分——二维模板.cpp,差分——二维模板.cpp,cpp,1010,44,0f3c0d0e4d5fb9b3d44e7dbe6aae169d046f0dbffd48d27f4f3b9fe931ae0811,true,差分,二维模板.cpp,差分前缀和,基础算法,差分,templates/基础算法/差分/差分——二维模板.cpp,runnable_template,primary_filename,none,false,https://www.luogu.com.cn/problem/P3397,P3397,1,0,5,high,primary_filename
templates/差分前缀和/差分——求和.cpp,差分——求和.cpp,cpp,2217,67,5ba35fde74de7f0fbf61d3c3223432264820d3a3c67796d15093fafd5e668b98,true,差分,求和.cpp,差分前缀和,基础算法,差分,templates/基础算法/差分/差分——求和.cpp,runnable_template,primary_filename,none,false,https://leetcode.cn/problems/stamping-the-grid/,,1,0,11,high,primary_filename
templates/差分前缀和/差分——等差数列.cpp,差分——等差数列.cpp,cpp,1612,59,2efa8e7bd3bde62f34ec7387cfa87cdd00bc28ba9e5580705da62989ece6520a,true,差分,等差数列.cpp,差分前缀和,基础算法,差分,templates/基础算法/差分/差分——等差数列.cpp,runnable_template,primary_filename,none,false,https://www.luogu.com.cn/problem/P4231,P4231,1,0,8,high,primary_filename
templates/差分前缀和/差分——等差数列升级.cpp,差分——等差数列升级.cpp,cpp,1231,52,1f633ec51c4e24abd198cf40febee69cf3e0a06f6ff07c9d024fd0c1528963ad,true,差分,等差数列升级.cpp,差分前缀和,基础算法,差分,templates/基础算法/差分/差分——等差数列升级.cpp,runnable_template,primary_filename,none,false,https://www.luogu.com.cn/problem/P5026,P5026,1,0,6,high,primary_filename
templates/平衡树/AVL树——模板.cpp,AVL树——模板.cpp,cpp,9184,294,f3a1629fdd84e3ffb19d2c923b0d5a1bad12f243e45e13b936ecdb61d78077b5,true,AVL树,模板.cpp,平衡树,数据结构,平衡树/AVL,templates/数据结构/平衡树/AVL/AVL树——模板.cpp,runnable_template,primary_filename,none,false,https://www.luogu.com.cn/problem/P3369,P3369,1,0,12,high,primary_filename
templates/平衡树/FHQ treap——区间移动.cpp,FHQ treap——区间移动.cpp,cpp,3884,130,b2f4fbf0ce4c75076e36d734f969508ca24b48ee2da32a9fd44c4c7d0948d4a5,true,FHQ treap,区间移动.cpp,平衡树,数据结构,平衡树/FHQ treap,templates/数据结构/平衡树/FHQ treap/FHQ treap——区间移动.cpp,runnable_template,primary_filename,none,false,https://www.luogu.com.cn/problem/P4008,P4008,1,0,13,high,primary_filename
templates/平衡树/FHQ treap——区间翻转.cpp,FHQ treap——区间翻转.cpp,cpp,2887,114,a860aa116ddb52c22bd2adf828b06eeb778a1c9a335890bf6ec855274f9f5994,true,FHQ treap,区间翻转.cpp,平衡树,数据结构,平衡树/FHQ treap,templates/数据结构/平衡树/FHQ treap/FHQ treap——区间翻转.cpp,runnable_template,primary_filename,none,false,https://www.luogu.com.cn/problem/P3391,P3391,1,0,9,high,primary_filename
templates/平衡树/FHQ treap——可持久化平衡树.cpp,FHQ treap——可持久化平衡树.cpp,cpp,5194,176,2f268a32bf5b0eca46871b900c373ac4188dbdc2de0989b0ce51b80e451d6d38,true,FHQ treap,可持久化平衡树.cpp,平衡树,数据结构,平衡树/FHQ treap,templates/数据结构/平衡树/FHQ treap/FHQ treap——可持久化平衡树.cpp,runnable_template,primary_filename,none,false,https://www.luogu.com.cn/problem/P3835,P3835,1,0,17,high,primary_filename
templates/平衡树/FHQ treap——可持久化线段树.cpp,FHQ treap——可持久化线段树.cpp,cpp,4767,161,e047fb7678506ee8032386a44df0386b34b437a308260e7ef74c870fd518adfe,true,FHQ treap,可持久化线段树.cpp,平衡树,数据结构,平衡树/FHQ treap,templates/数据结构/平衡树/FHQ treap/FHQ treap——可持久化线段树.cpp,runnable_template,primary_filename,none,false,https://www.luogu.com.cn/problem/P5055,P5055,1,0,16,high,primary_filename
templates/平衡树/FHQ treap——有序表.cpp,FHQ treap——有序表.cpp,cpp,3514,156,4978a88e8bb15b2728eb33a741ded98ab9c8fb898af5fd8083c13e2144cb317a,true,FHQ treap,有序表.cpp,平衡树,数据结构,平衡树/FHQ treap,templates/数据结构/平衡树/FHQ treap/FHQ treap——有序表.cpp,runnable_template,primary_filename,none,false,https://www.luogu.com.cn/problem/P6136,P6136,1,0,6,high,primary_filename
templates/平衡树/FHQ treap——词频不压缩版.cpp,FHQ treap——词频不压缩版.cpp,cpp,4405,163,63ccd4880d74ca2655516e4f69eab16948242ba677aa11f029d51a5cb53a9fa6,true,FHQ treap,词频不压缩版.cpp,平衡树,数据结构,平衡树/FHQ treap,templates/数据结构/平衡树/FHQ treap/FHQ treap——词频不压缩版.cpp,runnable_template,primary_filename,none,false,https://www.luogu.com.cn/problem/P3369,P3369,1,0,14,high,primary_filename
templates/平衡树/FHQ treap——词频压缩版.cpp,FHQ treap——词频压缩版.cpp,cpp,6998,225,e57679507611c1a2b3276f8f546c00f3fa083a3e369269eae3f98aedf56de6de,true,FHQ treap,词频压缩版.cpp,平衡树,数据结构,平衡树/FHQ treap,templates/数据结构/平衡树/FHQ treap/FHQ treap——词频压缩版.cpp,runnable_template,primary_filename,none,false,https://www.luogu.com.cn/problem/P3369,P3369,1,0,16,high,primary_filename
templates/平衡树/splay树——全局变量辅助.cpp,splay树——全局变量辅助.cpp,cpp,4437,179,0df9902e11188281d5313e84659117745c975189a22415afc6d08281e0e52f4a,true,splay树,全局变量辅助.cpp,平衡树,数据结构,平衡树/splay,templates/数据结构/平衡树/splay/splay树——全局变量辅助.cpp,runnable_template,primary_filename,none,false,https://www.luogu.com.cn/problem/P1486,P1486,1,0,14,high,primary_filename
templates/平衡树/splay树——区间移动.cpp,splay树——区间移动.cpp,cpp,4406,175,abf559935828b2a1f411bb809c0615b18dd155c19d1da718fc5c746a0e2cfd8a,true,splay树,区间移动.cpp,平衡树,数据结构,平衡树/splay,templates/数据结构/平衡树/splay/splay树——区间移动.cpp,runnable_template,primary_filename,none,false,https://www.luogu.com.cn/problem/P2596,P2596,1,0,12,high,primary_filename
templates/平衡树/splay树——区间翻转.cpp,splay树——区间翻转.cpp,cpp,4341,183,058132592f9319054c1eeaec3eeeb0d5b23adcad8f00fe678d28d5a8f368f7fe,true,splay树,区间翻转.cpp,平衡树,数据结构,平衡树/splay,templates/数据结构/平衡树/splay/splay树——区间翻转.cpp,runnable_template,primary_filename,none,false,https://www.luogu.com.cn/problem/P3391,P3391,1,0,13,high,primary_filename
templates/平衡树/splay树——展示.cpp,splay树——展示.cpp,cpp,4764,159,bf2b6e5a42d3e6b81b8fb0ba1ad5d615bdb873549535fbdbdbdbd46af5df0362,true,splay树,展示.cpp,平衡树,数据结构,平衡树/splay,templates/数据结构/平衡树/splay/splay树——展示.cpp,example,primary_filename,none,false,,,0,0,0,high,primary_filename
templates/平衡树/splay树——有序表.cpp,splay树——有序表.cpp,cpp,4891,228,966094e93dce6423dbb7effa5616db774dfa7ed4706ccf097feb4a35f276b229,true,splay树,有序表.cpp,平衡树,数据结构,平衡树/splay,templates/数据结构/平衡树/splay/splay树——有序表.cpp,runnable_template,primary_filename,none,false,https://www.luogu.com.cn/problem/P6136,P6136,1,0,6,high,primary_filename
templates/平衡树/splay树——模板.cpp,splay树——模板.cpp,cpp,5911,234,86e0a9d2b4a4a9a27f1ade52aa733b7a045249d1127d1790a1b84f9fdc30e13a,true,splay树,模板.cpp,平衡树,数据结构,平衡树/splay,templates/数据结构/平衡树/splay/splay树——模板.cpp,runnable_template,primary_filename,none,false,https://www.luogu.com.cn/problem/P3369,P3369,1,0,13,high,primary_filename
templates/平衡树/splay树——线段树.cpp,splay树——线段树.cpp,cpp,7162,285,8f5f11fcc8762cdfa88c0e9e080515c3546ff5f8dc8bba9aadd30483da9b20d9,true,splay树,线段树.cpp,平衡树,数据结构,平衡树/splay,templates/数据结构/平衡树/splay/splay树——线段树.cpp,runnable_template,primary_filename,none,false,https://www.luogu.com.cn/problem/P2042,P2042,1,0,16,high,primary_filename
templates/平衡树/Treap树——模板.cpp,Treap树——模板.cpp,cpp,5860,216,16af809055d2a52515ac522a3aa585732ee512f1355776c4c2c1a1c9e1ea2c61,true,Treap树,模板.cpp,平衡树,数据结构,平衡树/Treap,templates/数据结构/平衡树/Treap/Treap树——模板.cpp,runnable_template,primary_filename,none,false,https://www.luogu.com.cn/problem/P3369,P3369,1,0,16,high,primary_filename
templates/平衡树/有序表——使用.cpp,有序表——使用.cpp,cpp,4662,221,9830069ff6de253e11219bcc21c440b0d3f6e4d38a25ba5a60d3a7d917583be5,false,有序表,使用.cpp,平衡树,数据结构,有序表,templates/数据结构/有序表/有序表——使用.cpp,pure_template,primary_filename,none,false,,,0,0,1,high,primary_filename
templates/平衡树/有序表——替罪羊树.cpp,有序表——替罪羊树.cpp,cpp,6480,255,e2d08ff12e0271e667f7600b1a0739e86c1c967f34bb6924150303b12dca59f5,true,有序表,替罪羊树.cpp,平衡树,数据结构,有序表,templates/数据结构/有序表/有序表——替罪羊树.cpp,runnable_template,primary_filename,none,false,https://www.luogu.com.cn/problem/P3369,P3369,1,0,13,high,primary_filename
templates/平衡树/有序表——替罪羊树重构因子测试.cpp,有序表——替罪羊树重构因子测试.cpp,cpp,5583,239,08b1b4eb93e7bb209a220dc70c3fceb8cc48ff8a69c788a3ed4aa391cb2fd07d,true,有序表,替罪羊树重构因子测试.cpp,平衡树,数据结构,有序表,templates/数据结构/有序表/有序表——替罪羊树重构因子测试.cpp,runnable_template,primary_filename,none,false,,,0,0,8,high,primary_filename
templates/平衡树/有序表——跳表.cpp,有序表——跳表.cpp,cpp,8417,293,3dcbe2134ced76f5e94d9ff5529f383dceffabc53754d22a818cbd8f985c0438,true,有序表,跳表.cpp,平衡树,数据结构,有序表,templates/数据结构/有序表/有序表——跳表.cpp,runnable_template,primary_filename,none,false,https://www.luogu.com.cn/problem/P3369,P3369,1,0,13,high,primary_filename
templates/平衡树/笛卡尔树——方案计数.cpp,笛卡尔树——方案计数.cpp,cpp,2603,89,63d65eb2e1aa71fe4cd47bfd6bc3740c4782acd43968686c7488a632e7e395d9,true,笛卡尔树,方案计数.cpp,平衡树,数据结构,笛卡尔树,templates/数据结构/笛卡尔树/笛卡尔树——方案计数.cpp,runnable_template,primary_filename,none,false,https://www.luogu.com.cn/problem/CF1748E,CF1748E,2,0,12,high,primary_filename
templates/平衡树/笛卡尔树——期望.cpp,笛卡尔树——期望.cpp,cpp,2805,61,d9718f8ae6f0e0965c31bb62367d1903307dec810b488950a7f5af7203057682,false,笛卡尔树,期望.cpp,平衡树,数据结构,笛卡尔树,templates/数据结构/笛卡尔树/笛卡尔树——期望.cpp,pure_template,primary_filename,none,false,https://www.luogu.com.cn/problem/AT_agc028_b,AT_agc028_b,2,0,23,high,primary_filename
templates/平衡树/笛卡尔树——树的序.cpp,笛卡尔树——树的序.cpp,cpp,2354,73,dac3b2b4a962782c300810784dc36b487f1939e0273a09e3395a620b97273b51,true,笛卡尔树,树的序.cpp,平衡树,数据结构,笛卡尔树,templates/数据结构/笛卡尔树/笛卡尔树——树的序.cpp,runnable_template,primary_filename,none,false,https://www.luogu.com.cn/problem/P1377,P1377,1,0,17,high,primary_filename
templates/平衡树/笛卡尔树——模板.cpp,笛卡尔树——模板.cpp,cpp,2254,68,fc0af1ce4d37f3aab5d39d2659cbad8d7268c609ad0ba7a2fcef01072b6c8a8c,true,笛卡尔树,模板.cpp,平衡树,数据结构,笛卡尔树,templates/数据结构/笛卡尔树/笛卡尔树——模板.cpp,runnable_template,primary_filename,none,false,https://www.luogu.com.cn/problem/P5854,P5854,1,0,13,high,primary_filename
templates/平衡树/笛卡尔树——表格填数.cpp,笛卡尔树——表格填数.cpp,cpp,3349,117,700c5cf18ca1ae7ab1d91486a197d223da357e55bb4f3961fb73f247d5bc92fa,false,笛卡尔树,表格填数.cpp,平衡树,数据结构,笛卡尔树,templates/数据结构/笛卡尔树/笛卡尔树——表格填数.cpp,pure_template,primary_filename,none,false,https://www.luogu.com.cn/problem/P6453,P6453,1,0,10,high,primary_filename
templates/并查集/可持久化并查集——模板.cpp,可持久化并查集——模板.cpp,cpp,5063,151,608820f9a1e60bc08edfb5d3263b25f91b6c428910c17f2ba400ba3c57161014,true,可持久化并查集,模板.cpp,并查集,基础算法,并查集/可持久化并查集,templates/基础算法/并查集/可持久化并查集/可持久化并查集——模板.cpp,runnable_template,primary_filename,none,false,https://www.luogu.com.cn/problem/P3402,P3402,1,0,12,high,primary_filename
templates/并查集/可撤销并查集——最小生成树.cpp,可撤销并查集——最小生成树.cpp,cpp,4935,161,d2588a3f3419e16ea6d70d8474656a8240eeace7646da00abf19f102ebd5a9e9,true,可撤销并查集,最小生成树.cpp,并查集,基础算法,并查集/可撤销并查集,templates/基础算法/并查集/可撤销并查集/可撤销并查集——最小生成树.cpp,runnable_template,primary_filename,none,false,https://www.luogu.com.cn/problem/CF891C,CF891C,2,0,17,high,primary_filename
templates/并查集/可撤销并查集——模板.cpp,可撤销并查集——模板.cpp,cpp,4101,145,434cc9c6ac12debe485430cab169e8627dde4bee9ceeecf39db54a8141242a20,true,可撤销并查集,模板.cpp,并查集,基础算法,并查集/可撤销并查集,templates/基础算法/并查集/可撤销并查集/可撤销并查集——模板.cpp,runnable_template,primary_filename,none,false,https://www.luogu.com.cn/problem/AT_abc302_h,AT_abc302_h,2,0,15,high,primary_filename
templates/并查集/可撤销并查集——类似二分图.cpp,可撤销并查集——类似二分图.cpp,cpp,5515,170,315f110f5ca06abad389e872be4a998a73e6e0bdd996807d319f83f5ad2d96c6,true,可撤销并查集,类似二分图.cpp,并查集,基础算法,并查集/可撤销并查集,templates/基础算法/并查集/可撤销并查集/可撤销并查集——类似二分图.cpp,runnable_template,primary_filename,none,false,https://www.luogu.com.cn/problem/CF1444C,CF1444C,2,0,17,high,primary_filename
templates/并查集/带权并查集——乘除关系.cpp,带权并查集——乘除关系.cpp,cpp,2623,86,694af852c57591fc885701afe1b7020ebb3838cb3ed55ea6e6b74ecfe466af12,true,带权并查集,乘除关系.cpp,并查集,基础算法,并查集/带权并查集,templates/基础算法/并查集/带权并查集/带权并查集——乘除关系.cpp,runnable_template,primary_filename,none,false,https://leetcode.cn/problems/evaluate-division/,,1,0,11,high,primary_filename
templates/并查集/带权并查集——加减关系.cpp,带权并查集——加减关系.cpp,cpp,2031,74,b5a849de3c5d2fda20b941aac881eb1112eb4710dda7c6f71ba5ea7393c4d744,true,带权并查集,加减关系.cpp,并查集,基础算法,并查集/带权并查集,templates/基础算法/并查集/带权并查集/带权并查集——加减关系.cpp,runnable_template,primary_filename,none,false,https://www.luogu.com.cn/problem/P1196,P1196,1,0,12,high,primary_filename
templates/并查集/带权并查集——异或关系.cpp,带权并查集——异或关系.cpp,cpp,4985,176,fd86edb9044928f1254f8dd12f1567c35b8cfeb9dec25c76c548f37c0927cc81,true,带权并查集,异或关系.cpp,并查集,基础算法,并查集/带权并查集,templates/基础算法/并查集/带权并查集/带权并查集——异或关系.cpp,runnable_template,primary_filename,none,false,https://acm.hdu.edu.cn/showproblem.php?pid=3234,UVA12232,3,0,17,high,primary_filename
templates/并查集/带权并查集——模板.cpp,带权并查集——模板.cpp,cpp,2174,76,4262f94305de893dbb4ff64c96a30de76cd72f181a34cc797c4233748cc9d716,true,带权并查集,模板.cpp,并查集,基础算法,并查集/带权并查集,templates/基础算法/并查集/带权并查集/带权并查集——模板.cpp,runnable_template,primary_filename,none,false,https://www.luogu.com.cn/problem/P8779,P8779,1,0,11,high,primary_filename
templates/并查集/带权并查集——模板合理性检验.cpp,带权并查集——模板合理性检验.cpp,cpp,2103,81,80a542daec734b73ce61fb7fce37103c7707c959c9a8069bdbd593af6e1e93a2,true,带权并查集,模板合理性检验.cpp,并查集,基础算法,并查集/带权并查集,templates/基础算法/并查集/带权并查集/带权并查集——模板合理性检验.cpp,runnable_template,primary_filename,none,false,https://www.luogu.com.cn/problem/P2294,P2294,1,0,9,high,primary_filename
templates/并查集/带权并查集——模板合理性统计.cpp,带权并查集——模板合理性统计.cpp,cpp,1961,73,104aaee5408375e3bb27f5152e753e53d677c0d7e69338b8483b2733c8547526,true,带权并查集,模板合理性统计.cpp,并查集,基础算法,并查集/带权并查集,templates/基础算法/并查集/带权并查集/带权并查集——模板合理性统计.cpp,runnable_template,primary_filename,none,false,https://acm.hdu.edu.cn/showproblem.php?pid=3038,,2,0,10,high,primary_filename
templates/并查集/带权并查集——种类关系.cpp,带权并查集——种类关系.cpp,cpp,2398,88,8cfbfd037cba8c4706395011d0871a7e1158a348412f2bdc2f0074b9b517f7dc,true,带权并查集,种类关系.cpp,并查集,基础算法,并查集/带权并查集,templates/基础算法/并查集/带权并查集/带权并查集——种类关系.cpp,runnable_template,primary_filename,none,false,https://www.luogu.com.cn/problem/P2024,P2024,1,0,12,high,primary_filename
templates/并查集/并查集——寻找岛屿.c,并查集——寻找岛屿.c,c,1915,79,59f46c26eb9a2ee725050f694bebdab523e4d54642a36cea192656a1a476e728,true,并查集,寻找岛屿.c,并查集,基础算法,并查集,templates/基础算法/并查集/并查集——寻找岛屿.c,runnable_template,primary_filename,none,false,https://leetcode.cn/problems/number-of-islands/,,1,0,5,high,primary_filename
templates/并查集/并查集——情侣牵手问题.c,并查集——情侣牵手问题.c,c,1253,50,9449c411dbc87a06ca98f19c63559879f507a8b83a4e7ed2a234f70edfbdd059,true,并查集,情侣牵手问题.c,并查集,基础算法,并查集,templates/基础算法/并查集/并查集——情侣牵手问题.c,runnable_template,primary_filename,none,false,https://leetcode.cn/problems/couples-holding-hands/,,1,0,7,high,primary_filename
templates/并查集/并查集——模板.c,并查集——模板.c,c,801,48,14958a844753e490ef7edb401831ff7796db9fdc22b1717908d543e02cb45ab0,true,并查集,模板.c,并查集,基础算法,并查集,templates/基础算法/并查集/并查集——模板.c,runnable_template,primary_filename,none,false,,,0,0,0,high,primary_filename
templates/并查集/并查集——模板2.c,并查集——模板2.c,c,456,32,84a7157cb0b19939f7206165cbf6c3fa897f5afa6cc46a06e2e073c19ca3653e,true,并查集,模板2.c,并查集,基础算法,并查集,templates/基础算法/并查集/并查集——模板2.c,runnable_template,primary_filename,none,false,,,0,0,0,high,primary_filename
templates/并查集/并查集——正反集.cpp,并查集——正反集.cpp,cpp,2610,93,f633598c4c51a700ef9153c49ab43ba90bd2dcb750e777ddb110ab51f206d295,true,并查集,正反集.cpp,并查集,基础算法,并查集,templates/基础算法/并查集/并查集——正反集.cpp,runnable_template,primary_filename,none,false,https://www.luogu.com.cn/problem/P1525,P1525,1,0,10,high,primary_filename
templates/并查集/并查集——正反集延伸.cpp,并查集——正反集延伸.cpp,cpp,1326,56,51b8f61a74ed03eeccbbb52b2062d590a382875c0fa90e4cc09c215aacad8328,true,并查集,正反集延伸.cpp,并查集,基础算法,并查集,templates/基础算法/并查集/并查集——正反集延伸.cpp,application,primary_filename,none,false,https://www.luogu.com.cn/problem/P2024,P2024,1,0,4,high,primary_filename
templates/并查集/并查集——相似字符串.c,并查集——相似字符串.c,c,2290,73,1d0532209a34227b41f961e15e582080e7c7c99d0c98f2d09ba5a22a7d971b49,true,并查集,相似字符串.c,并查集,基础算法,并查集,templates/基础算法/并查集/并查集——相似字符串.c,runnable_template,primary_filename,none,false,https://leetcode.cn/problems/similar-string-groups/,,1,0,12,high,primary_filename
templates/并查集/并查集——结合生成树.cpp,并查集——结合生成树.cpp,cpp,6666,260,e1cea7e16d170165de08737c07f8b723853e4150cf73dd3bb04d0e7a895e3700,true,并查集,结合生成树.cpp,并查集,基础算法,并查集,templates/基础算法/并查集/并查集——结合生成树.cpp,runnable_template,primary_filename,none,false,https://www.luogu.com.cn/problem/P3639,P3639,1,0,5,high,primary_filename
templates/并查集/并查集——维护序列连通性.cpp,并查集——维护序列连通性.cpp,cpp,979,42,118e5bc950f5c5e0942efa16db360a7bc9934062e98e108ddad9b2d916c93bc9,true,并查集,维护序列连通性.cpp,并查集,基础算法,并查集,templates/基础算法/并查集/并查集——维护序列连通性.cpp,runnable_template,primary_filename,none,false,https://www.luogu.com.cn/problem/P2391,P2391,1,0,6,high,primary_filename
templates/扩展KMP/扩展KMP(Z算法)——e数组应用.cpp,扩展KMP(Z算法)——e数组应用.cpp,cpp,2228,86,462653f350c71d21977831490f0ee1fee457b87ab79667adb884504428ef97f6,true,扩展KMP(Z算法),e数组应用.cpp,扩展KMP,字符串,扩展KMP,templates/字符串/扩展KMP/扩展KMP(Z算法)——e数组应用.cpp,application,primary_filename,none,false,https://www.luogu.com.cn/problem/P8112,P8112,1,0,1,high,primary_filename
templates/扩展KMP/扩展KMP(Z算法)——Z数组应用.cpp,扩展KMP(Z算法)——Z数组应用.cpp,cpp,1739,61,c757ab10dae8bbc8497ee75c379547d68a5e95b4a3c3042d65de94cd0bfdbd04,true,扩展KMP(Z算法),Z数组应用.cpp,扩展KMP,字符串,扩展KMP,templates/字符串/扩展KMP/扩展KMP(Z算法)——Z数组应用.cpp,application,primary_filename,none,false,https://leetcode.cn/problems/minimum-time-to-revert-word-to-initial-state-ii/,,1,1,13,high,primary_filename
templates/扩展KMP/扩展KMP(Z算法)——应用.cpp,扩展KMP(Z算法)——应用.cpp,cpp,1042,51,94541f2cbae075e30c51d205b038516ff6d6aade3497e46020def6a61e2e9a2a,true,扩展KMP(Z算法),应用.cpp,扩展KMP,字符串,扩展KMP,templates/字符串/扩展KMP/扩展KMP(Z算法)——应用.cpp,application,primary_filename,none,false,https://codeforces.com/problemset/problem/126/B,,1,0,1,high,primary_filename
templates/扩展KMP/扩展KMP(Z算法)——循环节.cpp,扩展KMP(Z算法)——循环节.cpp,cpp,1377,50,2edc2a824b1504f41cfe6270d14faada85a6f2029f902f7e2ec5bb646c93856f,true,扩展KMP(Z算法),循环节.cpp,扩展KMP,字符串,扩展KMP,templates/字符串/扩展KMP/扩展KMP(Z算法)——循环节.cpp,runnable_template,primary_filename,none,false,https://onlinejudge.org/index.php?option=onlinejudge&page=show_problem&problem=396,,1,0,5,high,primary_filename
templates/扩展KMP/扩展KMP(Z算法)——循环节个数.cpp,扩展KMP(Z算法)——循环节个数.cpp,cpp,1020,51,8c79864c70a44c11e97c2b7911dfce1ba20c9a2f2b184bc0f23b221ddf4d4ee1,true,扩展KMP(Z算法),循环节个数.cpp,扩展KMP,字符串,扩展KMP,templates/字符串/扩展KMP/扩展KMP(Z算法)——循环节个数.cpp,runnable_template,primary_filename,none,false,https://codeforces.com/problemset/problem/432/D,,1,0,1,high,primary_filename
templates/扩展KMP/扩展KMP(Z算法)——模板.cpp,扩展KMP(Z算法)——模板.cpp,cpp,3000,96,d1be5436644459e742c382770ea14a9f888d78e97f877632ccca3a8d0f78084c,true,扩展KMP(Z算法),模板.cpp,扩展KMP,字符串,扩展KMP,templates/字符串/扩展KMP/扩展KMP(Z算法)——模板.cpp,runnable_template,primary_filename,none,false,https://www.luogu.com.cn/problem/P5410,P5410,1,0,11,high,primary_filename
templates/搜索/dfs——结合模拟 等分面积.cpp,dfs——结合模拟 等分面积.cpp,cpp,939,33,497ffe54e26600e95ab08bb2fef65567141647e9bedcb5e105a732aca9bac85f,true,dfs,"结合模拟,等分面积.cpp",搜索,基础算法,DFS,templates/基础算法/DFS/dfs——结合模拟 等分面积.cpp,runnable_template,primary_filename,none,false,,,0,0,5,high,primary_filename
templates/搜索/搜索——dfs经典.cpp,搜索——dfs经典.cpp,cpp,1389,62,e118be8dcabc8bee04b8d0579af9f0fd11136c7608fdca73585ce7e8e62611a2,true,搜索,dfs经典.cpp,搜索,搜索,通用,templates/搜索/通用/搜索——dfs经典.cpp,example,primary_filename,none,false,,,0,0,5,high,primary_filename
templates/搜索/搜索——双向广搜.cpp,搜索——双向广搜.cpp,cpp,2924,85,76fc7d30238b255ef35ab647ac0723933f18f12c4575ea13c33e27cf6b39d2b8,true,搜索,双向广搜.cpp,搜索,搜索,通用,templates/搜索/通用/搜索——双向广搜.cpp,runnable_template,primary_filename,none,false,https://leetcode.cn/problems/word-ladder/,,1,0,12,high,primary_filename
templates/搜索/搜索——双向广搜差值绝对值最少.cpp,搜索——双向广搜差值绝对值最少.cpp,cpp,2367,84,fcbfff41a21b98c6125bbdc8efbfca42a4d1daa5ebd8643328ac667fe2beea66,true,搜索,双向广搜差值绝对值最少.cpp,搜索,搜索,通用,templates/搜索/通用/搜索——双向广搜差值绝对值最少.cpp,runnable_template,primary_filename,none,false,https://leetcode.cn/problems/closest-subsequence-sum/,,1,0,11,high,primary_filename
templates/搜索/搜索——双向广搜模板.cpp,搜索——双向广搜模板.cpp,cpp,2642,74,8344273c63152c8b7ab9ccc04a805e608a5255364670d53d5857dcf0e02ee3de,true,搜索,双向广搜模板.cpp,搜索,搜索,通用,templates/搜索/通用/搜索——双向广搜模板.cpp,runnable_template,primary_filename,none,false,https://www.luogu.com.cn/problem/P4799,P4799,1,0,17,high,primary_filename
templates/搜索/搜索——多源bfs.cpp,搜索——多源bfs.cpp,cpp,1122,53,ae8bf4d2855b3bcaa7be581bbf1384e27295e5143fe5b9e8e46a255616966299,true,搜索,多源bfs.cpp,搜索,搜索,通用,templates/搜索/通用/搜索——多源bfs.cpp,runnable_template,primary_filename,none,false,,,0,0,0,high,primary_filename
templates/搜索/搜索——数独.c,搜索——数独.c,c,851,39,c9546ab32dbbb2952d43f0cb49a80436d915464ab88271880d7f8c073d029103,true,搜索,数独.c,搜索,搜索,通用,templates/搜索/通用/搜索——数独.c,runnable_template,primary_filename,none,false,,,0,0,0,high,primary_filename
templates/搜索/搜索——数独2.c,搜索——数独2.c,c,880,42,413fba63fcf7bb2dd75c8b8bebeaf9ac14bc106e227a934049d37db5cf4cdd6d,true,搜索,数独2.c,搜索,搜索,通用,templates/搜索/通用/搜索——数独2.c,runnable_template,primary_filename,none,false,,,0,0,0,high,primary_filename
templates/搜索/洪水填充——包围的01.c,洪水填充——包围的01.c,c,1248,70,5fd71f3bee3789536f7f75f749d93c2e5b9dcabaab64892521b18a600e3ae6f0,true,洪水填充,包围的01.c,搜索,基础算法,洪水填充,templates/基础算法/洪水填充/洪水填充——包围的01.c,runnable_template,primary_filename,none,false,,,0,0,0,high,primary_filename
templates/搜索/洪水填充——岛屿数量.c,洪水填充——岛屿数量.c,c,760,40,457a48ce82743f18d696c2a11b207c1060439eb677b105c2d52faa0a6b0fdea5,true,洪水填充,岛屿数量.c,搜索,基础算法,洪水填充,templates/基础算法/洪水填充/洪水填充——岛屿数量.c,runnable_template,primary_filename,none,false,,,0,0,0,high,primary_filename
templates/搜索/洪水填充——最大的岛屿.c,洪水填充——最大的岛屿.c,c,2429,99,4b7e691987b627982e8c6aa67bd11eabf798b4b4366ab58287a13876670d4037,true,洪水填充,最大的岛屿.c,搜索,基础算法,洪水填充,templates/基础算法/洪水填充/洪水填充——最大的岛屿.c,runnable_template,primary_filename,none,false,,,0,0,0,high,primary_filename
templates/数学/BSGS——模板.cpp,BSGS——模板.cpp,cpp,2333,76,ab1569a51a17e2a6f6221c75e00780506f381ef7c772db59620c39d1a88023ca,false,BSGS,模板.cpp,数学,数学,数论/BSGS,templates/数学/数论/BSGS/BSGS——模板.cpp,pure_template,primary_filename,none,false,https://www.luogu.com.cn/problem/P3846,P3846,1,0,8,high,primary_filename
templates/数学/中国剩余定理——扩展加推理.cpp,中国剩余定理——扩展加推理.cpp,cpp,6112,157,f2a1d6cfb51ff0d57d0e55f838c5959a1e1b01c286671431f24e49e871baeac4,true,中国剩余定理,扩展加推理.cpp,数学,数学,数论/中国剩余定理,templates/数学/数论/中国剩余定理/中国剩余定理——扩展加推理.cpp,runnable_template,primary_filename,none,false,https://www.luogu.com.cn/problem/P4774,P4774,1,0,12,high,primary_filename
templates/数学/中国剩余定理——扩展模板.cpp,中国剩余定理——扩展模板.cpp,cpp,2791,97,b041e6c015b2e3034dc3389778e7275ef65e55b851b0afc3cb07c8e8f290b8a4,true,中国剩余定理,扩展模板.cpp,数学,数学,数论/中国剩余定理,templates/数学/数论/中国剩余定理/中国剩余定理——扩展模板.cpp,runnable_template,primary_filename,none,false,https://www.luogu.com.cn/problem/P4777,P4777,2,0,10,high,primary_filename
templates/数学/中国剩余定理——模板.cpp,中国剩余定理——模板.cpp,cpp,2411,84,30d5100c36f9a5f7d99e8eaa1f4148b7e1540b23b2368b913f7821ce3431b78b,true,中国剩余定理,模板.cpp,数学,数学,数论/中国剩余定理,templates/数学/数论/中国剩余定理/中国剩余定理——模板.cpp,runnable_template,primary_filename,none,false,https://www.luogu.com.cn/problem/P1495,P1495,1,0,9,high,primary_filename
templates/数学/中国剩余定理——转换.cpp,中国剩余定理——转换.cpp,cpp,2298,88,3c15353b7703d78c362290058b57553a6b3cc752b1562c97ba1f3ecb74ccec75,true,中国剩余定理,转换.cpp,数学,数学,数论/中国剩余定理,templates/数学/数论/中国剩余定理/中国剩余定理——转换.cpp,runnable_template,primary_filename,none,false,https://www.luogu.com.cn/problem/P3868,P3868,1,0,10,high,primary_filename
templates/数学/二项式反演——分特产.cpp,二项式反演——分特产.cpp,cpp,1447,56,60808589190306c600bd7d105fbb02e2e8e63c575cf53d744135caea620f1ebd,false,二项式反演,分特产.cpp,数学,数学,组合数学/二项式反演,templates/数学/组合数学/二项式反演/二项式反演——分特产.cpp,pure_template,primary_filename,none,false,https://www.luogu.com.cn/problem/P5505,P5505,1,0,8,high,primary_filename
templates/数学/二项式反演——钦定系列结合树上问题.cpp,二项式反演——钦定系列结合树上问题.cpp,cpp,4601,145,50298bdb908182d29eb0ce3b6e6bc4ca72a7fd907392d32ddec127bc12f84745,true,二项式反演,钦定系列结合树上问题.cpp,数学,数学,组合数学/二项式反演,templates/数学/组合数学/二项式反演/二项式反演——钦定系列结合树上问题.cpp,runnable_template,primary_filename,none,false,https://www.luogu.com.cn/problem/P6478,P6478,1,0,12,high,primary_filename
templates/数学/二项式反演——钦定系列结合背包.cpp,二项式反演——钦定系列结合背包.cpp,cpp,2854,96,c3f7ad7c5ae2be73fa1fa4603b8221d500b0ad6791fafd668b1e78a8a70dc187,true,二项式反演,钦定系列结合背包.cpp,数学,数学,组合数学/二项式反演,templates/数学/组合数学/二项式反演/二项式反演——钦定系列结合背包.cpp,runnable_template,primary_filename,none,false,https://www.luogu.com.cn/problem/P4859,P4859,1,0,14,high,primary_filename
templates/数学/二项式反演——错排问题.cpp,二项式反演——错排问题.cpp,cpp,1438,56,607a53c9f619d27fa1904380fe1db7c0498ef985bba19b2769f05d2f7d263eee,true,二项式反演,错排问题.cpp,数学,数学,组合数学/二项式反演,templates/数学/组合数学/二项式反演/二项式反演——错排问题.cpp,runnable_template,primary_filename,none,false,https://www.luogu.com.cn/problem/P1595,P1595,1,0,8,high,primary_filename
templates/数学/二项式反演——集合计数.cpp,二项式反演——集合计数.cpp,cpp,2152,84,930d440fb3be37dfaba17455e41e18aa0cbaeaa92295a369b9fa46e5bea9a04c,true,二项式反演,集合计数.cpp,数学,数学,组合数学/二项式反演,templates/数学/组合数学/二项式反演/二项式反演——集合计数.cpp,runnable_template,primary_filename,none,false,https://www.luogu.com.cn/problem/P10596,P10596,1,0,11,high,primary_filename
templates/数学/二项式定理——分割的方法.cpp,二项式定理——分割的方法.cpp,cpp,4648,152,c18f40a60d6c1766aa674faf8f6e8bdade5a57a2016db99998c63057817f7993,true,二项式定理,分割的方法.cpp,数学,数学,组合数学/二项式定理,templates/数学/组合数学/二项式定理/二项式定理——分割的方法.cpp,runnable_template,primary_filename,none,false,,,0,0,11,high,primary_filename
templates/数学/二项式定理——杨辉三角.cpp,二项式定理——杨辉三角.cpp,cpp,704,31,cea7d02ebff9ef1f3a137032c31cf3e6539bcda873471a373afe576d922331e0,true,二项式定理,杨辉三角.cpp,数学,数学,组合数学/二项式定理,templates/数学/组合数学/二项式定理/二项式定理——杨辉三角.cpp,runnable_template,primary_filename,none,false,https://www.luogu.com.cn/problem/P5732,P5732,1,0,5,high,primary_filename
templates/数学/二项式定理——系数.cpp,二项式定理——系数.cpp,cpp,1345,54,e7227bdbfa4a959e2a0a891c0e44545288b84ee0596156871abbf128295301db,true,二项式定理,系数.cpp,数学,数学,组合数学/二项式定理,templates/数学/组合数学/二项式定理/二项式定理——系数.cpp,runnable_template,primary_filename,none,false,https://www.luogu.com.cn/problem/P1313,P1313,1,0,8,high,primary_filename
templates/数学/二项式定理——组合数.cpp,二项式定理——组合数.cpp,cpp,1624,56,7e03cbf34b4522ebcda65f471a8b33b5ea0b3f938fdaafb6b9e6c480c34533ff,true,二项式定理,组合数.cpp,数学,数学,组合数学/二项式定理,templates/数学/组合数学/二项式定理/二项式定理——组合数.cpp,runnable_template,primary_filename,none,false,https://www.luogu.com.cn/problem/P2822,P2822,1,0,12,high,primary_filename
templates/数学/卡特兰数——二叉树应用.cpp,卡特兰数——二叉树应用.cpp,cpp,576,17,3a3894c74f3fea5ccc785c50aeb2521223a93cbacf44f165501522ffa2b89819,true,卡特兰数,二叉树应用.cpp,数学,数学,组合数学/卡特兰数,templates/数学/组合数学/卡特兰数/卡特兰数——二叉树应用.cpp,application,primary_filename,none,false,https://www.luogu.com.cn/problem/P3978,P3978,1,0,7,high,primary_filename
templates/数学/卡特兰数——公式4.cpp,卡特兰数——公式4.cpp,cpp,884,35,fb69f0f1ee28e55dc3ce9113a0a5be5e5b675e1f2eedbefc756db8aa969d897c,true,卡特兰数,公式4.cpp,数学,数学,组合数学/卡特兰数,templates/数学/组合数学/卡特兰数/卡特兰数——公式4.cpp,runnable_template,primary_filename,none,false,https://www.luogu.com.cn/problem/P1722,P1722,1,0,6,high,primary_filename
templates/数学/卡特兰数——因子计数法.cpp,卡特兰数——因子计数法.cpp,cpp,3051,104,eb95a6481b6a823edad1add682b083366a7a8752d82c0e7e3ba213d0b77465ed,true,卡特兰数,因子计数法.cpp,数学,数学,组合数学/卡特兰数,templates/数学/组合数学/卡特兰数/卡特兰数——因子计数法.cpp,runnable_template,primary_filename,none,false,https://www.luogu.com.cn/problem/P3200,P3200,1,0,8,high,primary_filename
templates/数学/卡特兰数——左右相乘.cpp,卡特兰数——左右相乘.cpp,cpp,2493,99,b6177c677b38614ef65964e89a1517ace549cf23545b24123e84844353930d5f,true,卡特兰数,左右相乘.cpp,数学,数学,组合数学/卡特兰数,templates/数学/组合数学/卡特兰数/卡特兰数——左右相乘.cpp,runnable_template,primary_filename,none,false,https://www.luogu.com.cn/problem/P2532,P2532,1,0,7,high,primary_filename
templates/数学/卡特兰数——模板.cpp,卡特兰数——模板.cpp,cpp,2505,104,bebf2410f3911b184491d0359978e0254e4eed5e1f91bb9c52d77e6fdb2c2676,true,卡特兰数,模板.cpp,数学,数学,组合数学/卡特兰数,templates/数学/组合数学/卡特兰数/卡特兰数——模板.cpp,runnable_template,primary_filename,none,false,https://www.luogu.com.cn/problem/P1044,P1044,1,0,6,high,primary_filename
templates/数学/卡特兰数——路径计数模板.cpp,卡特兰数——路径计数模板.cpp,cpp,1672,67,a7e79c30a2619122ba533c47d09dbb8843f5af993c370f2d026a3a0ea38e7adc,true,卡特兰数,路径计数模板.cpp,数学,数学,组合数学/卡特兰数,templates/数学/组合数学/卡特兰数/卡特兰数——路径计数模板.cpp,runnable_template,primary_filename,none,false,https://www.luogu.com.cn/problem/P1976,P1976,1,0,6,high,primary_filename
templates/数学/卡特兰数——路径选择.cpp,卡特兰数——路径选择.cpp,cpp,1574,56,cfd7949f0aa228d662fea2ca5e9401cb7f7bb3b33fdf9fbb76ed3777de1a8102,true,卡特兰数,路径选择.cpp,数学,数学,组合数学/卡特兰数,templates/数学/组合数学/卡特兰数/卡特兰数——路径选择.cpp,runnable_template,primary_filename,none,false,https://www.luogu.com.cn/problem/P1641,P1641,1,0,9,high,primary_filename
templates/数学/卢卡斯定理——模板.cpp,卢卡斯定理——模板.cpp,cpp,864,51,cd7e0caa7e951527297940390da187acf2fee353e265008ad5d1e3a8e7433032,true,卢卡斯定理,模板.cpp,数学,数学,数论/Lucas,templates/数学/数论/Lucas/卢卡斯定理——模板.cpp,runnable_template,primary_filename,none,false,https://www.luogu.com.cn/problem/P3807,P3807,1,0,2,high,primary_filename
templates/数学/原根——模板.cpp,原根——模板.cpp,cpp,4401,150,58f2fa214764aa01e44d76e679c4fcc6e4789edf7ad91f72658a8ed5b91a123e,true,原根,模板.cpp,数学,数学,数论/原根,templates/数学/数论/原根/原根——模板.cpp,runnable_template,primary_filename,none,false,https://www.luogu.com.cn/problem/P6091,P6091,1,0,1,high,primary_filename
templates/数学/康拓展开——模板.cpp,康拓展开——模板.cpp,cpp,1721,74,ba90289f384dd9a3f7697971a81d30cf184262d8c903e8f2da23040aff47b8d3,false,康拓展开,模板.cpp,数学,数学,组合数学/康拓展开,templates/数学/组合数学/康拓展开/康拓展开——模板.cpp,pure_template,primary_filename,none,false,https://www.luogu.com.cn/problem/P5367,P5367,1,0,5,high,primary_filename
templates/数学/康拓展开——正反过程综合.cpp,康拓展开——正反过程综合.cpp,cpp,3508,135,02e8336ff472e69875aa04d5e92b43904d8eaaa67fe6fa13939595b7950e66d7,false,康拓展开,正反过程综合.cpp,数学,数学,组合数学/康拓展开,templates/数学/组合数学/康拓展开/康拓展开——正反过程综合.cpp,pure_template,primary_filename,none,false,https://www.luogu.com.cn/problem/P3014,P3014,1,0,3,high,primary_filename
templates/数学/康拓展开——阶乘进制 逆过程 树状数组.cpp,康拓展开——阶乘进制 逆过程 树状数组.cpp,cpp,2962,110,d6143065034062dfab20b66b359a3ecafe3730a523a36026481c7db3e6a6af88,true,康拓展开,"阶乘进制,逆过程,树状数组.cpp",数学,数学,组合数学/康拓展开,templates/数学/组合数学/康拓展开/康拓展开——阶乘进制 逆过程 树状数组.cpp,runnable_template,primary_filename,none,false,https://www.luogu.com.cn/problem/U72177,U72177,1,0,8,high,primary_filename
templates/数学/康拓展开——阶乘进制 逆过程 线段树.cpp,康拓展开——阶乘进制 逆过程 线段树.cpp,cpp,3882,128,654323468cea5ae3b4ad1f002a524e26bf3c06aed1cd7342b81e13d894f6e608,true,康拓展开,"阶乘进制,逆过程,线段树.cpp",数学,数学,组合数学/康拓展开,templates/数学/组合数学/康拓展开/康拓展开——阶乘进制 逆过程 线段树.cpp,runnable_template,primary_filename,none,false,https://www.luogu.com.cn/problem/U72177,U72177,1,0,8,high,primary_filename
templates/数学/快速幂——乘法和矩阵快速幂.cpp,快速幂——乘法和矩阵快速幂.cpp,cpp,2307,84,e767b00a4d4d0ff3b674270a09c4e14e76ba84d01c971130a15e44eedf78d946,false,快速幂,乘法和矩阵快速幂.cpp,数学,数学,数论/快速幂,templates/数学/数论/快速幂/快速幂——乘法和矩阵快速幂.cpp,pure_template,primary_filename,none,false,,,0,0,1,high,primary_filename
templates/数学/快速幂——乘法快速幂.cpp,快速幂——乘法快速幂.cpp,cpp,736,28,f87c3dee94f7ad70cf4f7b289271ba98684e324cc487dd19dd4312e7ce04a39c,true,快速幂,乘法快速幂.cpp,数学,数学,数论/快速幂,templates/数学/数论/快速幂/快速幂——乘法快速幂.cpp,runnable_template,primary_filename,none,false,https://www.luogu.com.cn/problem/P1226,P1226,1,0,6,high,primary_filename
templates/数学/快速幂——元音字母.c,快速幂——元音字母.c,c,2786,107,5ff2f7142a16493cf1439bdf950539c4dce4b6d4dd662b0d15f30579af9e0fcf,true,快速幂,元音字母.c,数学,数学,数论/快速幂,templates/数学/数论/快速幂/快速幂——元音字母.c,runnable_template,primary_filename,none,false,,,0,0,0,high,primary_filename
templates/数学/快速幂——取模.c,快速幂——取模.c,c,360,19,10c61912a57069a80ce49bdb9032265b49a2268d4a998e22ceef30ca18e975b3,true,快速幂,取模.c,数学,数学,数论/快速幂,templates/数学/数论/快速幂/快速幂——取模.c,application,primary_filename,none,false,,,0,0,0,high,primary_filename
templates/数学/快速幂——多米洛和拓米洛.c,快速幂——多米洛和拓米洛.c,c,2531,102,19d8fda29cb301bd1743f75942e4c87814b414c65fd3321a0ad5943a33994caf,true,快速幂,多米洛和拓米洛.c,数学,数学,数论/快速幂,templates/数学/数论/快速幂/快速幂——多米洛和拓米洛.c,runnable_template,primary_filename,none,false,,,0,0,1,high,primary_filename
templates/数学/快速幂——斐波那契数列.c,快速幂——斐波那契数列.c,c,2428,100,2546ec9aa9b525bcc3bf7701d95d6ac1ca5025763f7450702e644a30329ec262,true,快速幂,斐波那契数列.c,数学,数学,数论/快速幂,templates/数学/数论/快速幂/快速幂——斐波那契数列.c,runnable_template,primary_filename,none,false,,,0,0,0,high,primary_filename
templates/数学/快速幂——斐波那契数列2.c,快速幂——斐波那契数列2.c,c,2288,94,21abe2cff1efc8fec5dc7289224c1b2e81d005ca5aba29ee94d325b7ff1d3065,true,快速幂,斐波那契数列2.c,数学,数学,数论/快速幂,templates/数学/数论/快速幂/快速幂——斐波那契数列2.c,runnable_template,primary_filename,none,false,,,0,0,0,high,primary_filename
templates/数学/快速幂——泰波那契数.c,快速幂——泰波那契数.c,c,2521,103,4f2c2ed59091ad93842be589fea1d22f3c4ff19c0b45342ce2ec61148aeb8928,true,快速幂,泰波那契数.c,数学,数学,数论/快速幂,templates/数学/数论/快速幂/快速幂——泰波那契数.c,runnable_template,primary_filename,none,false,,,0,0,0,high,primary_filename
templates/数学/快速幂——爬楼梯.c,快速幂——爬楼梯.c,c,2428,100,097a2df48ed60afa04f72826918effc462c84c34eec3f57cab8deec67be0fb95,true,快速幂,爬楼梯.c,数学,数学,数论/快速幂,templates/数学/数论/快速幂/快速幂——爬楼梯.c,runnable_template,primary_filename,none,false,,,0,0,0,high,primary_filename
templates/数学/快速幂——矩阵乘法.c,快速幂——矩阵乘法.c,c,2137,94,a62e88e2ce58cbf5ce436f42f0a1395b7ba913e1e8605158d048685f14574965,true,快速幂,矩阵乘法.c,数学,数学,数论/快速幂,templates/数学/数论/快速幂/快速幂——矩阵乘法.c,runnable_template,primary_filename,none,false,,,0,0,0,high,primary_filename
templates/数学/快速幂——矩阵乘法展示.cpp,快速幂——矩阵乘法展示.cpp,cpp,4496,156,de30fc3243b64ebbd9d32dd7a4eedd401d33572ecea11de53bbc66ea2a15a225,true,快速幂,矩阵乘法展示.cpp,数学,数学,数论/快速幂,templates/数学/数论/快速幂/快速幂——矩阵乘法展示.cpp,example,primary_filename,none,false,,,0,0,0,high,primary_filename
templates/数学/快速幂——矩阵快速幂.cpp,快速幂——矩阵快速幂.cpp,cpp,2231,90,8ce52575d37b3a23e90394908893d5e3262ae350e904d6799d38c7acb5060bc2,true,快速幂,矩阵快速幂.cpp,数学,数学,数论/快速幂,templates/数学/数论/快速幂/快速幂——矩阵快速幂.cpp,runnable_template,primary_filename,none,false,https://leetcode.cn/problems/fibonacci-number/,,1,0,4,high,primary_filename
templates/数学/快速幂——考勤表.c,快速幂——考勤表.c,c,2957,110,6cabdc119240e750e9a938166803fd9e649dc4a28dbeb274adf77282a61fda40,true,快速幂,考勤表.c,数学,数学,数论/快速幂,templates/数学/数论/快速幂/快速幂——考勤表.c,runnable_template,primary_filename,none,false,,,0,0,0,high,primary_filename
templates/数学/扩展欧几里得——一元二次方程.cpp,扩展欧几里得——一元二次方程.cpp,cpp,2828,80,2011ac25fede01be17cc9539800e8fd9c9dbf8941ac715a3a90b113e8c956492,true,扩展欧几里得,一元二次方程.cpp,数学,数学,数论/扩展欧几里得,templates/数学/数论/扩展欧几里得/扩展欧几里得——一元二次方程.cpp,runnable_template,primary_filename,none,false,https://www.luogu.com.cn/problem/P5656,P5656,1,0,16,high,primary_filename
templates/数学/扩展欧几里得——区域.cpp,扩展欧几里得——区域.cpp,cpp,1728,45,aa53ec7f991d23c96c2b847afb88ff59fa4b1de999df6f33724357aa8dd2cebe,true,扩展欧几里得,区域.cpp,数学,数学,数论/扩展欧几里得,templates/数学/数论/扩展欧几里得/扩展欧几里得——区域.cpp,runnable_template,primary_filename,none,false,http://poj.org/problem?id=1265,,1,0,10,high,primary_filename
templates/数学/扩展欧几里得——格点.cpp,扩展欧几里得——格点.cpp,cpp,890,27,cc12e91780219c1dda9cab092f704e1b1750fd7885696c02c30a9635612257e3,true,扩展欧几里得,格点.cpp,数学,数学,数论/扩展欧几里得,templates/数学/数论/扩展欧几里得/扩展欧几里得——格点.cpp,runnable_template,primary_filename,none,false,https://lightoj.com/problem/how-many-points,,1,0,8,high,primary_filename
templates/数学/扩展欧几里得——模板.cpp,扩展欧几里得——模板.cpp,cpp,1119,41,93189ab6a4739d0e5a7b0566badfc8068122146b9d30f1e28fbba144fdc8be05,true,扩展欧几里得,模板.cpp,数学,数学,数论/扩展欧几里得,templates/数学/数论/扩展欧几里得/扩展欧几里得——模板.cpp,runnable_template,primary_filename,none,false,https://www.luogu.com.cn/problem/P1082,P1082,1,0,7,high,primary_filename
templates/数学/扩展欧几里得——洗牌.cpp,扩展欧几里得——洗牌.cpp,cpp,2961,91,23adcf356b9709ded41110183a049953c6fbb4721e03dd7242c292758ffffcec,true,扩展欧几里得,洗牌.cpp,数学,数学,数论/扩展欧几里得,templates/数学/数论/扩展欧几里得/扩展欧几里得——洗牌.cpp,runnable_template,primary_filename,none,false,https://www.luogu.com.cn/problem/P2054,P2054,1,0,19,high,primary_filename
templates/数学/扩展欧几里得——环形.cpp,扩展欧几里得——环形.cpp,cpp,1784,65,bf1349ac9304cd55d013a0c1fa4c08ae0c3a535539e424ef101f386882e2e857,true,扩展欧几里得,环形.cpp,数学,数学,数论/扩展欧几里得,templates/数学/数论/扩展欧几里得/扩展欧几里得——环形.cpp,runnable_template,primary_filename,none,false,https://www.luogu.com.cn/problem/P1516,P1516,1,0,11,high,primary_filename
templates/数学/扩展欧几里得——算法展示.cpp,扩展欧几里得——算法展示.cpp,cpp,1774,67,e74aac6389def66fcdebb4ca43bb0cca7ffac2acb165ffb442b7bb79a8c6b388,true,扩展欧几里得,算法展示.cpp,数学,数学,数论/扩展欧几里得,templates/数学/数论/扩展欧几里得/扩展欧几里得——算法展示.cpp,example,primary_filename,none,false,,,0,0,0,high,primary_filename
templates/数学/扩展欧几里得——组成.cpp,扩展欧几里得——组成.cpp,cpp,984,24,8bb977720d706439e3df472950f4e542d50c44127f6758a3e1a5c3681dc7a4aa,true,扩展欧几里得,组成.cpp,数学,数学,数论/扩展欧几里得,templates/数学/数论/扩展欧几里得/扩展欧几里得——组成.cpp,runnable_template,primary_filename,none,false,https://www.luogu.com.cn/problem/P3951,P3951,1,0,14,high,primary_filename
templates/数学/扩展欧拉定理——模板.cpp,扩展欧拉定理——模板.cpp,cpp,1398,84,9a4a57e557aa0fef4055cdf264b3246c4af143363cc2b11213129a6813468771,true,扩展欧拉定理,模板.cpp,数学,数学,数论/扩展欧拉定理,templates/数学/数论/扩展欧拉定理/扩展欧拉定理——模板.cpp,runnable_template,primary_filename,none,false,https://www.luogu.com.cn/problem/P1405,P1405,1,0,2,high,primary_filename
templates/数学/数论——全家桶.cpp,数论——全家桶.cpp,cpp,2501,106,865bd35fe21d96ea9e7cef02ad4026f1193175187be31711d5308201fdc4831b,true,数论,全家桶.cpp,数学,数学,数论/其他,templates/数学/数论/其他/数论——全家桶.cpp,runnable_template,primary_filename,none,false,https://www.luogu.com.cn/problem/P2480,P2480,1,0,2,high,primary_filename
templates/数学/欧拉函数——线性递推欧拉筛.cpp,欧拉函数——线性递推欧拉筛.cpp,cpp,1784,88,0d77da64ba1a365b758b2ea75ff64508da7ea2baaf82bcbaac69130e1f5664ba,true,欧拉函数,线性递推欧拉筛.cpp,数学,数学,数论/欧拉函数,templates/数学/数论/欧拉函数/欧拉函数——线性递推欧拉筛.cpp,runnable_template,primary_filename,none,false,https://www.luogu.com.cn/problem/P1891,P1891,1,0,4,high,primary_filename
templates/数学/欧拉函数——阶乘.cpp,欧拉函数——阶乘.cpp,cpp,2372,109,24f90b589cd15d276b0abd1613a3ce911016d2665a8c42de79aeb149e67fba67,false,欧拉函数,阶乘.cpp,数学,数学,数论/欧拉函数,templates/数学/数论/欧拉函数/欧拉函数——阶乘.cpp,pure_template,primary_filename,none,false,https://www.luogu.com.cn/problem/P2155,P2155,1,0,12,high,primary_filename
templates/数学/矩阵乘法——线段树操作.cpp,矩阵乘法——线段树操作.cpp,cpp,3882,192,0f96be41cd300eb9b0178021f35353f090e6c5e877be1438cfcf83a3015c86fe,true,矩阵乘法,线段树操作.cpp,数学,数学,线性代数/矩阵乘法,templates/数学/线性代数/矩阵乘法/矩阵乘法——线段树操作.cpp,application,primary_filename,none,false,,,0,0,1,high,primary_filename
templates/数学/矩阵乘法——经典.cpp,矩阵乘法——经典.cpp,cpp,1989,91,fa91bb5de3d9e8160a800081a5afe64e090786f9fa1969a0fba04afaaeba6550,true,矩阵乘法,经典.cpp,数学,数学,线性代数/矩阵乘法,templates/数学/线性代数/矩阵乘法/矩阵乘法——经典.cpp,example,primary_filename,none,false,,,0,0,8,high,primary_filename
templates/数学/矩阵乘法——结合图论.cpp,矩阵乘法——结合图论.cpp,cpp,1466,61,a85efd7e0f121b326d88afd15bd81df3b47a22b33674b88e11075fab5545f031,true,矩阵乘法,结合图论.cpp,数学,数学,线性代数/矩阵乘法,templates/数学/线性代数/矩阵乘法/矩阵乘法——结合图论.cpp,runnable_template,primary_filename,none,false,,,0,0,1,high,primary_filename
templates/数学/约瑟夫环.cpp,约瑟夫环.cpp,cpp,568,22,79464fed00353f1078ecbb51aad744ea89078866c0d9931c9a5696555705ab6f,true,约瑟夫环,,数学,数学,组合数学/约瑟夫环,templates/数学/组合数学/约瑟夫环/约瑟夫环.cpp,runnable_template,primary_filename,none,false,https://www.luogu.com.cn/problem/P8671,P8671,1,0,8,high,primary_filename
templates/数学/约瑟夫环加强.cpp,约瑟夫环加强.cpp,cpp,793,29,ba2f30b3ead74a3606c9bbe70a57c12675f7c4e3c46fe156ef74149af42fd48d,true,约瑟夫环加强,,数学,数学,组合数学/约瑟夫环,templates/数学/组合数学/约瑟夫环/约瑟夫环加强.cpp,runnable_template,primary_filename,none,false,,,0,0,9,high,primary_filename
templates/数学/线性基——向量模板.cpp,线性基——向量模板.cpp,cpp,2311,74,727b57922c3788022cec6952c6b1d37ad92b658ccfb786efe0326c7e6b4f355e,true,线性基,向量模板.cpp,数学,数学,线性代数/线性基,templates/数学/线性代数/线性基/线性基——向量模板.cpp,runnable_template,primary_filename,none,false,https://www.luogu.com.cn/problem/P3265,P3265,1,0,13,high,primary_filename
templates/数学/线性基——向量模板4.cpp,线性基——向量模板4.cpp,cpp,2355,93,6bf30c8bb788f69665a06134a8a960c563894cdc6d0acb2cebc31a8fecd37603,true,线性基,向量模板4.cpp,数学,数学,线性代数/线性基,templates/数学/线性代数/线性基/线性基——向量模板4.cpp,runnable_template,primary_filename,none,false,https://www.luogu.com.cn/problem/P4151,P4151,1,0,13,high,primary_filename
templates/数学/线性基——向量结合树上倍增.cpp,线性基——向量结合树上倍增.cpp,cpp,5690,202,08f1222459fb186a74d59e2813109d3c30e50338ff142a81bab42e03f5a99e14,true,线性基,向量结合树上倍增.cpp,数学,数学,线性代数/线性基,templates/数学/线性代数/线性基/线性基——向量结合树上倍增.cpp,runnable_template,primary_filename,none,false,https://www.luogu.com.cn/problem/P3292,P3292,1,0,12,high,primary_filename
templates/数学/线性基——向量结合线段树.cpp,线性基——向量结合线段树.cpp,cpp,2670,99,2826971db1511969e096973c29bb3ca87f06c36c15a52013fefe593c255f86b1,true,线性基,向量结合线段树.cpp,数学,数学,线性代数/线性基,templates/数学/线性代数/线性基/线性基——向量结合线段树.cpp,runnable_template,primary_filename,none,false,https://www.luogu.com.cn/problem/P4839,P4839,1,0,10,high,primary_filename
templates/数学/线性基——异或所有结果个数.cpp,线性基——异或所有结果个数.cpp,cpp,1404,63,e3cbaac66008ac3916b779ee43b2c5379c2b0cd15e2751574792b1a7a54d692c,true,线性基,异或所有结果个数.cpp,数学,数学,线性代数/线性基,templates/数学/线性代数/线性基/线性基——异或所有结果个数.cpp,runnable_template,primary_filename,none,false,https://www.luogu.com.cn/problem/P3857,P3857,1,0,10,high,primary_filename
templates/数学/线性基——异或普通消元法.cpp,线性基——异或普通消元法.cpp,cpp,1288,54,360e0269b5bc4fe49d64047d7eaac0f7dd0527b89563c5c89c7b4d0f1f5a5e5f,true,线性基,异或普通消元法.cpp,数学,数学,线性代数/线性基,templates/数学/线性代数/线性基/线性基——异或普通消元法.cpp,runnable_template,primary_filename,none,false,https://www.luogu.com.cn/problem/P3812,P3812,1,0,8,high,primary_filename
templates/数学/线性基——异或过程展示.cpp,线性基——异或过程展示.cpp,cpp,7372,230,74c2ba714eb8c27eefff0d3d8fbeb9eef3405a3e800a82ec7b6952bb589beb5f,true,线性基,异或过程展示.cpp,数学,数学,线性代数/线性基,templates/数学/线性代数/线性基/线性基——异或过程展示.cpp,example,primary_filename,none,false,,,0,0,0,high,primary_filename
templates/数学/线性基——异或运算应用.cpp,线性基——异或运算应用.cpp,cpp,2050,72,faad34fc5483c22ddd5ecbf6ec66f464bfb34a8ff418e742e7012a7a0e618fb6,true,线性基,异或运算应用.cpp,数学,数学,线性代数/线性基,templates/数学/线性代数/线性基/线性基——异或运算应用.cpp,application,primary_filename,none,false,https://www.luogu.com.cn/problem/P4570,P4570,1,0,10,high,primary_filename
templates/数学/线性基——异或高斯消元法.cpp,线性基——异或高斯消元法.cpp,cpp,2389,93,0b5137468b904b70164a6a1b058e2aae97f7f302007c83d4510bab0a6a04b4c6,true,线性基,异或高斯消元法.cpp,数学,数学,线性代数/线性基,templates/数学/线性代数/线性基/线性基——异或高斯消元法.cpp,runnable_template,primary_filename,none,false,https://loj.ac/p/114,,1,0,11,high,primary_filename
templates/数学/莫比乌斯函数——模板.cpp,莫比乌斯函数——模板.cpp,cpp,1184,51,a3b5cda179916af4a40a1c74be9aecba57557ad16372a940bb7d8703bfabd77d,true,莫比乌斯函数,模板.cpp,数学,数学,数论/莫比乌斯反演,templates/数学/数论/莫比乌斯反演/莫比乌斯函数——模板[P4450].cpp,runnable_template,primary_filename,resolved,true,https://www.luogu.com.cn/problem/P4450,P4450,1,0,6,medium,primary_filename
templates/数学/裴蜀定理——模板.cpp,裴蜀定理——模板.cpp,cpp,907,30,efb0d56694fc9a7e0e4f343d04834260e8398d373c7134c34f1963b0615f4d8b,true,裴蜀定理,模板.cpp,数学,数学,数论/裴蜀定理,templates/数学/数论/裴蜀定理/裴蜀定理——模板.cpp,application,primary_filename,none,false,https://www.luogu.com.cn/problem/P4549,P4549,1,0,10,high,primary_filename
templates/数学/裴蜀定理——类似博弈论.cpp,裴蜀定理——类似博弈论.cpp,cpp,1450,37,b6cd9d98303e298b339008c9cbfa65316f75f5f1dc7cbe2271e63c58449df90b,true,裴蜀定理,类似博弈论.cpp,数学,数学,数论/裴蜀定理,templates/数学/数论/裴蜀定理/裴蜀定理——类似博弈论.cpp,runnable_template,primary_filename,none,false,https://acm.hdu.edu.cn/showproblem.php?pid=5512,,2,0,15,high,primary_filename
templates/数学/质数——Miller-Rabin素数测试.c,质数——Miller-Rabin素数测试.c,c,2396,80,feefa91d7f87ffe713976fbb54bd49cf38e4ecfc19248a05acb57508f505f60c,true,质数,"Miller,Rabin素数测试.c",数学,数学,数论/质数,templates/数学/数论/质数/质数——Miller-Rabin素数测试.c,runnable_template,primary_filename,none,false,https://www.luogu.com.cn/problem/U148828,U148828,1,0,12,high,primary_filename
templates/数学/质数——结合数论.cpp,质数——结合数论.cpp,cpp,3266,88,b3d49ae678e31faf8c4b2e9f793c07aeb29912461a00bbb5831851e9eda5095b,true,质数,结合数论.cpp,数学,数学,数论/质数,templates/数学/数论/质数/质数——结合数论.cpp,runnable_template,primary_filename,none,false,https://www.luogu.com.cn/problem/P4397,P4397,1,0,5,high,primary_filename
templates/数学/质数——质数并查集.c,质数——质数并查集.c,c,2410,113,3bd6786849b64d9d35b1c6f13039fcf8cff41c0c73189a24e3ec97a8d76898e5,true,质数,质数并查集.c,数学,数学,数论/质数,templates/数学/数论/质数/质数——质数并查集.c,runnable_template,primary_filename,none,false,,,0,0,0,high,primary_filename
templates/数学/质数——质数筛.cpp,质数——质数筛.cpp,cpp,2792,96,63e44b50735638feb517db0f926dab5aaf8e8a0667d227ccbec0b46468cd47da,true,质数,质数筛.cpp,数学,数学,数论/质数,templates/数学/数论/质数/质数——质数筛.cpp,runnable_template,primary_filename,none,false,https://leetcode.cn/problems/count-primes/,,1,0,6,high,primary_filename
templates/数学/质数——较小的数字.c,质数——较小的数字.c,c,1699,71,18b7862722011de5ffd1e60b7b46a8506ad89143aad603ee561bd00be5ea94d2,true,质数,较小的数字.c,数学,数学,数论/质数,templates/数学/数论/质数/质数——较小的数字.c,runnable_template,primary_filename,none,false,,,0,0,0,high,primary_filename
templates/数学/逆元——单个除数求逆元.cpp,逆元——单个除数求逆元.cpp,cpp,1173,48,aec6cee97edca95f98ef84d0bda06edc40429af0159deb64c03c1c475853335f,true,逆元,单个除数求逆元.cpp,数学,数学,数论/逆元,templates/数学/数论/逆元/逆元——单个除数求逆元.cpp,runnable_template,primary_filename,none,false,,,0,0,3,high,primary_filename
templates/数学/逆元——模板.cpp,逆元——模板.cpp,cpp,1641,68,0ea7ad48edb360e8cda88d42b7f1dcfa28955c4531ab173fc8e4867d8508bf2e,true,逆元,模板.cpp,数学,数学,数论/逆元,templates/数学/数论/逆元/逆元——模板.cpp,runnable_template,primary_filename,none,false,,,0,0,4,high,primary_filename
templates/数学/逆元——连续数字逆元.cpp,逆元——连续数字逆元.cpp,cpp,945,33,96111fcdb46a2b852f241ddba9c50f1e3e9b54df88a849290236c4b107e758c1,true,逆元,连续数字逆元.cpp,数学,数学,数论/逆元,templates/数学/数论/逆元/逆元——连续数字逆元.cpp,runnable_template,primary_filename,none,false,https://www.luogu.com.cn/problem/P3811,P3811,1,0,9,high,primary_filename
templates/数学/逆元——连续数字阶乘的逆元.cpp,逆元——连续数字阶乘的逆元.cpp,cpp,2525,97,0b8a69c61d10165ad6ffec76f4a4721fba2cc9d0dff96d6f0e7be3fb5a6b6b6b,true,逆元,连续数字阶乘的逆元.cpp,数学,数学,数论/逆元,templates/数学/数论/逆元/逆元——连续数字阶乘的逆元.cpp,runnable_template,primary_filename,none,false,,,0,0,5,high,primary_filename
templates/数学/高斯消元——加法判断解的情况.cpp,高斯消元——加法判断解的情况.cpp,cpp,3070,96,7e919536e5b297663dcca91093868d33a343c5fcb85edc83619a7644a4161028,true,高斯消元,加法判断解的情况.cpp,数学,数学,线性代数/高斯消元,templates/数学/线性代数/高斯消元/高斯消元——加法判断解的情况.cpp,runnable_template,primary_filename,none,false,https://www.luogu.com.cn/problem/P2455,P2455,1,0,9,high,primary_filename
templates/数学/高斯消元——加法提炼矩阵.cpp,高斯消元——加法提炼矩阵.cpp,cpp,3292,92,b225e92827eb95a5285495ef9269ee70718c88a53ea6cbcf38071cbd911b7c00,true,高斯消元,加法提炼矩阵.cpp,数学,数学,线性代数/高斯消元,templates/数学/线性代数/高斯消元/高斯消元——加法提炼矩阵.cpp,example,primary_filename,none,false,https://www.luogu.com.cn/problem/P4035,P4035,1,0,14,high,primary_filename
templates/数学/高斯消元——加法检测错误数据.cpp,高斯消元——加法检测错误数据.cpp,cpp,4364,140,755e112ea61388c5d17bd50f6edfb63c350f24229ac46c2f97f55219fdd6dfb0,true,高斯消元,加法检测错误数据.cpp,数学,数学,线性代数/高斯消元,templates/数学/线性代数/高斯消元/高斯消元——加法检测错误数据.cpp,runnable_template,primary_filename,none,false,https://www.luogu.com.cn/problem/P5027,P5027,1,0,14,high,primary_filename
templates/数学/高斯消元——加法模板.cpp,高斯消元——加法模板.cpp,cpp,3029,93,23133fbb166e25d154fc85fc12f2b17c05de5a21650f60012b9f2dc64f0e91b8,true,高斯消元,加法模板.cpp,数学,数学,线性代数/高斯消元,templates/数学/线性代数/高斯消元/高斯消元——加法模板.cpp,runnable_template,primary_filename,none,false,https://www.luogu.com.cn/problem/P3389,P3389,1,0,8,high,primary_filename
templates/数学/高斯消元——加法运算展示.cpp,高斯消元——加法运算展示.cpp,cpp,6752,190,85b388f857f7eb254ffe0170a163da17d909672e149a0e69cdbe9bedbdeb8a5f,true,高斯消元,加法运算展示.cpp,数学,数学,线性代数/高斯消元,templates/数学/线性代数/高斯消元/高斯消元——加法运算展示.cpp,example,primary_filename,none,false,,,0,0,1,high,primary_filename
templates/数学/高斯消元——同余模板.cpp,高斯消元——同余模板.cpp,cpp,4464,136,9007d96cda7f8dc4b18ae0b59ac3ada4894dad0904053ba7062446552868f8cd,true,高斯消元,同余模板.cpp,数学,数学,线性代数/高斯消元,templates/数学/线性代数/高斯消元/高斯消元——同余模板.cpp,runnable_template,primary_filename,none,false,https://acm.hdu.edu.cn/showproblem.php?pid=5755,,1,0,11,high,primary_filename
templates/数学/高斯消元——同余模板2.cpp,高斯消元——同余模板2.cpp,cpp,5526,168,9e3ddabc71e6269214a5b647a8162ae2fbe450ee55f8c57bce520f92c8e6577f,true,高斯消元,同余模板2.cpp,数学,数学,线性代数/高斯消元,templates/数学/线性代数/高斯消元/高斯消元——同余模板2.cpp,runnable_template,primary_filename,none,false,http://poj.org/problem?id=2947,,1,0,14,high,primary_filename
templates/数学/高斯消元——同余运算展示.cpp,高斯消元——同余运算展示.cpp,cpp,6865,182,cf1a3ad6c9c22f6305d2972bbcd1845017fec2a2dd25a185beffff1637f656e0,true,高斯消元,同余运算展示.cpp,数学,数学,线性代数/高斯消元,templates/数学/线性代数/高斯消元/高斯消元——同余运算展示.cpp,example,primary_filename,none,false,,,0,0,0,high,primary_filename
templates/数学/高斯消元——异或主元与自由元.cpp,高斯消元——异或主元与自由元.cpp,cpp,4038,129,cddcc3eeb61bc0efdc6f0ae4c9f7aa84c3d8e1ada968ead562966950fd8666b6,true,高斯消元,异或主元与自由元.cpp,数学,数学,线性代数/高斯消元,templates/数学/线性代数/高斯消元/高斯消元——异或主元与自由元.cpp,runnable_template,primary_filename,none,false,https://acm.hdu.edu.cn/showproblem.php?pid=5833,,1,0,16,high,primary_filename
templates/数学/高斯消元——异或模板.cpp,高斯消元——异或模板.cpp,cpp,4192,130,d23b236abeb550f750471f66d7b9dc3a1129cd3967df4a331d538b1a966a7e34,true,高斯消元,异或模板.cpp,数学,数学,线性代数/高斯消元,templates/数学/线性代数/高斯消元/高斯消元——异或模板.cpp,runnable_template,primary_filename,none,false,https://www.luogu.com.cn/problem/P2962,P2962,1,0,15,high,primary_filename
templates/数学/高斯消元——异或结合位图.cpp,高斯消元——异或结合位图.cpp,cpp,3445,113,57b0c69899370138c0d00cd8d7b5b3d99ddd2838b2c7bd600cf855a6efc567b0,true,高斯消元,异或结合位图.cpp,数学,数学,线性代数/高斯消元,templates/数学/线性代数/高斯消元/高斯消元——异或结合位图.cpp,runnable_template,primary_filename,none,false,https://www.luogu.com.cn/problem/P2447,P2447,1,0,16,high,primary_filename
templates/数学/高斯消元——异或运算展示.cpp,高斯消元——异或运算展示.cpp,cpp,4159,114,270c1a3a459721e0136c8f0b1f5c76ded32dc7c6bbc7fafbfce21e7eaa714e1d,true,高斯消元,异或运算展示.cpp,数学,数学,线性代数/高斯消元,templates/数学/线性代数/高斯消元/高斯消元——异或运算展示.cpp,example,primary_filename,none,false,,,0,0,0,high,primary_filename
templates/数学/高精度——模板.cpp,高精度——模板.cpp,cpp,5327,184,524dd5318001a2fd696deb56ce50258bc62556c5ddd65bd56947bac5e06d710b,true,高精度,模板.cpp,数学,基础算法,高精度,templates/基础算法/高精度/高精度——模板.cpp,runnable_template,primary_filename,none,false,,,0,0,4,high,primary_filename
templates/数论/FFT——迭代版模板.cpp,FFT——迭代版模板.cpp,cpp,1768,72,a771b930779e9a24667b5a34e688116aa196d4dfc7e7825ab2033258224ec397,true,FFT,迭代版模板.cpp,数论,数学,多项式/FFT,templates/数学/多项式/FFT/FFT——迭代版模板.cpp,runnable_template,primary_filename,none,false,https://www.luogu.com.cn/problem/P3803,P3803,1,0,1,high,primary_filename
templates/数论/FFT——递归版模板.cpp,FFT——递归版模板.cpp,cpp,1333,57,7231fa7152cd6bab57ca3f1efd9b9d7db91159fd47f230fbef5cd82933075e5e,true,FFT,递归版模板.cpp,数论,数学,多项式/FFT,templates/数学/多项式/FFT/FFT——递归版模板.cpp,runnable_template,primary_filename,none,false,https://www.luogu.com.cn/problem/P3803,P3803,1,0,1,high,primary_filename
templates/数论/NTT——模板.cpp,NTT——模板.cpp,cpp,2004,91,41f81d91832b8dc0eb454b179294f7d863905031739211cfe84b01598b88b246,false,NTT,模板.cpp,数论,数学,多项式/NTT,templates/数学/多项式/NTT/NTT——模板.cpp,pure_template,primary_filename,none,false,https://www.luogu.com.cn/problem/P3803,P3803,1,0,1,high,primary_filename
templates/数论/杜教筛——模板.cpp,杜教筛——模板.cpp,cpp,1827,89,831b58f86bfbc53946c06052e40886293e9ba5f1b7424c06f0a3e129420446f0,false,杜教筛,模板.cpp,数论,数学,数论/杜教筛,templates/数学/数论/杜教筛/杜教筛——模板.cpp,pure_template,primary_filename,none,false,https://www.luogu.com.cn/problem/P4213,P4213,1,0,3,high,primary_filename
templates/数论/莫比乌斯函数——模板.cpp,莫比乌斯函数——模板.cpp,cpp,945,39,01656440cdd8abf9ac7a81566013a920a394ae516449289f71bb18f613aab31e,false,莫比乌斯函数,模板.cpp,数论,数学,数论/莫比乌斯反演,templates/数学/数论/莫比乌斯反演/莫比乌斯函数——模板[否则是-1].cpp,pure_template,primary_filename,resolved,true,,,0,0,3,medium,primary_filename
templates/整体二分/整体二分——二维1.cpp,整体二分——二维1.cpp,cpp,3054,131,e0471f851053e5be92b5bcf87675a1b9f8837cccc14f7855e1331a271c1d0658,true,整体二分,二维1.cpp,整体二分,基础算法,整体二分,templates/基础算法/整体二分/整体二分——二维1.cpp,runnable_template,primary_filename,none,false,https://www.luogu.com.cn/problem/P1527,P1527,1,0,11,high,primary_filename
templates/整体二分/整体二分——二维2.cpp,整体二分——二维2.cpp,cpp,3143,129,6b6bffc6fd538821d9af4d2c62d2133574c74f038f13a16ed743da04006da9df,true,整体二分,二维2.cpp,整体二分,基础算法,整体二分,templates/基础算法/整体二分/整体二分——二维2.cpp,runnable_template,primary_filename,none,false,https://www.luogu.com.cn/problem/P1527,P1527,1,0,9,high,primary_filename
templates/整体二分/整体二分——带修改.cpp,整体二分——带修改.cpp,cpp,5004,170,751d811c97df226bd5f6617d677cee76926d8f50d1573facc92ffe78f8105bd1,true,整体二分,带修改.cpp,整体二分,基础算法,整体二分,templates/基础算法/整体二分/整体二分——带修改.cpp,runnable_template,primary_filename,none,false,https://www.luogu.com.cn/problem/P2617,P2617,1,0,17,high,primary_filename
templates/整体二分/整体二分——扫描线.cpp,整体二分——扫描线.cpp,cpp,8026,281,eef31687c83b05c92547ac11e95faa6c154f7c6bf2bb427f541b3fb70a6b91b5,true,整体二分,扫描线.cpp,整体二分,基础算法,整体二分,templates/基础算法/整体二分/整体二分——扫描线.cpp,runnable_template,primary_filename,none,false,https://www.luogu.com.cn/problem/P3242,P3242,1,0,12,high,primary_filename
templates/整体二分/整体二分——最小瓶颈.cpp,整体二分——最小瓶颈.cpp,cpp,5563,184,49810e5b91ef8d5b3356fcf2d776f2cfc69f8bd1cf0609e0df9c80375db6f3d3,true,整体二分,最小瓶颈.cpp,整体二分,基础算法,整体二分,templates/基础算法/整体二分/整体二分——最小瓶颈.cpp,runnable_template,primary_filename,none,false,https://www.luogu.com.cn/problem/CF603E,CF603E,2,0,12,high,primary_filename
templates/整体二分/整体二分——树上操作.cpp,整体二分——树上操作.cpp,cpp,7376,259,374ed121a5a1d28f783076a04f9d538316e46410697f1ad3c4b2bd80bbf74b98,true,整体二分,树上操作.cpp,整体二分,基础算法,整体二分,templates/基础算法/整体二分/整体二分——树上操作.cpp,runnable_template,primary_filename,none,false,https://www.luogu.com.cn/problem/P3250,P3250,1,0,16,high,primary_filename
templates/整体二分/整体二分——模板1.cpp,整体二分——模板1.cpp,cpp,3602,135,46740bcae3c0dfc48aa8b16a2f1c8c49fbb237fc3831d4c45a868ddb57cc7a68,true,整体二分,模板1.cpp,整体二分,基础算法,整体二分,templates/基础算法/整体二分/整体二分——模板1.cpp,runnable_template,primary_filename,none,false,https://www.luogu.com.cn/problem/P3834,P3834,1,0,10,high,primary_filename
templates/整体二分/整体二分——模板2.cpp,整体二分——模板2.cpp,cpp,3344,130,2314c2ccd8379f6b3e8221ded3b6b867e241d5dc37687dd6a5d212f376ee6207,true,整体二分,模板2.cpp,整体二分,基础算法,整体二分,templates/基础算法/整体二分/整体二分——模板2.cpp,runnable_template,primary_filename,none,false,https://www.luogu.com.cn/problem/P3834,P3834,1,0,12,high,primary_filename
templates/整体二分/整体二分——破环为链1.cpp,整体二分——破环为链1.cpp,cpp,4222,150,99269843ede23530b810d3bdc1a47c9949453844c8ce3e12e42e234ba4d93961,true,整体二分,破环为链1.cpp,整体二分,基础算法,整体二分,templates/基础算法/整体二分/整体二分——破环为链1.cpp,runnable_template,primary_filename,none,false,https://www.luogu.com.cn/problem/P3527,P3527,1,0,14,high,primary_filename
templates/整体二分/整体二分——破环为链2.cpp,整体二分——破环为链2.cpp,cpp,3433,150,6653a68bdf93712b9c23a1715ac812e891383f303ded5773a19f16a2a3551082,true,整体二分,破环为链2.cpp,整体二分,基础算法,整体二分,templates/基础算法/整体二分/整体二分——破环为链2.cpp,runnable_template,primary_filename,none,false,https://www.luogu.com.cn/problem/P3527,P3527,1,0,13,high,primary_filename
templates/整体二分/整体二分——线性基.cpp,整体二分——线性基.cpp,cpp,3312,130,1c85b50c1d6eda9deeef14eab5fc56c98f624a6fe9a4d205f1917eaef05f2c48,true,整体二分,线性基.cpp,整体二分,基础算法,整体二分,templates/基础算法/整体二分/整体二分——线性基.cpp,runnable_template,primary_filename,none,false,https://www.luogu.com.cn/problem/CF1100F,CF1100F,2,0,10,high,primary_filename
templates/整体二分/整体二分——线段树.cpp,整体二分——线段树.cpp,cpp,5345,158,968a288a207f33bca869e0f159e7ef1c7ecad1fd72f422c9394c6956a6968574,true,整体二分,线段树.cpp,整体二分,基础算法,整体二分,templates/基础算法/整体二分/整体二分——线段树.cpp,runnable_template,primary_filename,none,false,https://www.luogu.com.cn/problem/P4602,P4602,1,0,14,high,primary_filename
templates/树上启发式合并/树上启发式合并——倍增st表.cpp,树上启发式合并——倍增st表.cpp,cpp,4435,169,78c02fe87b3363c31180911d9bceea3c701558d894cb0d3d7acc10f96b32620b,true,树上启发式合并,倍增st表.cpp,树上启发式合并,树上算法,启发式合并,templates/树上算法/启发式合并/树上启发式合并——倍增st表.cpp,runnable_template,primary_filename,none,false,https://www.luogu.com.cn/problem/CF208E,CF208E,2,0,14,high,primary_filename
templates/树上启发式合并/树上启发式合并——出现次数信息.cpp,树上启发式合并——出现次数信息.cpp,cpp,3344,123,c4c42597f315ef1eca18a7005b1a9903123e0836fcca1d8de3d454bd2f50caf5,true,树上启发式合并,出现次数信息.cpp,树上启发式合并,树上算法,启发式合并,templates/树上算法/启发式合并/树上启发式合并——出现次数信息.cpp,runnable_template,primary_filename,none,false,https://www.luogu.com.cn/problem/P9233,P9233,1,0,10,high,primary_filename
templates/树上启发式合并/树上启发式合并——向下k层.cpp,树上启发式合并——向下k层.cpp,cpp,4759,186,216258b7406545b1bcd7afa8c0172a0f9e4d0a9694a4e5ba756743e3e121cb64,true,树上启发式合并,向下k层.cpp,树上启发式合并,树上算法,启发式合并,templates/树上算法/启发式合并/树上启发式合并——向下k层.cpp,runnable_template,primary_filename,none,false,https://www.luogu.com.cn/problem/CF246E,CF246E,2,0,12,high,primary_filename
templates/树上启发式合并/树上启发式合并——回文转异或.cpp,树上启发式合并——回文转异或.cpp,cpp,4836,157,c12abaea21e978a1da8985176527e973232f6e085c1fe592cd56b45ef67a64da,true,树上启发式合并,回文转异或.cpp,树上启发式合并,树上算法,启发式合并,templates/树上算法/启发式合并/树上启发式合并——回文转异或.cpp,runnable_template,primary_filename,none,false,https://www.luogu.com.cn/problem/CF741D,CF741D,2,0,14,high,primary_filename
templates/树上启发式合并/树上启发式合并——模板.cpp,树上启发式合并——模板.cpp,cpp,3611,138,4c046a703f50a8529c82ba9c8e970b14a34aba400a643111fceabee863f77561,true,树上启发式合并,模板.cpp,树上启发式合并,树上算法,启发式合并,templates/树上算法/启发式合并/树上启发式合并——模板.cpp,runnable_template,primary_filename,none,false,https://www.luogu.com.cn/problem/U41492,U41492,1,0,8,high,primary_filename
templates/树上启发式合并/树上启发式合并——结合主席树.cpp,树上启发式合并——结合主席树.cpp,cpp,5445,211,c362655d32df1634b4cc16889f03e6feea18bb3255406b0914bac2a0be62e151,true,树上启发式合并,结合主席树.cpp,树上启发式合并,树上算法,启发式合并,templates/树上算法/启发式合并/树上启发式合并——结合主席树.cpp,runnable_template,primary_filename,none,false,https://www.luogu.com.cn/problem/P3302,P3302,1,0,13,high,primary_filename
templates/树上启发式合并/树上启发式合并——统计最大次数.cpp,树上启发式合并——统计最大次数.cpp,cpp,4338,154,39cb2a8fca5b1049ce17bece03954ef3b05d0f3ce9eefc0658cd6971844de988,true,树上启发式合并,统计最大次数.cpp,树上启发式合并,树上算法,启发式合并,templates/树上算法/启发式合并/树上启发式合并——统计最大次数.cpp,runnable_template,primary_filename,none,false,https://www.luogu.com.cn/problem/CF600E,CF600E,2,0,13,high,primary_filename
templates/树上问题/prufer序——堆模板.cpp,prufer序——堆模板.cpp,cpp,4021,145,02deebc9d566df880c379d1b8aa94b3ab344c7fd75104582f1c946012a1c29a9,true,prufer序,堆模板.cpp,树上问题,图论,prufer,templates/图论/prufer/prufer序——堆模板.cpp,runnable_template,primary_filename,none,false,https://www.luogu.com.cn/problem/P6086,P6086,1,0,13,high,primary_filename
templates/树上问题/prufer序——线性模板.cpp,prufer序——线性模板.cpp,cpp,2699,108,873881e8ce166713e76c9976bf7a9e369b5367ccf9df5db63b2cd6322ff8efc9,true,prufer序,线性模板.cpp,树上问题,图论,prufer,templates/图论/prufer/prufer序——线性模板.cpp,runnable_template,primary_filename,none,false,https://www.luogu.com.cn/problem/P6086,P6086,1,0,2,high,primary_filename
templates/树上问题/最小树形图——朱刘算法.cpp,最小树形图——朱刘算法.cpp,cpp,4165,139,2ff56932068b6e4fe023509858c5b111a03820065ecc42f117ef3f9e98a98f4e,true,最小树形图,朱刘算法.cpp,树上问题,图论,生成树/最小树形图,templates/图论/生成树/最小树形图/最小树形图——朱刘算法.cpp,runnable_template,primary_filename,none,false,https://www.luogu.com.cn/problem/P4716,P4716,1,0,10,high,primary_filename
templates/树上问题/树上倍增——LCA.cpp,树上倍增——LCA.cpp,cpp,1884,87,c0e259e9a0d25799a29dc5ca68ea6944f08185834ef2dc7beb19a4986789816a,true,树上倍增,LCA.cpp,树上问题,树上算法,LCA,templates/树上算法/LCA/树上倍增——LCA.cpp,runnable_template,primary_filename,none,false,,,0,0,0,high,primary_filename
templates/树上问题/树上倍增——LCA迭代.cpp,树上倍增——LCA迭代.cpp,cpp,2412,110,83ec02d54e11b5bdc0e9ce61d910819a217dccbd743506c8a02d139b576b7545,true,树上倍增,LCA迭代.cpp,树上问题,树上算法,LCA,templates/树上算法/LCA/树上倍增——LCA迭代.cpp,runnable_template,primary_filename,none,false,,,0,0,0,high,primary_filename
templates/树上问题/树上倍增——卡车.cpp,树上倍增——卡车.cpp,cpp,3853,161,5169443818e3cbb96f6a5bc94637281c117390fcb09e1a099f53bfdf384a52a6,true,树上倍增,卡车.cpp,树上问题,树上算法,LCA,templates/树上算法/LCA/树上倍增——卡车.cpp,runnable_template,primary_filename,none,false,https://www.luogu.com.cn/problem/P1967,P1967,1,0,14,high,primary_filename
templates/树上问题/树上倍增——回文.cpp,树上倍增——回文.cpp,cpp,3721,148,13d7d7ac9a0636aa318852fccc06ba6a8e9fa9e399a86242d86cc2d1725d925e,true,树上倍增,回文.cpp,树上问题,树上算法,LCA,templates/树上算法/LCA/树上倍增——回文.cpp,runnable_template,primary_filename,none,false,https://ac.nowcoder.com/acm/contest/78807/G,,1,0,13,high,primary_filename
templates/树上问题/树上差分——tarjan求lca.cpp,树上差分——tarjan求lca.cpp,cpp,3545,153,b94411e68aab2697168aaa79c171fce07ed10133c8c9c40c3afccad1c74a885e,true,树上差分,tarjan求lca.cpp,树上问题,树上算法,树上差分,templates/树上算法/树上差分/树上差分——tarjan求lca.cpp,runnable_template,primary_filename,none,false,https://www.luogu.com.cn/problem/P3258,P3258,1,0,12,high,primary_filename
templates/树上问题/树上差分——倍增求lca.cpp,树上差分——倍增求lca.cpp,cpp,3505,154,b60ede496883f96dbfb96257419af12203ada5b5e34a6fb7bacff76af31184ef,true,树上差分,倍增求lca.cpp,树上问题,树上算法,树上差分,templates/树上算法/树上差分/树上差分——倍增求lca.cpp,runnable_template,primary_filename,none,false,https://leetcode.cn/problems/minimize-the-total-price-of-the-trips/,,1,0,8,high,primary_filename
templates/树上问题/树上差分——变形应用.cpp,树上差分——变形应用.cpp,cpp,3079,131,44f0a005ca23cf060515e0e4731fe9981f5324dc4aed0519818a7146d160e755,true,树上差分,变形应用.cpp,树上问题,树上算法,树上差分,templates/树上算法/树上差分/树上差分——变形应用.cpp,application,primary_filename,none,false,,,0,0,8,high,primary_filename
templates/树上问题/树上差分——点差分模版.cpp,树上差分——点差分模版.cpp,cpp,3092,124,aa589e62a6e4c49d6f7c3914baa18c2d3a29011414649551bbc06f69b533fddd,true,树上差分,点差分模版.cpp,树上问题,树上算法,树上差分,templates/树上算法/树上差分/树上差分——点差分模版.cpp,runnable_template,primary_filename,none,false,https://www.luogu.com.cn/problem/P3128,P3128,1,0,11,high,primary_filename
templates/树上问题/树上差分——边差分.cpp,树上差分——边差分.cpp,cpp,2885,123,2a146df27537f9d83652212adf06fa003f945a225badca30f9c3d0bf67544eb1,true,树上差分,边差分.cpp,树上问题,树上算法,树上差分,templates/树上算法/树上差分/树上差分——边差分.cpp,application,primary_filename,none,false,http://poj.org/problem?id=3417,,1,0,7,high,primary_filename
templates/树上问题/树上差分——边差分模板.cpp,树上差分——边差分模板.cpp,cpp,4901,184,78ea4aa0dafd08aa0166cc6b84e55ae67337a734bff01ce4be84bff57a1c2d3f,true,树上差分,边差分模板.cpp,树上问题,树上算法,树上差分,templates/树上算法/树上差分/树上差分——边差分模板.cpp,runnable_template,primary_filename,none,false,https://www.luogu.com.cn/problem/P2680,P2680,1,0,10,high,primary_filename
templates/树上问题/树上换根——换根.cpp,树上换根——换根.cpp,cpp,2128,95,77c6f93a7e1fc28f1304a41bee3a6a9f6253a50dc271d4064bb08993c2060f82,true,树上换根,换根.cpp,树上问题,树上算法,树上换根,templates/树上算法/树上换根/树上换根——换根.cpp,runnable_template,primary_filename,none,false,https://www.luogu.com.cn/problem/P3478,P3478,1,0,7,high,primary_filename
templates/树上问题/树上换根——换根2.cpp,树上换根——换根2.cpp,cpp,1698,75,03aa937cece5a09f1e6b40cc8ac86849c72422f34f484fa32967b8425f70293c,true,树上换根,换根2.cpp,树上问题,树上算法,树上换根,templates/树上算法/树上换根/树上换根——换根2.cpp,runnable_template,primary_filename,none,false,https://www.luogu.com.cn/problem/CF1187E,CF1187E,1,0,8,high,primary_filename
templates/树上问题/树上换根——换根3.cpp,树上换根——换根3.cpp,cpp,1871,84,0211b1af3ba9879f534bf9740bb7a267be18d324368b5d471bd140618b8e8371,true,树上换根,换根3.cpp,树上问题,树上算法,树上换根,templates/树上算法/树上换根/树上换根——换根3.cpp,runnable_template,primary_filename,none,false,https://www.luogu.com.cn/problem/CF219D,CF219D,1,0,8,high,primary_filename
templates/树上问题/树上换根——距离为k点权和.cpp,树上换根——距离为k点权和.cpp,cpp,1977,83,5037c0ccd2803e5cf79b0a38d5ca48a49fe7d53d20d0979e6f4f4914942e150d,true,树上换根,距离为k点权和.cpp,树上问题,树上算法,树上换根,templates/树上算法/树上换根/树上换根——距离为k点权和.cpp,runnable_template,primary_filename,none,false,https://www.luogu.com.cn/problem/P3047,P3047,1,0,10,high,primary_filename
templates/树上问题/树上换根——边权.cpp,树上换根——边权.cpp,cpp,2527,107,b8e226b2d275577070a4a6edea95a34cf77c8185c93e18e7b800182b99e2b1c6,true,树上换根,边权.cpp,树上问题,树上算法,树上换根,templates/树上算法/树上换根/树上换根——边权.cpp,runnable_template,primary_filename,none,false,http://poj.org/problem?id=3585,,1,0,8,high,primary_filename
templates/树上问题/树上问题——唯一重心.cpp,树上问题——唯一重心.cpp,cpp,3169,120,9841eb70b493d554ac5543a6aa19768b1f9cec6b5b8d01ec46573c45b13a55b6,true,树上问题,唯一重心.cpp,树上问题,树上算法,树上问题,templates/树上算法/树上问题/树上问题——唯一重心.cpp,runnable_template,primary_filename,none,false,https://www.luogu.com.cn/problem/CF1406C,CF1406C,1,0,11,high,primary_filename
templates/树上问题/树上问题——边权点权求重心.cpp,树上问题——边权点权求重心.cpp,cpp,2509,100,54bdf18dba10f5e93fe18531743810edab3f9ac015f5729e22c4f07c35c19f29,true,树上问题,边权点权求重心.cpp,树上问题,树上算法,树上问题,templates/树上算法/树上问题/树上问题——边权点权求重心.cpp,runnable_template,primary_filename,none,false,https://www.luogu.com.cn/problem/P2986,P2986,1,0,11,high,primary_filename
templates/树上问题/树上问题——重心.cpp,树上问题——重心.cpp,cpp,1647,66,92a37aa3a39e0a38131ede12902444040933152a88e780a60f1823bc0419a1b8,true,树上问题,重心.cpp,树上问题,树上算法,树上问题,templates/树上算法/树上问题/树上问题——重心.cpp,runnable_template,primary_filename,none,false,http://poj.org/problem?id=1655,,1,0,7,high,primary_filename
templates/树上问题/树上问题——重心1.cpp,树上问题——重心1.cpp,cpp,3072,111,304fa6fba7518ddee037324b69dc0fa8090cbf92d0cbe391d7d623fa96c42b7a,true,树上问题,重心1.cpp,树上问题,树上算法,树上问题,templates/树上算法/树上问题/树上问题——重心1.cpp,runnable_template,primary_filename,none,false,https://www.luogu.com.cn/problem/CF708C,CF708C,2,0,7,high,primary_filename
templates/树上问题/树上问题——重心2.cpp,树上问题——重心2.cpp,cpp,1465,64,362affa9c2e47f22ceb9e90ff3e1f6de219a3f2f4b540947f9be80b0cdd6a2f2,true,树上问题,重心2.cpp,树上问题,树上算法,树上问题,templates/树上算法/树上问题/树上问题——重心2.cpp,runnable_template,primary_filename,none,false,http://poj.org/problem?id=3107,,1,0,7,high,primary_filename
templates/树上问题/树的直径——两次dfs.cpp,树的直径——两次dfs.cpp,cpp,1658,80,e37061abd26cd64e5d8e910cb44404604f6d972927e3c1d304da4b625761745f,true,树的直径,两次dfs.cpp,树上问题,树上算法,树的直径,templates/树上算法/树的直径/树的直径——两次dfs.cpp,runnable_template,primary_filename,none,false,https://www.luogu.com.cn/problem/U81904,U81904,1,0,6,high,primary_filename
templates/树上问题/树的直径——加边.cpp,树的直径——加边.cpp,cpp,2829,116,366b421fb7a821301d40118bbe0ad821b07f8a65af66507686aaeea66d874eac,true,树的直径,加边.cpp,树上问题,树上算法,树的直径,templates/树上算法/树的直径/树的直径——加边.cpp,runnable_template,primary_filename,none,false,https://www.luogu.com.cn/problem/P3629,P3629,1,0,10,high,primary_filename
templates/树上问题/树的直径——区间.cpp,树的直径——区间.cpp,cpp,3437,139,468f02ebf2b41eb93a1a2bc21c224b0cb1d0af5e0c84124147f5f3781df32723,true,树的直径,区间.cpp,树上问题,树上算法,树的直径,templates/树上算法/树的直径/树的直径——区间.cpp,runnable_template,primary_filename,none,false,https://www.luogu.com.cn/problem/P2491,P2491,1,0,10,high,primary_filename
templates/树上问题/树的直径——并查集.cpp,树的直径——并查集.cpp,cpp,2635,101,d64e450bc02cde6a3e0bf20e221133e262c2dc5d1b82986b19b65ed2fb97602f,true,树的直径,并查集.cpp,树上问题,树上算法,树的直径,templates/树上算法/树的直径/树的直径——并查集.cpp,runnable_template,primary_filename,none,false,https://www.luogu.com.cn/problem/P2195,P2195,1,0,10,high,primary_filename
templates/树上问题/树的直径——直径公共部分.cpp,树的直径——直径公共部分.cpp,cpp,3348,135,1990b1957d0a671cf57a57b5873aa73e3f417cf10e78338ed087870dc24ef579,true,树的直径,直径公共部分.cpp,树上问题,树上算法,树的直径,templates/树上算法/树的直径/树的直径——直径公共部分.cpp,runnable_template,primary_filename,none,false,https://www.luogu.com.cn/problem/P3304,P3304,1,0,7,high,primary_filename
templates/树上问题/生成树——prim算法优化.cpp,生成树——prim算法优化.cpp,cpp,3155,141,99c1c9a3e6e5b54974f3dbbe26a1d9f90b4d97a6e6229b600153d6c8914aa7a7,true,生成树,prim算法优化.cpp,树上问题,图论,生成树/通用,templates/图论/生成树/通用/生成树——prim算法优化.cpp,runnable_template,primary_filename,none,false,https://www.luogu.com.cn/problem/P3366,P3366,1,0,7,high,primary_filename
templates/树上问题/生成树——最小生成树k算法.cpp,生成树——最小生成树k算法.cpp,cpp,1438,72,4e543f10488524f7520c13722908aa3da3d7d0292c792e540c546a98c3732dd4,true,生成树,最小生成树k算法.cpp,树上问题,图论,生成树/通用,templates/图论/生成树/通用/生成树——最小生成树k算法.cpp,runnable_template,primary_filename,none,false,https://www.luogu.com.cn/problem/P3366,P3366,1,0,6,high,primary_filename
templates/树上问题/生成树——最小生成树p算法.cpp,生成树——最小生成树p算法.cpp,cpp,1761,66,685d5f525234c5e00f0249eea854cba85b41596bdb72cf66d28e68dd19887b17,true,生成树,最小生成树p算法.cpp,树上问题,图论,生成树/通用,templates/图论/生成树/通用/生成树——最小生成树p算法.cpp,runnable_template,primary_filename,none,false,https://www.luogu.com.cn/problem/P3366,P3366,1,0,6,high,primary_filename
templates/树上问题/生成树——水井.cpp,生成树——水井.cpp,cpp,1492,77,ad21a7ac8fcd0b6f66db968462af778bebbeef62983bdc4b989b1cc5b914db97,true,生成树,水井.cpp,树上问题,图论,生成树/通用,templates/图论/生成树/通用/生成树——水井.cpp,runnable_template,primary_filename,none,false,,,0,0,0,high,primary_filename
templates/树上问题/生成树——瓶颈数.cpp,生成树——瓶颈数.cpp,cpp,1217,66,e8eff7524c2346474ec27d6160b505c2f07bc7cbbc91c395af24689a50ab336a,true,生成树,瓶颈数.cpp,树上问题,图论,生成树/通用,templates/图论/生成树/通用/生成树——瓶颈数.cpp,runnable_template,primary_filename,none,false,,,0,0,0,high,primary_filename
templates/树上问题/生成树倍增LCA.cpp,生成树倍增LCA.cpp,cpp,5285,180,ce272f08d2df689502a80edfba9267a9132770ff268b5d5bdffa9b37105798eb,true,生成树倍增LCA,,树上问题,树上算法,树上问题,templates/树上算法/树上问题/生成树倍增LCA.cpp,example,current_directory,none,false,https://www.lanqiao.cn/problems/3506/learning/,P9235,2,0,24,medium,current_directory
templates/树套树/树套树——树状数组套线段树.cpp,树套树——树状数组套线段树.cpp,cpp,8074,272,def66d04c3fa8af8ab1e1f31a88171ec1b2a67304e7ba9d97a9eeffe94bf4087,true,树套树,树状数组套线段树.cpp,树套树,数据结构,树套树,templates/数据结构/树套树/树套树——树状数组套线段树.cpp,runnable_template,primary_filename,none,false,https://www.luogu.com.cn/problem/P3380,P3380,1,0,14,high,primary_filename
templates/树套树/树套树——树状数组套线段树2.cpp,树套树——树状数组套线段树2.cpp,cpp,4399,179,107590c722db9c1feb89624d7c43f2d6e0acca4d64f612b561a9bb817343ca2a,true,树套树,树状数组套线段树2.cpp,树套树,数据结构,树套树,templates/数据结构/树套树/树套树——树状数组套线段树2.cpp,runnable_template,primary_filename,none,false,https://www.luogu.com.cn/problem/P2617,P2617,1,0,10,high,primary_filename
templates/树套树/树套树——树状数组套线段树dfn差分.cpp,树套树——树状数组套线段树dfn差分.cpp,cpp,6199,230,0d22e145710b60829186d75bc63e871ec91d2c18dd6c5183e5bf2cd9457fe076,true,树套树,树状数组套线段树dfn差分.cpp,树套树,数据结构,树套树,templates/数据结构/树套树/树套树——树状数组套线段树dfn差分.cpp,runnable_template,primary_filename,none,false,https://www.luogu.com.cn/problem/P4175,P4175,1,0,11,high,primary_filename
templates/树套树/树套树——树状数组套线段树逆序对.cpp,树套树——树状数组套线段树逆序对.cpp,cpp,4441,158,0fb92eda71801af3786bc632298c99712fcb2dc22099bcbcbae6267742e12990,true,树套树,树状数组套线段树逆序对.cpp,树套树,数据结构,树套树,templates/数据结构/树套树/树套树——树状数组套线段树逆序对.cpp,runnable_template,primary_filename,none,false,https://www.luogu.com.cn/problem/P1975,P1975,1,0,11,high,primary_filename
templates/树套树/树套树——线段树套平衡树.cpp,树套树——线段树套平衡树.cpp,cpp,6821,243,715cde2d6a5ee7aa02a3b9b939b939c383162c898b39cb0e86ce2f49d8bd26bc,true,树套树,线段树套平衡树.cpp,树套树,数据结构,树套树,templates/数据结构/树套树/树套树——线段树套平衡树.cpp,runnable_template,primary_filename,none,false,https://www.luogu.com.cn/problem/P3380,P3380,1,0,12,high,primary_filename
templates/树套树/树套树——线段树套开点线段树.cpp,树套树——线段树套开点线段树.cpp,cpp,5935,175,0fbac07cd9e2a70c3a8728e3f63f99746101c773ae578803568d4e123e5c1ffd,true,树套树,线段树套开点线段树.cpp,树套树,数据结构,树套树,templates/数据结构/树套树/树套树——线段树套开点线段树.cpp,runnable_template,primary_filename,none,false,https://www.luogu.com.cn/problem/P3332,P3332,1,0,15,high,primary_filename
templates/树套树/树套树——线段树套线段树.cpp,树套树——线段树套线段树.cpp,cpp,4800,138,99813c5dba142439cfec73ff8e7aaadc8c5be03e33c5ee8c04187a755dd54006,true,树套树,线段树套线段树.cpp,树套树,数据结构,树套树,templates/数据结构/树套树/树套树——线段树套线段树.cpp,runnable_template,primary_filename,none,false,https://acm.hdu.edu.cn/showproblem.php?pid=1823,,1,0,12,high,primary_filename
templates/树状数组/树状数组——二维数组.cpp,树状数组——二维数组.cpp,cpp,1555,62,a64f23a532dad2f22ad786612e289be78ececb7777f4d2814f7e8e01c6b50d3a,true,树状数组,二维数组.cpp,树状数组,数据结构,树状数组,templates/数据结构/树状数组/树状数组——二维数组.cpp,runnable_template,primary_filename,none,false,https://leetcode.cn/problems/range-sum-query-2d-mutable/,,1,0,2,high,primary_filename
templates/树状数组/树状数组——二维数组模版.cpp,树状数组——二维数组模版.cpp,cpp,2374,83,500e184ad6e33f9c8f5ee134ac1bfb5c782721e06797373bc50dba49a367b81a,true,树状数组,二维数组模版.cpp,树状数组,数据结构,树状数组,templates/数据结构/树状数组/树状数组——二维数组模版.cpp,runnable_template,primary_filename,none,false,https://www.luogu.com.cn/problem/P4514,P4514,1,0,9,high,primary_filename
templates/树状数组/树状数组——区间种类查询.cpp,树状数组——区间种类查询.cpp,cpp,2499,100,95e00d04148b1b2ccfe25f2993d264281ef1560211dbdf3e7bf13d5de2fc3e6d,true,树状数组,区间种类查询.cpp,树状数组,数据结构,树状数组,templates/数据结构/树状数组/树状数组——区间种类查询.cpp,runnable_template,primary_filename,none,false,https://www.luogu.com.cn/problem/P1972,P1972,1,0,11,high,primary_filename
templates/树状数组/树状数组——升序三元组.cpp,树状数组——升序三元组.cpp,cpp,2173,92,7e03208dce5dc29b1dfb3ff535e7083abe23cda13c9b60046e37eb96db6511cd,true,树状数组,升序三元组.cpp,树状数组,数据结构,树状数组,templates/数据结构/树状数组/树状数组——升序三元组.cpp,runnable_template,primary_filename,none,false,https://www.luogu.com.cn/problem/P1637,P1637,1,0,9,high,primary_filename
templates/树状数组/树状数组——带修改最长不降子序列.cpp,树状数组——带修改最长不降子序列.cpp,cpp,2311,109,ddca42707f69ea095b8380e0f406d3dbf7544c7c05e6fb840a9f42ca6442993a,true,树状数组,带修改最长不降子序列.cpp,树状数组,数据结构,树状数组,templates/数据结构/树状数组/树状数组——带修改最长不降子序列.cpp,runnable_template,primary_filename,none,false,,,0,0,0,high,primary_filename
templates/树状数组/树状数组——最长递增子序列的个数.cpp,树状数组——最长递增子序列的个数.cpp,cpp,3438,119,dc61bcdb6ce3c7d5f6e0ab308879fb3d99e53ec8bdd47a8dae3a69bd8944585e,true,树状数组,最长递增子序列的个数.cpp,树状数组,数据结构,树状数组,templates/数据结构/树状数组/树状数组——最长递增子序列的个数.cpp,runnable_template,primary_filename,none,false,https://leetcode.cn/problems/number-of-longest-increasing-subsequence/,,1,0,6,high,primary_filename
templates/树状数组/树状数组——结合set.cpp,树状数组——结合set.cpp,cpp,3039,120,4b3e3d1f14ab35644641cfb1f7fe8dc2ea2d305e380a6fdd084aa7d4c91d2d7d,true,树状数组,结合set.cpp,树状数组,数据结构,树状数组,templates/数据结构/树状数组/树状数组——结合set.cpp,runnable_template,primary_filename,none,false,,,0,0,5,high,primary_filename
templates/树状数组/树状数组——范围增加单点查询.cpp,树状数组——范围增加单点查询.cpp,cpp,1472,63,0c7d68bd70616d757fe304ddf9db187a177528520e0ec2633284c12638ce0729,true,树状数组,范围增加单点查询.cpp,树状数组,数据结构,树状数组,templates/数据结构/树状数组/树状数组——范围增加单点查询.cpp,runnable_template,primary_filename,none,false,https://www.luogu.com.cn/problem/P3368,P3368,1,0,5,high,primary_filename
templates/树状数组/树状数组——范围增加范围查询.cpp,树状数组——范围增加范围查询.cpp,cpp,1838,74,3ca110f6d25a737bdc40ae22cf91c3359ed5badf613170c95939e8d1d5edbaad,true,树状数组,范围增加范围查询.cpp,树状数组,数据结构,树状数组,templates/数据结构/树状数组/树状数组——范围增加范围查询.cpp,runnable_template,primary_filename,none,false,https://www.luogu.com.cn/problem/P3372,P3372,1,0,8,high,primary_filename
templates/树状数组/树状数组——范围查询单点增加.cpp,树状数组——范围查询单点增加.cpp,cpp,1362,64,7c46aaf4cd62b7cb2896b4048c57213276ea3e43f156e5b3a70221f16892e1e2,true,树状数组,范围查询单点增加.cpp,树状数组,数据结构,树状数组,templates/数据结构/树状数组/树状数组——范围查询单点增加.cpp,runnable_template,primary_filename,none,false,https://www.luogu.com.cn/problem/P3374,P3374,1,0,5,high,primary_filename
templates/树状数组/树状数组——范围问题.cpp,树状数组——范围问题.cpp,cpp,2959,129,f082061abb7475fae61659a02841a130f3be002b7b1cbd0a2eb9b7388fef773b,false,树状数组,范围问题.cpp,树状数组,数据结构,树状数组,templates/数据结构/树状数组/树状数组——范围问题.cpp,pure_template,primary_filename,none,false,https://www.luogu.com.cn/problem/P3722,P3722,1,0,8,high,primary_filename
templates/树状数组/树状数组——进阶逆序对.cpp,树状数组——进阶逆序对.cpp,cpp,1923,70,8aa1667c302353a381286165e6233578b67cc5300fa9d43a8ccf5ca0a0802c87,true,树状数组,进阶逆序对.cpp,树状数组,数据结构,树状数组,templates/数据结构/树状数组/树状数组——进阶逆序对.cpp,runnable_template,primary_filename,none,false,,,0,0,4,high,primary_filename
templates/树状数组/树状数组——逆序对数量.cpp,树状数组——逆序对数量.cpp,cpp,2060,95,573f44be2acd5730695e9ffbe9266d29db20e205797790b0b1ec620ff9eb3a4c,true,树状数组,逆序对数量.cpp,树状数组,数据结构,树状数组,templates/数据结构/树状数组/树状数组——逆序对数量.cpp,runnable_template,primary_filename,none,false,https://www.luogu.com.cn/problem/P1908,P1908,1,0,13,high,primary_filename
templates/树状数组/树状数组加离散化加逆序对.cpp,树状数组加离散化加逆序对.cpp,cpp,2901,112,e33ab15871b0b5cf75897d1e1e437f0c14461f3f1b0ee8f53ee91d72aedd4a40,false,树状数组加离散化加逆序对,,树状数组,数据结构,树状数组,templates/数据结构/树状数组/树状数组加离散化加逆序对.cpp,pure_template,primary_filename,none,false,,,0,0,14,high,primary_filename
templates/树链剖分/树链剖分——LCA.cpp,树链剖分——LCA.cpp,cpp,2233,94,b612938281a8f613f851cf80704d78bf3b2f60359e38d05748fcb7bb321f2c81,true,树链剖分,LCA.cpp,树链剖分,树上算法,树链剖分,templates/树上算法/树链剖分/树链剖分——LCA.cpp,runnable_template,primary_filename,none,false,https://www.luogu.com.cn/problem/P3379,P3379,1,0,8,high,primary_filename
templates/树链剖分/树链剖分——变换根.cpp,树链剖分——变换根.cpp,cpp,7041,236,d53317861155be8340ed6a413f77e695c34a2d01f770e76f70db273f030aac96,true,树链剖分,变换根.cpp,树链剖分,树上算法,树链剖分,templates/树上算法/树链剖分/树链剖分——变换根.cpp,runnable_template,primary_filename,none,false,https://www.luogu.com.cn/problem/P3979,P3979,1,0,19,high,primary_filename
templates/树链剖分/树链剖分——存在优先级的线段树.cpp,树链剖分——存在优先级的线段树.cpp,cpp,6420,247,bca2ee6342a2f75f9eaaeaef3a403fd54eda79c2f319bf07e7d5695c7ff7e43c,true,树链剖分,存在优先级的线段树.cpp,树链剖分,树上算法,树链剖分,templates/树上算法/树链剖分/树链剖分——存在优先级的线段树.cpp,runnable_template,primary_filename,none,false,https://www.luogu.com.cn/problem/P4315,P4315,1,0,13,high,primary_filename
templates/树链剖分/树链剖分——懒更新.cpp,树链剖分——懒更新.cpp,cpp,4449,167,00134746b08e7d5e063db7aa8e5a90e40e3ef6f06852e5dc068c0f49372bd854,true,树链剖分,懒更新.cpp,树链剖分,树上算法,树链剖分,templates/树上算法/树链剖分/树链剖分——懒更新.cpp,runnable_template,primary_filename,none,false,https://www.luogu.com.cn/problem/P2146,P2146,1,0,11,high,primary_filename
templates/树链剖分/树链剖分——模板.cpp,树链剖分——模板.cpp,cpp,6070,220,ad0eb8a65ecd2f621be01d7943ef690d7f751b2bbe9f2d92d4e07c2c37fe338d,true,树链剖分,模板.cpp,树链剖分,树上算法,树链剖分,templates/树上算法/树链剖分/树链剖分——模板.cpp,runnable_template,primary_filename,none,false,https://www.luogu.com.cn/problem/P3384,P3384,1,0,15,high,primary_filename
templates/树链剖分/树链剖分——路径拼接.cpp,树链剖分——路径拼接.cpp,cpp,6564,246,cdddbfc37edff62ca4534da81b2b0858ce13ed84be6ae151a7fd378d89ca7695,true,树链剖分,路径拼接.cpp,树链剖分,树上算法,树链剖分,templates/树上算法/树链剖分/树链剖分——路径拼接.cpp,runnable_template,primary_filename,none,false,https://www.luogu.com.cn/problem/P2486,P2486,1,0,13,high,primary_filename
templates/树链剖分/树链剖分——路径查询.cpp,树链剖分——路径查询.cpp,cpp,4984,200,8c6814cfa00d8185f8e1e832bf3e7cfb84063d042315defb7a0badf193640216,true,树链剖分,路径查询.cpp,树链剖分,树上算法,树链剖分,templates/树上算法/树链剖分/树链剖分——路径查询.cpp,runnable_template,primary_filename,none,false,https://www.luogu.com.cn/problem/P2590,P2590,1,0,12,high,primary_filename
templates/树链剖分/树链剖分——路径组合.cpp,树链剖分——路径组合.cpp,cpp,8113,270,ac0a56d0203ba8b72afcfa2a9d29aeaf91fe1bfb929fd4ab99f055bf026a848f,true,树链剖分,路径组合.cpp,树链剖分,树上算法,树链剖分,templates/树上算法/树链剖分/树链剖分——路径组合.cpp,runnable_template,primary_filename,none,false,https://www.luogu.com.cn/problem/P3976,P3976,1,0,15,high,primary_filename
templates/树链剖分/树链剖分——边权化点权.cpp,树链剖分——边权化点权.cpp,cpp,4791,176,76fab24a4ca7efb1c63bb14f52571f6cafb2fa23301ad01c992882cc63c18ebc,true,树链剖分,边权化点权.cpp,树链剖分,树上算法,树链剖分,templates/树上算法/树链剖分/树链剖分——边权化点权.cpp,runnable_template,primary_filename,none,false,https://www.luogu.com.cn/problem/P3038,P3038,1,0,9,high,primary_filename
templates/树链剖分/树链剖分——边权模板.cpp,树链剖分——边权模板.cpp,cpp,8192,312,cef52f14c08a74f5d022cc5033f78e0f3e87e5a3f034b2601e1c056261d7027f,true,树链剖分,边权模板.cpp,树链剖分,树上算法,树链剖分,templates/树上算法/树链剖分/树链剖分——边权模板.cpp,runnable_template,primary_filename,none,false,https://www.luogu.com.cn/problem/P1505,P1505,1,0,14,high,primary_filename
templates/树链剖分/长链剖分——动态规划.cpp,长链剖分——动态规划.cpp,cpp,4499,131,4fd28d205cacb6bf5554def0f4b96c1797a31213c32da3c01e6b64c7428de599,true,长链剖分,动态规划.cpp,树链剖分,树上算法,树链剖分,templates/树上算法/树链剖分/长链剖分——动态规划.cpp,runnable_template,primary_filename,none,false,https://www.luogu.com.cn/problem/CF1009F,CF1009F,2,0,12,high,primary_filename
templates/树链剖分/长链剖分——动态规划优化.cpp,长链剖分——动态规划优化.cpp,cpp,5505,171,961ab64036c01f6693100dadf427558e788b2e2250141ffa770c1b85aa00e6b0,true,长链剖分,动态规划优化.cpp,树链剖分,树上算法,树链剖分,templates/树上算法/树链剖分/长链剖分——动态规划优化.cpp,runnable_template,primary_filename,none,false,https://www.luogu.com.cn/problem/P5904,P5904,1,0,9,high,primary_filename
templates/树链剖分/长链剖分——模板.cpp,长链剖分——模板.cpp,cpp,5819,180,fcf22cb78ead21a6dba0a6f929d737c9b59d72760c3e4a2ca4da2fdc566ade1d,true,长链剖分,模板.cpp,树链剖分,树上算法,树链剖分,templates/树上算法/树链剖分/长链剖分——模板.cpp,runnable_template,primary_filename,none,false,https://www.luogu.com.cn/problem/P5903,P5903,1,0,11,high,primary_filename
templates/欧拉回路/temp.cpp,temp.cpp,cpp,2811,126,a92504590c1d3b4a35bf26240935cf73a123ee655e82c67e6e77bc5fe352ee10,true,temp,,欧拉回路,图论,欧拉路径,templates/图论/欧拉路径/temp.cpp,runnable_template,current_directory,none,false,https://www.luogu.com.cn/problem/P7771,P7771,1,0,8,medium,current_directory
templates/欧拉回路/欧拉路径——无向图.cpp,欧拉路径——无向图.cpp,cpp,2799,122,adcbb6152e233692e8442fafc8c94d0db87cb5d0fe8ffb86c1c037005844aeed,true,欧拉路径,无向图.cpp,欧拉回路,图论,欧拉路径,templates/图论/欧拉路径/欧拉路径——无向图.cpp,runnable_template,primary_filename,none,false,https://www.luogu.com.cn/problem/P2731,P2731,1,0,8,high,primary_filename
templates/欧拉回路/欧拉路径——有向图.cpp,欧拉路径——有向图.cpp,cpp,2811,126,a92504590c1d3b4a35bf26240935cf73a123ee655e82c67e6e77bc5fe352ee10,true,欧拉路径,有向图.cpp,欧拉回路,图论,欧拉路径,templates/图论/欧拉路径/欧拉路径——有向图.cpp,runnable_template,primary_filename,none,false,https://www.luogu.com.cn/problem/P7771,P7771,1,0,8,high,primary_filename
templates/点分治/点分树——二分.cpp,点分树——二分.cpp,cpp,5615,226,448d2900588742ed3577850a7c2da96532bd32d0f18226056e180ab3c3073af6,true,点分树,二分.cpp,点分治,树上算法,点分树,templates/树上算法/点分树/点分树——二分.cpp,runnable_template,primary_filename,none,false,https://www.luogu.com.cn/problem/P10604,P10604,1,0,13,high,primary_filename
templates/点分治/点分树——前缀和.cpp,点分树——前缀和.cpp,cpp,5539,257,4df890d00f17325e4d7fd91ba902e78a7b7d0d5d32638af7f6bb0d5307b64259,true,点分树,前缀和.cpp,点分治,树上算法,点分树,templates/树上算法/点分树/点分树——前缀和.cpp,runnable_template,primary_filename,none,false,https://www.luogu.com.cn/problem/P3241,P3241,1,0,11,high,primary_filename
templates/点分治/点分树——树上开关.cpp,点分树——树上开关.cpp,cpp,7040,284,71521ead115d11e54bf858bac5c91402cd72eaba89abb0c1f64552645306e457,true,点分树,树上开关.cpp,点分治,树上算法,点分树,templates/树上算法/点分树/点分树——树上开关.cpp,runnable_template,primary_filename,none,false,https://www.luogu.com.cn/problem/P2056,P2056,1,0,12,high,primary_filename
templates/点分治/点分树——树状数组.cpp,点分树——树状数组.cpp,cpp,4495,199,867c0fcf355ec0aa6e0eae537cf2d133347255b4eebe08e554e476817f191b89,true,点分树,树状数组.cpp,点分治,树上算法,点分树,templates/树上算法/点分树/点分树——树状数组.cpp,runnable_template,primary_filename,none,false,https://www.luogu.com.cn/problem/P5311,P5311,1,0,9,high,primary_filename
templates/点分治/点分树——模板.cpp,点分树——模板.cpp,cpp,6349,240,e383c846e7ea12996826129e6e192fbbd990220c3bc5af476205a4eedcff46f4,true,点分树,模板.cpp,点分治,树上算法,点分树,templates/树上算法/点分树/点分树——模板.cpp,runnable_template,primary_filename,none,false,https://www.luogu.com.cn/problem/P6329,P6329,1,0,12,high,primary_filename
templates/点分治/点分树——模板2.cpp,点分树——模板2.cpp,cpp,5269,209,2737b26d329d700de332daa0bf11bc4e2406fbb61076ed3b93641430ff44ff0d,true,点分树,模板2.cpp,点分治,树上算法,点分树,templates/树上算法/点分树/点分树——模板2.cpp,runnable_template,primary_filename,none,false,https://www.luogu.com.cn/problem/P10603,P10603,1,0,14,high,primary_filename
templates/点分治/点分树——重心移动.cpp,点分树——重心移动.cpp,cpp,5753,204,75ffe383a5c83c3240194683befca823611f34172e412c5245e6a92d9d371adc,true,点分树,重心移动.cpp,点分治,树上算法,点分树,templates/树上算法/点分树/点分树——重心移动.cpp,runnable_template,primary_filename,none,false,https://www.luogu.com.cn/problem/P3345,P3345,1,0,19,high,primary_filename
templates/点分治/点分治——01背包.cpp,点分治——01背包.cpp,cpp,5000,177,1c2f24ff7bcda9ae3e37a8c34f72350d82754d2f4ac1604630a6b1ebd229f4c9,true,点分治,01背包.cpp,点分治,树上算法,点分树,templates/树上算法/点分树/点分治——01背包.cpp,runnable_template,primary_filename,none,false,https://www.luogu.com.cn/problem/P6326,P6326,1,0,13,high,primary_filename
templates/点分治/点分治——bfs.cpp,点分治——bfs.cpp,cpp,5252,172,0eb7d435c81a264eaed81fc37947170834d1588fcba5dbc0b1a307a94ac1b400,true,点分治,bfs.cpp,点分治,树上算法,点分树,templates/树上算法/点分树/点分治——bfs.cpp,runnable_template,primary_filename,none,false,https://www.luogu.com.cn/problem/P7215,P7215,1,0,21,high,primary_filename
templates/点分治/点分治——二分.cpp,点分治——二分.cpp,cpp,6915,238,f34479c518c2b8a7a718c21d36487b6b4c0344b8ffa233b72e35d0b00dc07f10,true,点分治,二分.cpp,点分治,树上算法,点分树,templates/树上算法/点分树/点分治——二分.cpp,runnable_template,primary_filename,none,false,https://www.luogu.com.cn/problem/CF150E,CF150E,2,0,19,high,primary_filename
templates/点分治/点分治——单调栈.cpp,点分治——单调栈.cpp,cpp,7032,245,a5dac09ca0c3da1bb8906e9e667a6d1f284fe6db7e3b1eeecc5b35ef3d2deedc,true,点分治,单调栈.cpp,点分治,树上算法,点分树,templates/树上算法/点分树/点分治——单调栈.cpp,runnable_template,primary_filename,none,false,https://www.luogu.com.cn/problem/P9678,P9678,1,0,22,high,primary_filename
templates/点分治/点分治——哈希前后缀.cpp,点分治——哈希前后缀.cpp,cpp,4251,170,a59bfe33cc87733c96b06c7c7f3ceffeef488d647d6733d905fc32633e5ab547,true,点分治,哈希前后缀.cpp,点分治,树上算法,点分树,templates/树上算法/点分树/点分治——哈希前后缀.cpp,runnable_template,primary_filename,none,false,https://www.luogu.com.cn/problem/P4075,P4075,1,0,11,high,primary_filename
templates/点分治/点分治——树上二分.cpp,点分治——树上二分.cpp,cpp,4273,138,9a099b70b8638444df5181130b779920f0d85b25750b9e5058638e0adac9b76c,true,点分治,树上二分.cpp,点分治,树上算法,点分树,templates/树上算法/点分树/点分治——树上二分.cpp,runnable_template,primary_filename,none,false,https://www.luogu.com.cn/problem/P4886,P4886,1,0,18,high,primary_filename
templates/点分治/点分治——线段树.cpp,点分治——线段树.cpp,cpp,6869,240,1f3afcea218f1839f860201aefe409c56ad27192c4267001ddf7939209e95fba,true,点分治,线段树.cpp,点分治,树上算法,点分树,templates/树上算法/点分树/点分治——线段树.cpp,runnable_template,primary_filename,none,false,https://www.luogu.com.cn/problem/P3714,P3714,1,0,13,high,primary_filename
templates/点分治/静态点分治——容斥树状数组.cpp,静态点分治——容斥树状数组.cpp,cpp,4129,162,e00acc2285fcb8f50d31a2ee8bbdc0905a6bfb33457c523f0afbd356d3433b33,true,静态点分治,容斥树状数组.cpp,点分治,树上算法,点分树,templates/树上算法/点分树/静态点分治——容斥树状数组.cpp,runnable_template,primary_filename,none,false,https://www.luogu.com.cn/problem/CF293E,CF293E,2,0,15,high,primary_filename
templates/点分治/静态点分治——容斥模板.cpp,静态点分治——容斥模板.cpp,cpp,3508,127,313befee06912334242e2a60dbf2be3b9a20693af68eff02a2c502d5007583e1,true,静态点分治,容斥模板.cpp,点分治,树上算法,点分树,templates/树上算法/点分树/静态点分治——容斥模板.cpp,runnable_template,primary_filename,none,false,https://www.luogu.com.cn/problem/P4178,P4178,1,0,17,high,primary_filename
templates/点分治/静态点分治——树形容斥.cpp,静态点分治——树形容斥.cpp,cpp,4047,166,60a1cbdea803b88588450972848170724795cceed3e4a66deceb18e2e2372df9,true,静态点分治,树形容斥.cpp,点分治,树上算法,点分树,templates/树上算法/点分树/静态点分治——树形容斥.cpp,runnable_template,primary_filename,none,false,https://www.luogu.com.cn/problem/P6626,P6626,1,0,10,high,primary_filename
templates/点分治/静态点分治——模板.cpp,静态点分治——模板.cpp,cpp,3874,136,c8449523b3e7f2f1b4496c867c2a25cd6cc58f3e41d59eacf8cf3713251a7138,true,静态点分治,模板.cpp,点分治,树上算法,点分树,templates/树上算法/点分树/静态点分治——模板.cpp,runnable_template,primary_filename,none,false,https://www.luogu.com.cn/problem/P2634,P2634,1,0,9,high,primary_filename
templates/点分治/静态点分治——距离为k.cpp,静态点分治——距离为k.cpp,cpp,3722,152,efee208938fdd1201b140aa043165046e1299738fc668597bd0763d748b99335,true,静态点分治,距离为k.cpp,点分治,树上算法,点分树,templates/树上算法/点分树/静态点分治——距离为k.cpp,runnable_template,primary_filename,none,false,https://www.luogu.com.cn/problem/P3806,P3806,1,0,8,high,primary_filename
templates/点分治/静态点分治——边数最少.cpp,静态点分治——边数最少.cpp,cpp,3521,145,79c57382e14dea425ced52228326fa9974f8228f37a10dd6c385eee5caf6c594,true,静态点分治,边数最少.cpp,点分治,树上算法,点分树,templates/树上算法/点分树/静态点分治——边数最少.cpp,runnable_template,primary_filename,none,false,https://www.luogu.com.cn/problem/P4149,P4149,1,0,10,high,primary_filename
templates/线段树/可持久化线段树——上中位数.cpp,可持久化线段树——上中位数.cpp,cpp,4948,193,c2bef46cf3e2cf3743832d6e78f1d2830e53c9ff55a9aaf2bf24a919f639eb4c,true,可持久化线段树,上中位数.cpp,线段树,数据结构,线段树/可持久化线段树,templates/数据结构/线段树/可持久化线段树/可持久化线段树——上中位数.cpp,runnable_template,primary_filename,none,false,https://www.luogu.com.cn/problem/P2839,P2839,1,0,13,high,primary_filename
templates/线段树/可持久化线段树——单点修改模板.cpp,可持久化线段树——单点修改模板.cpp,cpp,3108,115,0791254074f47e600f045e54d92032068077ad6805ef4cce4f0613a10f1c3051,true,可持久化线段树,单点修改模板.cpp,线段树,数据结构,线段树/可持久化线段树,templates/数据结构/线段树/可持久化线段树/可持久化线段树——单点修改模板.cpp,runnable_template,primary_filename,none,false,https://www.luogu.com.cn/problem/P3919,P3919,1,0,9,high,primary_filename
templates/线段树/可持久化线段树——最小自然数.cpp,可持久化线段树——最小自然数.cpp,cpp,3055,112,1f0cc684903da4968f1ba2fa3864c755511977fd9f96691ff49761f33502c36b,true,可持久化线段树,最小自然数.cpp,线段树,数据结构,线段树/可持久化线段树,templates/数据结构/线段树/可持久化线段树/可持久化线段树——最小自然数.cpp,runnable_template,primary_filename,none,false,https://www.luogu.com.cn/problem/P4137,P4137,1,0,8,high,primary_filename
templates/线段树/可持久化线段树——查询第k小.cpp,可持久化线段树——查询第k小.cpp,cpp,3701,130,f59d5c44902456f23345d7d3b77976ab4bbaebdd0774c02b8d4a5f7002c3fac1,true,可持久化线段树,查询第k小.cpp,线段树,数据结构,线段树/可持久化线段树,templates/数据结构/线段树/可持久化线段树/可持久化线段树——查询第k小.cpp,runnable_template,primary_filename,none,false,https://www.luogu.com.cn/problem/P3834,P3834,1,0,8,high,primary_filename
templates/线段树/可持久化线段树——标记永久化.cpp,可持久化线段树——标记永久化.cpp,cpp,2950,90,152691401d7728d772f4fb2280e70ba52c21d702852388b2a87d9dced1aa0126,true,可持久化线段树,标记永久化.cpp,线段树,数据结构,线段树/可持久化线段树,templates/数据结构/线段树/可持久化线段树/可持久化线段树——标记永久化.cpp,runnable_template,primary_filename,none,false,https://www.luogu.com.cn/problem/P3372,P3372,1,0,8,high,primary_filename
templates/线段树/可持久化线段树——树上dfn.cpp,可持久化线段树——树上dfn.cpp,cpp,4021,144,5698401ae93d4691f2cf7391d72ed9807a1dece727da3d635d27d14c6a0a46c8,true,可持久化线段树,树上dfn.cpp,线段树,数据结构,线段树/可持久化线段树,templates/数据结构/线段树/可持久化线段树/可持久化线段树——树上dfn.cpp,runnable_template,primary_filename,none,false,https://www.luogu.com.cn/problem/P3899,P3899,1,0,11,high,primary_filename
templates/线段树/可持久化线段树——树上问题.cpp,可持久化线段树——树上问题.cpp,cpp,4895,197,1f8d77c90858992311783b985a5ecd678a6fa88ec9750a55ceeb08c73c706a1f,true,可持久化线段树,树上问题.cpp,线段树,数据结构,线段树/可持久化线段树,templates/数据结构/线段树/可持久化线段树/可持久化线段树——树上问题.cpp,runnable_template,primary_filename,none,false,https://www.luogu.com.cn/problem/P2633,P2633,1,0,12,high,primary_filename
templates/线段树/可持久化线段树——第一次出现.cpp,可持久化线段树——第一次出现.cpp,cpp,4304,153,3dd02b0bd886a4c8d915f9c551fb9b984baf386b581e0b71494a2d89502314b8,true,可持久化线段树,第一次出现.cpp,线段树,数据结构,线段树/可持久化线段树,templates/数据结构/线段树/可持久化线段树/可持久化线段树——第一次出现.cpp,runnable_template,primary_filename,none,false,https://acm.hdu.edu.cn/showproblem.php?pid=5919,,1,0,14,high,primary_filename
templates/线段树/可持久化线段树——范围修改加标记永久化.cpp,可持久化线段树——范围修改加标记永久化.cpp,cpp,3169,105,4f9d8b566a6f1463e7210e49f2d12b630b2885503fd8f079e2282a1dea4c1dd2,true,可持久化线段树,范围修改加标记永久化.cpp,线段树,数据结构,线段树/可持久化线段树,templates/数据结构/线段树/可持久化线段树/可持久化线段树——范围修改加标记永久化.cpp,runnable_template,primary_filename,none,false,https://acm.hdu.edu.cn/showproblem.php?pid=4348,,1,0,12,high,primary_filename
templates/线段树/可持久化线段树——范围修改模板.cpp,可持久化线段树——范围修改模板.cpp,cpp,3643,135,5382f0128eaa2a6851f3cd507db82ffc91a8a3b1800d838cde0d3e707b3445af,true,可持久化线段树,范围修改模板.cpp,线段树,数据结构,线段树/可持久化线段树,templates/数据结构/线段树/可持久化线段树/可持久化线段树——范围修改模板.cpp,example,primary_filename,none,false,https://www.luogu.com.cn/problem/SP11470,SP11470,2,0,13,high,primary_filename
templates/线段树/线段树——乘加操作标准模板.cpp,线段树——乘加操作标准模板.cpp,cpp,3082,143,f8532ff9c5f35d5d0035a999b388d37a433a786f29c9a7debf8b3e7b230a107d,false,线段树,乘加操作标准模板.cpp,线段树,数据结构,线段树/通用,templates/数据结构/线段树/通用/线段树——乘加操作标准模板.cpp,pure_template,primary_filename,none,false,,,0,0,4,high,primary_filename
templates/线段树/线段树——二维.cpp,线段树——二维.cpp,cpp,2104,103,1aa1ee77a429e41f9218901a312194ac853c32a680abf980b6c5711fa2eb9cb9,true,线段树,二维.cpp,线段树,数据结构,线段树/通用,templates/数据结构/线段树/通用/线段树——二维.cpp,runnable_template,primary_filename,none,false,,,0,0,2,high,primary_filename
templates/线段树/线段树——交替子串.cpp,线段树——交替子串.cpp,cpp,1298,67,9d1df8e88bb0fd4bddb7476cdb82567a07b64d572d6630eb7233a4a968c8ece1,true,线段树,交替子串.cpp,线段树,数据结构,线段树/通用,templates/数据结构/线段树/通用/线段树——交替子串.cpp,runnable_template,primary_filename,none,false,,,0,0,0,high,primary_filename
templates/线段树/线段树——俄罗斯方块.cpp,线段树——俄罗斯方块.cpp,cpp,3035,136,6adc0c9bf7322d74a6a3f51fdaac42661324f126f06f20035978f86c460ef8eb,true,线段树,俄罗斯方块.cpp,线段树,数据结构,线段树/通用,templates/数据结构/线段树/通用/线段树——俄罗斯方块.cpp,runnable_template,primary_filename,none,false,,,0,0,0,high,primary_filename
templates/线段树/线段树——加和更新操作.cpp,线段树——加和更新操作.cpp,cpp,3893,163,1a12b42c9823317a0339b59ce9f708552f469d3aea6d981489cb4731f2eaa77e,true,线段树,加和更新操作.cpp,线段树,数据结构,线段树/通用,templates/数据结构/线段树/通用/线段树——加和更新操作.cpp,runnable_template,primary_filename,none,false,,,0,0,1,high,primary_filename
templates/线段树/线段树——加操作求和.cpp,线段树——加操作求和.cpp,cpp,2571,108,260608e94aadc6907d8bb23fff0d5e8ae3ada8630f1565ffaa60787aebe41ccc,true,线段树,加操作求和.cpp,线段树,数据结构,线段树/通用,templates/数据结构/线段树/通用/线段树——加操作求和.cpp,runnable_template,primary_filename,none,false,,,0,0,0,high,primary_filename
templates/线段树/线段树——加操作求最大值.cpp,线段树——加操作求最大值.cpp,cpp,2510,106,6f071285b07ad83db5abe7c1c45a2158423ee4359cde27a098fc00cc35d8d515,true,线段树,加操作求最大值.cpp,线段树,数据结构,线段树/通用,templates/数据结构/线段树/通用/线段树——加操作求最大值.cpp,runnable_template,primary_filename,none,false,,,0,0,1,high,primary_filename
templates/线段树/线段树——势能分析.cpp,线段树——势能分析.cpp,cpp,2164,92,cd7cf5c6dce886d840ac5f512f66f58d777ffc13c0cae39c683c570cb22fb8ee,true,线段树,势能分析.cpp,线段树,数据结构,线段树/通用,templates/数据结构/线段树/通用/线段树——势能分析.cpp,runnable_template,primary_filename,none,false,,,0,0,1,high,primary_filename
templates/线段树/线段树——势能分析2.cpp,线段树——势能分析2.cpp,cpp,2569,125,1c02dbcf15f4955e8bec300dd9e476e58b5d5247ca0328e7430c38b07c8e4257,false,线段树,势能分析2.cpp,线段树,数据结构,线段树/通用,templates/数据结构/线段树/通用/线段树——势能分析2.cpp,pure_template,primary_filename,none,false,,,0,0,0,high,primary_filename
templates/线段树/线段树——区间合并.cpp,线段树——区间合并.cpp,cpp,5884,203,53d12e7d7ebcf76577f3d0aacc6d544ef281e27020bdbd17be1f654bb52e5b3a,true,线段树,区间合并.cpp,线段树,数据结构,线段树/通用,templates/数据结构/线段树/通用/线段树——区间合并.cpp,runnable_template,primary_filename,none,false,,,0,0,0,high,primary_filename
templates/线段树/线段树——区间组合查询.cpp,线段树——区间组合查询.cpp,cpp,2528,89,1a736d8752a20651f504f99f8d7948d904198814e3385f5be59673dae7e755b3,true,线段树,区间组合查询.cpp,线段树,数据结构,线段树/通用,templates/数据结构/线段树/通用/线段树——区间组合查询.cpp,example,primary_filename,none,false,,,0,0,3,high,primary_filename
templates/线段树/线段树——单点修改.cpp,线段树——单点修改.cpp,cpp,1758,71,0b4a78723f5d3ffd8c6dd9ef146d630c5d2287268bc7dddfbe95da3baf3ffce0,true,线段树,单点修改.cpp,线段树,数据结构,线段树/通用,templates/数据结构/线段树/通用/线段树——单点修改.cpp,runnable_template,primary_filename,none,false,,,0,0,0,high,primary_filename
templates/线段树/线段树——吉如一线段树.cpp,线段树——吉如一线段树.cpp,cpp,3418,141,5b299250dd71f0e25e7846f361be1dda1992e044f555170f0c5e2e14ee9b6888,true,线段树,吉如一线段树.cpp,线段树,数据结构,线段树/通用,templates/数据结构/线段树/通用/线段树——吉如一线段树.cpp,runnable_template,primary_filename,none,false,,,0,0,0,high,primary_filename
templates/线段树/线段树——子段极差和.cpp,线段树——子段极差和.cpp,cpp,1784,87,14076fc754b9e7440dd113286e8dbca249950805a618a65fe5a6c8bc6144c84f,false,线段树,子段极差和.cpp,线段树,数据结构,线段树/通用,templates/数据结构/线段树/通用/线段树——子段极差和.cpp,application,primary_filename,none,false,,,0,0,1,high,primary_filename
templates/线段树/线段树——平方和.cpp,线段树——平方和.cpp,cpp,2475,109,4c1918fec537a274601443ee0539308e32847821c5a8f839b43cbe2446be7a21,false,线段树,平方和.cpp,线段树,数据结构,线段树/通用,templates/数据结构/线段树/通用/线段树——平方和.cpp,pure_template,primary_filename,none,false,,,0,0,2,high,primary_filename
templates/线段树/线段树——开点线段树.cpp,线段树——开点线段树.cpp,cpp,2449,99,9cdd9cc0779dc29e1e4369d2b57e9a5b9530e6e0a14c01a1fcc52e9b390fa01b,true,线段树,开点线段树.cpp,线段树,数据结构,线段树/通用,templates/数据结构/线段树/通用/线段树——开点线段树.cpp,runnable_template,primary_filename,none,false,,,0,0,0,high,primary_filename
templates/线段树/线段树——异或和修改操作.cpp,线段树——异或和修改操作.cpp,cpp,4963,197,00c2121c7b207fcfc49caddc4909842d6524a8d69f5443bb0743f618bbd29fbd,true,线段树,异或和修改操作.cpp,线段树,数据结构,线段树/通用,templates/数据结构/线段树/通用/线段树——异或和修改操作.cpp,runnable_template,primary_filename,none,false,,,0,0,4,high,primary_filename
templates/线段树/线段树——扫描线——矩形周长并.cpp,线段树——扫描线——矩形周长并.cpp,cpp,4219,148,7bdc8f0d08788f9017e8c33d3be4c9b34a5b3cc31f720b20770ff45776e41d9d,true,线段树,"扫描线,矩形周长并.cpp",线段树,数据结构,线段树/通用,templates/数据结构/线段树/通用/线段树——扫描线——矩形周长并.cpp,runnable_template,primary_filename,none,false,https://www.luogu.com.cn/problem/P1856,P1856,1,0,10,high,primary_filename
templates/线段树/线段树——扫描线——矩形面积并.cpp,线段树——扫描线——矩形面积并.cpp,cpp,4495,142,58a8c180927d9d3c3f3ff28569d50f7656032738a812e5d8d177f3432f47785f,true,线段树,"扫描线,矩形面积并.cpp",线段树,数据结构,线段树/通用,templates/数据结构/线段树/通用/线段树——扫描线——矩形面积并.cpp,runnable_template,primary_filename,none,false,https://www.luogu.com.cn/problem/P5490,P5490,1,0,10,high,primary_filename
templates/线段树/线段树——括号问题.cpp,线段树——括号问题.cpp,cpp,3979,154,58dbf9a1c0fb7c08333c73b94ae13f0cf270dad5083657ab6f7dbc6810067d69,false,线段树,括号问题.cpp,线段树,数据结构,线段树/通用,templates/数据结构/线段树/通用/线段树——括号问题.cpp,pure_template,primary_filename,none,false,,,0,0,2,high,primary_filename
templates/线段树/线段树——括号问题2.cpp,线段树——括号问题2.cpp,cpp,5145,197,3166cd78ee0247ffcedbde74eee1dc43532b411d1f1bb778e3be46f5de723b8d,false,线段树,括号问题2.cpp,线段树,数据结构,线段树/通用,templates/数据结构/线段树/通用/线段树——括号问题2.cpp,pure_template,primary_filename,none,false,,,0,0,1,high,primary_filename
templates/线段树/线段树——旅馆问题.cpp,线段树——旅馆问题.cpp,cpp,3157,119,6299a10aaace3b392e30480ae583bf5887a9fcfd776ecdec72ca8a55aef18d4e,true,线段树,旅馆问题.cpp,线段树,数据结构,线段树/通用,templates/数据结构/线段树/通用/线段树——旅馆问题.cpp,runnable_template,primary_filename,none,false,https://www.luogu.com.cn/problem/P2894,P2894,1,0,14,high,primary_filename
templates/线段树/线段树——更新操作求和.cpp,线段树——更新操作求和.cpp,cpp,2751,109,5c18c9e813bb8f2b5b1a0c7bcb94086df3c25f7c17294d12d990d565f93f7b28,true,线段树,更新操作求和.cpp,线段树,数据结构,线段树/通用,templates/数据结构/线段树/通用/线段树——更新操作求和.cpp,runnable_template,primary_filename,none,false,,,0,0,3,high,primary_filename
templates/线段树/线段树——更新操作求最大值.cpp,线段树——更新操作求最大值.cpp,cpp,2561,108,88ea7ac1494b4a2b8040b7b90e9f585e4e860b201e8bdce9f61a9dab113f014c,true,线段树,更新操作求最大值.cpp,线段树,数据结构,线段树/通用,templates/数据结构/线段树/通用/线段树——更新操作求最大值.cpp,runnable_template,primary_filename,none,false,,,0,0,1,high,primary_filename
templates/线段树/线段树——最大与次大.cpp,线段树——最大与次大.cpp,cpp,4020,157,f31ae49ed8ce3b63f66bbab3eec99221cd83c2de6d768a21f798a8677cf611ed,true,线段树,最大与次大.cpp,线段树,数据结构,线段树/通用,templates/数据结构/线段树/通用/线段树——最大与次大.cpp,runnable_template,primary_filename,none,false,,,0,0,8,high,primary_filename
templates/线段树/线段树——最大与次大2.cpp,线段树——最大与次大2.cpp,cpp,4689,181,236e2ab1e821f0001ca023343854b1c4808452d05b96db83af0436a705b0f414,true,线段树,最大与次大2.cpp,线段树,数据结构,线段树/通用,templates/数据结构/线段树/通用/线段树——最大与次大2.cpp,runnable_template,primary_filename,none,false,,,0,0,12,high,primary_filename
templates/线段树/线段树——等差数列.cpp,线段树——等差数列.cpp,cpp,2419,107,7cd168ef4785a8a516e66901a996f9aaf8096b05d293e2d06be65b1e02a854da,true,线段树,等差数列.cpp,线段树,数据结构,线段树/通用,templates/数据结构/线段树/通用/线段树——等差数列.cpp,runnable_template,primary_filename,none,false,,,0,0,1,high,primary_filename
templates/线段树/线段树——结合拓扑排序.cpp,线段树——结合拓扑排序.cpp,cpp,4145,164,91a995d75bfaef6df5efbd3fd1cee648521d43ca7485dfefe1a1a43e10e0f9ee,true,线段树,结合拓扑排序.cpp,线段树,数据结构,线段树/通用,templates/数据结构/线段树/通用/线段树——结合拓扑排序.cpp,runnable_template,primary_filename,none,false,,,0,0,5,high,primary_filename
templates/线段树/线段树——花瓶里的花.cpp,线段树——花瓶里的花.cpp,cpp,4294,161,0cfacdfe496f7a3bad49699ecc092ce7cd6ebfafdbcd3c856275af783b17e9aa,true,线段树,花瓶里的花.cpp,线段树,数据结构,线段树/通用,templates/数据结构/线段树/通用/线段树——花瓶里的花.cpp,runnable_template,primary_filename,none,false,https://acm.hdu.edu.cn/showproblem.php?pid=4614,,1,0,12,high,primary_filename
templates/线段树分治/线段树分治——二分图.cpp,线段树分治——二分图.cpp,cpp,3876,140,6fd9a320019d1775a177b0c59f99700a1a4dce4d19250821ea153849964449ab,true,线段树分治,二分图.cpp,线段树分治,数据结构,线段树/线段树分治,templates/数据结构/线段树/线段树分治/线段树分治——二分图.cpp,runnable_template,primary_filename,none,false,https://www.luogu.com.cn/problem/P5787,P5787,1,0,14,high,primary_filename
templates/线段树分治/线段树分治——位图线性基.cpp,线段树分治——位图线性基.cpp,cpp,6068,217,2e0d66048133041e865016d3922239ac895f54a71ad2aad216d4a8b99e0d01c9,true,线段树分治,位图线性基.cpp,线段树分治,数据结构,线段树/线段树分治,templates/数据结构/线段树/线段树分治/线段树分治——位图线性基.cpp,runnable_template,primary_filename,none,false,https://www.luogu.com.cn/problem/P3733,P3733,1,0,16,high,primary_filename
templates/线段树分治/线段树分治——位置轴背包.cpp,线段树分治——位置轴背包.cpp,cpp,2826,94,819cbbefa8db80f89df3d096a6e49e5c60e6bd06b0cf5748a1b7aaabbea5cc06,true,线段树分治,位置轴背包.cpp,线段树分治,数据结构,线段树/线段树分治,templates/数据结构/线段树/线段树分治/线段树分治——位置轴背包.cpp,runnable_template,primary_filename,none,false,https://www.luogu.com.cn/problem/CF981E,CF981E,2,0,15,high,primary_filename
templates/线段树分治/线段树分治——反面教材.cpp,线段树分治——反面教材.cpp,cpp,3847,100,644175baa4cf06411921abfa31f0760691d4295f8aeaace0e429e8b9a0f47cf1,true,线段树分治,反面教材.cpp,线段树分治,数据结构,线段树/线段树分治,templates/数据结构/线段树/线段树分治/线段树分治——反面教材.cpp,runnable_template,primary_filename,none,false,https://www.luogu.com.cn/problem/AT_abc308_g,AT_abc308_g,2,0,16,high,primary_filename
templates/线段树分治/线段树分治——可持久化前缀树.cpp,线段树分治——可持久化前缀树.cpp,cpp,6939,243,9c66f69404d0089d944950b31aad3577f45030a4dbc7fde113c578798bbb7635,true,线段树分治,可持久化前缀树.cpp,线段树分治,数据结构,线段树/线段树分治,templates/数据结构/线段树/线段树分治/线段树分治——可持久化前缀树.cpp,runnable_template,primary_filename,none,false,https://www.luogu.com.cn/problem/P4585,P4585,1,0,16,high,primary_filename
templates/线段树分治/线段树分治——并查集线性基.cpp,线段树分治——并查集线性基.cpp,cpp,7571,259,3cc5d259d6c0b14195a26937b043f89f7dc32c2d228b1a711010cc763b0b400f,true,线段树分治,并查集线性基.cpp,线段树分治,数据结构,线段树/线段树分治,templates/数据结构/线段树/线段树分治/线段树分治——并查集线性基.cpp,runnable_template,primary_filename,none,false,https://www.luogu.com.cn/problem/CF938G,CF938G,2,0,17,high,primary_filename
templates/线段树分治/线段树分治——操作排序.cpp,线段树分治——操作排序.cpp,cpp,4207,169,e7fcefaa3602b2d557c629a40d510152d3d1bb4dbac92cc823fb371e33c1acc0,true,线段树分治,操作排序.cpp,线段树分治,数据结构,线段树/线段树分治,templates/数据结构/线段树/线段树分治/线段树分治——操作排序.cpp,runnable_template,primary_filename,none,false,https://www.luogu.com.cn/problem/P4219,P4219,1,0,12,high,primary_filename
templates/线段树分治/线段树分治——模板.cpp,线段树分治——模板.cpp,cpp,4946,179,11801da8ea9dcaef9e589397452d3fb39167eabebc1f365ee305406e77bdc53d,true,线段树分治,模板.cpp,线段树分治,数据结构,线段树/线段树分治,templates/数据结构/线段树/线段树分治/线段树分治——模板.cpp,example,primary_filename,none,false,https://loj.ac/p/121,,1,0,12,high,primary_filename
templates/线段树分治/线段树分治——答案贡献.cpp,线段树分治——答案贡献.cpp,cpp,3926,145,fb6672053dd0d9c9b2ccb950c48eb6ced8e96549bbff98a948844f1cbd434b9a,true,线段树分治,答案贡献.cpp,线段树分治,数据结构,线段树/线段树分治,templates/数据结构/线段树/线段树分治/线段树分治——答案贡献.cpp,runnable_template,primary_filename,none,false,https://www.luogu.com.cn/problem/CF1681F,CF1681F,2,0,14,high,primary_filename
templates/线段树分治/线段树分治——答案轴.cpp,线段树分治——答案轴.cpp,cpp,3748,139,98933bd7e81fd16f6b2280bb70aa1bc7ef574d6419980d26b1a6ad76a15e5bfd,true,线段树分治,答案轴.cpp,线段树分治,数据结构,线段树/线段树分治,templates/数据结构/线段树/线段树分治/线段树分治——答案轴.cpp,runnable_template,primary_filename,none,false,https://www.luogu.com.cn/problem/P5631,P5631,1,0,16,high,primary_filename
templates/线段树分治/线段树分治——结合01背包.cpp,线段树分治——结合01背包.cpp,cpp,5146,163,1e3d1ce49c7e8d72d69c000f75d69d0045f5e59ca03a5229459647b06c82cefa,true,线段树分治,结合01背包.cpp,线段树分治,数据结构,线段树/线段树分治,templates/数据结构/线段树/线段树分治/线段树分治——结合01背包.cpp,runnable_template,primary_filename,none,false,https://www.luogu.com.cn/problem/CF601E,CF601E,2,0,17,high,primary_filename
templates/线段树分治/线段树分治——继承操作.cpp,线段树分治——继承操作.cpp,cpp,5460,185,7bd98d5f8b671a7ed291ab2092be6cfc0bed2eb5e775402d48560fc86b87bb25,true,线段树分治,继承操作.cpp,线段树分治,数据结构,线段树/线段树分治,templates/数据结构/线段树/线段树分治/线段树分治——继承操作.cpp,runnable_template,primary_filename,none,false,https://www.luogu.com.cn/problem/CF576E,CF576E,2,0,16,high,primary_filename
templates/线段树分治/线段树分治——背包递推.cpp,线段树分治——背包递推.cpp,cpp,5211,167,56cd4ca7bd73e452152f42e191cdb5b314015e11d7ad5ad2f90d2d1251ce03c4,true,线段树分治,背包递推.cpp,线段树分治,数据结构,线段树/线段树分治,templates/数据结构/线段树/线段树分治/线段树分治——背包递推.cpp,runnable_template,primary_filename,none,false,https://loj.ac/p/6515,,1,0,15,high,primary_filename
templates/线段树分治/线段树分治——连通图.cpp,线段树分治——连通图.cpp,cpp,5012,196,a00b939f58a07826c472c42085a0c2396e7d25e956a368ec5a7ab5bb00cc99be,true,线段树分治,连通图.cpp,线段树分治,数据结构,线段树/线段树分治,templates/数据结构/线段树/线段树分治/线段树分治——连通图.cpp,runnable_template,primary_filename,none,false,https://www.luogu.com.cn/problem/P5227,P5227,1,0,15,high,primary_filename
templates/线段树合并与分裂/线段树分裂——合并与分裂.cpp,线段树分裂——合并与分裂.cpp,cpp,3268,157,1a3b93c18a0b9377b33555077c7ff143d692d07ed299554fa5cb6e56efebf365,true,线段树分裂,合并与分裂.cpp,线段树合并与分裂,数据结构,线段树/线段树合并,templates/数据结构/线段树/线段树合并/线段树分裂——合并与分裂.cpp,runnable_template,primary_filename,none,false,https://www.luogu.com.cn/problem/CF911G,CF911G,2,0,10,high,primary_filename
templates/线段树合并与分裂/线段树分裂——模板.cpp,线段树分裂——模板.cpp,cpp,4387,191,94534b3cd09c8bb1f62a14dc849bd57187175d759af92cc486ba7a0a075da0aa,true,线段树分裂,模板.cpp,线段树合并与分裂,数据结构,线段树/线段树合并,templates/数据结构/线段树/线段树合并/线段树分裂——模板.cpp,runnable_template,primary_filename,none,false,https://www.luogu.com.cn/problem/P5494,P5494,1,0,13,high,primary_filename
templates/线段树合并与分裂/线段树合并——dp前后缀.cpp,线段树合并——dp前后缀.cpp,cpp,4900,208,2b376b2e7fd287658eae31119569b013ead46de4b1c45d16322918d59f3e4644,true,线段树合并,dp前后缀.cpp,线段树合并与分裂,数据结构,线段树/线段树合并,templates/数据结构/线段树/线段树合并/线段树合并——dp前后缀.cpp,runnable_template,primary_filename,none,false,https://www.luogu.com.cn/problem/P5298,P5298,1,0,14,high,primary_filename
templates/线段树合并与分裂/线段树合并——动态规划.cpp,线段树合并——动态规划.cpp,cpp,4950,193,db432c9b255bffb4d66efd73f2b8e13eb71c2fee7bfa5adfa0ca6d15a889f3b8,true,线段树合并,动态规划.cpp,线段树合并与分裂,数据结构,线段树/线段树合并,templates/数据结构/线段树/线段树合并/线段树合并——动态规划.cpp,runnable_template,primary_filename,none,false,https://www.luogu.com.cn/problem/P4577,P4577,1,0,18,high,primary_filename
templates/线段树合并与分裂/线段树合并——差分分析.cpp,线段树合并——差分分析.cpp,cpp,4434,171,c333dea5cfe716c2e0e959a7d1a0eead863a5a754868a2fd51a0a8af0e179bfa,true,线段树合并,差分分析.cpp,线段树合并与分裂,数据结构,线段树/线段树合并,templates/数据结构/线段树/线段树合并/线段树合并——差分分析.cpp,runnable_template,primary_filename,none,false,https://www.luogu.com.cn/problem/P1600,P1600,1,0,12,high,primary_filename
templates/线段树合并与分裂/线段树合并——并查集.cpp,线段树合并——并查集.cpp,cpp,2956,122,5a7a32c385a725eedc359e0a1552b98a7bcd7053f19e0ea7ce9f1febbedf0899,true,线段树合并,并查集.cpp,线段树合并与分裂,数据结构,线段树/线段树合并,templates/数据结构/线段树/线段树合并/线段树合并——并查集.cpp,runnable_template,primary_filename,none,false,https://www.luogu.com.cn/problem/P3224,P3224,1,0,9,high,primary_filename
templates/线段树合并与分裂/线段树合并——树上差分.cpp,线段树合并——树上差分.cpp,cpp,4112,167,558bd3970ee9f7ab858d0a0931b0a2aa5d4ce691af7b978067b183105b44fa11,true,线段树合并,树上差分.cpp,线段树合并与分裂,数据结构,线段树/线段树合并,templates/数据结构/线段树/线段树合并/线段树合并——树上差分.cpp,runnable_template,primary_filename,none,false,https://www.luogu.com.cn/problem/P4556,P4556,1,0,11,high,primary_filename
templates/线段树合并与分裂/线段树合并——模板.cpp,线段树合并——模板.cpp,cpp,4558,171,509399ad1052dbd7c11d50608da0acc1561c6c356a2643969674b01ec121c1f1,true,线段树合并,模板.cpp,线段树合并与分裂,数据结构,线段树/线段树合并,templates/数据结构/线段树/线段树合并/线段树合并——模板.cpp,runnable_template,primary_filename,none,false,https://www.luogu.com.cn/problem/P3605,P3605,1,0,16,high,primary_filename
templates/线段树合并与分裂/线段树合并——逆序对.cpp,线段树合并——逆序对.cpp,cpp,2934,93,e4f27c9ad1cf852e52b496db699ce212f1fddc04822ab76788b7683026e664c1,true,线段树合并,逆序对.cpp,线段树合并与分裂,数据结构,线段树/线段树合并,templates/数据结构/线段树/线段树合并/线段树合并——逆序对.cpp,runnable_template,primary_filename,none,false,https://www.luogu.com.cn/problem/P3521,P3521,1,0,14,high,primary_filename
templates/网络流/上下界网络流——无源汇可行流.cpp,上下界网络流——无源汇可行流.cpp,cpp,3599,168,7099275f3aa2a3f88a8127896fe28fa93d1274a1ecfe2d4d6c7f7275451357b8,true,上下界网络流,无源汇可行流.cpp,网络流,图论,网络流/上下界网络流,templates/图论/网络流/上下界网络流/上下界网络流——无源汇可行流.cpp,runnable_template,primary_filename,none,false,https://loj.ac/p/115,,1,0,6,high,primary_filename
templates/网络流/上下界网络流——有源汇最大流.cpp,上下界网络流——有源汇最大流.cpp,cpp,4202,178,4f32baafdbb1eee0fcef77a5799390b4d7c9eb0af6c9b4d9b2e580522ca22f45,true,上下界网络流,有源汇最大流.cpp,网络流,图论,网络流/上下界网络流,templates/图论/网络流/上下界网络流/上下界网络流——有源汇最大流.cpp,runnable_template,primary_filename,none,false,https://www.luogu.com.cn/problem/P5192,P5192,2,0,7,high,primary_filename
templates/网络流/最大流——Dinic.cpp,最大流——Dinic.cpp,cpp,3623,123,df10b1f7be3a806858586524f0ceb062820552a85a6a1aa4b7a494a2c60460d8,false,最大流,Dinic.cpp,网络流,图论,网络流/最大流,templates/图论/网络流/最大流/最大流——Dinic.cpp,pure_template,primary_filename,none,false,https://www.luogu.com.cn/problem/P3376,P3376,1,0,9,high,primary_filename
templates/网络流/最大流——Edmonds–Karp.cpp,最大流——Edmonds–Karp.cpp,cpp,2011,89,7142561c1c0d39612b24ec2f21219adfc4fe2fe60c32c3e360767b2c24ff95db,false,最大流,Edmonds–Karp.cpp,网络流,图论,网络流/最大流,templates/图论/网络流/最大流/最大流——Edmonds–Karp.cpp,pure_template,primary_filename,none,false,https://www.luogu.com.cn/problem/P3376,P3376,1,0,3,high,primary_filename
templates/网络流/最小割——割边最少.cpp,最小割——割边最少.cpp,cpp,2925,114,205a1bfd3b36380d0ec926aa9e144ccdf1d02ba73a6711380fc82cd0b8dd6bec,false,最小割,割边最少.cpp,网络流,图论,网络流/最小割,templates/图论/网络流/最小割/最小割——割边最少.cpp,pure_template,primary_filename,none,false,https://www.luogu.com.cn/problem/P1344,P1344,1,0,5,high,primary_filename
templates/网络流/最小割——拆点最大流.cpp,最小割——拆点最大流.cpp,cpp,3094,125,719fc47134ab67759dfa7b95170ab555bef47f746e911ea6378f867d10cd9a20,false,最小割,拆点最大流.cpp,网络流,图论,网络流/最小割,templates/图论/网络流/最小割/最小割——拆点最大流.cpp,pure_template,primary_filename,none,false,https://www.luogu.com.cn/problem/P1345,P1345,1,0,5,high,primary_filename
templates/网络流/最小费用最大流——dijkstra.cpp,最小费用最大流——dijkstra.cpp,cpp,5052,198,7929e1f3cd019719076d47f161d325e52e05d4f73cc99758914379bd3807a936,false,最小费用最大流,dijkstra.cpp,网络流,图论,网络流/最小费用最大流,templates/图论/网络流/最小费用最大流/最小费用最大流——dijkstra.cpp,pure_template,primary_filename,none,false,https://www.luogu.com.cn/problem/P3381,P3381,1,0,4,high,primary_filename
templates/网络流/最小费用最大流——spfa.cpp,最小费用最大流——spfa.cpp,cpp,4291,157,715c9f7f231aea073da82fb2019a20855bb564b38bf39e8059545ddf6c0f612c,true,最小费用最大流,spfa.cpp,网络流,图论,网络流/最小费用最大流,templates/图论/网络流/最小费用最大流/最小费用最大流——spfa.cpp,runnable_template,primary_filename,none,false,https://www.luogu.com.cn/problem/P2045,P2045,1,0,5,high,primary_filename
templates/网络流/最小费用最大流——拆点.cpp,最小费用最大流——拆点.cpp,cpp,6891,254,4148162b8336e5811535664811d747f9e142f7f08ad33ae26dfb875c8e189744,false,最小费用最大流,拆点.cpp,网络流,图论,网络流/最小费用最大流,templates/图论/网络流/最小费用最大流/最小费用最大流——拆点.cpp,pure_template,primary_filename,none,false,https://www.luogu.com.cn/problem/P4452,P4452,1,0,1,high,primary_filename
templates/虚树/虚树——dijkstra.cpp,虚树——dijkstra.cpp,cpp,5845,210,58882ef15618a469f08b66f8629f2a9147083efbedd21afa22e8bb3af09d8e54,true,虚树,dijkstra.cpp,虚树,图论,虚树,templates/图论/虚树/虚树——dijkstra.cpp,runnable_template,primary_filename,none,false,https://www.luogu.com.cn/problem/CF1320E,CF1320E,2,0,14,high,primary_filename
templates/虚树/虚树——倍增.cpp,虚树——倍增.cpp,cpp,6235,223,50b717130852536aaf077c140eb071ec6a03e1529e5ac35efb0329dcbd5b22c5,true,虚树,倍增.cpp,虚树,图论,虚树,templates/图论/虚树/虚树——倍增.cpp,runnable_template,primary_filename,none,false,https://www.luogu.com.cn/problem/P2495,P2495,1,0,13,high,primary_filename
templates/虚树/虚树——最小联通树.cpp,虚树——最小联通树.cpp,cpp,4444,142,2f38e6b1009ee84c74f1f525144344632c99aebd384cedb70442585e5a7a0f7d,true,虚树,最小联通树.cpp,虚树,图论,虚树,templates/图论/虚树/虚树——最小联通树.cpp,runnable_template,primary_filename,none,false,https://www.luogu.com.cn/problem/P3320,P3320,1,0,16,high,primary_filename
templates/虚树/虚树——树形dp.cpp,虚树——树形dp.cpp,cpp,5616,217,3eee9df40a51e13347066a89da7181cf8dbb6556e67961482163626993e56a03,true,虚树,树形dp.cpp,虚树,图论,虚树,templates/图论/虚树/虚树——树形dp.cpp,runnable_template,primary_filename,none,false,https://www.luogu.com.cn/problem/P4103,P4103,1,0,12,high,primary_filename
templates/虚树/虚树——模板.cpp,虚树——模板.cpp,cpp,6862,242,2d8e16efa75bfd25a1aefdd26df665c9ad6c4ef3e709935cc16588dc0a49a73b,true,虚树,模板.cpp,虚树,图论,虚树,templates/图论/虚树/虚树——模板.cpp,runnable_template,primary_filename,none,false,https://www.luogu.com.cn/problem/CF613D,CF613D,2,0,17,high,primary_filename
templates/虚树/虚树——进阶树形dp.cpp,虚树——进阶树形dp.cpp,cpp,6745,243,3bdf123d6b26e931955da7b012a6d35fe680777d517850dc3ceac95d56a02c6b,true,虚树,进阶树形dp.cpp,虚树,图论,虚树,templates/图论/虚树/虚树——进阶树形dp.cpp,runnable_template,primary_filename,none,false,https://www.luogu.com.cn/problem/P3233,P3233,1,0,13,high,primary_filename
templates/贪心算法/反悔贪心——模板.cpp,反悔贪心——模板.cpp,cpp,3490,80,aee486046a955141867c6f739aef4f4e44e0cbac0eaa94193491ce880525d3e2,false,反悔贪心,模板.cpp,贪心算法,基础算法,贪心/反悔贪心,templates/基础算法/贪心/反悔贪心/反悔贪心——模板.cpp,pure_template,primary_filename,none,false,https://www.luogu.com.cn/problem/P2748,P2748,1,3,6,high,primary_filename
templates/贪心算法/贪心算法——一天会议.c,贪心算法——一天会议.c,c,2234,101,1d696e71087f00554549fb5b705390958024d090b38cc660b7452067ae1c8c21,true,贪心算法,一天会议.c,贪心算法,基础算法,贪心,templates/基础算法/贪心/贪心算法——一天会议.c,runnable_template,primary_filename,none,false,,,0,0,0,high,primary_filename
templates/贪心算法/贪心算法——两地调度.c,贪心算法——两地调度.c,c,729,40,e8eb1537941cbbab7fb504fb44744286728e94114da983ba23cdd3f78159a1b5,true,贪心算法,两地调度.c,贪心算法,基础算法,贪心,templates/基础算法/贪心/贪心算法——两地调度.c,runnable_template,primary_filename,none,false,,,0,0,0,high,primary_filename
templates/贪心算法/贪心算法——修课程.c,贪心算法——修课程.c,c,54,6,5bc06619573dac69759d55fff4015f236ce52aecc11064650052377f7fe19f62,true,贪心算法,修课程.c,贪心算法,基础算法,贪心,templates/基础算法/贪心/贪心算法——修课程.c,runnable_template,primary_filename,none,false,,,0,0,0,high,primary_filename
templates/贪心算法/贪心算法——吃橘子.c,贪心算法——吃橘子.c,c,720,35,e6720efc19ca2f1aabd910258171f5eaf71742bb5c9efc33e966fa520333a71d,true,贪心算法,吃橘子.c,贪心算法,基础算法,贪心,templates/基础算法/贪心/贪心算法——吃橘子.c,runnable_template,primary_filename,none,false,,,0,0,0,high,primary_filename
templates/贪心算法/贪心算法——哈夫曼编码.c,贪心算法——哈夫曼编码.c,c,1842,86,1da695fcc882c5673ac084795ecf8a1a3fc3eae1824624e7905f6ce2a9d94e31,true,贪心算法,哈夫曼编码.c,贪心算法,基础算法,贪心,templates/基础算法/贪心/贪心算法——哈夫曼编码.c,runnable_template,primary_filename,none,false,,,0,0,0,high,primary_filename
templates/贪心算法/贪心算法——哈夫曼编码2.c,贪心算法——哈夫曼编码2.c,c,704,36,1439b561b52b6fea903a7a628def3031b632a46397bc20d264587bcd36678722,true,贪心算法,哈夫曼编码2.c,贪心算法,基础算法,贪心,templates/基础算法/贪心/贪心算法——哈夫曼编码2.c,application,primary_filename,none,false,,,0,0,0,high,primary_filename
templates/贪心算法/贪心算法——回文数字.c,贪心算法——回文数字.c,c,1157,55,add4a7a310ef0c5c5c16c2326f3a3714859e8291d97922bcc3c473544cf44fbf,true,贪心算法,回文数字.c,贪心算法,基础算法,贪心,templates/基础算法/贪心/贪心算法——回文数字.c,application,primary_filename,none,false,,,0,0,0,high,primary_filename
templates/贪心算法/贪心算法——子数组升序.c,贪心算法——子数组升序.c,c,687,43,6f07eb01ae8703e64450583a5f972b6d5c00bf70cf2b23669eacd929aa1ffa21,true,贪心算法,子数组升序.c,贪心算法,基础算法,贪心,templates/基础算法/贪心/贪心算法——子数组升序.c,application,primary_filename,none,false,,,0,0,0,high,primary_filename
templates/贪心算法/贪心算法——字符转换.c,贪心算法——字符转换.c,c,1130,51,3fedde038217242eb867004c5e3fc8e31be414bf25d506cfb7d253a9c90d2aac,true,贪心算法,字符转换.c,贪心算法,基础算法,贪心,templates/基础算法/贪心/贪心算法——字符转换.c,runnable_template,primary_filename,none,false,,,0,0,0,high,primary_filename
templates/贪心算法/贪心算法——最大平均分.c,贪心算法——最大平均分.c,c,2147,75,885614a255db3d2267e2cdeed5034972eeead07e93cd3bbf833cf1c89c67f57e,true,贪心算法,最大平均分.c,贪心算法,基础算法,贪心,templates/基础算法/贪心/贪心算法——最大平均分.c,runnable_template,primary_filename,none,false,,,0,0,0,high,primary_filename
templates/贪心算法/贪心算法——水龙头.c,贪心算法——水龙头.c,c,1527,64,501a3e92d13adf1ba7da92f07dade393bd7760754f531c67cece0c8a5e7cb0b5,true,贪心算法,水龙头.c,贪心算法,基础算法,贪心,templates/基础算法/贪心/贪心算法——水龙头.c,runnable_template,primary_filename,none,false,,,0,0,0,high,primary_filename
templates/贪心算法/贪心算法——砍树.c,贪心算法——砍树.c,c,1792,68,f78d1a3ceec72ab3bbde6cd16c22455a712a0ec3ce1e6617fac83d0a32efd583,true,贪心算法,砍树.c,贪心算法,基础算法,贪心,templates/基础算法/贪心/贪心算法——砍树.c,application,primary_filename,none,false,,,0,0,0,high,primary_filename
templates/贪心算法/贪心算法——组团买票.c,贪心算法——组团买票.c,c,3278,130,409faa21ec2bc4c195f426bf5535ed53a40aa4278ec7fed832847798242e21dc,true,贪心算法,组团买票.c,贪心算法,基础算法,贪心,templates/基础算法/贪心/贪心算法——组团买票.c,runnable_template,primary_filename,none,false,,,0,0,23,high,primary_filename
templates/贪心算法/贪心算法——组队.c,贪心算法——组队.c,c,924,51,005871bcaa6f17e516c5930494028d40e1c54ae01d0d4e409ffa8a82596fc5dc,true,贪心算法,组队.c,贪心算法,基础算法,贪心,templates/基础算法/贪心/贪心算法——组队.c,runnable_template,primary_filename,none,false,,,0,0,0,high,primary_filename
templates/贪心算法/贪心算法——缩小偏移量.c,贪心算法——缩小偏移量.c,c,1420,54,b6a27ded9584ab6c3bda852a648e1a5820d41fcbd7e58db0214fe191119f505d,true,贪心算法,缩小偏移量.c,贪心算法,基础算法,贪心,templates/基础算法/贪心/贪心算法——缩小偏移量.c,runnable_template,primary_filename,none,false,,,0,0,0,high,primary_filename
templates/贪心算法/贪心算法——跳跃游戏.c,贪心算法——跳跃游戏.c,c,921,45,a3177f214fee54455710c9c70dcf7a056ebb6c76c0dc50065d66fd5944916c2f,true,贪心算法,跳跃游戏.c,贪心算法,基础算法,贪心,templates/基础算法/贪心/贪心算法——跳跃游戏.c,runnable_template,primary_filename,none,false,,,0,0,0,high,primary_filename
templates/贪心算法/贪心算法——过河.c,贪心算法——过河.c,c,813,45,aeb9dc2e6caeb9cdb2a2096b16c07c1ecf5a907718c2b175c6928112dbd39626,true,贪心算法,过河.c,贪心算法,基础算法,贪心,templates/基础算法/贪心/贪心算法——过河.c,runnable_template,primary_filename,none,false,,,0,0,0,high,primary_filename
templates/边分治/边分治——容斥.cpp,边分治——容斥.cpp,cpp,7005,257,ff5f0e7e87940689ea35468ebb3abd97e2cecefafdcc98a62c1a4fe8a6bf13ba,true,边分治,容斥.cpp,边分治,图论,边分治,templates/图论/边分治/边分治——容斥.cpp,runnable_template,primary_filename,none,false,https://www.luogu.com.cn/problem/CF833D,CF833D,2,0,14,high,primary_filename
templates/边分治/边分治——模板.cpp,边分治——模板.cpp,cpp,5596,213,35803544d89363ea7bd9cdf68e892b15caed6b25fbc9807b68f19c9ef1e0830a,true,边分治,模板.cpp,边分治,图论,边分治,templates/图论/边分治/边分治——模板.cpp,runnable_template,primary_filename,none,false,https://hydro.ac/p/bzoj-P2870,,2,1,10,high,primary_filename
